{"p0": {"0": {"0": 1.0}, "1": {"0": 1.0}, "2": {"0": 1.0}, "3": {"0": 1.0}, "4": {"0": 1.0}, "5": {"0": 1.0}, "6": {"0": 1.0}, "7": {"0": 1.0}, "8": {"0": 1.0}, "9": {"0": 1.0}, "10": {"0": 1.0}, "11": {"0": 1.0}, "12": {"0": 1.0}, "13": {"0": 1.0}, "14": {"0": 1.0}, "15": {"0": 1.0}, "16": {"0": 1.0}, "17": {"0": 1.0}, "18": {"0": 1.0}, "19": {"0": 1.0}, "20": {"0": 1.0}, "21": {"0": 1.0}, "22": {"0": 1.0}, "23": {"0": 1.0}, "24": {"0": 1.0}, "25": {"0": 1.0}, "26": {"0": 1.0}, "27": {"0": 1.0}, "28": {"0": 1.0}, "29": {"0": 1.0}, "30": {"0": 1.0}, "31": {"0": 1.0}, "32": {"0": 1.0}, "33": {"0": 1.0}, "34": {"0": 1.0}, "35": {"0": 1.0}, "36": {"0": 1.0}, "37": {"0": 1.0}, "38": {"0": 1.0}, "39": {"0": 1.0}, "40": {"0": 1.0}, "41": {"0": 1.0}, "42": {"0": 1.0}, "43": {"0": 1.0}, "44": {"0": 1.0}, "45": {"0": 1.0}, "46": {"0": 1.0}, "47": {"0": 1.0}, "48": {"0": 1.0}, "49": {"0": 1.0}, "50": {"0": 1.0}, "51": {"0": 1.0}, "52": {"0": 1.0}, "53": {"0": 1.0}, "54": {"0": 1.0}, "55": {"0": 1.0}, "56": {"0": 1.0}, "57": {"0": 1.0}, "58": {"0": 1.0}, "59": {"0": 1.0}, "60": {"0": 1.0}}, "p4": {"0": {"0": 1.0}, "1": {"0": 1.0}, "2": {"0": 1.0}, "3": {"0": 1.0}, "4": {"1": 0.3682008368200837, "2": 0.2928870292887029, "3": 0.16317991631799164, "4": 0.1087866108786611, "5": 0.04602510460251046, "6": 0.016736401673640166, "7": 0.0041841004184100415}, "5": {"1": 0.336322869955157, "2": 0.3004484304932735, "3": 0.21524663677130046, "4": 0.07623318385650224, "5": 0.053811659192825115, "6": 0.004484304932735426, "7": 0.008968609865470852, "8": 0.004484304932735426}, "6": {"1": 0.319672131147541, "2": 0.36065573770491804, "3": 0.1885245901639344, "4": 0.06967213114754098, "5": 0.040983606557377046, "6": 0.01639344262295082, "7": 0.004098360655737705}, "7": {"1": 0.30416666666666664, "2": 0.2916666666666667, "3": 0.25, "4": 0.10833333333333334, "5": 0.025, "6": 0.016666666666666666, "7": 0.004166666666666667}, "8": {"1": 0.37398373983739835, "2": 0.27235772357723576, "3": 0.21544715447154472, "4": 0.08943089430894309, "5": 0.032520325203252036, "6": 0.008130081300813009, "7": 0.008130081300813009}, "9": {"1": 0.3073394495412844, "2": 0.3532110091743119, "3": 0.18807339449541285, "4": 0.0871559633027523, "5": 0.05045871559633028, "6": 0.009174311926605505, "7": 0.0045871559633027525}, "10": {"1": 0.3236514522821577, "2": 0.31950207468879666, "3": 0.1908713692946058, "4": 0.12033195020746888, "5": 0.029045643153526972, "6": 0.012448132780082987, "7": 0.004149377593360996}, "11": {"1": 0.36186770428015563, "2": 0.2723735408560311, "3": 0.20233463035019456, "4": 0.13229571984435798, "5": 0.019455252918287938, "6": 0.0038910505836575876, "7": 0.007782101167315175}, "12": {"1": 0.34156378600823045, "2": 0.32510288065843623, "3": 0.1934156378600823, "4": 0.07818930041152264, "5": 0.04526748971193416, "6": 0.012345679012345678, "7": 0.00411522633744856}, "13": {"1": 0.3333333333333333, "2": 0.3466666666666667, "3": 0.19111111111111112, "4": 0.09333333333333334, "5": 0.022222222222222223, "6": 0.008888888888888889, "7": 0.0044444444444444444}, "14": {"1": 0.37668161434977576, "2": 0.3004484304932735, "3": 0.15695067264573992, "4": 0.11659192825112108, "5": 0.03587443946188341, "6": 0.004484304932735426, "7": 0.004484304932735426, "8": 0.004484304932735426}, "15": {"1": 0.3516483516483517, "2": 0.27472527472527475, "3": 0.23076923076923078, "4": 0.09340659340659341, "5": 0.038461538461538464, "6": 0.005494505494505495, "7": 0.005494505494505495}, "16": {"1": 0.33157894736842103, "2": 0.3368421052631579, "3": 0.18421052631578946, "4": 0.10526315789473684, "5": 0.021052631578947368, "6": 0.010526315789473684, "7": 0.010526315789473684}, "17": {"1": 0.3385416666666667, "2": 0.328125, "3": 0.21354166666666666, "4": 0.07291666666666667, "5": 0.036458333333333336, "6": 0.010416666666666666}, "18": {"1": 0.3157894736842105, "2": 0.3333333333333333, "3": 0.16374269005847952, "4": 0.13450292397660818, "5": 0.03508771929824561, "6": 0.005847953216374269, "7": 0.011695906432748537}, "19": {"1": 0.27607361963190186, "2": 0.32515337423312884, "3": 0.26993865030674846, "4": 0.08588957055214724, "5": 0.03680981595092025, "6": 0.006134969325153374}, "20": {"1": 0.3360655737704918, "2": 0.2459016393442623, "3": 0.26229508196721313, "4": 0.09016393442622951, "5": 0.040983606557377046, "6": 0.00819672131147541, "7": 0.01639344262295082}, "21": {"1": 0.3776223776223776, "2": 0.32167832167832167, "3": 0.16083916083916083, "4": 0.06993006993006994, "5": 0.04195804195804196, "6": 0.013986013986013986, "7": 0.013986013986013986}, "22": {"1": 0.3125, "2": 0.32142857142857145, "3": 0.21428571428571427, "4": 0.08035714285714286, "5": 0.05357142857142857, "6": 0.017857142857142856}, "23": {"1": 0.39215686274509803, "2": 0.35294117647058826, "3": 0.14705882352941177, "4": 0.0392156862745098, "5": 0.049019607843137254, "6": 0.0196078431372549}, "24": {"1": 0.3761467889908257, "2": 0.28440366972477066, "3": 0.22018348623853212, "4": 0.08256880733944955, "5": 0.027522935779816515, "6": 0.009174311926605505}, "25": {"1": 0.32967032967032966, "2": 0.24175824175824176, "3": 0.27472527472527475, "4": 0.0989010989010989, "5": 0.03296703296703297, "7": 0.02197802197802198}, "26": {"1": 0.3516483516483517, "2": 0.24175824175824176, "3": 0.23076923076923078, "4": 0.13186813186813187, "5": 0.02197802197802198, "6": 0.02197802197802198}, "27": {"1": 0.36363636363636365, "2": 0.35353535353535354, "3": 0.15151515151515152, "4": 0.10101010101010101, "5": 0.020202020202020204, "6": 0.010101010101010102}, "28": {"1": 0.37894736842105264, "2": 0.29473684210526313, "3": 0.14736842105263157, "4": 0.12631578947368421, "5": 0.042105263157894736, "6": 0.010526315789473684}, "29": {"1": 0.3684210526315789, "2": 0.30526315789473685, "3": 0.15789473684210525, "4": 0.08421052631578947, "5": 0.05263157894736842, "6": 0.031578947368421054}, "30": {"1": 0.425, "2": 0.25, "3": 0.1625, "4": 0.125, "5": 0.0375}, "31": {"1": 0.3230769230769231, "2": 0.26153846153846155, "3": 0.2153846153846154, "4": 0.18461538461538463, "6": 0.015384615384615385}, "32": {"1": 0.3787878787878788, "2": 0.22727272727272727, "3": 0.2727272727272727, "4": 0.07575757575757576, "5": 0.015151515151515152, "6": 0.030303030303030304}, "33": {"1": 0.29577464788732394, "2": 0.28169014084507044, "3": 0.23943661971830985, "4": 0.14084507042253522, "5": 0.04225352112676056}, "34": {"1": 0.3026315789473684, "2": 0.3026315789473684, "3": 0.2236842105263158, "4": 0.15789473684210525, "5": 0.013157894736842105}, "35": {"1": 0.3673469387755102, "2": 0.2857142857142857, "3": 0.22448979591836735, "4": 0.10204081632653061, "5": 0.02040816326530612}, "36": {"1": 0.3614457831325301, "2": 0.3373493975903614, "3": 0.14457831325301204, "4": 0.07228915662650602, "5": 0.03614457831325301, "6": 0.024096385542168676, "7": 0.024096385542168676}, "37": {"1": 0.34, "2": 0.31, "3": 0.19, "4": 0.09, "5": 0.05, "6": 0.02}, "38": {"1": 0.3392857142857143, "2": 0.3482142857142857, "3": 0.20535714285714285, "4": 0.0625, "5": 0.03571428571428571, "8": 0.008928571428571428}, "39": {"1": 0.2605042016806723, "2": 0.3949579831932773, "3": 0.15966386554621848, "4": 0.14285714285714285, "5": 0.01680672268907563, "6": 0.01680672268907563, "8": 0.008403361344537815}, "40": {"1": 0.3106060606060606, "2": 0.3560606060606061, "3": 0.21212121212121213, "4": 0.07575757575757576, "5": 0.030303030303030304, "6": 0.007575757575757576, "7": 0.007575757575757576}, "41": {"1": 0.3522012578616352, "2": 0.3522012578616352, "3": 0.15723270440251572, "4": 0.07547169811320754, "5": 0.03773584905660377, "6": 0.018867924528301886, "7": 0.006289308176100629}, "42": {"1": 0.42748091603053434, "2": 0.2595419847328244, "3": 0.17557251908396945, "4": 0.0916030534351145, "5": 0.030534351145038167, "6": 0.007633587786259542, "8": 0.007633587786259542}, "43": {"1": 0.3275862068965517, "2": 0.3275862068965517, "3": 0.13793103448275862, "4": 0.12931034482758622, "5": 0.02586206896551724, "6": 0.05172413793103448},