{"p0": {"0": {"0": 1.0}, "1": {"0": 1.0}, "2": {"0": 1.0}, "3": {"0": 1.0}, "4": {"0": 1.0}, "5": {"0": 1.0}, "6": {"0": 1.0}, "7": {"0": 1.0}, "8": {"0": 1.0}, "9": {"0": 1.0}, "10": {"0": 1.0}, "11": {"0": 1.0}, "12": {"0": 1.0}, "13": {"0": 1.0}, "14": {"0": 1.0}, "15": {"0": 1.0}, "16": {"0": 1.0}, "17": {"0": 1.0}, "18": {"0": 1.0}, "19": {"0": 1.0}, "20": {"0": 1.0}, "21": {"0": 1.0}, "22": {"0": 1.0}, "23": {"0": 1.0}, "24": {"0": 1.0}, "25": {"0": 1.0}, "26": {"0": 1.0}, "27": {"0": 1.0}, "28": {"0": 1.0}, "29": {"0": 1.0}, "30": {"0": 1.0}, "31": {"0": 1.0}, "32": {"0": 1.0}, "33": {"0": 1.0}, "34": {"0": 1.0}, "35": {"0": 1.0}, "36": {"0": 1.0}, "37": {"0": 1.0}, "38": {"0": 1.0}, "39": {"0": 1.0}, "40": {"0": 1.0}, "41": {"0": 1.0}, "42": {"0": 1.0}, "43": {"0": 1.0}, "44": {"0": 1.0}, "45": {"0": 1.0}, "46": {"0": 1.0}, "47": {"0": 1.0}, "48": {"0": 1.0}, "49": {"0": 1.0}, "50": {"0": 1.0}, "51": {"0": 1.0}, "52": {"0": 1.0}, "53": {"0": 1.0}, "54": {"0": 1.0}, "55": {"0": 1.0}, "56": {"0": 1.0}, "57": {"0": 1.0}, "58": {"0": 1.0}, "59": {"0": 1.0}, "60": {"0": 1.0}, "61": {"0": 1.0}, "62": {"0": 1.0}, "63": {"0": 1.0}, "64": {"0": 1.0}, "65": {"0": 1.0}, "66": {"0": 1.0}, "67": {"0": 1.0}, "68": {"0": 1.0}, "69": {"0": 1.0}, "70": {"0": 1.0}, "71": {"0": 1.0}, "72": {"0": 1.0}, "73": {"0": 1.0}, "74": {"0": 1.0}, "75": {"0": 1.0}, "76": {"0": 1.0}, "77": {"0": 1.0}, "78": {"0": 1.0}, "79": {"0": 1.0}, "80": {"0": 1.0}, "81": {"0": 1.0}, "82": {"0": 1.0}, "83": {"0": 1.0}, "84": {"0": 1.0}, "85": {"0": 1.0}, "86": {"0": 1.0}, "87": {"0": 1.0}, "88": {"0": 1.0}, "89": {"0": 1.0}}, "p3": {"0": {"0": 1.0}, "1": {"0": 1.0}, "2": {"0": 1.0}, "3": {"1": 0.20833333333333334, "2": 0.4166666666666667, "3": 0.25, "4": 0.041666666666666664, "5": 0.041666666666666664, "6": 0.041666666666666664}, "4": {"1": 0.3333333333333333, "2": 0.2, "3": 0.17777777777777778, "4": 0.2222222222222222, "5": 0.044444444444444446, "6": 0.022222222222222223}, "5": {"1": 0.22077922077922077, "2": 0.2727272727272727, "3": 0.22077922077922077, "4": 0.16883116883116883, "5": 0.1038961038961039, "7": 0.012987012987012988}, "6": {"1": 0.2923076923076923, "2": 0.27692307692307694, "3": 0.12307692307692308, "4": 0.16923076923076924, "5": 0.09230769230769231, "6": 0.03076923076923077, "7": 0.015384615384615385}, "7": {"1": 0.29411764705882354, "2": 0.25882352941176473, "3": 0.2235294117647059, "4": 0.12941176470588237, "5": 0.08235294117647059, "6": 0.011764705882352941}, "8": {"1": 0.2391304347826087, "2": 0.391304347826087, "3": 0.20652173913043478, "4": 0.08695652173913043, "5": 0.05434782608695652, "6": 0.010869565217391304, "7": 0.010869565217391304}, "9": {"1": 0.3252032520325203, "2": 0.2764227642276423, "3": 0.22764227642276422, "4": 0.06504065040650407, "5": 0.0975609756097561, "7": 0.008130081300813009}, "10": {"1": 0.3741496598639456, "2": 0.20408163265306123, "3": 0.2585034013605442, "4": 0.08843537414965986, "5": 0.047619047619047616, "6": 0.02040816326530612, "7": 0.006802721088435374}, "11": {"1": 0.3120567375886525, "2": 0.2624113475177305, "3": 0.2127659574468085, "4": 0.14893617021276595, "5": 0.028368794326241134, "6": 0.028368794326241134, "7": 0.0070921985815602835}, "12": {"1": 0.23880597014925373, "2": 0.3283582089552239, "3": 0.23880597014925373, "4": 0.13432835820895522, "5": 0.03731343283582089, "6": 0.014925373134328358, "7": 0.007462686567164179}, "13": {"1": 0.3007518796992481, "2": 0.3233082706766917, "3": 0.19548872180451127, "4": 0.08270676691729323, "5": 0.05263157894736842, "6": 0.007518796992481203, "7": 0.03007518796992481, "9": 0.007518796992481203}, "14": {"1": 0.33098591549295775, "2": 0.2746478873239437, "3": 0.2112676056338028, "4": 0.08450704225352113, "5": 0.04225352112676056, "6": 0.04929577464788732, "7": 0.007042253521126761}, "15": {"1": 0.3111111111111111, "2": 0.3111111111111111, "3": 0.22962962962962963, "4": 0.07407407407407407, "5": 0.044444444444444446, "6": 0.014814814814814815, "7": 0.007407407407407408, "8": 0.007407407407407408}, "16": {"1": 0.3106060606060606, "2": 0.29545454545454547, "3": 0.1893939393939394, "4": 0.10606060606060606, "5": 0.07575757575757576, "6": 0.015151515151515152, "7": 0.007575757575757576}, "17": {"1": 0.2835820895522388, "2": 0.21641791044776118, "3": 0.23134328358208955, "4": 0.20149253731343283, "5": 0.05970149253731343, "8": 0.007462686567164179}, "18": {"1": 0.27941176470588236, "2": 0.3088235294117647, "3": 0.18382352941176472, "4": 0.13970588235294118, "5": 0.051470588235294115, "6": 0.014705882352941176, "7": 0.007352941176470588, "8": 0.014705882352941176}, "19": {"1": 0.2578125, "2": 0.265625, "3": 0.25, "4": 0.1328125, "5": 0.0625, "6": 0.0078125, "8": 0.0234375}, "20": {"1": 0.3816793893129771, "2": 0.25190839694656486, "3": 0.19083969465648856, "4": 0.11450381679389313, "5": 0.030534351145038167, "6": 0.022900763358778626, "7": 0.007633587786259542}, "21": {"1": 0.3076923076923077, "2": 0.3247863247863248, "3": 0.1794871794871795, "4": 0.1282051282051282, "5": 0.042735042735042736, "6": 0.017094017094017096}, "22": {"1": 0.2909090909090909, "2": 0.32727272727272727, "3": 0.2, "4": 0.09090909090909091, "5": 0.06363636363636363, "6": 0.01818181818181818, "9": 0.00909090909090909}, "23": {"1": 0.3684210526315789, "2": 0.2631578947368421, "3": 0.16666666666666666, "4": 0.13157894736842105, "5": 0.02631578947368421, "6": 0.03508771929824561, "7": 0.008771929824561403}, "24": {"1": 0.2857142857142857, "2": 0.30357142857142855, "3": 0.22321428571428573, "4": 0.09821428571428571, "5": 0.044642857142857144, "6": 0.03571428571428571, "7": 0.008928571428571428}, "25": {"1": 0.26956521739130435, "2": 0.3130434782608696, "3": 0.25217391304347825, "4": 0.13043478260869565, "5": 0.017391304347826087, "6": 0.017391304347826087}, "26": {"1": 0.2857142857142857, "2": 0.3125, "3": 0.23214285714285715, "4": 0.044642857142857144, "5": 0.08035714285714286, "6": 0.026785714285714284, "7": 0.008928571428571428, "8": 0.008928571428571428}, "27": {"1": 0.32075471698113206, "2": 0.2358490566037736, "3": 0.2358490566037736, "4": 0.1509433962264151, "5": 0.018867924528301886, "6": 0.009433962264150943, "7": 0.009433962264150943, "8": 0.018867924528301886}, "28": {"1": 0.35964912280701755, "2": 0.21929824561403508, "3": 0.19298245614035087, "4": 0.11403508771929824, "5": 0.07894736842105263, "6": 0.02631578947368421, "8": 0.008771929824561403}, "29": {"1": 0.25471698113207547, "2": 0.2641509433962264, "3": 0.2641509433962264, "4": 0.11320754716981132, "5": 0.05660377358490566, "6": 0.02830188679245283, "7": 0.018867924528301886}, "30": {"1": 0.375, "2": 0.3020833333333333, "3": 0.14583333333333334, "4": 0.10416666666666667, "5": 0.052083333333333336, "6": 0.020833333333333332}, "31": {"1": 0.24719101123595505, "2": 0.3146067415730337, "3": 0.23595505617977527, "4": 0.10112359550561797, "5": 0.0898876404494382, "7": 0.011235955056179775}, "32": {"1": 0.29213483146067415, "2": 0.30337078651685395, "3": 0.20224719101123595, "4": 0.14606741573033707, "5": 0.033707865168539325, "7": 0.02247191011235955}, "33": {"1": 0.3173076923076923, "2": 0.34615384615384615, "3": 0.18269230769230768, "4": 0.07692307692307693, "5": 0.028846153846153848, "6": 0.038461538461538464, "7": 0.009615384615384616}, "34": {"1": 0.31313131313131315, "2": 0.21212121212121213, "3": 0.30303030303030304, "4": 0.06060606060606061, "5": 0.08080808080808081, "6": 0.020202020202020204, "7": 0.010101010101010102}, "35": {"1": 0.2702702702702703, "2": 0.24324324324324326, "3": 0.22972972972972974, "4": 0.0945945945945946, "5": 0.10810810810810811, "6": 0.05405405405405406}, "36": {"1": 0.3283582089552239, "2": 0.3283582089552239, "3": 0.14925373134328357, "4": 0.1044776119402985, "5": 0.04477611940298507, "6": 0.014925373134328358, "7": 0.014925373134328358, "8": 0.014925373134328358}, "37": {"1": 0.18867924528301888, "2": 0.2641509433962264, "3": 0.32075471698113206, "4": 0.16981132075471697, "5": 0.03773584905660377, "6": 0.018867924528301886},