{"p3": {"0": {"0": 1.0}, "1": {"0": 1.0}, "2": {"0": 1.0}, "3": {"2": 0.25, "4": 0.25, "5": 0.5}, "4": {"2": 0.4, "3": 0.2, "5": 0.2, "6": 0.2}, "5": {"3": 0.25, "4": 0.25, "5": 0.5}, "6": {"1": 0.3333333333333333, "3": 0.3333333333333333, "4": 0.16666666666666666, "8": 0.16666666666666666}, "7": {"1": 0.2, "2": 0.2, "4": 0.2, "5": 0.2, "8": 0.2}, "8": {"3": 0.5, "4": 0.25, "6": 0.25}, "9": {"2": 0.2, "3": 0.2, "4": 0.2, "5": 0.2, "6": 0.2}, "10": {"2": 0.5, "4": 0.3333333333333333, "6": 0.16666666666666666}, "11": {"1": 0.2, "4": 0.6, "7": 0.2}, "12": {"2": 0.5, "4": 0.3333333333333333, "6": 0.16666666666666666}, "13": {"3": 0.25, "4": 0.25, "5": 0.25, "6": 0.25}, "14": {"2": 0.25, "3": 0.25, "4": 0.5}, "15": {"2": 0.3333333333333333, "4": 0.6666666666666666}, "16": {"2": 0.2, "3": 0.2, "4": 0.2, "5": 0.2, "6": 0.2}, "17": {"3": 0.6666666666666666, "4": 0.3333333333333333}, "18": {"2": 0.3333333333333333, "3": 0.16666666666666666, "4": 0.3333333333333333, "5": 0.16666666666666666}, "19": {"1": 0.2, "3": 0.2, "4": 0.2, "5": 0.2, "7": 0.2}, "20": {"1": 0.16666666666666666, "2": 0.3333333333333333, "4": 0.3333333333333333, "7": 0.16666666666666666}, "21": {"3": 0.25, "5": 0.25, "6": 0.5}, "22": {"1": 0.16666666666666666, "3": 0.5, "4": 0.16666666666666666, "6": 0.16666666666666666}, "23": {"2": 0.16666666666666666, "3": 0.3333333333333333, "4": 0.5}, "24": {"4": 0.25, "5": 0.5, "6": 0.25}, "25": {"3": 0.4, "4": 0.2, "5": 0.4}, "26": {"1": 0.25, "3": 0.5, "8": 0.25}, "27": {"3": 0.5, "4": 0.25, "5": 0.25}, "28": {"3": 0.5, "4": 0.5}, "29": {"3": 0.25, "4": 0.25, "5": 0.5}, "30": {"3": 0.4, "4": 0.2, "5": 0.4}, "31": {"2": 0.25, "3": 0.5, "5": 0.25}, "32": {"1": 0.16666666666666666, "2": 0.16666666666666666, "4": 0.5, "5": 0.16666666666666666}, "33": {"2": 0.2, "4": 0.6, "6": 0.2}, "34": {"3": 0.4, "4": 0.2, "5": 0.4}, "35": {"1": 0.16666666666666666, "2": 0.3333333333333333, "4": 0.3333333333333333, "7": 0.16666666666666666}, "36": {"3": 0.6, "5": 0.2, "6": 0.2}, "37": {"1": 0.2, "3": 0.2, "5": 0.4, "6": 0.2}, "38": {"2": 0.3333333333333333, "3": 0.3333333333333333, "4": 0.16666666666666666, "6": 0.16666666666666666}, "39": {"1": 0.16666666666666666, "2": 0.16666666666666666, "4": 0.5, "5": 0.16666666666666666}, "40": {"2": 0.25, "3": 0.25, "5": 0.25, "6": 0.25}, "41": {"3": 0.4, "4": 0.2, "5": 0.4}, "42": {"1": 0.2, "2": 0.2, "4": 0.2, "6": 0.2, "7": 0.2}, "43": {"2": 0.25, "5": 0.75}, "44": {"1": 0.25, "2": 0.25, "4": 0.25, "5": 0.25}, "45": {"2": 0.2, "3": 0.2, "4": 0.4, "7": 0.2}, "46": {"2": 0.2, "3": 0.4, "6": 0.4}, "47": {"2": 0.2, "3": 0.4, "6": 0.4}, "48": {"1": 0.2, "4": 0.2, "5": 0.6}, "49": {"2": 0.2, "4": 0.4, "5": 0.4}, "50": {"3": 0.6, "4": 0.2, "7": 0.2}, "51": {"0": 1.0}, "52": {"0": 1.0}, "53": {"0": 1.0}, "54": {"0": 1.0}, "55": {"0": 1.0}, "56": {"0": 1.0}, "57": {"0": 1.0}, "58": {"0": 1.0}, "59": {"0": 1.0}, "60": {"0": 1.0}, "61": {"0": 1.0}, "62": {"0": 1.0}, "63": {"0": 1.0}, "64": {"0": 1.0}, "65": {"0": 1.0}, "66": {"0": 1.0}, "67": {"0": 1.0}, "68": {"0": 1.0}, "69": {"0": 1.0}, "70": {"0": 1.0}, "71": {"0": 1.0}, "72": {"0": 1.0}, "73": {"0": 1.0}, "74": {"0": 1.0}, "75": {"4": 1.0}, "76": {"4": 1.0}, "77": {"2": 0.5, "4": 0.5}, "78": {"1": 0.25, "2": 0.25, "5": 0.25, "6": 0.25}, "79": {"2": 0.4, "4": 0.2, "5": 0.2, "7": 0.2}, "80": {"2": 0.2, "3": 0.2, "4": 0.2, "5": 0.2, "6": 0.2}, "81": {"3": 0.3333333333333333, "4": 0.6666666666666666}, "82": {"2": 0.16666666666666666, "3": 0.5, "4": 0.16666666666666666, "5": 0.16666666666666666}, "83": {"2": 0.2, "3": 0.2, "4": 0.2, "5": 0.2, "6": 0.2}, "84": {"1": 0.2, "2": 0.2, "3": 0.2, "6": 0.2, "8": 0.2}, "85": {"2": 0.2, "3": 0.2, "4": 0.2, "5": 0.2, "6": 0.2}, "86": {"3": 0.2, "4": 0.6, "5": 0.2}, "87": {"3": 0.4, "4": 0.4, "6": 0.2}, "88": {"2": 0.3333333333333333, "4": 0.3333333333333333, "5": 0.3333333333333333}, "89": {"2": 0.16666666666666666, "3": 0.3333333333333333, "4": 0.5}, "90": {"2": 0.25, "4": 0.25, "5": 0.5}, "91": {"2": 0.2, "3": 0.2, "5": 0.6}, "92": {"1": 0.16666666666666666, "2": 0.16666666666666666, "3": 0.16666666666666666, "4": 0.16666666666666666, "5": 0.3333333333333333}, "93": {"3": 0.6, "5": 0.2, "6": 0.2}, "94": {"1": 0.25, "3": 0.25, "4": 0.25, "6": 0.25}, "95": {"3": 0.4, "4": 0.2, "5": 0.4}, "96": {"3": 0.6, "5": 0.2, "6": 0.2}, "97": {"3": 0.6, "4": 0.2, "7": 0.2}, "98": {"1": 0.2, "2": 0.2, "4": 0.2, "6": 0.2, "7": 0.2}, "99": {"2": 0.3333333333333333, "3": 0.16666666666666666, "4": 0.3333333333333333, "5": 0.16666666666666666}, "100": {"2": 0.2, "3": 0.2, "4": 0.2, "5": 0.2, "6": 0.2}, "101": {"2": 0.16666666666666666, "3": 0.5, "4": 0.16666666666666666, "5": 0.16666666666666666}, "102": {"4": 0.3333333333333333, "5": 0.6666666666666666}, "103": {"2": 0.2, "4": 0.4, "5": 0.4}, "104": {"3": 0.5, "5": 0.5}, "105": {"0": 1.0}, "106": {"0": 1.0}, "107": {"2": 1.0}, "108": {"3": 1.0}, "109": {"0": 1.0}, "110": {"0": 1.0}, "111": {"0": 1.0}, "112": {"0": 1.0}, "113": {"0": 1.0}, "114": {"0": 1.0}, "115": {"0": 1.0}, "116": {"0": 1.0}, "117": {"0": 1.0}, "118": {"0": 1.0}, "119": {"0": 1.0}, "120": {"3": 1.0}, "121": {"0": 1.0}, "122": {"0": 1.0}, "123": {"0": 1.0}, "124": {"0": 1.0}, "125": {"0": 1.0}, "126": {"0": 1.0}, "127": {"0": 1.0}, "128": {"0": 1.0}, "129": {"2": 0.3333333333333333, "3": 0.3333333333333333, "5": 0.3333333333333333}, "130": {"3": 0.75, "4": 0.25}, "131": {"3": 0.6666666666666666, "5": 0.3333333333333333}, "132": {"4": 0.5, "8": 0.5}, "133": {"2": 0.16666666666666666, "3": 0.6666666666666666, "6": 0.16666666666666666}, "134": {"2": 0.4, "4": 0.4, "8": 0.2}, "135": {"3": 0.6666666666666666, "4": 0.3333333333333333}, "136": {"3": 0.4, "4": 0.4, "6": 0.2}, "137": {"3": 0.4, "4": 0.2, "5": 0.4}, "138": {"3": 0.4, "4": 0.2, "5": 0.4}, "139": {"3": 0.6666666666666666, "4": 0.3333333333333333}, "140": {"3": 0.75, "7": 0.25}, "141": {"4": 0.6666666666666666, "5": 0.3333333333333333}, "142": {"2": 0.16666666666666666, "3": 0.3333333333333333, "4": 0.5}, "143": {"2": 0.2, "3": 0.4, "5": 0.2, "7": 0.2}, "144": {"1": 0.25, "4": 0.25, "6": 0.5}, "145": {"2": 0.2, "3": 0.2, "4": 0.2, "5": 0.2, "6": 0.2}, "146": {"2": 0.2, "3": 0.2, "4": 0.2, "5": 0.2, "6": 0.2}, "147": {"0": 1.0}, "148": {"0": 1.0}, "149": {"3": 0.5, "6": 0.5}, "150": {"3": 0.4, "4": 0.2, "5": 0.4}, "151": {"2": 0.2, "3": 0.2, "4": 0.2, "5": 0.2, "6": 0.2}, "152": {"3": 0.4, "4": 0.2, "5": 0.4}, "153": {"2": 0.4, "4": 0.2, "5": 0.2, "7": 0.2}, "154": {"2": 0.2, "3": 0.2, "4": 0.2, "5": 0.2, "6": 0.2}, "155": {"2": 0.2, "3": 0.2, "4": 0.4, "7": 0.2}, "156": {"3": 0.6, "5": 0.2, "6": 0.2}, "157": {"3": 0.6, "5": 0.2, "6": 0.2}, "158": {"2": 0.5, "5": 0.5}, "159": {"1": 0.3333333333333333, "3": 0.3333333333333333, "6": 0.3333333333333333}, "160": {"2": 0.6666666666666666, "7": 0.3333333333333333}, "161": {"3": 0.5, "4": 0.5}, "162": {"2": 0.3333333333333333, "3": 0.3333333333333333, "5": 0.3333333333333333}, "163": {"0": 1.0}, "164": {"0": 1.0}, "165": {"0": 1.0}, "166": {"1": 1.0}, "167": {"0": 1.0}, "168": {"0": 1.0}, "169": {"0": 1.0}, "170": {"0": 1.0}, "171": {"3": 1.0}, "172": {"0": 1.0}, "173": {"0": 1.0}, "174": {"0": 1.0}, "175": {"0": 1.0}, "176": {"0": 1.0}, "177": {"0": 1.0}, "178": {"0": 1.0}, "179": {"0": 1.0}, "180": {"1": 0.5, "4": 0.5}, "181": {"2": 0.5, "4": 0.25, "8": 0.25}, "182": {"1": 0.3333333333333333, "5": 0.3333333333333333, "7": 0.3333333333333333}, "183": {"2": 0.3333333333333333, "3": 0.3333333333333333, "5": 0.3333333333333333}, "184": {"1": 0.25, "3": 0.5, "7": 0.25}, "185": {"3": 0.4, "4": 0.4, "6": 0.2}, "186": {"3": 0.5, "4": 0.25, "5": 0.25}, "187": {"1": 0.2, "2": 0.2, "3": 0.2, "7": 0.4}, "188": {"2": 0.2, "3": 0.6, "4": 0.2}, "189": {"4": 0.5, "5": 0.5}, "190": {"2": 0.5, "5": 0.5}}, "p0": {"0": {"0": 1.0}, "1": {"0": 1.0}, "2": {"0": 1.0}, "3": {"0": 1.0}, "4": {"0": 1.0}, "5": {"0": 1.0}, "6": {"0": 1.0}, "7": {"0": 1.0}, "8": {"0": 1.0}, "9": {"0": 1.0}, "10": {"0": 1.0}, "11": {"0": 1.0}, "12": {"0": 1.0}, "13": {"0": 1.0},