{"p3": {"0": {"0": 1.0}, "1": {"0": 1.0}, "2": {"0": 1.0}, "3": {"0": 1.0}, "4": {"0": 1.0}, "5": {"3": 1.0}, "6": {"0": 1.0}, "7": {"1": 0.3333333333333333, "2": 0.6666666666666666}, "8": {"1": 0.6666666666666666, "3": 0.3333333333333333}, "9": {"0": 1.0}, "10": {"1": 0.5, "3": 0.25, "4": 0.25}, "11": {"2": 0.5, "4": 0.5}, "12": {"1": 0.5, "3": 0.5}, "13": {"1": 0.25, "2": 0.25, "4": 0.5}, "14": {"2": 0.75, "3": 0.25}, "15": {"2": 0.5, "5": 0.5}, "16": {"1": 0.25, "2": 0.5, "5": 0.25}, "17": {"1": 0.16666666666666666, "2": 0.5, "3": 0.3333333333333333}, "18": {"1": 0.25, "2": 0.25, "3": 0.5}, "19": {"2": 0.5, "3": 0.5}, "20": {"1": 0.25, "3": 0.5, "4": 0.25}, "21": {"2": 0.6666666666666666, "3": 0.3333333333333333}, "22": {"1": 0.5, "2": 0.25, "5": 0.25}, "23": {"1": 0.25, "2": 0.25, "3": 0.5}, "24": {"2": 0.3333333333333333, "3": 0.3333333333333333, "4": 0.3333333333333333}, "25": {"1": 0.3333333333333333, "2": 0.3333333333333333, "3": 0.3333333333333333}, "26": {"1": 0.25, "2": 0.5, "4": 0.25}, "27": {"1": 0.4, "3": 0.6}, "28": {"1": 0.25, "2": 0.25, "3": 0.25, "4": 0.25}, "29": {"2": 0.6666666666666666, "4": 0.3333333333333333}, "30": {"2": 0.4, "3": 0.6}, "31": {"1": 0.4, "3": 0.6}, "32": {"2": 0.25, "3": 0.75}, "33": {"1": 0.2, "2": 0.6, "4": 0.2}, "34": {"1": 0.2, "2": 0.4, "3": 0.2, "5": 0.2}, "35": {"1": 0.5, "3": 0.25, "4": 0.25}, "36": {"1": 0.5, "2": 0.16666666666666666, "4": 0.16666666666666666, "5": 0.16666666666666666}, "37": {"2": 0.6666666666666666, "5": 0.3333333333333333}, "38": {"2": 0.6, "3": 0.2, "4": 0.2}, "39": {"3": 1.0}, "40": {"1": 0.25, "2": 0.5, "3": 0.25}, "41": {"1": 0.4, "2": 0.2, "3": 0.4}, "42": {"1": 0.25, "2": 0.25, "3": 0.5}, "43": {"1": 0.3333333333333333, "2": 0.3333333333333333, "3": 0.16666666666666666, "4": 0.16666666666666666}, "44": {"1": 0.25, "2": 0.5, "4": 0.25}, "45": {"1": 0.5, "5": 0.5}, "46": {"1": 0.125, "2": 0.625, "3": 0.125, "4": 0.125}, "47": {"1": 0.3333333333333333, "3": 0.6666666666666666}, "48": {"1": 0.25, "2": 0.5, "3": 0.25}, "49": {"1": 0.25, "2": 0.25, "3": 0.5}, "50": {"1": 0.5, "3": 0.25, "4": 0.25}, "51": {"1": 0.25, "2": 0.5, "4": 0.25}, "52": {"1": 0.3333333333333333, "3": 0.6666666666666666}, "53": {"1": 0.3333333333333333, "2": 0.3333333333333333, "5": 0.3333333333333333}, "54": {"1": 0.25, "2": 0.25, "4": 0.5}, "55": {"1": 0.25, "2": 0.25, "3": 0.25, "4": 0.25}, "56": {"1": 0.25, "2": 0.5, "3": 0.25}, "57": {"1": 0.3333333333333333, "3": 0.3333333333333333, "5": 0.3333333333333333}, "58": {"1": 0.5, "3": 0.5}, "59": {"1": 0.4, "2": 0.2, "3": 0.4}, "60": {"0": 1.0}, "61": {"0": 1.0}, "62": {"0": 1.0}, "63": {"0": 1.0}, "64": {"0": 1.0}, "65": {"0": 1.0}, "66": {"0": 1.0}, "67": {"0": 1.0}, "68": {"0": 1.0}, "69": {"0": 1.0}, "70": {"0": 1.0}, "71": {"0": 1.0}, "72": {"0": 1.0}, "73": {"0": 1.0}, "74": {"0": 1.0}, "75": {"0": 1.0}, "76": {"0": 1.0}, "77": {"0": 1.0}, "78": {"0": 1.0}, "79": {"0": 1.0}, "80": {"0": 1.0}, "81": {"0": 1.0}, "82": {"0": 1.0}, "83": {"0": 1.0}, "84": {"0": 1.0}, "85": {"0": 1.0}, "86": {"0": 1.0}, "87": {"1": 0.3333333333333333, "2": 0.6666666666666666}, "88": {"2": 1.0}, "89": {"1": 0.3333333333333333, "2": 0.3333333333333333, "3": 0.3333333333333333}, "90": {"0": 1.0}, "91": {"1": 0.25, "3": 0.5, "5": 0.25}, "92": {"0": 1.0}, "93": {"1": 0.25, "2": 0.25, "3": 0.25, "4": 0.25}, "94": {"1": 0.5, "3": 0.25, "4": 0.25}, "95": {"2": 0.75, "3": 0.25}, "96": {"1": 0.4, "3": 0.6}, "97": {"0": 1.0}, "98": {"1": 0.4, "3": 0.4, "4": 0.2}, "99": {"1": 0.3333333333333333, "2": 0.3333333333333333, "3": 0.16666666666666666, "4": 0.16666666666666666}, "100": {"2": 0.75, "3": 0.25}, "101": {"2": 0.8, "3": 0.2}, "102": {"1": 0.3333333333333333, "2": 0.3333333333333333, "3": 0.3333333333333333}, "103": {"1": 0.2857142857142857, "2": 0.42857142857142855, "3": 0.14285714285714285, "4": 0.14285714285714285}, "104": {"1": 0.25, "2": 0.25, "3": 0.25, "4": 0.25}, "105": {"1": 0.5, "3": 0.3333333333333333, "5": 0.16666666666666666}, "106": {"1": 0.2, "2": 0.2, "3": 0.6}, "107": {"1": 0.2, "2": 0.6, "3": 0.2}, "108": {"0": 1.0}, "109": {"2": 0.75, "3": 0.25}, "110": {"1": 0.2, "2": 0.6, "4": 0.2}, "111": {"0": 1.0}, "112": {"0": 1.0}, "113": {"5": 1.0}, "114": {"1": 0.25, "2": 0.25, "3": 0.5}, "115": {"1": 0.25, "2": 0.25, "3": 0.5}, "116": {"1": 1.0}, "117": {"1": 0.2, "2": 0.2, "3": 0.6}, "118": {"0": 1.0}, "119": {"1": 0.3333333333333333, "2": 0.16666666666666666, "3": 0.3333333333333333, "4": 0.16666666666666666}, "120": {"1": 0.25, "2": 0.25, "4": 0.25, "5": 0.25}, "121": {"1": 0.5, "3": 0.25, "5": 0.25}, "122": {"2": 0.5, "3": 0.25, "4": 0.25}, "123": {"0": 1.0}, "124": {"0": 1.0}, "125": {"1": 0.5, "3": 0.25, "4": 0.25}, "126": {"1": 0.4, "2": 0.2, "3": 0.2, "4": 0.2}, "127": {"1": 0.4, "3": 0.6}, "128": {"1": 0.25, "2": 0.25, "3": 0.5}, "129": {"2": 0.5, "4": 0.5}, "130": {"0": 1.0}, "131": {"0": 1.0}, "132": {"0": 1.0}, "133": {"0": 1.0}, "134": {"0": 1.0}, "135": {"0": 1.0}, "136": {"0": 1.0}, "137": {"0": 1.0}, "138": {"0": 1.0}, "139": {"0": 1.0}, "140": {"0": 1.0}, "141": {"0": 1.0}, "142": {"0": 1.0}, "143": {"0": 1.0}, "144": {"0": 1.0}, "145": {"0": 1.0}, "146": {"0": 1.0}, "147": {"0": 1.0}, "148": {"1": 0.5, "2": 0.5}, "149": {"0": 1.0}, "150": {"2": 0.6666666666666666, "3": 0.3333333333333333}, "151": {"2": 0.5, "4": 0.5}, "152": {"2": 0.3333333333333333, "3": 0.6666666666666666}, "153": {"0": 1.0}}, "p0": {"0": {"0": 1.0}, "1": {"0": 1.0}, "2": {"0": 1.0}, "3": {"0": 1.0}, "4": {"0": 1.0}, "5": {"0": 1.0}, "6": {"0": 1.0}, "7": {"0": 1.0}, "8": {"0": 1.0}, "9": {"0": 1.0}, "10": {"0": 1.0}, "11": {"0": 1.0}, "12": {"0": 1.0}, "13": {"0": 1.0}, "14": {"0": 1.0}, "15": {"0": 1.0}, "16": {"0": 1.0}, "17": {"0": 1.0}, "18": {"0": 1.0}, "19": {"0": 1.0}, "20": {"0": 1.0}, "21": {"0": 1.0}, "22": {"0": 1.0}, "23": {"0": 1.0}, "24": {"0": 1.0}, "25": {"0": 1.0}, "26": {"0": 1.0}, "27": {"0": 1.0}, "28": {"0": 1.0}, "29": {"0": 1.0}, "30": {"0": 1.0}, "31": {"0": 1.0}, "32": {"0": 1.0}, "33": {"0": 1.0}, "34": {"0": 1.0}, "35": {"0": 1.0}, "36": {"0": 1.0}, "37": {"0": 1.0}, "38": {"0": 1.0}, "39": {"0": 1.0}, "40": {"0": 1.0}, "41": {"0": 1.0}, "42": {"0": 1.0}, "43": {"0": 1.0}, "44": {"0": 1.0}, "45": {"0": 1.0}, "46": {"0": 1.0}, "47": {"0": 1.0}, "48": {"0": 1.0}, "49": {"0": 1.0}, "50": {"0": 1.0}, "51": {"0": 1.0}, "52": {"0": 1.0}, "53": {"0": 1.0}, "54": {"0": 1.0}, "55": {"0": 1.0}, "56": {"0": 1.0}, "57": {"0": 1.0}, "58": {"0": 1.0}, "59": {"0": 1.0}, "60": {"0": 1.0}, "61": {"0": 1.0}, "62": {"0": 1.0}, "63": {"0": 1.0}, "64": {"0": 1.0}, "65": {"0": 1.0}, "66": {"0": 1.0}, "67": {"0": 1.0}, "68": {"0": 1.0}, "69": {"0": 1.0}, "70": {"0": 1.0}, "71": {"0": 1.0}, "72": {"0": 1.0}, "73": {"0": 1.0}, "74": {"0": 1.0}, "75": {"0": 1.0}, "76": {"0": 1.0}, "77": {"0": 1.0}, "78": {"0": 1.0}, "79": {"0": 1.0}, "80": {"0": 1.0}, "81": {"0": 1.0}, "82": {"0": 1.0}, "83": {"0": 1.0}, "84": {"0": 1.0}, "85": {"0": 1.0}, "86": {"0": 1.0}, "87": {"0": 1.0}, "88": {"0": 1.0}, "89": {"0": 1.0}, "90": {"0": 1.0}, "91": {"0": 1.0}, "92": {"0": 1.0}, "93": {"0": 1.0}, "94": {"0": 1.0}, "95": {"0": 1.0}, "96": {"0": 1.0}, "97": {"0": 1.0}, "98": {"0": 1.0}, "99": {"0": 1.0}, "100": {"0": 1.0}, "101": {"0": 1.0}, "102": {"0": 1.0}, "103": {"0": 1.0}, "104": {"0": 1.0}, "105": {"0": 1.0}, "106": {"0": 1.0}, "107": {"0": 1.0}, "108": {"0": 1.0}, "109": {"0": 1.0}, "110": {"0": 1.0}, "111": {"0": 1.0}, "112": {"0": 1.0}, "113": {"0": 1.0}, "114": {"0": 1.0}, "115": {"0": 1.0}, "116": {"0": 1.0}, "117": {"0": 1.0}, "118": {"0": 1.0}, "119": {"0": 1.0}, "120": {"0": 1.0}, "121": {"0": 1.0}, "122": {"0": 1.0}, "123": {"0": 1.0}, "124": {"0": 1.0}, "125": {"0": 1.0}, "126": {"0": 1.0}, "127": {"0": 1.0}, "128": {"0": 1.0}, "129": {"0": 1.0}, "130": {"0": 1.0}, "131": {"0": 1.0}, "132": {"0": 1.0}, "133": {"0": 1.0}, "134": {"0": 1.0}, "135": {"0": 1.0}, "136": {"0": 1.0}, "137": {"0": 1.0}, "138": {"0": 1.0}, "139": {"0": 1.0}, "140": {"0": 1.0}, "141": {"0": 1.0},