{"p0": {"0": 0.0, "1": 0.0, "2": 0.0, "3": 0.0, "4": 0.0, "5": 0.0, "6": 0.0, "7": 0.0, "8": 0.0, "9": 0.0, "10": 0.0, "11": 0.0, "12": 0.0, "13": 0.0, "14": 0.0, "15": 0.0, "16": 0.0, "17": 0.0, "18": 0.0, "19": 0.0, "20": 0.0, "21": 0.0, "22": 0.0, "23": 0.0, "24": 0.0, "25": 0.0, "26": 0.0, "27": 0.0, "28": 0.0, "29": 0.0, "30": 0.0, "31": 0.0, "32": 0.0, "33": 0.0, "34": 0.0, "35": 0.0, "36": 0.0, "37": 0.0, "38": 0.0, "39": 0.0, "40": 0.0, "41": 0.0, "42": 0.0, "43": 0.0, "44": 0.0, "45": 0.0, "46": 0.0, "47": 0.0, "48": 0.0, "49": 0.0, "50": 0.0, "51": 0.0, "52": 0.0, "53": 0.0, "54": 0.0, "55": 0.0, "56": 0.0, "57": 0.0, "58": 0.0, "59": 0.0}, "p3": {"3": 37.11842105263158, "4": 38.025830258302584, "5": 36.92131147540984, "6": 37.3003003003003, "7": 37.058651026392965, "8": 37.091412742382275, "9": 37.10899182561308, "10": 37.46218487394958, "11": 37.23575129533679, "12": 37.024, "13": 36.735955056179776, "14": 36.985915492957744, "15": 37.34451219512195, "16": 36.725433526011564, "17": 36.41492537313433, "18": 35.7687074829932, "19": 36.785714285714285, "20": 37.13973799126637, "21": 37.954081632653065, "22": 36.46568627450981, "23": 37.81333333333333, "24": 37.574803149606296, "25": 38.71052631578947, "26": 36.24324324324324, "27": 40.0328947368421, "28": 39.07751937984496, "29": 38.593548387096774, "30": 39.131147540983605, "31": 38.706586826347305, "32": 38.18987341772152, "33": 36.990697674418605, "34": 36.47953216374269, "35": 36.398148148148145, "36": 36.98823529411764, "37": 36.94871794871795, "38": 34.91573033707865, "39": 35.272222222222226, "40": 35.24, "41": 35.81603773584906, "42": 35.8051948051948, "43": 37.08755760368663, "44": 35.953216374269005, "45": 37.16766467065868, "46": 37.20398009950249, "47": 37.21951219512195, "48": 38.45412844036697, "49": 36.56734693877551, "50": 38.61594202898551, "51": 37.23859649122807, "52": 37.10126582278481, "53": 37.71782178217822, "54": 37.196911196911195, "55": 36.764462809917354, "56": 36.31687242798354, "57": 36.16589861751152, "58": 37.03964757709251, "59": 36.9327731092437}, "p2": {"0": 0.0, "1": 0.0, "2": 0.0, "3": 0.0, "4": 0.0, "5": 0.0, "6": 0.0, "7": 0.0, "8": 0.0, "9": 0.0, "10": 0.0, "11": 0.0, "12": 0.0, "13": 0.0, "14": 0.0, "15": 0.0, "16": 0.0, "17": 0.0, "18": 0.0, "19": 0.0, "20": 0.0, "21": 0.0, "22": 0.0, "23": 0.0, "24": 0.0, "25": 0.0, "26": 0.0, "27": 0.0, "28": 0.0, "29": 0.0, "30": 0.0, "31": 0.0, "32": 0.0, "33": 0.0, "34": 0.0, "35": 0.0, "36": 0.0, "37": 0.0, "38": 0.0, "39": 0.0, "40": 0.0, "41": 0.0, "42": 0.0, "43": 0.0, "44": 0.0, "45": 0.0, "46": 0.0, "47": 0.0, "48": 0.0, "49": 0.0, "50": 0.0, "51": 0.0, "52": 0.0, "53": 0.0, "54": 0.0, "55": 0.0, "56": 0.0, "57": 0.0, "58": 0.0, "59": 0.0}, "p1": {"0": 0.0, "1": 0.0, "2": 0.0, "3": 0.0, "4": 0.0, "5": 0.0, "6": 0.0, "7": 0.0, "8": 0.0, "9": 0.0, "10": 0.0, "11": 0.0, "12": 0.0, "13": 0.0, "14": 0.0, "15": 0.0, "16": 0.0, "17": 0.0, "18": 0.0, "19": 0.0, "20": 0.0, "21": 0.0, "22": 0.0, "23": 0.0, "24": 0.0, "25": 0.0, "26": 0.0, "27": 0.0, "28": 0.0, "29": 0.0, "30": 0.0, "31": 0.0, "32": 0.0, "33": 0.0, "34": 0.0, "35": 0.0, "36": 0.0, "37": 0.0, "38": 0.0, "39": 0.0, "40": 0.0, "41": 0.0, "42": 0.0, "43": 0.0, "44": 0.0, "45": 0.0, "46": 0.0, "47": 0.0, "48": 0.0, "49": 0.0, "50": 0.0, "51": 0.0, "52": 0.0, "53": 0.0, "54": 0.0, "55": 0.0, "56": 0.0, "57": 0.0, "58": 0.0, "59": 0.0}}