{"p3": {"0": {"0": 1.0}, "1": {"0": 1.0}, "2": {"0": 1.0}, "3": {"0": 1.0}, "4": {"1": 0.3333333333333333, "4": 0.3333333333333333, "5": 0.3333333333333333}, "5": {"4": 1.0}, "6": {"3": 0.5, "6": 0.5}, "7": {"3": 0.5, "5": 0.5}, "8": {"3": 0.5, "5": 0.5}, "9": {"2": 0.3333333333333333, "3": 0.3333333333333333, "7": 0.3333333333333333}, "10": {"1": 0.5, "5": 0.5}, "11": {"4": 0.5, "5": 0.5}, "12": {"2": 0.25, "3": 0.25, "4": 0.25, "5": 0.25}, "13": {"2": 0.5, "6": 0.5}, "14": {"3": 0.6666666666666666, "4": 0.3333333333333333}, "15": {"1": 0.3333333333333333, "4": 0.3333333333333333, "5": 0.3333333333333333}, "16": {"1": 0.5, "7": 0.5}, "17": {"2": 0.5, "4": 0.5}, "18": {"2": 0.3333333333333333, "3": 0.3333333333333333, "6": 0.3333333333333333}, "19": {"3": 0.5, "4": 0.5}, "20": {"3": 0.5, "5": 0.5}, "21": {"2": 0.3333333333333333, "3": 0.3333333333333333, "5": 0.3333333333333333}, "22": {"2": 0.3333333333333333, "3": 0.3333333333333333, "6": 0.3333333333333333}, "23": {"4": 0.6666666666666666, "6": 0.3333333333333333}, "24": {"1": 0.3333333333333333, "4": 0.3333333333333333, "5": 0.3333333333333333}, "25": {"4": 0.6666666666666666, "5": 0.3333333333333333}, "26": {"3": 0.3333333333333333, "4": 0.3333333333333333, "5": 0.3333333333333333}, "27": {"2": 0.25, "3": 0.25, "4": 0.25, "7": 0.25}, "28": {"2": 0.5, "4": 0.5}, "29": {"3": 0.5, "5": 0.5}, "30": {"2": 0.5, "7": 0.5}, "31": {"2": 0.5, "6": 0.5}, "32": {"3": 0.5, "6": 0.5}, "33": {"3": 0.3333333333333333, "4": 0.3333333333333333, "5": 0.3333333333333333}, "34": {"3": 0.5, "4": 0.5}, "35": {"3": 0.5, "4": 0.5}, "36": {"4": 1.0}, "37": {"1": 0.3333333333333333, "3": 0.3333333333333333, "7": 0.3333333333333333}, "38": {"2": 0.5, "5": 0.5}, "39": {"2": 0.5, "5": 0.5}, "40": {"3": 0.5, "6": 0.5}, "41": {"1": 0.3333333333333333, "4": 0.3333333333333333, "6": 0.3333333333333333}, "42": {"4": 1.0}, "43": {"3": 0.3333333333333333, "5": 0.6666666666666666}, "44": {"4": 0.5, "7": 0.5}, "45": {"3": 0.3333333333333333, "4": 0.6666666666666666}, "46": {"2": 0.3333333333333333, "4": 0.6666666666666666}, "47": {"2": 0.3333333333333333, "3": 0.3333333333333333, "5": 0.3333333333333333}, "48": {"2": 0.3333333333333333, "4": 0.6666666666666666}, "49": {"3": 0.6666666666666666, "4": 0.3333333333333333}, "50": {"4": 1.0}, "51": {"4": 0.6666666666666666, "5": 0.3333333333333333}, "52": {"2": 0.3333333333333333, "4": 0.3333333333333333, "6": 0.3333333333333333}, "53": {"2": 0.3333333333333333, "4": 0.3333333333333333, "5": 0.3333333333333333}, "54": {"2": 0.5, "5": 0.5}, "55": {"3": 0.6666666666666666, "6": 0.3333333333333333}, "56": {"3": 1.0}, "57": {"3": 0.5, "4": 0.5}, "58": {"2": 0.3333333333333333, "4": 0.6666666666666666}, "59": {"2": 0.5, "5": 0.5}, "60": {"2": 0.5, "7": 0.5}, "61": {"1": 0.3333333333333333, "4": 0.3333333333333333, "7": 0.3333333333333333}, "62": {"2": 0.5, "7": 0.5}, "63": {"1": 0.3333333333333333, "4": 0.3333333333333333, "6": 0.3333333333333333}, "64": {"2": 0.3333333333333333, "3": 0.3333333333333333, "5": 0.3333333333333333}, "65": {"3": 0.6666666666666666, "6": 0.3333333333333333}, "66": {"3": 0.5, "4": 0.5}, "67": {"4": 0.5, "5": 0.5}, "68": {"4": 0.6666666666666666, "5": 0.3333333333333333}, "69": {"3": 0.5, "8": 0.5}, "70": {"3": 0.6666666666666666, "5": 0.3333333333333333}, "71": {"5": 0.5, "7": 0.5}, "72": {"2": 0.5, "6": 0.5}, "73": {"3": 0.5, "6": 0.5}, "74": {"3": 0.3333333333333333, "4": 0.6666666666666666}, "75": {"2": 0.3333333333333333, "5": 0.3333333333333333, "6": 0.3333333333333333}, "76": {"2": 0.3333333333333333, "3": 0.3333333333333333, "6": 0.3333333333333333}, "77": {"1": 0.5, "8": 0.5}, "78": {"2": 0.3333333333333333, "5": 0.6666666666666666}, "79": {"2": 0.3333333333333333, "4": 0.6666666666666666}, "80": {"2": 0.5, "7": 0.5}, "81": {"2": 0.3333333333333333, "5": 0.6666666666666666}, "82": {"1": 0.5, "8": 0.5}, "83": {"0": 1.0}, "84": {"0": 1.0}, "85": {"0": 1.0}, "86": {"0": 1.0}, "87": {"0": 1.0}, "88": {"0": 1.0}, "89": {"0": 1.0}, "90": {"0": 1.0}, "91": {"0": 1.0}, "92": {"0": 1.0}, "93": {"0": 1.0}, "94": {"0": 1.0}, "95": {"0": 1.0}, "96": {"0": 1.0}, "97": {"0": 1.0}, "98": {"0": 1.0}, "99": {"0": 1.0}, "100": {"0": 1.0}, "101": {"0": 1.0}, "102": {"0": 1.0}, "103": {"0": 1.0}, "104": {"0": 1.0}, "105": {"0": 1.0}, "106": {"0": 1.0}, "107": {"0": 1.0}, "108": {"0": 1.0}, "109": {"0": 1.0}, "110": {"0": 1.0}, "111": {"0": 1.0}, "112": {"0": 1.0}, "113": {"0": 1.0}, "114": {"0": 1.0}, "115": {"0": 1.0}, "116": {"0": 1.0}, "117": {"0": 1.0}, "118": {"0": 1.0}, "119": {"0": 1.0}, "120": {"0": 1.0}, "121": {"0": 1.0}, "122": {"0": 1.0}, "123": {"0": 1.0}, "124": {"0": 1.0}, "125": {"1": 1.0}, "126": {"3": 0.5, "4": 0.5}, "127": {"1": 0.5, "5": 0.5}, "128": {"4": 0.5, "8": 0.5}, "129": {"0": 1.0}, "130": {"2": 0.3333333333333333, "4": 0.6666666666666666}, "131": {"2": 0.5, "5": 0.5}, "132": {"4": 1.0}, "133": {"3": 0.5, "4": 0.5}, "134": {"1": 0.3333333333333333, "4": 0.3333333333333333, "5": 0.3333333333333333}, "135": {"2": 0.3333333333333333, "3": 0.3333333333333333, "6": 0.3333333333333333}, "136": {"2": 0.5, "6": 0.5}, "137": {"3": 0.6666666666666666, "5": 0.3333333333333333}, "138": {"3": 1.0}, "139": {"4": 0.5, "7": 0.5}, "140": {"3": 0.6666666666666666, "4": 0.3333333333333333}, "141": {"2": 0.5, "4": 0.5}, "142": {"2": 0.5, "6": 0.5}, "143": {"3": 0.3333333333333333, "4": 0.3333333333333333, "5": 0.3333333333333333}, "144": {"4": 0.5, "5": 0.5}, "145": {"5": 1.0}, "146": {"3": 0.6666666666666666, "4": 0.3333333333333333}, "147": {"2": 0.3333333333333333, "4": 0.3333333333333333, "5": 0.3333333333333333}, "148": {"2": 0.5, "7": 0.5}, "149": {"2": 0.5, "5": 0.5}, "150": {"3": 0.5, "6": 0.5}, "151": {"3": 0.5, "5": 0.5}, "152": {"3": 0.6666666666666666, "5": 0.3333333333333333}, "153": {"3": 0.6666666666666666, "4": 0.3333333333333333}, "154": {"3": 1.0}, "155": {"2": 0.5, "7": 0.5}, "156": {"3": 0.5, "5": 0.5}, "157": {"3": 0.5, "6": 0.5}, "158": {"4": 1.0}, "159": {"3": 0.5, "4": 0.5}, "160": {"2": 0.3333333333333333, "4": 0.3333333333333333, "6": 0.3333333333333333}, "161": {"0": 1.0}, "162": {"2": 1.0}, "163": {"3": 1.0}, "164": {"1": 0.25, "2": 0.25, "5": 0.25, "7": 0.25}, "165": {"3": 1.0}, "166": {"2": 0.3333333333333333, "4": 0.3333333333333333, "5": 0.3333333333333333}, "167": {"3": 0.3333333333333333, "4": 0.3333333333333333, "5": 0.3333333333333333}, "168": {"2": 0.3333333333333333, "3": 0.3333333333333333, "6": 0.3333333333333333}, "169": {"3": 0.5, "6": 0.5}, "170": {"3": 0.5, "5": 0.5}, "171": {"2": 0.5, "6": 0.5}, "172": {"3": 0.5, "5": 0.5}, "173": {"3": 0.3333333333333333, "4": 0.3333333333333333, "5": 0.3333333333333333}, "174": {"4": 1.0}, "175": {"4": 0.5, "5": 0.5}, "176": {"4": 0.5, "5": 0.5}, "177": {"2": 0.3333333333333333, "4": 0.3333333333333333, "5": 0.3333333333333333}, "178": {"3": 1.0}, "179": {"2": 0.3333333333333333, "4": 0.6666666666666666}, "180": {"3": 0.6666666666666666, "5": 0.3333333333333333}, "181": {"3": 0.5, "5": 0.5}, "182": {"0": 1.0}, "183": {"0": 1.0}, "184": {"0": 1.0}, "185": {"0": 1.0}, "186": {"0": 1.0}, "187": {"0": 1.0}, "188": {"0": 1.0}, "189": {"0": 1.0}, "190": {"0": 1.0}, "191": {"0": 1.0}, "192": {"0": 1.0}, "193": {"0": 1.0}, "194": {"0": 1.0}, "195": {"0": 1.0}, "196": {"0": 1.0}}, "p0": {"0": {"0": 1.0}, "1": {"0": 1.0}, "2": {"0": 1.0}, "3": {"0": 1.0}, "4": {"0": 1.0}, "5": {"0": 1.0}, "6": {"0": 1.0}, "7": {"0": 1.0}, "8": {"0": 1.0}, "9": {"0": 1.0}, "10": {"0": 1.0}, "11": {"0": 1.0}, "12": {"0": 1.0}, "13": {"0": 1.0}, "14": {"0": 1.0}, "15": {"0": 1.0}, "16": {"0": 1.0}, "17": {"0": 1.0}, "18": {"0": 1.0}, "19": {"0": 1.0}, "20": {"0": 1.0}, "21": {"0": 1.0}, "22": {"0": 1.0}, "23": {"0": 1.0}, "24": {"0": 1.0}, "25": {"0": 1.0}, "26": {"0": 1.0}, "27": {"0": 1.0}, "28": {"0": 1.0}, "29": {"0": 1.0}, "30": {"0": 1.0}, "31": {"0": 1.0}, "32": {"0": 1.0}, "33": {"0": 1.0}, "34": {"0": 1.0}, "35": {"0": 1.0}, "36": {"0": 1.0}, "37": {"0": 1.0}, "38": {"0": 1.0}, "39": {"0": 1.0},