{"p0": {"0": {"0": 1.0}, "1": {"0": 1.0}, "2": {"0": 1.0}, "3": {"0": 1.0}, "4": {"0": 1.0}, "5": {"0": 1.0}, "6": {"0": 1.0}, "7": {"0": 1.0}, "8": {"0": 1.0}, "9": {"0": 1.0}, "10": {"0": 1.0}, "11": {"0": 1.0}, "12": {"0": 1.0}, "13": {"0": 1.0}, "14": {"0": 1.0}, "15": {"0": 1.0}, "16": {"0": 1.0}, "17": {"0": 1.0}, "18": {"0": 1.0}, "19": {"0": 1.0}, "20": {"0": 1.0}, "21": {"0": 1.0}, "22": {"0": 1.0}, "23": {"0": 1.0}, "24": {"0": 1.0}, "25": {"0": 1.0}, "26": {"0": 1.0}, "27": {"0": 1.0}, "28": {"0": 1.0}, "29": {"0": 1.0}, "30": {"0": 1.0}, "31": {"0": 1.0}, "32": {"0": 1.0}, "33": {"0": 1.0}, "34": {"0": 1.0}, "35": {"0": 1.0}, "36": {"0": 1.0}, "37": {"0": 1.0}, "38": {"0": 1.0}, "39": {"0": 1.0}, "40": {"0": 1.0}, "41": {"0": 1.0}, "42": {"0": 1.0}, "43": {"0": 1.0}, "44": {"0": 1.0}, "45": {"0": 1.0}, "46": {"0": 1.0}, "47": {"0": 1.0}, "48": {"0": 1.0}, "49": {"0": 1.0}, "50": {"0": 1.0}, "51": {"0": 1.0}, "52": {"0": 1.0}, "53": {"0": 1.0}, "54": {"0": 1.0}, "55": {"0": 1.0}, "56": {"0": 1.0}, "57": {"0": 1.0}, "58": {"0": 1.0}, "59": {"0": 1.0}, "60": {"0": 1.0}, "61": {"0": 1.0}, "62": {"0": 1.0}, "63": {"0": 1.0}, "64": {"0": 1.0}, "65": {"0": 1.0}, "66": {"0": 1.0}, "67": {"0": 1.0}, "68": {"0": 1.0}, "69": {"0": 1.0}, "70": {"0": 1.0}, "71": {"0": 1.0}, "72": {"0": 1.0}, "73": {"0": 1.0}, "74": {"0": 1.0}, "75": {"0": 1.0}, "76": {"0": 1.0}, "77": {"0": 1.0}, "78": {"0": 1.0}, "79": {"0": 1.0}, "80": {"0": 1.0}, "81": {"0": 1.0}, "82": {"0": 1.0}, "83": {"0": 1.0}, "84": {"0": 1.0}, "85": {"0": 1.0}, "86": {"0": 1.0}, "87": {"0": 1.0}, "88": {"0": 1.0}, "89": {"0": 1.0}, "90": {"0": 1.0}, "91": {"0": 1.0}, "92": {"0": 1.0}, "93": {"0": 1.0}, "94": {"0": 1.0}, "95": {"0": 1.0}, "96": {"0": 1.0}, "97": {"0": 1.0}}, "p3": {"0": {"0": 1.0}, "1": {"0": 1.0}, "2": {"0": 1.0}, "3": {"2": 0.3333333333333333, "3": 0.3333333333333333, "4": 0.3333333333333333}, "4": {"2": 0.25, "4": 0.5, "8": 0.25}, "5": {"1": 0.25, "3": 0.25, "4": 0.25, "9": 0.25}, "6": {"4": 0.5, "6": 0.5}, "7": {"3": 0.25, "4": 0.25, "5": 0.25, "6": 0.25}, "8": {"2": 0.25, "3": 0.25, "4": 0.25, "5": 0.25}, "9": {"2": 0.2, "4": 0.6, "6": 0.2}, "10": {"3": 0.2, "4": 0.6, "5": 0.2}, "11": {"3": 0.25, "4": 0.5, "5": 0.25}, "12": {"1": 0.2, "2": 0.2, "4": 0.2, "6": 0.2, "7": 0.2}, "13": {"2": 0.25, "3": 0.25, "7": 0.25, "8": 0.25}, "14": {"3": 0.4, "4": 0.2, "5": 0.4}, "15": {"1": 0.25, "3": 0.25, "6": 0.5}, "16": {"1": 0.25, "2": 0.25, "6": 0.25, "7": 0.25}, "17": {"2": 0.25, "3": 0.25, "6": 0.5}, "18": {"4": 0.3333333333333333, "6": 0.6666666666666666}, "19": {"1": 0.25, "2": 0.25, "7": 0.25, "10": 0.25}, "20": {"4": 0.25, "5": 0.5, "6": 0.25}, "21": {"3": 0.25, "4": 0.25, "6": 0.25, "7": 0.25}, "22": {"2": 0.2, "3": 0.2, "5": 0.6}, "23": {"2": 0.2, "3": 0.2, "4": 0.4, "7": 0.2}, "24": {"0": 1.0}, "25": {"0": 1.0}, "26": {"0": 1.0}, "27": {"0": 1.0}, "28": {"0": 1.0}, "29": {"0": 1.0}, "30": {"0": 1.0}, "31": {"0": 1.0}, "32": {"0": 1.0}, "33": {"0": 1.0}, "34": {"0": 1.0}, "35": {"0": 1.0}, "36": {"2": 1.0}, "37": {"2": 0.5, "3": 0.25, "4": 0.25}, "38": {"1": 0.3333333333333333, "5": 0.6666666666666666}, "39": {"5": 1.0}, "40": {"3": 0.5, "4": 0.5}, "41": {"1": 0.2, "2": 0.2, "4": 0.2, "5": 0.2, "8": 0.2}, "42": {"1": 0.2, "3": 0.4, "5": 0.2, "8": 0.2}, "43": {"1": 0.25, "3": 0.25, "4": 0.25, "5": 0.25}, "44": {"3": 0.2, "4": 0.6, "5": 0.2}, "45": {"2": 0.2, "4": 0.6, "6": 0.2}, "46": {"3": 0.6, "5": 0.2, "6": 0.2}, "47": {"2": 0.2, "3": 0.4, "6": 0.4}, "48": {"3": 0.4, "4": 0.4, "6": 0.2}, "49": {"3": 0.3333333333333333, "4": 0.3333333333333333, "7": 0.3333333333333333}, "50": {"2": 0.5, "6": 0.5}, "51": {"0": 1.0}, "52": {"0": 1.0}, "53": {"4": 1.0}, "54": {"0": 1.0}, "55": {"0": 1.0}, "56": {"0": 1.0}, "57": {"1": 1.0}, "58": {"0": 1.0}, "59": {"0": 1.0}, "60": {"0": 1.0}, "61": {"0": 1.0}, "62": {"3": 0.75, "5": 0.25}, "63": {"3": 0.5, "4": 0.25, "5": 0.25}, "64": {"0": 1.0}, "65": {"1": 0.3333333333333333, "5": 0.3333333333333333, "6": 0.3333333333333333}, "66": {"3": 0.6666666666666666, "6": 0.3333333333333333}, "67": {"3": 0.3333333333333333, "4": 0.3333333333333333, "5": 0.3333333333333333}, "68": {"3": 0.4, "4": 0.4, "6": 0.2}, "69": {"1": 0.2, "4": 0.2, "5": 0.6}, "70": {"2": 0.2, "4": 0.6, "6": 0.2}, "71": {"3": 0.5, "7": 0.5}, "72": {"4": 0.25, "5": 0.5, "6": 0.25}, "73": {"2": 0.4, "4": 0.2, "5": 0.2, "7": 0.2}, "74": {"3": 0.75, "6": 0.25}, "75": {"2": 0.25, "4": 0.5, "5": 0.25}, "76": {"2": 0.5, "6": 0.5}, "77": {"1": 1.0}, "78": {"0": 1.0}, "79": {"0": 1.0}, "80": {"0": 1.0}, "81": {"3": 1.0}, "82": {"0": 1.0}, "83": {"0": 1.0}, "84": {"4": 1.0}, "85": {"0": 1.0}, "86": {"4": 0.5, "5": 0.5}, "87": {"2": 1.0}, "88": {"0": 1.0}, "89": {"2": 0.3333333333333333, "3": 0.3333333333333333, "7": 0.3333333333333333}, "90": {"5": 1.0}, "91": {"5": 1.0}, "92": {"4": 1.0}, "93": {"3": 0.25, "4": 0.25, "5": 0.5}, "94": {"2": 0.4, "4": 0.2, "5": 0.2, "7": 0.2}, "95": {"2": 0.25, "4": 0.25, "6": 0.25, "8": 0.25}, "96": {"1": 0.2, "4": 0.2, "5": 0.6}, "97": {"3": 0.6, "5": 0.2, "6": 0.2}}, "p1": {"0": {"0": 1.0}, "1": {"0": 1.0}, "2": {"0": 1.0}, "3": {"0": 1.0}, "4": {"0": 1.0}, "5": {"0": 1.0}, "6": {"0": 1.0}, "7": {"0": 1.0}, "8": {"0": 1.0}, "9": {"0": 1.0}, "10": {"0": 1.0}, "11": {"0": 1.0}, "12": {"0": 1.0}, "13": {"0": 1.0}, "14": {"0": 1.0}, "15": {"0": 1.0}, "16": {"0": 1.0}, "17": {"0": 1.0}, "18": {"0": 1.0}, "19": {"0": 1.0}, "20": {"0": 1.0}, "21": {"0": 1.0}, "22": {"0": 1.0}, "23": {"0": 1.0}, "24": {"0": 1.0}, "25": {"0": 1.0}, "26": {"0": 1.0}, "27": {"0": 1.0}, "28": {"0": 1.0}, "29": {"0": 1.0}, "30": {"0": 1.0}, "31": {"0": 1.0}, "32": {"0": 1.0}, "33": {"0": 1.0}, "34": {"0": 1.0}, "35": {"0": 1.0}, "36": {"0": 1.0}, "37": {"0": 1.0}, "38": {"0": 1.0}, "39": {"0": 1.0}, "40": {"0": 1.0}, "41": {"0": 1.0}, "42": {"0": 1.0}, "43": {"0": 1.0}, "44": {"0": 1.0}, "45": {"0": 1.0}, "46": {"0": 1.0}, "47": {"0": 1.0}, "48": {"0": 1.0}, "49": {"0": 1.0}, "50": {"0": 1.0}, "51": {"0": 1.0}, "52": {"0": 1.0}, "53": {"0": 1.0}, "54": {"0": 1.0}, "55": {"0": 1.0}, "56": {"0": 1.0}, "57": {"0": 1.0}, "58": {"0": 1.0}, "59": {"0": 1.0}, "60": {"0": 1.0}, "61": {"0": 1.0}, "62": {"0": 1.0}, "63": {"0": 1.0}, "64": {"0": 1.0}, "65": {"0": 1.0}, "66": {"0": 1.0}, "67": {"0": 1.0}, "68": {"0": 1.0}, "69": {"0": 1.0}, "70": {"0": 1.0}, "71": {"0": 1.0}, "72": {"0": 1.0}, "73": {"0": 1.0}, "74": {"0": 1.0}, "75": {"0": 1.0}, "76": {"0": 1.0}, "77": {"0": 1.0}, "78": {"0": 1.0}, "79": {"0": 1.0}, "80": {"0": 1.0}, "81": {"0": 1.0}, "82": {"0": 1.0}, "83": {"0": 1.0}, "84": {"0": 1.0}, "85": {"0": 1.0}, "86": {"0": 1.0}, "87": {"0": 1.0}, "88": {"0": 1.0}, "89": {"0": 1.0}, "90": {"0": 1.0}, "91": {"0": 1.0}, "92": {"0": 1.0}, "93": {"0": 1.0}, "94": {"0": 1.0}, "95": {"0": 1.0}, "96": {"0": 1.0}, "97": {"0": 1.0}}, "p2": {"0": {"0": 1.0}, "1": {"0": 1.0}, "2": {"0": 1.0}, "3": {"0": 1.0}, "4": {"0": 1.0}, "5": {"0": 1.0}, "6": {"0": 1.0}, "7": {"0": 1.0}, "8": {"0": 1.0}, "9": {"0": 1.0}, "10": {"0": 1.0}, "11": {"0": 1.0}, "12": {"0": 1.0}, "13": {"0": 1.0}, "14": {"0": 1.0}, "15": {"0": 1.0}, "16": {"0": 1.0}, "17": {"0": 1.0}, "18": {"0": 1.0}, "19": {"0": 1.0}, "20": {"0": 1.0}, "21": {"0": 1.0}, "22": {"0": 1.0}, "23": {"0": 1.0}, "24": {"0": 1.0}, "25": {"0": 1.0}, "26": {"0": 1.0}, "27": {"0": 1.0}, "28": {"0": 1.0}, "29": {"0": 1.0}, "30": {"0": 1.0}, "31": {"0": 1.0}, "32": {"0": 1.0}, "33": {"0": 1.0}, "34": {"0": 1.0}, "35": {"0": 1.0}, "36": {"0": 1.0}, "37": {"0": 1.0}, "38": {"0": 1.0}, "39": {"0": 1.0}, "40": {"0": 1.0}, "41": {"0": 1.0}, "42": {"0": 1.0}, "43": {"0": 1.0}, "44": {"0": 1.0}, "45": {"0": 1.0}, "46": {"0": 1.0}, "47": {"0": 1.0}, "48": {"0": 1.0}, "49": {"0": 1.0}, "50": {"0": 1.0}, "51": {"0": 1.0}, "52": {"0": 1.0}, "53": {"0": 1.0}, "54": {"0": 1.0}, "55": {"0": 1.0}, "56": {"0": 1.0}, "57": {"0": 1.0}, "58": {"0": 1.0}, "59": {"0": 1.0}, "60": {"0": 1.0}, "61": {"0": 1.0}, "62": {"0": 1.0}, "63": {"0": 1.0}, "64": {"0": 1.0},