{"p3": {"3": 38.50420168067227, "4": 38.911764705882355, "5": 38.39903846153846, "6": 38.375586854460096, "7": 38.40909090909091, "8": 38.77049180327869, "9": 38.64874551971326, "10": 38.38487972508591, "11": 38.56535947712418, "12": 38.663366336633665, "13": 38.714285714285715, "14": 38.07055214723926, "15": 38.56369426751592, "16": 38.323170731707314, "17": 38.266862170087975, "18": 38.648148148148145, "19": 38.343023255813954, "20": 38.45592705167173, "21": 38.92763157894737, "22": 39.114754098360656, "23": 38.63986013986014, "24": 38.70446735395189, "25": 38.43356643356643, "26": 38.985347985347985, "27": 39.23166023166023, "28": 39.179577464788736, "29": 38.84615384615385, "30": 38.87777777777778, "31": 39.195402298850574, "32": 39.31944444444444, "33": 39.13023255813953, "34": 39.15348837209302, "35": 39.344398340248965, "36": 39.315, "37": 39.75449101796407, "38": 39.22527472527472, "39": 39.32163742690059, "40": 37.46875, "41": 39.38709677419355, "42": 38.38805970149254, "43": 38.7, "44": 39.285714285714285, "45": 40.09322033898305, "46": 39.58490566037736, "47": 38.80555555555556, "48": 38.55714285714286, "49": 36.91588785046729, "50": 35.45161290322581, "51": 34.0, "52": 35.25316455696203, "53": 35.70229007633588, "54": 34.90217391304348, "55": 36.04054054054054, "56": 36.46258503401361, "57": 36.7, "58": 37.493975903614455, "59": 36.8586387434555, "60": 36.966183574879224, "61": 36.49238578680203, "62": 37.31683168316832, "63": 38.10919540229885, "64": 38.70391061452514, "65": 39.339080459770116, "66": 38.01036269430052, "67": 40.75187969924812, "68": 39.02590673575129, "69": 38.809248554913296, "70": 38.955128205128204, "71": 38.42168674698795, "72": 39.90229885057471, "73": 40.24293785310734, "74": 38.46875, "75": 38.47126436781609, "76": 39.590643274853804, "77": 38.159203980099505, "78": 38.04516129032258, "79": 37.87830687830688, "80": 39.922077922077925, "81": 40.23076923076923, "82": 38.56, "83": 37.67857142857143, "84": 36.8955223880597, "85": 37.36082474226804, "86": 37.10970464135021, "87": 37.25333333333333, "88": 38.05882352941177, "89": 37.92718446601942, "90": 38.201117318435756, "91": 38.611607142857146, "92": 37.70781893004115, "93": 38.8141592920354, "94": 38.15151515151515, "95": 38.706382978723404, "96": 38.42622950819672, "97": 38.16304347826087, "98": 37.98695652173913, "99": 38.63306451612903, "100": 38.37980769230769}, "p0": {"0": 0.0, "1": 0.0, "2": 0.0, "3": 0.0, "4": 0.0, "5": 0.0, "6": 0.0, "7": 0.0, "8": 0.0, "9": 0.0, "10": 0.0, "11": 0.0, "12": 0.0, "13": 0.0, "14": 0.0, "15": 0.0, "16": 0.0, "17": 0.0, "18": 0.0, "19": 0.0, "20": 0.0, "21": 0.0, "22": 0.0, "23": 0.0, "24": 0.0, "25": 0.0, "26": 0.0, "27": 0.0, "28": 0.0, "29": 0.0, "30": 0.0, "31": 0.0, "32": 0.0, "33": 0.0, "34": 0.0, "35": 0.0, "36": 0.0, "37": 0.0, "38": 0.0, "39": 0.0, "40": 0.0, "41": 0.0, "42": 0.0, "43": 0.0, "44": 0.0, "45": 0.0, "46": 0.0, "47": 0.0, "48": 0.0, "49": 0.0, "50": 0.0, "51": 0.0, "52": 0.0, "53": 0.0, "54": 0.0, "55": 0.0, "56": 0.0, "57": 0.0, "58": 0.0, "59": 0.0, "60": 0.0, "61": 0.0, "62": 0.0, "63": 0.0, "64": 0.0, "65": 0.0, "66": 0.0, "67": 0.0, "68": 0.0, "69": 0.0, "70": 0.0, "71": 0.0, "72": 0.0, "73": 0.0, "74": 0.0, "75": 0.0, "76": 0.0, "77": 0.0, "78": 0.0, "79": 0.0, "80": 0.0, "81": 0.0, "82": 0.0, "83": 0.0, "84": 0.0, "85": 0.0, "86": 0.0, "87": 0.0, "88": 0.0, "89": 0.0, "90": 0.0, "91": 0.0, "92": 0.0, "93": 0.0, "94": 0.0, "95": 0.0, "96": 0.0, "97": 0.0, "98": 0.0, "99": 0.0, "100": 0.0}, "p1": {"0": 0.0, "1": 0.0, "2": 0.0, "3": 0.0, "4": 0.0, "5": 0.0, "6": 0.0, "7": 0.0, "8": 0.0, "9": 0.0, "10": 0.0, "11": 0.0, "12": 0.0, "13": 0.0, "14": 0.0, "15": 0.0, "16": 0.0, "17": 0.0, "18": 0.0, "19": 0.0, "20": 0.0, "21": 0.0, "22": 0.0, "23": 0.0, "24": 0.0, "25": 0.0, "26": 0.0, "27": 0.0, "28": 0.0, "29": 0.0, "30": 0.0, "31": 0.0, "32": 0.0, "33": 0.0, "34": 0.0, "35": 0.0, "36": 0.0, "37": 0.0, "38": 0.0, "39": 0.0, "40": 0.0, "41": 0.0, "42": 0.0, "43": 0.0, "44": 0.0, "45": 0.0, "46": 0.0, "47": 0.0, "48": 0.0, "49": 0.0, "50": 0.0, "51": 0.0, "52": 0.0, "53": 0.0, "54": 0.0, "55": 0.0, "56": 0.0, "57": 0.0, "58": 0.0, "59": 0.0, "60": 0.0, "61": 0.0, "62": 0.0, "63": 0.0, "64": 0.0, "65": 0.0, "66": 0.0, "67": 0.0, "68": 0.0, "69": 0.0, "70": 0.0, "71": 0.0, "72": 0.0, "73": 0.0, "74": 0.0, "75": 0.0, "76": 0.0, "77": 0.0, "78": 0.0, "79": 0.0, "80": 0.0, "81": 0.0, "82": 0.0, "83": 0.0, "84": 0.0, "85": 0.0, "86": 0.0, "87": 0.0, "88": 0.0, "89": 0.0, "90": 0.0, "91": 0.0, "92": 0.0, "93": 0.0, "94": 0.0, "95": 0.0, "96": 0.0, "97": 0.0, "98": 0.0, "99": 0.0, "100": 0.0}, "p2": {"0": 0.0, "1": 0.0, "2": 0.0, "3": 0.0, "4": 0.0, "5": 0.0, "6": 0.0, "7": 0.0, "8": 0.0, "9": 0.0, "10": 0.0, "11": 0.0, "12": 0.0, "13": 0.0, "14": 0.0, "15": 0.0, "16": 0.0, "17": 0.0, "18": 0.0, "19": 0.0, "20": 0.0, "21": 0.0, "22": 0.0, "23": 0.0, "24": 0.0, "25": 0.0, "26": 0.0, "27": 0.0, "28": 0.0, "29": 0.0, "30": 0.0, "31": 0.0, "32": 0.0, "33": 0.0, "34": 0.0, "35": 0.0, "36": 0.0, "37": 0.0, "38": 0.0, "39": 0.0, "40": 0.0, "41": 0.0, "42": 0.0, "43": 0.0, "44": 0.0, "45": 0.0, "46": 0.0, "47": 0.0, "48": 0.0, "49": 0.0, "50": 0.0, "51": 0.0, "52": 0.0, "53": 0.0, "54": 0.0, "55": 0.0, "56": 0.0, "57": 0.0, "58": 0.0, "59": 0.0, "60": 0.0, "61": 0.0, "62": 0.0, "63": 0.0, "64": 0.0, "65": 0.0, "66": 0.0, "67": 0.0, "68": 0.0, "69": 0.0, "70": 0.0, "71": 0.0, "72": 0.0, "73": 0.0, "74": 0.0, "75": 0.0, "76": 0.0, "77": 0.0, "78": 0.0, "79": 0.0, "80": 0.0, "81": 0.0, "82": 0.0, "83": 0.0, "84": 0.0, "85": 0.0, "86": 0.0, "87": 0.0, "88": 0.0, "89": 0.0, "90": 0.0, "91": 0.0, "92": 0.0, "93": 0.0, "94": 0.0, "95": 0.0, "96": 0.0, "97": 0.0, "98": 0.0, "99": 0.0, "100": 0.0}}