{"p0": {"0": {"0": 1.0}, "1": {"0": 1.0}, "2": {"0": 1.0}, "3": {"0": 1.0}, "4": {"0": 1.0}, "5": {"0": 1.0}, "6": {"0": 1.0}, "7": {"0": 1.0}, "8": {"0": 1.0}, "9": {"0": 1.0}, "10": {"0": 1.0}, "11": {"0": 1.0}, "12": {"0": 1.0}, "13": {"0": 1.0}, "14": {"0": 1.0}, "15": {"0": 1.0}, "16": {"0": 1.0}, "17": {"0": 1.0}, "18": {"0": 1.0}, "19": {"0": 1.0}, "20": {"0": 1.0}, "21": {"0": 1.0}, "22": {"0": 1.0}, "23": {"0": 1.0}, "24": {"0": 1.0}, "25": {"0": 1.0}, "26": {"0": 1.0}, "27": {"0": 1.0}, "28": {"0": 1.0}, "29": {"0": 1.0}, "30": {"0": 1.0}, "31": {"0": 1.0}, "32": {"0": 1.0}, "33": {"0": 1.0}, "34": {"0": 1.0}, "35": {"0": 1.0}, "36": {"0": 1.0}, "37": {"0": 1.0}, "38": {"0": 1.0}, "39": {"0": 1.0}, "40": {"0": 1.0}, "41": {"0": 1.0}, "42": {"0": 1.0}, "43": {"0": 1.0}, "44": {"0": 1.0}, "45": {"0": 1.0}, "46": {"0": 1.0}, "47": {"0": 1.0}, "48": {"0": 1.0}, "49": {"0": 1.0}, "50": {"0": 1.0}, "51": {"0": 1.0}, "52": {"0": 1.0}, "53": {"0": 1.0}, "54": {"0": 1.0}, "55": {"0": 1.0}, "56": {"0": 1.0}, "57": {"0": 1.0}, "58": {"0": 1.0}, "59": {"0": 1.0}, "60": {"0": 1.0}, "61": {"0": 1.0}, "62": {"0": 1.0}, "63": {"0": 1.0}, "64": {"0": 1.0}, "65": {"0": 1.0}, "66": {"0": 1.0}, "67": {"0": 1.0}, "68": {"0": 1.0}, "69": {"0": 1.0}, "70": {"0": 1.0}, "71": {"0": 1.0}, "72": {"0": 1.0}}, "p4": {"0": {"0": 1.0}, "1": {"0": 1.0}, "2": {"0": 1.0}, "3": {"0": 1.0}, "4": {"1": 0.6153846153846154, "2": 0.23076923076923078, "3": 0.15384615384615385}, "5": {"1": 0.4166666666666667, "2": 0.5, "3": 0.08333333333333333}, "6": {"1": 0.6153846153846154, "2": 0.23076923076923078, "3": 0.15384615384615385}, "7": {"1": 0.5384615384615384, "2": 0.38461538461538464, "3": 0.07692307692307693}, "8": {"1": 0.4, "2": 0.2, "3": 0.4}, "9": {"1": 0.3, "2": 0.5, "3": 0.1, "4": 0.1}, "10": {"1": 0.36363636363636365, "2": 0.45454545454545453, "3": 0.18181818181818182}, "11": {"1": 0.6666666666666666, "2": 0.08333333333333333, "3": 0.16666666666666666, "4": 0.08333333333333333}, "12": {"1": 0.6428571428571429, "2": 0.2857142857142857, "3": 0.07142857142857142}, "13": {"1": 0.5384615384615384, "2": 0.38461538461538464, "3": 0.07692307692307693}, "14": {"1": 0.5454545454545454, "2": 0.18181818181818182, "3": 0.18181818181818182, "4": 0.09090909090909091}, "15": {"1": 0.5833333333333334, "2": 0.25, "3": 0.08333333333333333, "4": 0.08333333333333333}, "16": {"1": 0.2, "2": 0.6, "3": 0.2}, "17": {"1": 0.2, "2": 0.6, "3": 0.2}, "18": {"1": 0.4166666666666667, "2": 0.5, "3": 0.08333333333333333}, "19": {"1": 0.5, "2": 0.3333333333333333, "3": 0.16666666666666666}, "20": {"1": 0.5384615384615384, "2": 0.38461538461538464, "3": 0.07692307692307693}, "21": {"1": 0.4166666666666667, "2": 0.5, "3": 0.08333333333333333}, "22": {"1": 0.4, "2": 0.3, "3": 0.2, "4": 0.1}, "23": {"1": 0.36363636363636365, "2": 0.45454545454545453, "3": 0.18181818181818182}, "24": {"1": 0.5454545454545454, "2": 0.2727272727272727, "3": 0.09090909090909091, "5": 0.09090909090909091}, "25": {"1": 0.36363636363636365, "2": 0.45454545454545453, "3": 0.18181818181818182}, "26": {"1": 0.3, "2": 0.4, "3": 0.3}, "27": {"1": 0.5, "2": 0.3, "4": 0.1, "5": 0.1}, "28": {"1": 0.5714285714285714, "2": 0.42857142857142855}, "29": {"1": 0.5, "2": 0.3333333333333333, "3": 0.16666666666666666}, "30": {"1": 0.6363636363636364, "2": 0.18181818181818182, "3": 0.18181818181818182}, "31": {"0": 1.0}, "32": {"0": 1.0}, "33": {"0": 1.0}, "34": {"0": 1.0}, "35": {"0": 1.0}, "36": {"0": 1.0}, "37": {"0": 1.0}, "38": {"0": 1.0}, "39": {"0": 1.0}, "40": {"0": 1.0}, "41": {"0": 1.0}, "42": {"0": 1.0}, "43": {"0": 1.0}, "44": {"0": 1.0}, "45": {"0": 1.0}, "46": {"1": 0.8, "5": 0.2}, "47": {"0": 1.0}, "48": {"1": 0.5714285714285714, "2": 0.14285714285714285, "3": 0.2857142857142857}, "49": {"1": 0.3333333333333333, "2": 0.6666666666666666}, "50": {"1": 0.2727272727272727, "2": 0.6363636363636364, "3": 0.09090909090909091}, "51": {"1": 0.3, "2": 0.4, "3": 0.3}, "52": {"1": 0.3, "2": 0.5, "3": 0.1, "4": 0.1}, "53": {"1": 0.6153846153846154, "2": 0.23076923076923078, "3": 0.15384615384615385}, "54": {"1": 0.5833333333333334, "2": 0.3333333333333333, "3": 0.08333333333333333}, "55": {"1": 0.5, "2": 0.3333333333333333, "3": 0.16666666666666666}, "56": {"1": 0.4, "2": 0.3, "3": 0.2, "4": 0.1}, "57": {"1": 0.2222222222222222, "2": 0.4444444444444444, "3": 0.2222222222222222, "4": 0.1111111111111111}, "58": {"1": 0.2, "2": 0.6, "3": 0.2}, "59": {"1": 0.4, "2": 0.3, "3": 0.2, "4": 0.1}, "60": {"1": 0.2222222222222222, "2": 0.3333333333333333, "3": 0.4444444444444444}, "61": {"1": 0.5454545454545454, "2": 0.18181818181818182, "3": 0.18181818181818182, "4": 0.09090909090909091}, "62": {"1": 0.5, "2": 0.3333333333333333, "3": 0.16666666666666666}, "63": {"1": 0.5, "3": 0.25, "4": 0.25}, "64": {"1": 0.5, "4": 0.5}, "65": {"1": 0.5, "2": 0.5}, "66": {"1": 1.0}, "67": {"0": 1.0}, "68": {"0": 1.0}, "69": {"0": 1.0}, "70": {"0": 1.0}, "71": {"1": 1.0}, "72": {"0": 1.0}}, "p1": {"0": {"0": 1.0}, "1": {"0": 1.0}, "2": {"0": 1.0}, "3": {"0": 1.0}, "4": {"0": 1.0}, "5": {"0": 1.0}, "6": {"0": 1.0}, "7": {"0": 1.0}, "8": {"0": 1.0}, "9": {"0": 1.0}, "10": {"0": 1.0}, "11": {"0": 1.0}, "12": {"0": 1.0}, "13": {"0": 1.0}, "14": {"0": 1.0}, "15": {"0": 1.0}, "16": {"0": 1.0}, "17": {"0": 1.0}, "18": {"0": 1.0}, "19": {"0": 1.0}, "20": {"0": 1.0}, "21": {"0": 1.0}, "22": {"0": 1.0}, "23": {"0": 1.0}, "24": {"0": 1.0}, "25": {"0": 1.0}, "26": {"0": 1.0}, "27": {"0": 1.0}, "28": {"0": 1.0}, "29": {"0": 1.0}, "30": {"0": 1.0}, "31": {"0": 1.0}, "32": {"0": 1.0}, "33": {"0": 1.0}, "34": {"0": 1.0}, "35": {"0": 1.0}, "36": {"0": 1.0}, "37": {"0": 1.0}, "38": {"0": 1.0}, "39": {"0": 1.0}, "40": {"0": 1.0}, "41": {"0": 1.0}, "42": {"0": 1.0}, "43": {"0": 1.0}, "44": {"0": 1.0}, "45": {"0": 1.0}, "46": {"0": 1.0}, "47": {"0": 1.0}, "48": {"0": 1.0}, "49": {"0": 1.0}, "50": {"0": 1.0}, "51": {"0": 1.0}, "52": {"0": 1.0}, "53": {"0": 1.0}, "54": {"0": 1.0}, "55": {"0": 1.0}, "56": {"0": 1.0}, "57": {"0": 1.0}, "58": {"0": 1.0}, "59": {"0": 1.0}, "60": {"0": 1.0}, "61": {"0": 1.0}, "62": {"0": 1.0}, "63": {"0": 1.0}, "64": {"0": 1.0}, "65": {"0": 1.0}, "66": {"0": 1.0}, "67": {"0": 1.0}, "68": {"0": 1.0}, "69": {"0": 1.0}, "70": {"0": 1.0}, "71": {"0": 1.0}, "72": {"0": 1.0}}, "p2": {"0": {"0": 1.0}, "1": {"0": 1.0}, "2": {"0": 1.0}, "3": {"0": 1.0}, "4": {"0": 1.0}, "5": {"0": 1.0}, "6": {"0": 1.0}, "7": {"0": 1.0}, "8": {"0": 1.0}, "9": {"0": 1.0}, "10": {"0": 1.0}, "11": {"0": 1.0}, "12": {"0": 1.0}, "13": {"0": 1.0}, "14": {"0": 1.0}, "15": {"0": 1.0}, "16": {"0": 1.0}, "17": {"0": 1.0}, "18": {"0": 1.0}, "19": {"0": 1.0}, "20": {"0": 1.0}, "21": {"0": 1.0}, "22": {"0": 1.0}, "23": {"0": 1.0}, "24": {"0": 1.0}, "25": {"0": 1.0}, "26": {"0": 1.0}, "27": {"0": 1.0}, "28": {"0": 1.0}, "29": {"0": 1.0}, "30": {"0": 1.0}, "31": {"0": 1.0}, "32": {"0": 1.0}, "33": {"0": 1.0}, "34": {"0": 1.0}, "35": {"0": 1.0}, "36": {"0": 1.0}, "37": {"0": 1.0}, "38": {"0": 1.0}, "39": {"0": 1.0}, "40": {"0": 1.0}, "41": {"0": 1.0}, "42": {"0": 1.0}, "43": {"0": 1.0}, "44": {"0": 1.0}, "45": {"0": 1.0}, "46": {"0": 1.0}, "47": {"0": 1.0}, "48": {"0": 1.0}, "49": {"0": 1.0}, "50": {"0": 1.0}, "51": {"0": 1.0}, "52": {"0": 1.0}, "53": {"0": 1.0}, "54": {"0": 1.0}, "55": {"0": 1.0}, "56": {"0": 1.0}, "57": {"0": 1.0}, "58": {"0": 1.0}, "59": {"0": 1.0}, "60": {"0": 1.0}, "61": {"0": 1.0}, "62": {"0": 1.0}, "63": {"0": 1.0}, "64": {"0": 1.0}, "65": {"0": 1.0}, "66": {"0": 1.0}, "67": {"0": 1.0}, "68": {"0": 1.0}, "69": {"0": 1.0}, "70": {"0": 1.0}, "71": {"0": 1.0}, "72": {"0": 1.0}}, "p3": {"0": {"0": 1.0}, "1": {"0": 1.0}, "2": {"0": 1.0}, "3": {"0": 1.0}, "4": {"0": 1.0}, "5": {"0": 1.0}, "6": {"0": 1.0}, "7": {"0": 1.0}, "8": {"0": 1.0}, "9": {"0": 1.0}, "10": {"0": 1.0}, "11": {"0": 1.0}, "12": {"0": 1.0}, "13": {"0": 1.0}, "14": {"0": 1.0}, "15": {"0": 1.0}, "16": {"0": 1.0}, "17": {"0": 1.0}, "18": {"0": 1.0}, "19": {"0": 1.0}, "20": {"0": 1.0}, "21": {"0": 1.0}, "22": {"0": 1.0},