{"p0": {"0": 0.0, "1": 0.0, "2": 0.0, "3": 0.0, "4": 0.0, "5": 0.0, "6": 0.0, "7": 0.0, "8": 0.0, "9": 0.0, "10": 0.0, "11": 0.0, "12": 0.0, "13": 0.0, "14": 0.0, "15": 0.0, "16": 0.0, "17": 0.0, "18": 0.0, "19": 0.0, "20": 0.0, "21": 0.0, "22": 0.0, "23": 0.0, "24": 0.0, "25": 0.0, "26": 0.0, "27": 0.0, "28": 0.0, "29": 0.0, "30": 0.0, "31": 0.0, "32": 0.0, "33": 0.0, "34": 0.0, "35": 0.0, "36": 0.0, "37": 0.0, "38": 0.0, "39": 0.0, "40": 0.0, "41": 0.0, "42": 0.0, "43": 0.0, "44": 0.0, "45": 0.0, "46": 0.0, "47": 0.0, "48": 0.0, "49": 0.0, "50": 0.0, "51": 0.0, "52": 0.0, "53": 0.0, "54": 0.0, "55": 0.0, "56": 0.0, "57": 0.0, "58": 0.0, "59": 0.0, "60": 0.0, "61": 0.0, "62": 0.0, "63": 0.0, "64": 0.0, "65": 0.0, "66": 0.0, "67": 0.0, "68": 0.0, "69": 0.0}, "p3": {"3": 36.970873786407765, "4": 37.08571428571429, "5": 37.52857142857143, "6": 37.728155339805824, "7": 38.12931034482759, "8": 37.33240997229917, "9": 37.14325842696629, "10": 37.23013698630137, "11": 37.07387862796834, "12": 36.865, "13": 37.378865979381445, "14": 37.146529562982, "15": 37.149643705463184, "16": 37.0677570093458, "17": 37.20506329113924, "18": 36.58132530120482, "19": 36.45723684210526, "20": 36.56825396825397, "21": 37.00326797385621, "22": 36.55298013245033, "23": 37.089928057553955, "24": 37.148936170212764, "25": 35.320197044334975, "26": 35.221739130434784, "27": 36.521400778210115, "28": 35.45812807881774, "29": 36.62978723404255, "30": 37.09954751131222, "31": 36.78181818181818, "32": 38.308457711442784, "33": 36.67567567567568, "34": 36.09826589595376, "35": 37.7375, "36": 39.29365079365079, "37": 37.71844660194175, "38": 38.02272727272727, "39": 36.527472527472526, "40": 37.94166666666667, "41": 38.113207547169814, "42": 38.398963730569946, "43": 37.65745856353591, "44": 36.72844827586207, "45": 37.70564516129032, "46": 37.84249084249084, "47": 39.15714285714286, "48": 37.58741258741259, "49": 37.15409836065574, "50": 36.44879518072289, "51": 36.953125, "52": 36.433656957928804, "53": 36.86363636363637, "54": 36.51449275362319, "55": 36.394160583941606, "56": 37.15810276679842, "57": 37.5, "58": 37.17090909090909, "59": 36.21513944223108, "60": 36.838297872340426, "61": 36.59915611814346, "62": 38.10480349344978, "63": 38.08267716535433, "64": 37.99581589958159, "65": 37.49795918367347, "66": 38.28668941979522, "67": 38.236559139784944, "68": 38.22727272727273, "69": 37.806228373702425}, "p1": {"0": 0.0, "1": 0.0, "2": 0.0, "3": 0.0, "4": 0.0, "5": 0.0, "6": 0.0, "7": 0.0, "8": 0.0, "9": 0.0, "10": 0.0, "11": 0.0, "12": 0.0, "13": 0.0, "14": 0.0, "15": 0.0, "16": 0.0, "17": 0.0, "18": 0.0, "19": 0.0, "20": 0.0, "21": 0.0, "22": 0.0, "23": 0.0, "24": 0.0, "25": 0.0, "26": 0.0, "27": 0.0, "28": 0.0, "29": 0.0, "30": 0.0, "31": 0.0, "32": 0.0, "33": 0.0, "34": 0.0, "35": 0.0, "36": 0.0, "37": 0.0, "38": 0.0, "39": 0.0, "40": 0.0, "41": 0.0, "42": 0.0, "43": 0.0, "44": 0.0, "45": 0.0, "46": 0.0, "47": 0.0, "48": 0.0, "49": 0.0, "50": 0.0, "51": 0.0, "52": 0.0, "53": 0.0, "54": 0.0, "55": 0.0, "56": 0.0, "57": 0.0, "58": 0.0, "59": 0.0, "60": 0.0, "61": 0.0, "62": 0.0, "63": 0.0, "64": 0.0, "65": 0.0, "66": 0.0, "67": 0.0, "68": 0.0, "69": 0.0}, "p2": {"0": 0.0, "1": 0.0, "2": 0.0, "3": 0.0, "4": 0.0, "5": 0.0, "6": 0.0, "7": 0.0, "8": 0.0, "9": 0.0, "10": 0.0, "11": 0.0, "12": 0.0, "13": 0.0, "14": 0.0, "15": 0.0, "16": 0.0, "17": 0.0, "18": 0.0, "19": 0.0, "20": 0.0, "21": 0.0, "22": 0.0, "23": 0.0, "24": 0.0, "25": 0.0, "26": 0.0, "27": 0.0, "28": 0.0, "29": 0.0, "30": 0.0, "31": 0.0, "32": 0.0, "33": 0.0, "34": 0.0, "35": 0.0, "36": 0.0, "37": 0.0, "38": 0.0, "39": 0.0, "40": 0.0, "41": 0.0, "42": 0.0, "43": 0.0, "44": 0.0, "45": 0.0, "46": 0.0, "47": 0.0, "48": 0.0, "49": 0.0, "50": 0.0, "51": 0.0, "52": 0.0, "53": 0.0, "54": 0.0, "55": 0.0, "56": 0.0, "57": 0.0, "58": 0.0, "59": 0.0, "60": 0.0, "61": 0.0, "62": 0.0, "63": 0.0, "64": 0.0, "65": 0.0, "66": 0.0, "67": 0.0, "68": 0.0, "69": 0.0}}