{"p0": {"0": 0.0, "1": 0.0, "2": 0.0, "3": 0.0, "4": 0.0, "5": 0.0, "6": 0.0, "7": 0.0, "8": 0.0, "9": 0.0, "10": 0.0, "11": 0.0, "12": 0.0, "13": 0.0, "14": 0.0, "15": 0.0, "16": 0.0, "17": 0.0, "18": 0.0, "19": 0.0, "20": 0.0, "21": 0.0, "22": 0.0, "23": 0.0, "24": 0.0, "25": 0.0, "26": 0.0, "27": 0.0, "28": 0.0, "29": 0.0, "30": 0.0, "31": 0.0, "32": 0.0, "33": 0.0, "34": 0.0, "35": 0.0, "36": 0.0, "37": 0.0, "38": 0.0, "39": 0.0, "40": 0.0, "41": 0.0, "42": 0.0, "43": 0.0, "44": 0.0, "45": 0.0, "46": 0.0, "47": 0.0, "48": 0.0, "49": 0.0}, "p2": {"0": 0.0, "1": 0.0, "2": 0.0, "3": 0.0, "4": 0.0, "5": 0.0, "6": 0.0, "7": 0.0, "8": 0.0, "9": 0.0, "10": 0.0, "11": 0.0, "12": 0.0, "13": 0.0, "14": 0.0, "15": 0.0, "16": 0.0, "17": 0.0, "18": 0.0, "19": 0.0, "20": 0.0, "21": 0.0, "22": 0.0, "23": 0.0, "24": 0.0, "25": 0.0, "26": 0.0, "27": 0.0, "28": 0.0, "29": 0.0, "30": 0.0, "31": 0.0, "32": 0.0, "33": 0.0, "34": 0.0, "35": 0.0, "36": 0.0, "37": 0.0, "38": 0.0, "39": 0.0, "40": 0.0, "41": 0.0, "42": 0.0, "43": 0.0, "44": 0.0, "45": 0.0, "46": 0.0, "47": 0.0, "48": 0.0, "49": 0.0}, "p3": {"3": 35.92353823088456, "4": 36.10151057401813, "5": 36.062363238512035, "6": 36.33654309099663, "7": 36.46423927178154, "8": 36.62281822051937, "9": 36.25673994193281, "10": 36.30507191521575, "11": 36.389830508474574, "12": 36.40113487560018, "13": 36.25685903500473, "14": 36.29026128266033, "15": 36.687095166915796, "16": 36.81423982869379, "17": 36.693096008629986, "18": 36.550609432962375, "19": 36.626274065685166, "20": 36.38285714285714, "21": 36.31517027863777, "22": 36.0880303989867, "23": 36.19944405837387, "24": 36.37301587301587, "25": 36.59836734693877, "26": 36.8017316017316, "27": 36.11201962387572, "28": 36.4464856230032, "29": 36.31308077197998, "30": 36.01145038167939, "31": 36.04449515116942, "32": 36.21595982142857, "33": 36.5342776203966, "34": 36.72053126729386, "35": 36.69683257918552, "36": 36.49257142857143, "37": 36.74248223072718, "38": 37.244955156950674, "39": 37.212732095490715, "40": 36.72861842105263, "41": 36.73983286908078, "42": 36.71028037383178, "43": 36.61120543293718, "44": 36.8477789815818, "45": 36.58474114441417, "46": 36.45507927187317, "47": 36.87722646310433, "48": 36.50720658888126, "49": 36.32275132275132}, "p1": {"0": 0.0, "1": 0.0, "2": 0.0, "3": 0.0, "4": 0.0, "5": 0.0, "6": 0.0, "7": 0.0, "8": 0.0, "9": 0.0, "10": 0.0, "11": 0.0, "12": 0.0, "13": 0.0, "14": 0.0, "15": 0.0, "16": 0.0, "17": 0.0, "18": 0.0, "19": 0.0, "20": 0.0, "21": 0.0, "22": 0.0, "23": 0.0, "24": 0.0, "25": 0.0, "26": 0.0, "27": 0.0, "28": 0.0, "29": 0.0, "30": 0.0, "31": 0.0, "32": 0.0, "33": 0.0, "34": 0.0, "35": 0.0, "36": 0.0, "37": 0.0, "38": 0.0, "39": 0.0, "40": 0.0, "41": 0.0, "42": 0.0, "43": 0.0, "44": 0.0, "45": 0.0, "46": 0.0, "47": 0.0, "48": 0.0, "49": 0.0}}