{"p3": {"0": {"0": 1.0}, "1": {"0": 1.0}, "2": {"0": 1.0}, "3": {"2": 0.3333333333333333, "3": 0.3333333333333333, "5": 0.3333333333333333}, "4": {"2": 0.3333333333333333, "3": 0.3333333333333333, "4": 0.3333333333333333}, "5": {"3": 1.0}, "6": {"2": 0.5, "4": 0.5}, "7": {"3": 1.0}, "8": {"1": 0.3333333333333333, "3": 0.3333333333333333, "4": 0.3333333333333333}, "9": {"1": 0.3333333333333333, "3": 0.3333333333333333, "6": 0.3333333333333333}, "10": {"1": 0.3333333333333333, "3": 0.3333333333333333, "4": 0.3333333333333333}, "11": {"2": 0.5, "4": 0.25, "5": 0.25}, "12": {"2": 0.3333333333333333, "3": 0.3333333333333333, "6": 0.3333333333333333}, "13": {"1": 0.3333333333333333, "4": 0.3333333333333333, "5": 0.3333333333333333}, "14": {"2": 0.5, "4": 0.5}, "15": {"2": 0.3333333333333333, "3": 0.3333333333333333, "6": 0.3333333333333333}, "16": {"2": 0.5, "4": 0.5}, "17": {"2": 0.6666666666666666, "4": 0.3333333333333333}, "18": {"2": 0.25, "3": 0.25, "4": 0.5}, "19": {"2": 0.3333333333333333, "3": 0.3333333333333333, "5": 0.3333333333333333}, "20": {"2": 0.3333333333333333, "3": 0.6666666666666666}, "21": {"2": 0.3333333333333333, "3": 0.3333333333333333, "5": 0.3333333333333333}, "22": {"2": 0.3333333333333333, "3": 0.3333333333333333, "4": 0.3333333333333333}, "23": {"2": 0.5, "3": 0.25, "6": 0.25}, "24": {"2": 0.5, "4": 0.5}, "25": {"1": 0.25, "2": 0.5, "7": 0.25}, "26": {"2": 0.25, "3": 0.5, "4": 0.25}, "27": {"2": 0.5, "4": 0.25, "5": 0.25}, "28": {"2": 0.3333333333333333, "3": 0.3333333333333333, "4": 0.3333333333333333}, "29": {"2": 0.25, "3": 0.25, "4": 0.5}, "30": {"2": 0.3333333333333333, "3": 0.3333333333333333, "4": 0.3333333333333333}, "31": {"2": 0.5, "4": 0.5}, "32": {"2": 0.3333333333333333, "3": 0.3333333333333333, "4": 0.3333333333333333}, "33": {"2": 0.6666666666666666, "5": 0.3333333333333333}, "34": {"2": 0.5, "3": 0.25, "5": 0.25}, "35": {"4": 1.0}, "36": {"2": 0.3333333333333333, "3": 0.6666666666666666}, "37": {"3": 0.6666666666666666, "4": 0.3333333333333333}, "38": {"1": 0.3333333333333333, "3": 0.3333333333333333, "5": 0.3333333333333333}, "39": {"2": 0.25, "3": 0.25, "4": 0.25, "5": 0.25}, "40": {"3": 0.5, "4": 0.5}, "41": {"1": 0.3333333333333333, "4": 0.6666666666666666}, "42": {"2": 0.5, "3": 0.25, "5": 0.25}, "43": {"4": 1.0}, "44": {"3": 0.5, "4": 0.5}, "45": {"2": 0.6666666666666666, "4": 0.3333333333333333}, "46": {"2": 0.3333333333333333, "3": 0.3333333333333333, "6": 0.3333333333333333}, "47": {"2": 0.3333333333333333, "4": 0.3333333333333333, "5": 0.3333333333333333}, "48": {"0": 1.0}, "49": {"0": 1.0}, "50": {"0": 1.0}, "51": {"0": 1.0}, "52": {"0": 1.0}, "53": {"0": 1.0}, "54": {"0": 1.0}, "55": {"0": 1.0}, "56": {"0": 1.0}, "57": {"0": 1.0}, "58": {"0": 1.0}, "59": {"0": 1.0}, "60": {"0": 1.0}, "61": {"0": 1.0}, "62": {"0": 1.0}, "63": {"0": 1.0}, "64": {"0": 1.0}, "65": {"0": 1.0}, "66": {"0": 1.0}, "67": {"0": 1.0}, "68": {"0": 1.0}, "69": {"0": 1.0}, "70": {"0": 1.0}, "71": {"0": 1.0}, "72": {"0": 1.0}, "73": {"3": 1.0}, "74": {"2": 0.5, "4": 0.5}, "75": {"2": 0.3333333333333333, "3": 0.3333333333333333, "4": 0.3333333333333333}, "76": {"2": 0.3333333333333333, "3": 0.3333333333333333, "5": 0.3333333333333333}, "77": {"2": 0.3333333333333333, "3": 0.3333333333333333, "4": 0.3333333333333333}, "78": {"1": 0.25, "2": 0.25, "4": 0.25, "5": 0.25}, "79": {"1": 0.25, "3": 0.25, "4": 0.5}, "80": {"2": 0.3333333333333333, "3": 0.3333333333333333, "4": 0.3333333333333333}, "81": {"1": 0.25, "3": 0.25, "5": 0.5}, "82": {"2": 0.5, "5": 0.5}, "83": {"1": 0.25, "3": 0.5, "6": 0.25}, "84": {"1": 0.5, "3": 0.5}, "85": {"2": 0.5, "3": 0.25, "5": 0.25}, "86": {"2": 0.3333333333333333, "4": 0.6666666666666666}, "87": {"2": 0.3333333333333333, "3": 0.3333333333333333, "6": 0.3333333333333333}, "88": {"2": 0.3333333333333333, "3": 0.3333333333333333, "4": 0.3333333333333333}, "89": {"2": 0.5, "3": 0.5}, "90": {"3": 0.6666666666666666, "5": 0.3333333333333333}, "91": {"1": 0.2, "2": 0.2, "4": 0.6}, "92": {"2": 0.5, "3": 0.25, "5": 0.25}, "93": {"0": 1.0}, "94": {"0": 1.0}, "95": {"0": 1.0}, "96": {"0": 1.0}, "97": {"0": 1.0}, "98": {"0": 1.0}, "99": {"0": 1.0}, "100": {"0": 1.0}, "101": {"0": 1.0}, "102": {"0": 1.0}, "103": {"0": 1.0}, "104": {"0": 1.0}, "105": {"0": 1.0}, "106": {"0": 1.0}, "107": {"0": 1.0}, "108": {"0": 1.0}, "109": {"0": 1.0}, "110": {"0": 1.0}, "111": {"0": 1.0}, "112": {"0": 1.0}, "113": {"0": 1.0}, "114": {"0": 1.0}}, "p0": {"0": {"0": 1.0}, "1": {"0": 1.0}, "2": {"0": 1.0}, "3": {"0": 1.0}, "4": {"0": 1.0}, "5": {"0": 1.0}, "6": {"0": 1.0}, "7": {"0": 1.0}, "8": {"0": 1.0}, "9": {"0": 1.0}, "10": {"0": 1.0}, "11": {"0": 1.0}, "12": {"0": 1.0}, "13": {"0": 1.0}, "14": {"0": 1.0}, "15": {"0": 1.0}, "16": {"0": 1.0}, "17": {"0": 1.0}, "18": {"0": 1.0}, "19": {"0": 1.0}, "20": {"0": 1.0}, "21": {"0": 1.0}, "22": {"0": 1.0}, "23": {"0": 1.0}, "24": {"0": 1.0}, "25": {"0": 1.0}, "26": {"0": 1.0}, "27": {"0": 1.0}, "28": {"0": 1.0}, "29": {"0": 1.0}, "30": {"0": 1.0}, "31": {"0": 1.0}, "32": {"0": 1.0}, "33": {"0": 1.0}, "34": {"0": 1.0}, "35": {"0": 1.0}, "36": {"0": 1.0}, "37": {"0": 1.0}, "38": {"0": 1.0}, "39": {"0": 1.0}, "40": {"0": 1.0}, "41": {"0": 1.0}, "42": {"0": 1.0}, "43": {"0": 1.0}, "44": {"0": 1.0}, "45": {"0": 1.0}, "46": {"0": 1.0}, "47": {"0": 1.0}, "48": {"0": 1.0}, "49": {"0": 1.0}, "50": {"0": 1.0}, "51": {"0": 1.0}, "52": {"0": 1.0}, "53": {"0": 1.0}, "54": {"0": 1.0}, "55": {"0": 1.0}, "56": {"0": 1.0}, "57": {"0": 1.0}, "58": {"0": 1.0}, "59": {"0": 1.0}, "60": {"0": 1.0}, "61": {"0": 1.0}, "62": {"0": 1.0}, "63": {"0": 1.0}, "64": {"0": 1.0}, "65": {"0": 1.0}, "66": {"0": 1.0}, "67": {"0": 1.0}, "68": {"0": 1.0}, "69": {"0": 1.0}, "70": {"0": 1.0}, "71": {"0": 1.0}, "72": {"0": 1.0}, "73": {"0": 1.0}, "74": {"0": 1.0}, "75": {"0": 1.0}, "76": {"0": 1.0}, "77": {"0": 1.0}, "78": {"0": 1.0}, "79": {"0": 1.0}, "80": {"0": 1.0}, "81": {"0": 1.0}, "82": {"0": 1.0}, "83": {"0": 1.0}, "84": {"0": 1.0}, "85": {"0": 1.0}, "86": {"0": 1.0}, "87": {"0": 1.0}, "88": {"0": 1.0}, "89": {"0": 1.0}, "90": {"0": 1.0}, "91": {"0": 1.0}, "92": {"0": 1.0}, "93": {"0": 1.0}, "94": {"0": 1.0}, "95": {"0": 1.0}, "96": {"0": 1.0}, "97": {"0": 1.0}, "98": {"0": 1.0}, "99": {"0": 1.0}, "100": {"0": 1.0}, "101": {"0": 1.0}, "102": {"0": 1.0}, "103": {"0": 1.0}, "104": {"0": 1.0}, "105": {"0": 1.0}, "106": {"0": 1.0}, "107": {"0": 1.0}, "108": {"0": 1.0}, "109": {"0": 1.0}, "110": {"0": 1.0}, "111": {"0": 1.0}, "112": {"0": 1.0}, "113": {"0": 1.0}, "114": {"0": 1.0}}, "p1": {"0": {"0": 1.0}, "1": {"0": 1.0}, "2": {"0": 1.0}, "3": {"0": 1.0}, "4": {"0": 1.0}, "5": {"0": 1.0}, "6": {"0": 1.0}, "7": {"0": 1.0}, "8": {"0": 1.0}, "9": {"0": 1.0}, "10": {"0": 1.0}, "11": {"0": 1.0}, "12": {"0": 1.0}, "13": {"0": 1.0}, "14": {"0": 1.0}, "15": {"0": 1.0}, "16": {"0": 1.0}, "17": {"0": 1.0}, "18": {"0": 1.0}, "19": {"0": 1.0}, "20": {"0": 1.0}, "21": {"0": 1.0}, "22": {"0": 1.0}, "23": {"0": 1.0}, "24": {"0": 1.0}, "25": {"0": 1.0}, "26": {"0": 1.0}, "27": {"0": 1.0}, "28": {"0": 1.0}, "29": {"0": 1.0}, "30": {"0": 1.0}, "31": {"0": 1.0}, "32": {"0": 1.0}, "33": {"0": 1.0}, "34": {"0": 1.0}, "35": {"0": 1.0}, "36": {"0": 1.0}, "37": {"0": 1.0}, "38": {"0": 1.0}, "39": {"0": 1.0}, "40": {"0": 1.0}, "41": {"0": 1.0}, "42": {"0": 1.0}, "43": {"0": 1.0}, "44": {"0": 1.0}, "45": {"0": 1.0}, "46": {"0": 1.0}, "47": {"0": 1.0}, "48": {"0": 1.0}, "49": {"0": 1.0}, "50": {"0": 1.0}, "51": {"0": 1.0}, "52": {"0": 1.0}, "53": {"0": 1.0}, "54": {"0": 1.0}, "55": {"0": 1.0}, "56": {"0": 1.0}, "57": {"0": 1.0}, "58": {"0": 1.0}, "59": {"0": 1.0}, "60": {"0": 1.0}, "61": {"0": 1.0}, "62": {"0": 1.0}, "63": {"0": 1.0}, "64": {"0": 1.0}, "65": {"0": 1.0}, "66": {"0": 1.0}, "67": {"0": 1.0}, "68": {"0": 1.0}, "69": {"0": 1.0}, "70": {"0": 1.0}, "71": {"0": 1.0}, "72": {"0": 1.0}, "73": {"0": 1.0}, "74": {"0": 1.0}, "75": {"0": 1.0}, "76": {"0": 1.0}, "77": {"0": 1.0}, "78": {"0": 1.0}, "79": {"0": 1.0}, "80": {"0": 1.0}, "81": {"0": 1.0},