{"p0": {"0": {"0": 1.0}, "1": {"0": 1.0}, "2": {"0": 1.0}, "3": {"0": 1.0}, "4": {"0": 1.0}, "5": {"0": 1.0}, "6": {"0": 1.0}, "7": {"0": 1.0}, "8": {"0": 1.0}, "9": {"0": 1.0}, "10": {"0": 1.0}, "11": {"0": 1.0}, "12": {"0": 1.0}, "13": {"0": 1.0}, "14": {"0": 1.0}, "15": {"0": 1.0}, "16": {"0": 1.0}, "17": {"0": 1.0}, "18": {"0": 1.0}, "19": {"0": 1.0}, "20": {"0": 1.0}, "21": {"0": 1.0}, "22": {"0": 1.0}, "23": {"0": 1.0}, "24": {"0": 1.0}, "25": {"0": 1.0}, "26": {"0": 1.0}, "27": {"0": 1.0}, "28": {"0": 1.0}, "29": {"0": 1.0}, "30": {"0": 1.0}, "31": {"0": 1.0}, "32": {"0": 1.0}, "33": {"0": 1.0}, "34": {"0": 1.0}, "35": {"0": 1.0}, "36": {"0": 1.0}, "37": {"0": 1.0}, "38": {"0": 1.0}, "39": {"0": 1.0}, "40": {"0": 1.0}, "41": {"0": 1.0}, "42": {"0": 1.0}, "43": {"0": 1.0}, "44": {"0": 1.0}, "45": {"0": 1.0}, "46": {"0": 1.0}, "47": {"0": 1.0}, "48": {"0": 1.0}, "49": {"0": 1.0}, "50": {"0": 1.0}, "51": {"0": 1.0}, "52": {"0": 1.0}, "53": {"0": 1.0}, "54": {"0": 1.0}, "55": {"0": 1.0}, "56": {"0": 1.0}, "57": {"0": 1.0}, "58": {"0": 1.0}, "59": {"0": 1.0}, "60": {"0": 1.0}}, "p3": {"0": {"0": 1.0}, "1": {"0": 1.0}, "2": {"0": 1.0}, "3": {"1": 0.3263157894736842, "2": 0.30526315789473685, "3": 0.24210526315789474, "4": 0.05263157894736842, "5": 0.05263157894736842, "6": 0.021052631578947368}, "4": {"1": 0.3119266055045872, "2": 0.3853211009174312, "3": 0.1834862385321101, "4": 0.07339449541284404, "5": 0.01834862385321101, "6": 0.009174311926605505, "7": 0.01834862385321101}, "5": {"1": 0.3208955223880597, "2": 0.34328358208955223, "3": 0.16417910447761194, "4": 0.12686567164179105, "5": 0.029850746268656716, "6": 0.007462686567164179, "7": 0.007462686567164179}, "6": {"1": 0.3263888888888889, "2": 0.3055555555555556, "3": 0.2569444444444444, "4": 0.0763888888888889, "5": 0.020833333333333332, "6": 0.006944444444444444, "7": 0.006944444444444444}, "7": {"1": 0.34355828220858897, "2": 0.3374233128834356, "3": 0.19631901840490798, "4": 0.0736196319018405, "5": 0.04294478527607362, "6": 0.006134969325153374}, "8": {"1": 0.3872832369942196, "2": 0.20809248554913296, "3": 0.1907514450867052, "4": 0.1329479768786127, "5": 0.06936416184971098, "6": 0.011560693641618497}, "9": {"1": 0.3806818181818182, "2": 0.2840909090909091, "3": 0.21022727272727273, "4": 0.07954545454545454, "5": 0.028409090909090908, "6": 0.011363636363636364, "8": 0.005681818181818182}, "10": {"1": 0.3411764705882353, "2": 0.31176470588235294, "3": 0.2411764705882353, "4": 0.06470588235294118, "5": 0.023529411764705882, "6": 0.0058823529411764705, "7": 0.0058823529411764705, "8": 0.0058823529411764705}, "11": {"1": 0.3352941176470588, "2": 0.3235294117647059, "3": 0.18823529411764706, "4": 0.08235294117647059, "5": 0.052941176470588235, "6": 0.011764705882352941, "10": 0.0058823529411764705}, "12": {"1": 0.310126582278481, "2": 0.2911392405063291, "3": 0.22151898734177214, "4": 0.12658227848101267, "5": 0.04430379746835443, "6": 0.006329113924050633}, "13": {"1": 0.3114754098360656, "2": 0.366120218579235, "3": 0.1912568306010929, "4": 0.08196721311475409, "5": 0.02185792349726776, "6": 0.0273224043715847}, "14": {"1": 0.33116883116883117, "2": 0.3181818181818182, "3": 0.18831168831168832, "4": 0.1038961038961039, "5": 0.05194805194805195, "6": 0.006493506493506494}, "15": {"1": 0.34810126582278483, "2": 0.3227848101265823, "3": 0.17088607594936708, "4": 0.10126582278481013, "5": 0.05063291139240506, "6": 0.006329113924050633}, "16": {"1": 0.35374149659863946, "2": 0.29931972789115646, "3": 0.22448979591836735, "4": 0.10884353741496598, "5": 0.006802721088435374, "6": 0.006802721088435374}, "17": {"1": 0.3284671532846715, "2": 0.36496350364963503, "3": 0.15328467153284672, "4": 0.11678832116788321, "5": 0.0364963503649635}, "18": {"1": 0.3416666666666667, "2": 0.36666666666666664, "3": 0.18333333333333332, "4": 0.058333333333333334, "5": 0.041666666666666664, "6": 0.008333333333333333}, "19": {"1": 0.3770491803278688, "2": 0.3360655737704918, "3": 0.20491803278688525, "4": 0.07377049180327869, "5": 0.00819672131147541}, "20": {"1": 0.3968253968253968, "2": 0.2698412698412698, "3": 0.2222222222222222, "4": 0.10317460317460317, "6": 0.007936507936507936}, "21": {"1": 0.373015873015873, "2": 0.3492063492063492, "3": 0.19047619047619047, "4": 0.06349206349206349, "5": 0.015873015873015872, "6": 0.007936507936507936}, "22": {"1": 0.38181818181818183, "2": 0.22727272727272727, "3": 0.2727272727272727, "4": 0.06363636363636363, "5": 0.03636363636363636, "6": 0.01818181818181818}, "23": {"1": 0.35344827586206895, "2": 0.33620689655172414, "3": 0.1810344827586207, "4": 0.05172413793103448, "5": 0.05172413793103448, "6": 0.02586206896551724}, "24": {"1": 0.352112676056338, "2": 0.34507042253521125, "3": 0.1619718309859155, "4": 0.07042253521126761, "5": 0.07042253521126761}, "25": {"1": 0.2814814814814815, "2": 0.35555555555555557, "3": 0.1925925925925926, "4": 0.1037037037037037, "5": 0.037037037037037035, "6": 0.014814814814814815, "7": 0.007407407407407408, "8": 0.007407407407407408}, "26": {"1": 0.36585365853658536, "2": 0.3252032520325203, "3": 0.1951219512195122, "4": 0.08943089430894309, "5": 0.016260162601626018, "8": 0.008130081300813009}, "27": {"1": 0.3983050847457627, "2": 0.2542372881355932, "3": 0.17796610169491525, "4": 0.0847457627118644, "5": 0.06779661016949153, "6": 0.00847457627118644, "7": 0.00847457627118644}, "28": {"1": 0.32954545454545453, "2": 0.3181818181818182, "3": 0.19318181818181818, "4": 0.11363636363636363, "5": 0.022727272727272728, "6": 0.011363636363636364, "7": 0.011363636363636364}, "29": {"1": 0.2857142857142857, "2": 0.3333333333333333, "3": 0.2261904761904762, "4": 0.11904761904761904, "5": 0.023809523809523808, "6": 0.011904761904761904}, "30": {"1": 0.32432432432432434, "2": 0.33783783783783783, "3": 0.1891891891891892, "4": 0.0945945945945946, "5": 0.013513513513513514, "6": 0.02702702702702703, "10": 0.013513513513513514}, "31": {"1": 0.23809523809523808, "2": 0.2222222222222222, "3": 0.30158730158730157, "4": 0.1111111111111111, "5": 0.07936507936507936, "6": 0.047619047619047616}, "32": {"1": 0.265625, "2": 0.28125, "3": 0.265625, "4": 0.109375, "5": 0.015625, "6": 0.03125, "7": 0.015625, "9": 0.015625}, "33": {"1": 0.3076923076923077, "2": 0.3333333333333333, "3": 0.19230769230769232, "4": 0.08974358974358974, "5": 0.05128205128205128, "6": 0.01282051282051282, "7": 0.01282051282051282}, "34": {"1": 0.29508196721311475, "2": 0.26229508196721313, "3": 0.19672131147540983, "4": 0.11475409836065574, "5": 0.08196721311475409, "6": 0.04918032786885246}, "35": {"1": 0.373134328358209, "2": 0.208955223880597, "3": 0.23880597014925373, "4": 0.1044776119402985, "5": 0.04477611940298507, "6": 0.029850746268656716}, "36": {"1": 0.3, "2": 0.25, "3": 0.23333333333333334, "4": 0.15, "5": 0.06666666666666667}, "37": {"1": 0.3508771929824561, "2": 0.22807017543859648, "3": 0.3157894736842105, "4": 0.03508771929824561, "5": 0.03508771929824561, "6": 0.017543859649122806, "7": 0.017543859649122806}, "38": {"1": 0.35294117647058826, "2": 0.20588235294117646, "3": 0.20588235294117646, "4": 0.11764705882352941, "5": 0.07352941176470588, "6": 0.014705882352941176, "8": 0.014705882352941176, "9": 0.014705882352941176}, "39": {"1": 0.2727272727272727, "2": 0.3787878787878788, "3": 0.10606060606060606, "4": 0.16666666666666666, "5": 0.06060606060606061, "6": 0.015151515151515152}, "40": {"1": 0.2978723404255319, "2": 0.3404255319148936, "3": 0.2127659574468085, "4": 0.05319148936170213, "5": 0.06382978723404255, "6": 0.02127659574468085, "7": 0.010638297872340425}, "41": {"1": 0.40860215053763443, "2": 0.20430107526881722, "3": 0.26881720430107525, "4": 0.0967741935483871, "6": 0.021505376344086023}, "42": {"1": 0.4, "2": 0.25263157894736843, "3": 0.1368421052631579, "4": 0.14736842105263157, "5": 0.06315789473684211}, "43": {"1": 0.3486238532110092, "2": 0.3853211009174312, "3": 0.1651376146788991, "4": 0.05504587155963303, "5": 0.027522935779816515,