{"p5": {"0": {"0": 1.0}, "1": {"0": 1.0}, "2": {"0": 1.0}, "3": {"0": 1.0}, "4": {"0": 1.0}, "5": {"1": 0.36363636363636365, "2": 0.45454545454545453, "3": 0.18181818181818182}, "6": {"1": 0.3333333333333333, "2": 0.1111111111111111, "3": 0.5555555555555556}, "7": {"1": 0.5, "2": 0.3333333333333333, "3": 0.16666666666666666}, "8": {"1": 0.6153846153846154, "2": 0.23076923076923078, "3": 0.15384615384615385}, "9": {"1": 0.5, "2": 0.3333333333333333, "3": 0.16666666666666666}, "10": {"1": 0.1111111111111111, "2": 0.5555555555555556, "3": 0.3333333333333333}, "11": {"1": 0.2222222222222222, "2": 0.5555555555555556, "3": 0.1111111111111111, "5": 0.1111111111111111}, "12": {"1": 0.3333333333333333, "2": 0.2222222222222222, "3": 0.3333333333333333, "4": 0.1111111111111111}, "13": {"1": 0.45454545454545453, "2": 0.2727272727272727, "3": 0.2727272727272727}, "14": {"1": 0.3333333333333333, "2": 0.3333333333333333, "3": 0.2222222222222222, "5": 0.1111111111111111}, "15": {"1": 0.3, "2": 0.4, "3": 0.3}, "16": {"1": 0.45454545454545453, "2": 0.36363636363636365, "3": 0.09090909090909091, "4": 0.09090909090909091}, "17": {"1": 0.45454545454545453, "2": 0.36363636363636365, "3": 0.09090909090909091, "4": 0.09090909090909091}, "18": {"1": 0.36363636363636365, "2": 0.45454545454545453, "3": 0.18181818181818182}, "19": {"1": 0.46153846153846156, "2": 0.5384615384615384}, "20": {"1": 0.5555555555555556, "2": 0.1111111111111111, "4": 0.2222222222222222, "5": 0.1111111111111111}, "21": {"1": 0.4, "2": 0.4, "4": 0.2}, "22": {"1": 0.5, "2": 0.2, "3": 0.2, "5": 0.1}, "23": {"1": 0.5833333333333334, "2": 0.16666666666666666, "3": 0.25}, "24": {"1": 0.4, "2": 0.4, "3": 0.1, "5": 0.1}, "25": {"1": 0.5454545454545454, "2": 0.18181818181818182, "3": 0.18181818181818182, "4": 0.09090909090909091}, "26": {"1": 0.7142857142857143, "2": 0.14285714285714285, "3": 0.14285714285714285}, "27": {"1": 0.4, "2": 0.3, "3": 0.2, "4": 0.1}, "28": {"1": 0.45454545454545453, "2": 0.36363636363636365, "3": 0.09090909090909091, "4": 0.09090909090909091}, "29": {"1": 0.4, "2": 0.3, "3": 0.2, "4": 0.1}, "30": {"1": 0.6153846153846154, "2": 0.23076923076923078, "3": 0.15384615384615385}, "31": {"1": 0.5454545454545454, "2": 0.2727272727272727, "3": 0.09090909090909091, "5": 0.09090909090909091}, "32": {"1": 0.36363636363636365, "2": 0.45454545454545453, "3": 0.18181818181818182}, "33": {"1": 0.36363636363636365, "2": 0.5454545454545454, "4": 0.09090909090909091}, "34": {"1": 0.5454545454545454, "2": 0.18181818181818182, "3": 0.18181818181818182, "4": 0.09090909090909091}, "35": {"1": 0.3, "2": 0.4, "3": 0.3}, "36": {"0": 1.0}, "37": {"0": 1.0}, "38": {"0": 1.0}, "39": {"0": 1.0}, "40": {"0": 1.0}, "41": {"0": 1.0}, "42": {"0": 1.0}, "43": {"0": 1.0}, "44": {"0": 1.0}, "45": {"0": 1.0}, "46": {"0": 1.0}, "47": {"0": 1.0}, "48": {"0": 1.0}, "49": {"0": 1.0}, "50": {"0": 1.0}, "51": {"0": 1.0}, "52": {"0": 1.0}, "53": {"0": 1.0}, "54": {"0": 1.0}, "55": {"1": 0.5, "2": 0.125, "3": 0.25, "4": 0.125}, "56": {"1": 0.3333333333333333, "2": 0.5555555555555556, "3": 0.1111111111111111}, "57": {"1": 0.5714285714285714, "2": 0.2857142857142857, "3": 0.14285714285714285}, "58": {"1": 0.6363636363636364, "2": 0.18181818181818182, "4": 0.09090909090909091, "5": 0.09090909090909091}, "59": {"1": 0.75, "4": 0.25}, "60": {"1": 0.3, "2": 0.6, "3": 0.1}, "61": {"1": 0.5454545454545454, "2": 0.18181818181818182, "3": 0.18181818181818182, "4": 0.09090909090909091}, "62": {"1": 0.7, "2": 0.1, "3": 0.1, "4": 0.1}, "63": {"1": 0.4166666666666667, "2": 0.5, "3": 0.08333333333333333}, "64": {"1": 0.3333333333333333, "2": 0.6666666666666666}, "65": {"1": 0.45454545454545453, "2": 0.36363636363636365, "3": 0.09090909090909091, "4": 0.09090909090909091}, "66": {"1": 0.2222222222222222, "2": 0.5555555555555556, "3": 0.1111111111111111, "5": 0.1111111111111111}, "67": {"1": 0.6428571428571429, "2": 0.2857142857142857, "3": 0.07142857142857142}, "68": {"1": 0.5384615384615384, "2": 0.38461538461538464, "3": 0.07692307692307693}, "69": {"1": 0.5, "2": 0.2, "3": 0.1, "4": 0.2}, "70": {"1": 0.36363636363636365, "2": 0.45454545454545453, "3": 0.18181818181818182}, "71": {"1": 0.36363636363636365, "2": 0.45454545454545453, "3": 0.18181818181818182}, "72": {"1": 0.6153846153846154, "2": 0.23076923076923078, "3": 0.15384615384615385}, "73": {"1": 0.4166666666666667, "2": 0.5, "3": 0.08333333333333333}, "74": {"1": 0.75, "2": 0.25}, "75": {"1": 0.5, "3": 0.5}, "76": {"0": 1.0}, "77": {"1": 0.5, "3": 0.5}, "78": {"0": 1.0}, "79": {"0": 1.0}, "80": {"0": 1.0}, "81": {"0": 1.0}, "82": {"2": 1.0}, "83": {"0": 1.0}, "84": {"0": 1.0}, "85": {"0": 1.0}, "86": {"0": 1.0}, "87": {"0": 1.0}, "88": {"0": 1.0}, "89": {"0": 1.0}}, "p0": {"0": {"0": 1.0}, "1": {"0": 1.0}, "2": {"0": 1.0}, "3": {"0": 1.0}, "4": {"0": 1.0}, "5": {"0": 1.0}, "6": {"0": 1.0}, "7": {"0": 1.0}, "8": {"0": 1.0}, "9": {"0": 1.0}, "10": {"0": 1.0}, "11": {"0": 1.0}, "12": {"0": 1.0}, "13": {"0": 1.0}, "14": {"0": 1.0}, "15": {"0": 1.0}, "16": {"0": 1.0}, "17": {"0": 1.0}, "18": {"0": 1.0}, "19": {"0": 1.0}, "20": {"0": 1.0}, "21": {"0": 1.0}, "22": {"0": 1.0}, "23": {"0": 1.0}, "24": {"0": 1.0}, "25": {"0": 1.0}, "26": {"0": 1.0}, "27": {"0": 1.0}, "28": {"0": 1.0}, "29": {"0": 1.0}, "30": {"0": 1.0}, "31": {"0": 1.0}, "32": {"0": 1.0}, "33": {"0": 1.0}, "34": {"0": 1.0}, "35": {"0": 1.0}, "36": {"0": 1.0}, "37": {"0": 1.0}, "38": {"0": 1.0}, "39": {"0": 1.0}, "40": {"0": 1.0}, "41": {"0": 1.0}, "42": {"0": 1.0}, "43": {"0": 1.0}, "44": {"0": 1.0}, "45": {"0": 1.0}, "46": {"0": 1.0}, "47": {"0": 1.0}, "48": {"0": 1.0}, "49": {"0": 1.0}, "50": {"0": 1.0}, "51": {"0": 1.0}, "52": {"0": 1.0}, "53": {"0": 1.0}, "54": {"0": 1.0}, "55": {"0": 1.0}, "56": {"0": 1.0}, "57": {"0": 1.0}, "58": {"0": 1.0}, "59": {"0": 1.0}, "60": {"0": 1.0}, "61": {"0": 1.0}, "62": {"0": 1.0}, "63": {"0": 1.0}, "64": {"0": 1.0}, "65": {"0": 1.0}, "66": {"0": 1.0}, "67": {"0": 1.0}, "68": {"0": 1.0}, "69": {"0": 1.0}, "70": {"0": 1.0}, "71": {"0": 1.0}, "72": {"0": 1.0}, "73": {"0": 1.0}, "74": {"0": 1.0}, "75": {"0": 1.0}, "76": {"0": 1.0}, "77": {"0": 1.0}, "78": {"0": 1.0}, "79": {"0": 1.0}, "80": {"0": 1.0}, "81": {"0": 1.0}, "82": {"0": 1.0}, "83": {"0": 1.0}, "84": {"0": 1.0}, "85": {"0": 1.0}, "86": {"0": 1.0}, "87": {"0": 1.0}, "88": {"0": 1.0}, "89": {"0": 1.0}}, "p1": {"0": {"0": 1.0}, "1": {"0": 1.0}, "2": {"0": 1.0}, "3": {"0": 1.0}, "4": {"0": 1.0}, "5": {"0": 1.0}, "6": {"0": 1.0}, "7": {"0": 1.0}, "8": {"0": 1.0}, "9": {"0": 1.0}, "10": {"0": 1.0}, "11": {"0": 1.0}, "12": {"0": 1.0}, "13": {"0": 1.0}, "14": {"0": 1.0}, "15": {"0": 1.0}, "16": {"0": 1.0}, "17": {"0": 1.0}, "18": {"0": 1.0}, "19": {"0": 1.0}, "20": {"0": 1.0}, "21": {"0": 1.0}, "22": {"0": 1.0}, "23": {"0": 1.0}, "24": {"0": 1.0}, "25": {"0": 1.0}, "26": {"0": 1.0}, "27": {"0": 1.0}, "28": {"0": 1.0}, "29": {"0": 1.0}, "30": {"0": 1.0}, "31": {"0": 1.0}, "32": {"0": 1.0}, "33": {"0": 1.0}, "34": {"0": 1.0}, "35": {"0": 1.0}, "36": {"0": 1.0}, "37": {"0": 1.0}, "38": {"0": 1.0}, "39": {"0": 1.0}, "40": {"0": 1.0}, "41": {"0": 1.0}, "42": {"0": 1.0}, "43": {"0": 1.0}, "44": {"0": 1.0}, "45": {"0": 1.0}, "46": {"0": 1.0}, "47": {"0": 1.0}, "48": {"0": 1.0}, "49": {"0": 1.0}, "50": {"0": 1.0}, "51": {"0": 1.0}, "52": {"0": 1.0}, "53": {"0": 1.0}, "54": {"0": 1.0}, "55": {"0": 1.0}, "56": {"0": 1.0}, "57": {"0": 1.0}, "58": {"0": 1.0}, "59": {"0": 1.0}, "60": {"0": 1.0}, "61": {"0": 1.0}, "62": {"0": 1.0}, "63": {"0": 1.0}, "64": {"0": 1.0}, "65": {"0": 1.0}, "66": {"0": 1.0}, "67": {"0": 1.0}, "68": {"0": 1.0}, "69": {"0": 1.0}, "70": {"0": 1.0}, "71": {"0": 1.0}, "72": {"0": 1.0}, "73": {"0": 1.0}, "74": {"0": 1.0}, "75": {"0": 1.0}, "76": {"0": 1.0}, "77": {"0": 1.0}, "78": {"0": 1.0}, "79": {"0": 1.0}, "80": {"0": 1.0}, "81": {"0": 1.0}, "82": {"0": 1.0}, "83": {"0": 1.0}, "84": {"0": 1.0}, "85": {"0": 1.0}, "86": {"0": 1.0}, "87": {"0": 1.0}, "88": {"0": 1.0}, "89": {"0": 1.0}}, "p2": {"0": {"0": 1.0}, "1": {"0": 1.0},