{"p0": {"0": 0.0, "1": 0.0, "2": 0.0, "3": 0.0, "4": 0.0, "5": 0.0, "6": 0.0, "7": 0.0, "8": 0.0, "9": 0.0, "10": 0.0, "11": 0.0, "12": 0.0, "13": 0.0, "14": 0.0, "15": 0.0, "16": 0.0, "17": 0.0, "18": 0.0, "19": 0.0, "20": 0.0, "21": 0.0, "22": 0.0, "23": 0.0, "24": 0.0, "25": 0.0, "26": 0.0, "27": 0.0, "28": 0.0, "29": 0.0, "30": 0.0, "31": 0.0, "32": 0.0, "33": 0.0, "34": 0.0, "35": 0.0, "36": 0.0, "37": 0.0, "38": 0.0, "39": 0.0, "40": 0.0, "41": 0.0, "42": 0.0, "43": 0.0, "44": 0.0, "45": 0.0, "46": 0.0, "47": 0.0, "48": 0.0, "49": 0.0, "50": 0.0, "51": 0.0, "52": 0.0, "53": 0.0, "54": 0.0, "55": 0.0, "56": 0.0, "57": 0.0, "58": 0.0, "59": 0.0, "60": 0.0}, "p3": {"3": 37.87441860465116, "4": 37.079166666666666, "5": 36.98344370860927, "6": 37.19496855345912, "7": 36.464387464387464, "8": 36.5547263681592, "9": 36.74406332453826, "10": 36.66935483870968, "11": 37.21761658031088, "12": 37.71389645776567, "13": 37.04679802955665, "14": 37.604046242774565, "15": 37.695402298850574, "16": 36.65605095541401, "17": 36.333333333333336, "18": 36.48425196850393, "19": 37.1844262295082, "20": 37.065384615384616, "21": 36.73725490196078, "22": 37.54545454545455, "23": 37.06692913385827, "24": 37.74592833876221, "25": 37.603125, "26": 37.945945945945944, "27": 37.038022813688215, "28": 37.994974874371856, "29": 38.917098445595855, "30": 38.72514619883041, "31": 36.87134502923977, "32": 36.69090909090909, "33": 35.92307692307692, "34": 34.36942675159236, "35": 34.57051282051282, "36": 34.945205479452056, "37": 34.595419847328245, "38": 34.94827586206897, "39": 36.44025157232704, "40": 35.37556561085973, "41": 37.19597989949749, "42": 39.54502369668246, "43": 38.2532751091703, "44": 37.849557522123895, "45": 38.537848605577686, "46": 37.98746081504702, "47": 37.54755043227666, "48": 38.06209150326797, "49": 37.76996805111821, "50": 36.90092879256966, "51": 36.53602305475504, "52": 36.265517241379314, "53": 36.31003039513678, "54": 36.3201581027668, "55": 35.724137931034484, "56": 36.50917431192661, "57": 37.13716814159292, "58": 37.0, "59": 37.73979591836735, "60": 38.06565656565657}, "p2": {"0": 0.0, "1": 0.0, "2": 0.0, "3": 0.0, "4": 0.0, "5": 0.0, "6": 0.0, "7": 0.0, "8": 0.0, "9": 0.0, "10": 0.0, "11": 0.0, "12": 0.0, "13": 0.0, "14": 0.0, "15": 0.0, "16": 0.0, "17": 0.0, "18": 0.0, "19": 0.0, "20": 0.0, "21": 0.0, "22": 0.0, "23": 0.0, "24": 0.0, "25": 0.0, "26": 0.0, "27": 0.0, "28": 0.0, "29": 0.0, "30": 0.0, "31": 0.0, "32": 0.0, "33": 0.0, "34": 0.0, "35": 0.0, "36": 0.0, "37": 0.0, "38": 0.0, "39": 0.0, "40": 0.0, "41": 0.0, "42": 0.0, "43": 0.0, "44": 0.0, "45": 0.0, "46": 0.0, "47": 0.0, "48": 0.0, "49": 0.0, "50": 0.0, "51": 0.0, "52": 0.0, "53": 0.0, "54": 0.0, "55": 0.0, "56": 0.0, "57": 0.0, "58": 0.0, "59": 0.0, "60": 0.0}, "p1": {"0": 0.0, "1": 0.0, "2": 0.0, "3": 0.0, "4": 0.0, "5": 0.0, "6": 0.0, "7": 0.0, "8": 0.0, "9": 0.0, "10": 0.0, "11": 0.0, "12": 0.0, "13": 0.0, "14": 0.0, "15": 0.0, "16": 0.0, "17": 0.0, "18": 0.0, "19": 0.0, "20": 0.0, "21": 0.0, "22": 0.0, "23": 0.0, "24": 0.0, "25": 0.0, "26": 0.0, "27": 0.0, "28": 0.0, "29": 0.0, "30": 0.0, "31": 0.0, "32": 0.0, "33": 0.0, "34": 0.0, "35": 0.0, "36": 0.0, "37": 0.0, "38": 0.0, "39": 0.0, "40": 0.0, "41": 0.0, "42": 0.0, "43": 0.0, "44": 0.0, "45": 0.0, "46": 0.0, "47": 0.0, "48": 0.0, "49": 0.0, "50": 0.0, "51": 0.0, "52": 0.0, "53": 0.0, "54": 0.0, "55": 0.0, "56": 0.0, "57": 0.0, "58": 0.0, "59": 0.0, "60": 0.0}}