{"p3": {"0": {"0": 1.0}, "1": {"0": 1.0}, "2": {"0": 1.0}, "3": {"0": 1.0}, "4": {"1": 0.3333333333333333, "3": 0.3333333333333333, "6": 0.3333333333333333}, "5": {"2": 0.5, "4": 0.5}, "6": {"2": 0.5, "6": 0.5}, "7": {"1": 0.3333333333333333, "4": 0.3333333333333333, "6": 0.3333333333333333}, "8": {"2": 0.5, "4": 0.25, "5": 0.25}, "9": {"3": 0.3333333333333333, "4": 0.3333333333333333, "5": 0.3333333333333333}, "10": {"2": 0.3333333333333333, "3": 0.3333333333333333, "4": 0.3333333333333333}, "11": {"3": 0.5, "4": 0.5}, "12": {"3": 0.6666666666666666, "4": 0.3333333333333333}, "13": {"3": 0.5, "6": 0.5}, "14": {"2": 1.0}, "15": {"1": 0.6666666666666666, "7": 0.3333333333333333}, "16": {"1": 0.5, "7": 0.5}, "17": {"1": 0.3333333333333333, "3": 0.3333333333333333, "8": 0.3333333333333333}, "18": {"1": 0.3333333333333333, "2": 0.3333333333333333, "6": 0.3333333333333333}, "19": {"4": 0.5, "5": 0.5}, "20": {"1": 0.5, "4": 0.5}, "21": {"2": 0.5, "6": 0.5}, "22": {"1": 0.3333333333333333, "3": 0.3333333333333333, "5": 0.3333333333333333}, "23": {"2": 0.6666666666666666, "7": 0.3333333333333333}, "24": {"2": 0.3333333333333333, "3": 0.3333333333333333, "5": 0.3333333333333333}, "25": {"2": 0.5, "6": 0.5}, "26": {"2": 0.25, "3": 0.25, "4": 0.5}, "27": {"1": 0.3333333333333333, "3": 0.3333333333333333, "6": 0.3333333333333333}, "28": {"1": 0.3333333333333333, "4": 0.3333333333333333, "5": 0.3333333333333333}, "29": {"2": 0.3333333333333333, "3": 0.3333333333333333, "4": 0.3333333333333333}, "30": {"0": 1.0}, "31": {"0": 1.0}, "32": {"0": 1.0}, "33": {"0": 1.0}, "34": {"0": 1.0}, "35": {"0": 1.0}, "36": {"3": 0.3333333333333333, "4": 0.3333333333333333, "5": 0.3333333333333333}, "37": {"2": 0.5, "5": 0.5}, "38": {"2": 0.3333333333333333, "3": 0.3333333333333333, "4": 0.3333333333333333}, "39": {"3": 0.6666666666666666, "4": 0.3333333333333333}, "40": {"0": 1.0}, "41": {"0": 1.0}, "42": {"1": 1.0}, "43": {"0": 1.0}, "44": {"0": 1.0}, "45": {"2": 0.5, "5": 0.5}, "46": {"3": 0.75, "5": 0.25}, "47": {"0": 1.0}, "48": {"0": 1.0}, "49": {"0": 1.0}, "50": {"0": 1.0}, "51": {"3": 0.6666666666666666, "5": 0.3333333333333333}, "52": {"3": 0.6666666666666666, "5": 0.3333333333333333}, "53": {"2": 0.3333333333333333, "4": 0.3333333333333333, "6": 0.3333333333333333}, "54": {"3": 0.5, "4": 0.5}, "55": {"2": 0.5, "3": 0.5}, "56": {"0": 1.0}, "57": {"3": 0.5, "5": 0.5}, "58": {"3": 0.5, "4": 0.5}, "59": {"4": 1.0}, "60": {"4": 1.0}, "61": {"3": 0.5, "4": 0.5}, "62": {"5": 0.5, "7": 0.5}, "63": {"1": 0.3333333333333333, "4": 0.3333333333333333, "5": 0.3333333333333333}, "64": {"3": 0.3333333333333333, "5": 0.3333333333333333, "6": 0.3333333333333333}, "65": {"2": 0.25, "3": 0.25, "4": 0.25, "5": 0.25}, "66": {"0": 1.0}, "67": {"3": 0.3333333333333333, "4": 0.3333333333333333, "5": 0.3333333333333333}, "68": {"1": 0.3333333333333333, "3": 0.3333333333333333, "5": 0.3333333333333333}, "69": {"2": 0.3333333333333333, "3": 0.3333333333333333, "4": 0.3333333333333333}, "70": {"0": 1.0}, "71": {"0": 1.0}, "72": {"0": 1.0}, "73": {"0": 1.0}, "74": {"0": 1.0}, "75": {"0": 1.0}, "76": {"0": 1.0}, "77": {"3": 1.0}, "78": {"0": 1.0}, "79": {"0": 1.0}, "80": {"4": 1.0}, "81": {"1": 0.5, "5": 0.5}, "82": {"2": 0.3333333333333333, "3": 0.3333333333333333, "5": 0.3333333333333333}, "83": {"2": 0.5, "5": 0.5}, "84": {"1": 0.3333333333333333, "4": 0.3333333333333333, "5": 0.3333333333333333}, "85": {"1": 0.5, "6": 0.5}, "86": {"0": 1.0}, "87": {"2": 1.0}, "88": {"0": 1.0}, "89": {"0": 1.0}, "90": {"1": 0.3333333333333333, "3": 0.3333333333333333, "8": 0.3333333333333333}, "91": {"3": 1.0}}, "p0": {"0": {"0": 1.0}, "1": {"0": 1.0}, "2": {"0": 1.0}, "3": {"0": 1.0}, "4": {"0": 1.0}, "5": {"0": 1.0}, "6": {"0": 1.0}, "7": {"0": 1.0}, "8": {"0": 1.0}, "9": {"0": 1.0}, "10": {"0": 1.0}, "11": {"0": 1.0}, "12": {"0": 1.0}, "13": {"0": 1.0}, "14": {"0": 1.0}, "15": {"0": 1.0}, "16": {"0": 1.0}, "17": {"0": 1.0}, "18": {"0": 1.0}, "19": {"0": 1.0}, "20": {"0": 1.0}, "21": {"0": 1.0}, "22": {"0": 1.0}, "23": {"0": 1.0}, "24": {"0": 1.0}, "25": {"0": 1.0}, "26": {"0": 1.0}, "27": {"0": 1.0}, "28": {"0": 1.0}, "29": {"0": 1.0}, "30": {"0": 1.0}, "31": {"0": 1.0}, "32": {"0": 1.0}, "33": {"0": 1.0}, "34": {"0": 1.0}, "35": {"0": 1.0}, "36": {"0": 1.0}, "37": {"0": 1.0}, "38": {"0": 1.0}, "39": {"0": 1.0}, "40": {"0": 1.0}, "41": {"0": 1.0}, "42": {"0": 1.0}, "43": {"0": 1.0}, "44": {"0": 1.0}, "45": {"0": 1.0}, "46": {"0": 1.0}, "47": {"0": 1.0}, "48": {"0": 1.0}, "49": {"0": 1.0}, "50": {"0": 1.0}, "51": {"0": 1.0}, "52": {"0": 1.0}, "53": {"0": 1.0}, "54": {"0": 1.0}, "55": {"0": 1.0}, "56": {"0": 1.0}, "57": {"0": 1.0}, "58": {"0": 1.0}, "59": {"0": 1.0}, "60": {"0": 1.0}, "61": {"0": 1.0}, "62": {"0": 1.0}, "63": {"0": 1.0}, "64": {"0": 1.0}, "65": {"0": 1.0}, "66": {"0": 1.0}, "67": {"0": 1.0}, "68": {"0": 1.0}, "69": {"0": 1.0}, "70": {"0": 1.0}, "71": {"0": 1.0}, "72": {"0": 1.0}, "73": {"0": 1.0}, "74": {"0": 1.0}, "75": {"0": 1.0}, "76": {"0": 1.0}, "77": {"0": 1.0}, "78": {"0": 1.0}, "79": {"0": 1.0}, "80": {"0": 1.0}, "81": {"0": 1.0}, "82": {"0": 1.0}, "83": {"0": 1.0}, "84": {"0": 1.0}, "85": {"0": 1.0}, "86": {"0": 1.0}, "87": {"0": 1.0}, "88": {"0": 1.0}, "89": {"0": 1.0}, "90": {"0": 1.0}, "91": {"0": 1.0}}, "p2": {"0": {"0": 1.0}, "1": {"0": 1.0}, "2": {"0": 1.0}, "3": {"0": 1.0}, "4": {"0": 1.0}, "5": {"0": 1.0}, "6": {"0": 1.0}, "7": {"0": 1.0}, "8": {"0": 1.0}, "9": {"0": 1.0}, "10": {"0": 1.0}, "11": {"0": 1.0}, "12": {"0": 1.0}, "13": {"0": 1.0}, "14": {"0": 1.0}, "15": {"0": 1.0}, "16": {"0": 1.0}, "17": {"0": 1.0}, "18": {"0": 1.0}, "19": {"0": 1.0}, "20": {"0": 1.0}, "21": {"0": 1.0}, "22": {"0": 1.0}, "23": {"0": 1.0}, "24": {"0": 1.0}, "25": {"0": 1.0}, "26": {"0": 1.0}, "27": {"0": 1.0}, "28": {"0": 1.0}, "29": {"0": 1.0}, "30": {"0": 1.0}, "31": {"0": 1.0}, "32": {"0": 1.0}, "33": {"0": 1.0}, "34": {"0": 1.0}, "35": {"0": 1.0}, "36": {"0": 1.0}, "37": {"0": 1.0}, "38": {"0": 1.0}, "39": {"0": 1.0}, "40": {"0": 1.0}, "41": {"0": 1.0}, "42": {"0": 1.0}, "43": {"0": 1.0}, "44": {"0": 1.0}, "45": {"0": 1.0}, "46": {"0": 1.0}, "47": {"0": 1.0}, "48": {"0": 1.0}, "49": {"0": 1.0}, "50": {"0": 1.0}, "51": {"0": 1.0}, "52": {"0": 1.0}, "53": {"0": 1.0}, "54": {"0": 1.0}, "55": {"0": 1.0}, "56": {"0": 1.0}, "57": {"0": 1.0}, "58": {"0": 1.0}, "59": {"0": 1.0}, "60": {"0": 1.0}, "61": {"0": 1.0}, "62": {"0": 1.0}, "63": {"0": 1.0}, "64": {"0": 1.0}, "65": {"0": 1.0}, "66": {"0": 1.0}, "67": {"0": 1.0}, "68": {"0": 1.0}, "69": {"0": 1.0}, "70": {"0": 1.0}, "71": {"0": 1.0}, "72": {"0": 1.0}, "73": {"0": 1.0}, "74": {"0": 1.0}, "75": {"0": 1.0}, "76": {"0": 1.0}, "77": {"0": 1.0}, "78": {"0": 1.0}, "79": {"0": 1.0}, "80": {"0": 1.0}, "81": {"0": 1.0}, "82": {"0": 1.0}, "83": {"0": 1.0}, "84": {"0": 1.0}, "85": {"0": 1.0}, "86": {"0": 1.0}, "87": {"0": 1.0}, "88": {"0": 1.0}, "89": {"0": 1.0}, "90": {"0": 1.0}, "91": {"0": 1.0}}, "p1": {"0": {"0": 1.0}, "1": {"0": 1.0}, "2": {"0": 1.0}, "3": {"0": 1.0}, "4": {"0": 1.0}, "5": {"0": 1.0}, "6": {"0": 1.0}, "7": {"0": 1.0}, "8": {"0": 1.0}, "9": {"0": 1.0}, "10": {"0": 1.0}, "11": {"0": 1.0}, "12": {"0": 1.0}, "13": {"0": 1.0}, "14": {"0": 1.0}, "15": {"0": 1.0}, "16": {"0": 1.0}, "17": {"0": 1.0}, "18": {"0": 1.0}, "19": {"0": 1.0}, "20": {"0": 1.0}, "21": {"0": 1.0}, "22": {"0": 1.0}, "23": {"0": 1.0}, "24": {"0": 1.0}, "25": {"0": 1.0}, "26": {"0": 1.0}, "27": {"0": 1.0}, "28": {"0": 1.0}, "29": {"0": 1.0}, "30": {"0": 1.0}, "31": {"0": 1.0}, "32": {"0": 1.0}, "33": {"0": 1.0}, "34": {"0": 1.0}, "35": {"0": 1.0}, "36": {"0": 1.0}, "37": {"0": 1.0}, "38": {"0": 1.0}, "39": {"0": 1.0}, "40": {"0": 1.0}, "41": {"0": 1.0}, "42": {"0": 1.0}, "43": {"0": 1.0}, "44": {"0": 1.0}, "45": {"0": 1.0}, "46": {"0": 1.0}, "47": {"0": 1.0}, "48": {"0": 1.0}, "49": {"0": 1.0}, "50": {"0": 1.0}, "51": {"0": 1.0}, "52": {"0": 1.0}, "53": {"0": 1.0}, "54": {"0": 1.0}, "55": {"0": 1.0}, "56": {"0": 1.0}, "57": {"0": 1.0}, "58": {"0": 1.0}, "59": {"0": 1.0},