{"p4": {"0": {"0": 1.0}, "1": {"0": 1.0}, "2": {"0": 1.0}, "3": {"0": 1.0}, "4": {"1": 0.5, "3": 0.25, "5": 0.25}, "5": {"1": 0.25, "2": 0.25, "3": 0.5}, "6": {"1": 0.2, "2": 0.2, "3": 0.6}, "7": {"1": 0.6, "2": 0.2, "3": 0.2}, "8": {"2": 0.75, "3": 0.25}, "9": {"1": 0.4, "2": 0.4, "3": 0.2}, "10": {"1": 0.3333333333333333, "2": 0.3333333333333333, "4": 0.3333333333333333}, "11": {"2": 0.8333333333333334, "3": 0.16666666666666666}, "12": {"1": 0.5, "2": 0.25, "3": 0.25}, "13": {"2": 0.3333333333333333, "3": 0.6666666666666666}, "14": {"1": 0.4, "2": 0.2, "3": 0.2, "4": 0.2}, "15": {"1": 0.5, "2": 0.25, "3": 0.25}, "16": {"1": 0.4, "2": 0.4, "3": 0.2}, "17": {"4": 1.0}, "18": {"1": 0.3333333333333333, "2": 0.6666666666666666}, "19": {"1": 0.3333333333333333, "2": 0.3333333333333333, "3": 0.3333333333333333}, "20": {"1": 0.2, "2": 0.6, "4": 0.2}, "21": {"1": 0.3333333333333333, "3": 0.6666666666666666}, "22": {"1": 0.25, "2": 0.25, "4": 0.5}, "23": {"1": 0.4, "2": 0.2, "3": 0.4}, "24": {"2": 0.5, "3": 0.5}, "25": {"1": 0.25, "2": 0.25, "3": 0.25, "4": 0.25}, "26": {"1": 0.3333333333333333, "2": 0.16666666666666666, "3": 0.5}, "27": {"1": 0.3333333333333333, "2": 0.3333333333333333, "3": 0.3333333333333333}, "28": {"1": 0.5, "2": 0.3333333333333333, "5": 0.16666666666666666}, "29": {"1": 0.2, "2": 0.4, "3": 0.2, "4": 0.2}, "30": {"1": 0.25, "2": 0.5, "3": 0.25}, "31": {"1": 0.75, "4": 0.25}, "32": {"1": 0.25, "2": 0.25, "3": 0.25, "4": 0.25}, "33": {"3": 1.0}, "34": {"1": 0.5, "2": 0.3333333333333333, "3": 0.16666666666666666}, "35": {"1": 0.5, "2": 0.25, "4": 0.25}, "36": {"1": 0.4, "2": 0.2, "3": 0.4}, "37": {"1": 0.5, "2": 0.25, "5": 0.25}, "38": {"3": 0.5, "4": 0.5}, "39": {"0": 1.0}, "40": {"0": 1.0}, "41": {"0": 1.0}, "42": {"0": 1.0}, "43": {"0": 1.0}, "44": {"0": 1.0}, "45": {"0": 1.0}, "46": {"0": 1.0}, "47": {"0": 1.0}, "48": {"0": 1.0}, "49": {"0": 1.0}, "50": {"0": 1.0}, "51": {"0": 1.0}, "52": {"0": 1.0}, "53": {"0": 1.0}, "54": {"0": 1.0}, "55": {"0": 1.0}, "56": {"0": 1.0}, "57": {"0": 1.0}, "58": {"0": 1.0}, "59": {"1": 0.2, "2": 0.4, "3": 0.4}, "60": {"0": 1.0}, "61": {"1": 0.3333333333333333, "2": 0.6666666666666666}, "62": {"1": 0.4, "2": 0.2, "3": 0.4}, "63": {"0": 1.0}, "64": {"1": 0.5, "2": 0.25, "3": 0.25}, "65": {"1": 0.3333333333333333, "2": 0.6666666666666666}, "66": {"0": 1.0}, "67": {"1": 0.2, "2": 0.6, "4": 0.2}, "68": {"0": 1.0}, "69": {"1": 0.25, "2": 0.5, "3": 0.25}, "70": {"2": 0.6666666666666666, "4": 0.3333333333333333}, "71": {"1": 0.5, "2": 0.25, "4": 0.25}, "72": {"2": 0.3333333333333333, "3": 0.6666666666666666}, "73": {"1": 0.4, "2": 0.4, "5": 0.2}, "74": {"1": 0.6666666666666666, "4": 0.3333333333333333}, "75": {"1": 0.4, "2": 0.2, "3": 0.4}, "76": {"1": 0.6, "3": 0.4}, "77": {"1": 0.25, "2": 0.25, "3": 0.5}, "78": {"1": 0.25, "2": 0.25, "3": 0.5}, "79": {"1": 0.6, "2": 0.2, "4": 0.2}, "80": {"0": 1.0}, "81": {"1": 0.3333333333333333, "2": 0.5, "3": 0.16666666666666666}, "82": {"1": 0.16666666666666666, "2": 0.6666666666666666, "3": 0.16666666666666666}, "83": {"0": 1.0}, "84": {"0": 1.0}, "85": {"2": 1.0}, "86": {"1": 0.4, "2": 0.2, "3": 0.4}, "87": {"1": 0.5, "3": 0.3333333333333333, "4": 0.16666666666666666}, "88": {"0": 1.0}, "89": {"0": 1.0}, "90": {"0": 1.0}, "91": {"0": 1.0}, "92": {"3": 1.0}, "93": {"1": 0.5, "3": 0.3333333333333333, "4": 0.16666666666666666}, "94": {"0": 1.0}, "95": {"0": 1.0}, "96": {"0": 1.0}, "97": {"0": 1.0}, "98": {"0": 1.0}, "99": {"0": 1.0}, "100": {"1": 1.0}, "101": {"1": 0.8, "5": 0.2}, "102": {"0": 1.0}, "103": {"1": 1.0}, "104": {"0": 1.0}, "105": {"1": 0.5, "2": 0.25, "3": 0.25}, "106": {"0": 1.0}, "107": {"1": 0.3333333333333333, "2": 0.3333333333333333, "3": 0.3333333333333333}, "108": {"2": 0.75, "3": 0.25}, "109": {"1": 0.25, "2": 0.25, "3": 0.5}, "110": {"2": 0.6, "3": 0.4}, "111": {"2": 0.3333333333333333, "3": 0.6666666666666666}, "112": {"1": 0.3333333333333333, "2": 0.3333333333333333, "3": 0.3333333333333333}, "113": {"0": 1.0}, "114": {"0": 1.0}, "115": {"1": 0.3333333333333333, "2": 0.3333333333333333, "5": 0.3333333333333333}, "116": {"1": 0.6666666666666666, "2": 0.16666666666666666, "4": 0.16666666666666666}, "117": {"0": 1.0}, "118": {"1": 0.5, "3": 0.5}, "119": {"1": 0.5, "3": 0.3333333333333333, "4": 0.16666666666666666}, "120": {"1": 0.5, "5": 0.5}, "121": {"1": 0.25, "2": 0.75}, "122": {"1": 0.4, "2": 0.4, "4": 0.2}, "123": {"2": 0.8, "4": 0.2}, "124": {"1": 1.0}, "125": {"1": 0.3333333333333333, "2": 0.3333333333333333, "3": 0.3333333333333333}, "126": {"1": 0.5, "2": 0.3333333333333333, "3": 0.16666666666666666}, "127": {"1": 0.3333333333333333, "2": 0.3333333333333333, "3": 0.3333333333333333}, "128": {"0": 1.0}, "129": {"1": 0.25, "2": 0.5, "3": 0.25}, "130": {"1": 0.6666666666666666, "3": 0.3333333333333333}, "131": {"1": 1.0}, "132": {"1": 0.2, "2": 0.4, "3": 0.4}, "133": {"1": 0.25, "2": 0.75}, "134": {"0": 1.0}}, "p0": {"0": {"0": 1.0}, "1": {"0": 1.0}, "2": {"0": 1.0}, "3": {"0": 1.0}, "4": {"0": 1.0}, "5": {"0": 1.0}, "6": {"0": 1.0}, "7": {"0": 1.0}, "8": {"0": 1.0}, "9": {"0": 1.0}, "10": {"0": 1.0}, "11": {"0": 1.0}, "12": {"0": 1.0}, "13": {"0": 1.0}, "14": {"0": 1.0}, "15": {"0": 1.0}, "16": {"0": 1.0}, "17": {"0": 1.0}, "18": {"0": 1.0}, "19": {"0": 1.0}, "20": {"0": 1.0}, "21": {"0": 1.0}, "22": {"0": 1.0}, "23": {"0": 1.0}, "24": {"0": 1.0}, "25": {"0": 1.0}, "26": {"0": 1.0}, "27": {"0": 1.0}, "28": {"0": 1.0}, "29": {"0": 1.0}, "30": {"0": 1.0}, "31": {"0": 1.0}, "32": {"0": 1.0}, "33": {"0": 1.0}, "34": {"0": 1.0}, "35": {"0": 1.0}, "36": {"0": 1.0}, "37": {"0": 1.0}, "38": {"0": 1.0}, "39": {"0": 1.0}, "40": {"0": 1.0}, "41": {"0": 1.0}, "42": {"0": 1.0}, "43": {"0": 1.0}, "44": {"0": 1.0}, "45": {"0": 1.0}, "46": {"0": 1.0}, "47": {"0": 1.0}, "48": {"0": 1.0}, "49": {"0": 1.0}, "50": {"0": 1.0}, "51": {"0": 1.0}, "52": {"0": 1.0}, "53": {"0": 1.0}, "54": {"0": 1.0}, "55": {"0": 1.0}, "56": {"0": 1.0}, "57": {"0": 1.0}, "58": {"0": 1.0}, "59": {"0": 1.0}, "60": {"0": 1.0}, "61": {"0": 1.0}, "62": {"0": 1.0}, "63": {"0": 1.0}, "64": {"0": 1.0}, "65": {"0": 1.0}, "66": {"0": 1.0}, "67": {"0": 1.0}, "68": {"0": 1.0}, "69": {"0": 1.0}, "70": {"0": 1.0}, "71": {"0": 1.0}, "72": {"0": 1.0}, "73": {"0": 1.0}, "74": {"0": 1.0}, "75": {"0": 1.0}, "76": {"0": 1.0}, "77": {"0": 1.0}, "78": {"0": 1.0}, "79": {"0": 1.0}, "80": {"0": 1.0}, "81": {"0": 1.0}, "82": {"0": 1.0}, "83": {"0": 1.0}, "84": {"0": 1.0}, "85": {"0": 1.0}, "86": {"0": 1.0}, "87": {"0": 1.0}, "88": {"0": 1.0}, "89": {"0": 1.0}, "90": {"0": 1.0}, "91": {"0": 1.0}, "92": {"0": 1.0}, "93": {"0": 1.0}, "94": {"0": 1.0}, "95": {"0": 1.0}, "96": {"0": 1.0}, "97": {"0": 1.0}, "98": {"0": 1.0}, "99": {"0": 1.0}, "100": {"0": 1.0}, "101": {"0": 1.0}, "102": {"0": 1.0}, "103": {"0": 1.0}, "104": {"0": 1.0}, "105": {"0": 1.0}, "106": {"0": 1.0}, "107": {"0": 1.0}, "108": {"0": 1.0}, "109": {"0": 1.0}, "110": {"0": 1.0}, "111": {"0": 1.0}, "112": {"0": 1.0}, "113": {"0": 1.0}, "114": {"0": 1.0}, "115": {"0": 1.0}, "116": {"0": 1.0}, "117": {"0": 1.0}, "118": {"0": 1.0}, "119": {"0": 1.0}, "120": {"0": 1.0}, "121": {"0": 1.0}, "122": {"0": 1.0}, "123": {"0": 1.0}, "124": {"0": 1.0}, "125": {"0": 1.0}, "126": {"0": 1.0}, "127": {"0": 1.0}, "128": {"0": 1.0}, "129": {"0": 1.0}, "130": {"0": 1.0}, "131": {"0": 1.0}, "132": {"0": 1.0}, "133": {"0": 1.0}, "134": {"0": 1.0}}, "p1": {"0": {"0": 1.0}, "1": {"0": 1.0}, "2": {"0": 1.0}, "3": {"0": 1.0}, "4": {"0": 1.0}, "5": {"0": 1.0}, "6": {"0": 1.0}, "7": {"0": 1.0}, "8": {"0": 1.0}, "9": {"0": 1.0}, "10": {"0": 1.0}, "11": {"0": 1.0}, "12": {"0": 1.0}, "13": {"0": 1.0}, "14": {"0": 1.0}, "15": {"0": 1.0}, "16": {"0": 1.0}, "17": {"0": 1.0}, "18": {"0": 1.0}, "19": {"0": 1.0}, "20": {"0": 1.0}, "21": {"0": 1.0}, "22": {"0": 1.0}, "23": {"0": 1.0}, "24": {"0": 1.0}, "25": {"0": 1.0}, "26": {"0": 1.0}, "27": {"0": 1.0}, "28": {"0": 1.0}, "29": {"0": 1.0}, "30": {"0": 1.0}, "31": {"0": 1.0}, "32": {"0": 1.0}, "33": {"0": 1.0}, "34": {"0": 1.0},