{"p0": {"0": {"0": 1.0}, "1": {"0": 1.0}, "2": {"0": 1.0}, "3": {"0": 1.0}, "4": {"0": 1.0}, "5": {"0": 1.0}, "6": {"0": 1.0}, "7": {"0": 1.0}, "8": {"0": 1.0}, "9": {"0": 1.0}, "10": {"0": 1.0}, "11": {"0": 1.0}, "12": {"0": 1.0}, "13": {"0": 1.0}, "14": {"0": 1.0}, "15": {"0": 1.0}, "16": {"0": 1.0}, "17": {"0": 1.0}, "18": {"0": 1.0}, "19": {"0": 1.0}, "20": {"0": 1.0}, "21": {"0": 1.0}, "22": {"0": 1.0}, "23": {"0": 1.0}, "24": {"0": 1.0}, "25": {"0": 1.0}, "26": {"0": 1.0}, "27": {"0": 1.0}, "28": {"0": 1.0}, "29": {"0": 1.0}, "30": {"0": 1.0}, "31": {"0": 1.0}, "32": {"0": 1.0}, "33": {"0": 1.0}, "34": {"0": 1.0}, "35": {"0": 1.0}, "36": {"0": 1.0}, "37": {"0": 1.0}, "38": {"0": 1.0}, "39": {"0": 1.0}, "40": {"0": 1.0}, "41": {"0": 1.0}, "42": {"0": 1.0}, "43": {"0": 1.0}, "44": {"0": 1.0}, "45": {"0": 1.0}, "46": {"0": 1.0}, "47": {"0": 1.0}, "48": {"0": 1.0}, "49": {"0": 1.0}, "50": {"0": 1.0}, "51": {"0": 1.0}, "52": {"0": 1.0}, "53": {"0": 1.0}, "54": {"0": 1.0}, "55": {"0": 1.0}, "56": {"0": 1.0}, "57": {"0": 1.0}, "58": {"0": 1.0}, "59": {"0": 1.0}, "60": {"0": 1.0}, "61": {"0": 1.0}, "62": {"0": 1.0}, "63": {"0": 1.0}, "64": {"0": 1.0}, "65": {"0": 1.0}, "66": {"0": 1.0}, "67": {"0": 1.0}, "68": {"0": 1.0}, "69": {"0": 1.0}}, "p3": {"0": {"0": 1.0}, "1": {"0": 1.0}, "2": {"0": 1.0}, "3": {"1": 0.29347826086956524, "2": 0.34782608695652173, "3": 0.21739130434782608, "4": 0.10869565217391304, "5": 0.03260869565217391}, "4": {"1": 0.3838383838383838, "2": 0.3333333333333333, "3": 0.16161616161616163, "4": 0.050505050505050504, "5": 0.050505050505050504, "6": 0.010101010101010102, "7": 0.010101010101010102}, "5": {"1": 0.3629032258064516, "2": 0.3064516129032258, "3": 0.13709677419354838, "4": 0.12903225806451613, "5": 0.04838709677419355, "7": 0.016129032258064516}, "6": {"1": 0.2814814814814815, "2": 0.37777777777777777, "3": 0.2, "4": 0.08148148148148149, "5": 0.044444444444444446, "7": 0.014814814814814815}, "7": {"1": 0.3096774193548387, "2": 0.3225806451612903, "3": 0.2129032258064516, "4": 0.12258064516129032, "5": 0.03225806451612903}, "8": {"1": 0.3148148148148148, "2": 0.3395061728395062, "3": 0.19135802469135801, "4": 0.1111111111111111, "5": 0.043209876543209874}, "9": {"1": 0.25949367088607594, "2": 0.3860759493670886, "3": 0.22784810126582278, "4": 0.0949367088607595, "5": 0.03164556962025317}, "10": {"1": 0.3151515151515151, "2": 0.3212121212121212, "3": 0.23636363636363636, "4": 0.10909090909090909, "6": 0.01818181818181818}, "11": {"1": 0.29239766081871343, "2": 0.38011695906432746, "3": 0.2046783625730994, "4": 0.08187134502923976, "5": 0.029239766081871343, "6": 0.005847953216374269, "7": 0.005847953216374269}, "12": {"1": 0.35135135135135137, "2": 0.3081081081081081, "3": 0.23243243243243245, "4": 0.06486486486486487, "5": 0.02702702702702703, "6": 0.010810810810810811, "7": 0.005405405405405406}, "13": {"1": 0.29651162790697677, "2": 0.3313953488372093, "3": 0.26744186046511625, "4": 0.05813953488372093, "5": 0.029069767441860465, "6": 0.011627906976744186, "8": 0.005813953488372093}, "14": {"1": 0.3575418994413408, "2": 0.3016759776536313, "3": 0.20670391061452514, "4": 0.0893854748603352, "5": 0.0335195530726257, "6": 0.0111731843575419}, "15": {"1": 0.32608695652173914, "2": 0.28804347826086957, "3": 0.21739130434782608, "4": 0.11956521739130435, "5": 0.043478260869565216, "7": 0.005434782608695652}, "16": {"1": 0.3157894736842105, "2": 0.33157894736842103, "3": 0.21052631578947367, "4": 0.09473684210526316, "5": 0.02631578947368421, "6": 0.015789473684210527, "7": 0.005263157894736842}, "17": {"1": 0.34104046242774566, "2": 0.2658959537572254, "3": 0.2023121387283237, "4": 0.16184971098265896, "5": 0.023121387283236993, "7": 0.005780346820809248}, "18": {"1": 0.2624113475177305, "2": 0.3829787234042553, "3": 0.2127659574468085, "4": 0.0425531914893617, "5": 0.07801418439716312, "6": 0.02127659574468085}, "19": {"1": 0.2878787878787879, "2": 0.3409090909090909, "3": 0.19696969696969696, "4": 0.12878787878787878, "5": 0.045454545454545456}, "20": {"1": 0.2748091603053435, "2": 0.2900763358778626, "3": 0.22137404580152673, "4": 0.183206106870229, "5": 0.030534351145038167}, "21": {"1": 0.30935251798561153, "2": 0.3597122302158273, "3": 0.2302158273381295, "4": 0.04316546762589928, "5": 0.04316546762589928, "6": 0.007194244604316547, "7": 0.007194244604316547}, "22": {"1": 0.34558823529411764, "2": 0.3235294117647059, "3": 0.17647058823529413, "4": 0.10294117647058823, "5": 0.029411764705882353, "6": 0.014705882352941176, "7": 0.007352941176470588}, "23": {"1": 0.2773109243697479, "2": 0.33613445378151263, "3": 0.226890756302521, "4": 0.10084033613445378, "5": 0.05042016806722689, "6": 0.008403361344537815}, "24": {"1": 0.2833333333333333, "2": 0.325, "3": 0.23333333333333334, "4": 0.08333333333333333, "5": 0.06666666666666667, "6": 0.008333333333333333}, "25": {"1": 0.3076923076923077, "2": 0.32967032967032966, "3": 0.24175824175824176, "4": 0.06593406593406594, "5": 0.054945054945054944}, "26": {"1": 0.3333333333333333, "2": 0.3425925925925926, "3": 0.24074074074074073, "4": 0.046296296296296294, "5": 0.018518518518518517, "6": 0.018518518518518517}, "27": {"1": 0.3445378151260504, "2": 0.35294117647058826, "3": 0.15126050420168066, "4": 0.11764705882352941, "5": 0.025210084033613446, "7": 0.008403361344537815}, "28": {"1": 0.3829787234042553, "2": 0.2872340425531915, "3": 0.20212765957446807, "4": 0.06382978723404255, "5": 0.05319148936170213, "7": 0.010638297872340425}, "29": {"1": 0.35185185185185186, "2": 0.25, "3": 0.2777777777777778, "4": 0.1111111111111111, "5": 0.009259259259259259}, "30": {"1": 0.2903225806451613, "2": 0.2903225806451613, "3": 0.25806451612903225, "4": 0.07526881720430108, "5": 0.08602150537634409}, "31": {"1": 0.36, "2": 0.3, "3": 0.18, "4": 0.11, "5": 0.04, "6": 0.01}, "32": {"1": 0.32608695652173914, "2": 0.391304347826087, "3": 0.17391304347826086, "4": 0.05434782608695652, "6": 0.043478260869565216, "7": 0.010869565217391304}, "33": {"1": 0.3411764705882353, "2": 0.3176470588235294, "3": 0.2235294117647059, "4": 0.09411764705882353, "5": 0.011764705882352941, "8": 0.011764705882352941}, "34": {"1": 0.2702702702702703, "2": 0.4189189189189189, "3": 0.16216216216216217, "4": 0.08108108108108109, "5": 0.013513513513513514, "6": 0.04054054054054054, "8": 0.013513513513513514}, "35": {"1": 0.3424657534246575, "2": 0.3561643835616438, "3": 0.1643835616438356, "4": 0.0821917808219178, "5": 0.0273972602739726, "6": 0.0136986301369863, "7": 0.0136986301369863}, "36": {"1": 0.29411764705882354, "2": 0.21568627450980393, "3": 0.27450980392156865, "4": 0.19607843137254902, "7": 0.0196078431372549}, "37": {"1": 0.34146341463414637, "2": 0.18292682926829268, "3": 0.23170731707317074, "4": 0.15853658536585366, "5": 0.036585365853658534, "6": 0.04878048780487805}, "38": {"1": 0.3584905660377358, "2": 0.1509433962264151, "3": 0.2830188679245283, "4": 0.09433962264150944, "5": 0.07547169811320754, "6": 0.03773584905660377}, "39": {"1": 0.36585365853658536, "2": 0.3048780487804878, "3": 0.18292682926829268, "4": 0.07317073170731707, "5": 0.04878048780487805, "6": 0.012195121951219513, "7": 0.012195121951219513}, "40": {"1": 0.4074074074074074, "2": 0.2777777777777778, "3": 0.12962962962962962, "4": 0.1111111111111111, "5": 0.037037037037037035, "6": 0.018518518518518517, "7": 0.018518518518518517}, "41": {"1": 0.32954545454545453, "2": 0.26136363636363635, "3": 0.18181818181818182, "4": 0.13636363636363635, "5": 0.07954545454545454, "6": 0.011363636363636364}, "42": {"1": 0.2597402597402597, "2": 0.3246753246753247, "3": 0.18181818181818182, "4": 0.14285714285714285, "5": 0.07792207792207792, "7": 0.012987012987012988}, "43": {"1": 0.36363636363636365, "2": 0.2857142857142857, "3": 0.14285714285714285, "4": 0.09090909090909091, "5": 0.09090909090909091, "6": 0.012987012987012988, "7": 0.012987012987012988}, "44": {"1": 0.38317757009345793, "2": 0.2523364485981308, "3": 0.205607476635514,