{"p3": {"0": {"0": 1.0}, "1": {"0": 1.0}, "2": {"0": 1.0}, "3": {"1": 0.375, "2": 0.125, "3": 0.375, "4": 0.125}, "4": {"1": 0.14285714285714285, "2": 0.2857142857142857, "3": 0.5714285714285714}, "5": {"1": 0.4444444444444444, "2": 0.3333333333333333, "3": 0.2222222222222222}, "6": {"1": 0.45454545454545453, "2": 0.2727272727272727, "3": 0.2727272727272727}, "7": {"1": 0.4, "2": 0.4, "3": 0.1, "5": 0.1}, "8": {"1": 0.2727272727272727, "2": 0.6363636363636364, "3": 0.09090909090909091}, "9": {"1": 0.2222222222222222, "2": 0.3333333333333333, "3": 0.4444444444444444}, "10": {"1": 0.4166666666666667, "2": 0.5, "3": 0.08333333333333333}, "11": {"1": 0.45454545454545453, "2": 0.2727272727272727, "3": 0.2727272727272727}, "12": {"1": 0.5833333333333334, "2": 0.25, "3": 0.08333333333333333, "4": 0.08333333333333333}, "13": {"1": 0.2857142857142857, "2": 0.14285714285714285, "3": 0.42857142857142855, "4": 0.14285714285714285}, "14": {"1": 0.2222222222222222, "2": 0.4444444444444444, "3": 0.2222222222222222, "4": 0.1111111111111111}, "15": {"1": 0.3, "2": 0.6, "5": 0.1}, "16": {"1": 0.45454545454545453, "2": 0.36363636363636365, "3": 0.09090909090909091, "4": 0.09090909090909091}, "17": {"1": 0.45454545454545453, "2": 0.2727272727272727, "3": 0.2727272727272727}, "18": {"1": 0.375, "2": 0.25, "3": 0.25, "4": 0.125}, "19": {"1": 0.3333333333333333, "2": 0.2222222222222222, "3": 0.3333333333333333, "4": 0.1111111111111111}, "20": {"1": 0.3, "2": 0.4, "3": 0.3}, "21": {"1": 0.5454545454545454, "2": 0.18181818181818182, "3": 0.18181818181818182, "4": 0.09090909090909091}, "22": {"1": 0.3333333333333333, "2": 0.3333333333333333, "3": 0.2222222222222222, "5": 0.1111111111111111}, "23": {"1": 0.45454545454545453, "2": 0.2727272727272727, "3": 0.2727272727272727}, "24": {"1": 0.4444444444444444, "2": 0.2222222222222222, "3": 0.2222222222222222, "6": 0.1111111111111111}, "25": {"1": 0.36363636363636365, "2": 0.5454545454545454, "4": 0.09090909090909091}, "26": {"1": 0.3, "2": 0.5, "3": 0.2}, "27": {"1": 0.45454545454545453, "2": 0.2727272727272727, "3": 0.2727272727272727}, "28": {"1": 0.2222222222222222, "2": 0.7777777777777778}, "29": {"1": 0.5, "2": 0.2, "3": 0.1, "4": 0.2}, "30": {"1": 0.375, "2": 0.25, "3": 0.25, "4": 0.125}, "31": {"1": 0.2, "2": 0.6, "3": 0.2}, "32": {"1": 0.3333333333333333, "2": 0.3333333333333333, "3": 0.1111111111111111, "4": 0.2222222222222222}, "33": {"1": 0.3333333333333333, "2": 0.3333333333333333, "3": 0.1111111111111111, "4": 0.2222222222222222}, "34": {"1": 0.5, "2": 0.3, "4": 0.1, "5": 0.1}, "35": {"1": 0.5454545454545454, "2": 0.18181818181818182, "3": 0.18181818181818182, "4": 0.09090909090909091}, "36": {"1": 0.45454545454545453, "2": 0.2727272727272727, "3": 0.2727272727272727}, "37": {"1": 0.25, "2": 0.25, "3": 0.375, "5": 0.125}, "38": {"1": 0.4444444444444444, "2": 0.3333333333333333, "4": 0.1111111111111111, "6": 0.1111111111111111}, "39": {"1": 0.3, "2": 0.5, "3": 0.1, "4": 0.1}, "40": {"1": 0.3333333333333333, "2": 0.2222222222222222, "3": 0.3333333333333333, "4": 0.1111111111111111}, "41": {"1": 0.4, "2": 0.3, "3": 0.2, "4": 0.1}, "42": {"1": 0.4, "2": 0.3, "3": 0.2, "4": 0.1}, "43": {"0": 1.0}, "44": {"0": 1.0}, "45": {"0": 1.0}, "46": {"0": 1.0}, "47": {"0": 1.0}, "48": {"0": 1.0}, "49": {"0": 1.0}, "50": {"0": 1.0}, "51": {"0": 1.0}, "52": {"0": 1.0}, "53": {"0": 1.0}, "54": {"0": 1.0}, "55": {"0": 1.0}, "56": {"0": 1.0}, "57": {"0": 1.0}, "58": {"0": 1.0}, "59": {"0": 1.0}, "60": {"0": 1.0}, "61": {"0": 1.0}, "62": {"0": 1.0}, "63": {"0": 1.0}, "64": {"0": 1.0}, "65": {"1": 0.625, "2": 0.25, "3": 0.125}, "66": {"1": 0.7142857142857143, "2": 0.2857142857142857}, "67": {"1": 0.36363636363636365, "2": 0.45454545454545453, "3": 0.18181818181818182}, "68": {"1": 0.375, "2": 0.25, "3": 0.375}, "69": {"1": 0.1111111111111111, "2": 0.5555555555555556, "3": 0.3333333333333333}, "70": {"3": 0.5, "4": 0.5}, "71": {"2": 0.5, "3": 0.5}, "72": {"1": 0.42857142857142855, "2": 0.42857142857142855, "3": 0.14285714285714285}, "73": {"1": 0.45454545454545453, "2": 0.36363636363636365, "3": 0.09090909090909091, "4": 0.09090909090909091}, "74": {"1": 0.5454545454545454, "2": 0.09090909090909091, "3": 0.36363636363636365}, "75": {"1": 0.36363636363636365, "2": 0.45454545454545453, "3": 0.18181818181818182}, "76": {"1": 0.375, "2": 0.375, "3": 0.125, "5": 0.125}, "77": {"1": 0.45454545454545453, "2": 0.36363636363636365, "3": 0.09090909090909091, "4": 0.09090909090909091}, "78": {"1": 0.4, "2": 0.3, "3": 0.2, "4": 0.1}, "79": {"1": 0.4, "2": 0.3, "3": 0.2, "4": 0.1}, "80": {"1": 0.2222222222222222, "2": 0.4444444444444444, "3": 0.2222222222222222, "4": 0.1111111111111111}, "81": {"1": 0.4444444444444444, "2": 0.3333333333333333, "5": 0.2222222222222222}, "82": {"1": 0.45454545454545453, "2": 0.36363636363636365, "3": 0.09090909090909091, "4": 0.09090909090909091}, "83": {"1": 0.4, "2": 0.4, "3": 0.1, "5": 0.1}, "84": {"1": 0.36363636363636365, "2": 0.45454545454545453, "3": 0.18181818181818182}, "85": {"1": 0.6, "2": 0.1, "3": 0.1, "4": 0.1, "5": 0.1}, "86": {"1": 0.4444444444444444, "2": 0.2222222222222222, "3": 0.1111111111111111, "4": 0.1111111111111111, "5": 0.1111111111111111}, "87": {"1": 0.5, "2": 0.375, "4": 0.125}, "88": {"1": 0.25, "2": 0.5, "4": 0.25}, "89": {"0": 1.0}, "90": {"1": 1.0}, "91": {"0": 1.0}, "92": {"0": 1.0}, "93": {"0": 1.0}, "94": {"0": 1.0}, "95": {"0": 1.0}, "96": {"1": 1.0}, "97": {"0": 1.0}, "98": {"0": 1.0}, "99": {"0": 1.0}, "100": {"0": 1.0}, "101": {"0": 1.0}, "102": {"2": 0.5, "3": 0.5}, "103": {"0": 1.0}, "104": {"0": 1.0}, "105": {"0": 1.0}, "106": {"0": 1.0}, "107": {"0": 1.0}, "108": {"1": 0.5, "3": 0.5}, "109": {"0": 1.0}, "110": {"2": 0.6666666666666666, "3": 0.3333333333333333}, "111": {"1": 0.4, "2": 0.2, "4": 0.4}, "112": {"1": 0.5555555555555556, "2": 0.2222222222222222, "3": 0.2222222222222222}, "113": {"1": 0.4444444444444444, "2": 0.4444444444444444, "3": 0.1111111111111111}, "114": {"1": 0.5833333333333334, "2": 0.25, "3": 0.08333333333333333, "4": 0.08333333333333333}, "115": {"1": 0.3333333333333333, "2": 0.5, "3": 0.16666666666666666}, "116": {"1": 0.5555555555555556, "2": 0.3333333333333333, "6": 0.1111111111111111}, "117": {"1": 0.4444444444444444, "2": 0.3333333333333333, "4": 0.1111111111111111, "6": 0.1111111111111111}, "118": {"1": 0.3333333333333333, "2": 0.2222222222222222, "3": 0.3333333333333333, "4": 0.1111111111111111}, "119": {"1": 0.5555555555555556, "2": 0.1111111111111111, "3": 0.1111111111111111, "4": 0.2222222222222222}, "120": {"1": 0.42857142857142855, "2": 0.2857142857142857, "3": 0.14285714285714285, "4": 0.14285714285714285}, "121": {"1": 0.5833333333333334, "2": 0.25, "3": 0.08333333333333333, "4": 0.08333333333333333}, "122": {"1": 0.3333333333333333, "2": 0.5555555555555556, "3": 0.1111111111111111}, "123": {"1": 0.1111111111111111, "2": 0.5555555555555556, "3": 0.3333333333333333}, "124": {"1": 0.25, "2": 0.25, "3": 0.25, "4": 0.25}, "125": {"1": 0.5454545454545454, "2": 0.18181818181818182, "3": 0.18181818181818182, "4": 0.09090909090909091}, "126": {"1": 0.45454545454545453, "2": 0.36363636363636365, "3": 0.09090909090909091, "4": 0.09090909090909091}, "127": {"1": 0.5, "2": 0.2, "3": 0.2, "5": 0.1}, "128": {"1": 0.6363636363636364, "3": 0.2727272727272727, "4": 0.09090909090909091}, "129": {"1": 0.1111111111111111, "2": 0.5555555555555556, "3": 0.3333333333333333}, "130": {"1": 0.25, "2": 0.375, "3": 0.125, "4": 0.125, "5": 0.125}, "131": {"1": 0.3, "2": 0.5, "3": 0.1, "4": 0.1}, "132": {"1": 0.4, "2": 0.5, "3": 0.1}, "133": {"1": 0.4, "2": 0.2, "3": 0.4}, "134": {"0": 1.0}, "135": {"0": 1.0}, "136": {"1": 0.5, "2": 0.5}, "137": {"3": 1.0}, "138": {"0": 1.0}}, "p0": {"0": {"0": 1.0}, "1": {"0": 1.0}, "2": {"0": 1.0}, "3": {"0": 1.0}, "4": {"0": 1.0}, "5": {"0": 1.0}, "6": {"0": 1.0}, "7": {"0": 1.0}, "8": {"0": 1.0}, "9": {"0": 1.0}, "10": {"0": 1.0}, "11": {"0": 1.0}, "12": {"0": 1.0}, "13": {"0": 1.0}, "14": {"0": 1.0}, "15": {"0": 1.0},