{"p3": {"0": {"0": 1.0}, "1": {"0": 1.0}, "2": {"0": 1.0}, "3": {"0": 1.0}, "4": {"2": 0.5, "3": 0.5}, "5": {"1": 0.25, "2": 0.25, "3": 0.5}, "6": {"1": 0.3333333333333333, "2": 0.4444444444444444, "3": 0.2222222222222222}, "7": {"2": 0.7142857142857143, "3": 0.14285714285714285, "4": 0.14285714285714285}, "8": {"1": 0.3333333333333333, "2": 0.3333333333333333, "3": 0.3333333333333333}, "9": {"1": 0.3333333333333333, "2": 0.3333333333333333, "3": 0.16666666666666666, "4": 0.16666666666666666}, "10": {"1": 0.2, "2": 0.6, "3": 0.2}, "11": {"1": 0.5, "3": 0.25, "4": 0.25}, "12": {"0": 1.0}, "13": {"1": 0.5, "2": 0.25, "3": 0.25}, "14": {"0": 1.0}, "15": {"1": 0.42857142857142855, "2": 0.5714285714285714}, "16": {"1": 0.3333333333333333, "2": 0.3333333333333333, "3": 0.16666666666666666, "4": 0.16666666666666666}, "17": {"1": 0.3333333333333333, "2": 0.3333333333333333, "3": 0.3333333333333333}, "18": {"1": 0.3333333333333333, "2": 0.6666666666666666}, "19": {"1": 0.14285714285714285, "2": 0.5714285714285714, "3": 0.2857142857142857}, "20": {"1": 0.5, "4": 0.5}, "21": {"1": 0.6666666666666666, "2": 0.16666666666666666, "3": 0.16666666666666666}, "22": {"1": 0.375, "2": 0.375, "3": 0.125, "4": 0.125}, "23": {"1": 0.3333333333333333, "2": 0.3333333333333333, "3": 0.3333333333333333}, "24": {"1": 0.3333333333333333, "2": 0.3333333333333333, "4": 0.3333333333333333}, "25": {"1": 0.3333333333333333, "2": 0.6666666666666666}, "26": {"1": 0.16666666666666666, "2": 0.3333333333333333, "3": 0.5}, "27": {"1": 0.3333333333333333, "2": 0.3333333333333333, "3": 0.3333333333333333}, "28": {"2": 0.4, "3": 0.4, "4": 0.2}, "29": {"1": 0.625, "2": 0.25, "3": 0.125}, "30": {"0": 1.0}, "31": {"0": 1.0}, "32": {"0": 1.0}, "33": {"0": 1.0}, "34": {"0": 1.0}, "35": {"0": 1.0}, "36": {"0": 1.0}, "37": {"0": 1.0}, "38": {"0": 1.0}, "39": {"0": 1.0}, "40": {"0": 1.0}, "41": {"1": 1.0}, "42": {"0": 1.0}, "43": {"1": 0.4, "2": 0.4, "3": 0.2}, "44": {"1": 1.0}, "45": {"1": 0.5, "2": 0.25, "3": 0.25}, "46": {"1": 0.5, "2": 0.16666666666666666, "3": 0.3333333333333333}, "47": {"1": 0.2, "2": 0.6, "3": 0.2}, "48": {"1": 1.0}, "49": {"1": 0.25, "2": 0.5, "5": 0.25}, "50": {"1": 0.3333333333333333, "2": 0.4444444444444444, "4": 0.1111111111111111, "5": 0.1111111111111111}, "51": {"1": 0.5454545454545454, "2": 0.18181818181818182, "3": 0.18181818181818182, "4": 0.09090909090909091}, "52": {"1": 0.45454545454545453, "2": 0.2727272727272727, "3": 0.2727272727272727}, "53": {"0": 1.0}, "54": {"1": 0.2, "2": 0.6, "3": 0.2}, "55": {"1": 0.6, "2": 0.1, "3": 0.2, "6": 0.1}, "56": {"1": 0.5, "2": 0.2, "3": 0.1, "4": 0.2}, "57": {"1": 0.4, "2": 0.2, "3": 0.4}, "58": {"1": 0.3333333333333333, "2": 0.3333333333333333, "3": 0.3333333333333333}, "59": {"1": 0.25, "2": 0.25, "3": 0.375, "5": 0.125}, "60": {"1": 0.2222222222222222, "2": 0.5555555555555556, "4": 0.2222222222222222}, "61": {"1": 0.4444444444444444, "2": 0.2222222222222222, "3": 0.2222222222222222, "6": 0.1111111111111111}, "62": {"1": 0.25, "2": 0.5, "5": 0.25}, "63": {"2": 1.0}, "64": {"1": 0.4, "2": 0.2, "3": 0.4}, "65": {"1": 0.5, "2": 0.16666666666666666, "3": 0.3333333333333333}, "66": {"2": 0.6666666666666666, "5": 0.3333333333333333}, "67": {"1": 0.3333333333333333, "2": 0.2222222222222222, "3": 0.4444444444444444}, "68": {"1": 0.3333333333333333, "2": 0.6666666666666666}, "69": {"1": 0.25, "2": 0.5, "3": 0.25}, "70": {"0": 1.0}, "71": {"1": 0.5, "2": 0.5}, "72": {"0": 1.0}, "73": {"0": 1.0}, "74": {"0": 1.0}, "75": {"0": 1.0}, "76": {"0": 1.0}, "77": {"2": 0.5, "3": 0.25, "4": 0.25}, "78": {"0": 1.0}, "79": {"0": 1.0}, "80": {"1": 0.3333333333333333, "2": 0.16666666666666666, "3": 0.5}, "81": {"1": 0.4, "2": 0.2, "3": 0.4}, "82": {"0": 1.0}, "83": {"0": 1.0}, "84": {"1": 0.4, "2": 0.3, "3": 0.2, "4": 0.1}, "85": {"1": 0.3, "2": 0.5, "3": 0.1, "4": 0.1}, "86": {"0": 1.0}}, "p0": {"0": {"0": 1.0}, "1": {"0": 1.0}, "2": {"0": 1.0}, "3": {"0": 1.0}, "4": {"0": 1.0}, "5": {"0": 1.0}, "6": {"0": 1.0}, "7": {"0": 1.0}, "8": {"0": 1.0}, "9": {"0": 1.0}, "10": {"0": 1.0}, "11": {"0": 1.0}, "12": {"0": 1.0}, "13": {"0": 1.0}, "14": {"0": 1.0}, "15": {"0": 1.0}, "16": {"0": 1.0}, "17": {"0": 1.0}, "18": {"0": 1.0}, "19": {"0": 1.0}, "20": {"0": 1.0}, "21": {"0": 1.0}, "22": {"0": 1.0}, "23": {"0": 1.0}, "24": {"0": 1.0}, "25": {"0": 1.0}, "26": {"0": 1.0}, "27": {"0": 1.0}, "28": {"0": 1.0}, "29": {"0": 1.0}, "30": {"0": 1.0}, "31": {"0": 1.0}, "32": {"0": 1.0}, "33": {"0": 1.0}, "34": {"0": 1.0}, "35": {"0": 1.0}, "36": {"0": 1.0}, "37": {"0": 1.0}, "38": {"0": 1.0}, "39": {"0": 1.0}, "40": {"0": 1.0}, "41": {"0": 1.0}, "42": {"0": 1.0}, "43": {"0": 1.0}, "44": {"0": 1.0}, "45": {"0": 1.0}, "46": {"0": 1.0}, "47": {"0": 1.0}, "48": {"0": 1.0}, "49": {"0": 1.0}, "50": {"0": 1.0}, "51": {"0": 1.0}, "52": {"0": 1.0}, "53": {"0": 1.0}, "54": {"0": 1.0}, "55": {"0": 1.0}, "56": {"0": 1.0}, "57": {"0": 1.0}, "58": {"0": 1.0}, "59": {"0": 1.0}, "60": {"0": 1.0}, "61": {"0": 1.0}, "62": {"0": 1.0}, "63": {"0": 1.0}, "64": {"0": 1.0}, "65": {"0": 1.0}, "66": {"0": 1.0}, "67": {"0": 1.0}, "68": {"0": 1.0}, "69": {"0": 1.0}, "70": {"0": 1.0}, "71": {"0": 1.0}, "72": {"0": 1.0}, "73": {"0": 1.0}, "74": {"0": 1.0}, "75": {"0": 1.0}, "76": {"0": 1.0}, "77": {"0": 1.0}, "78": {"0": 1.0}, "79": {"0": 1.0}, "80": {"0": 1.0}, "81": {"0": 1.0}, "82": {"0": 1.0}, "83": {"0": 1.0}, "84": {"0": 1.0}, "85": {"0": 1.0}, "86": {"0": 1.0}}, "p2": {"0": {"0": 1.0}, "1": {"0": 1.0}, "2": {"0": 1.0}, "3": {"0": 1.0}, "4": {"0": 1.0}, "5": {"0": 1.0}, "6": {"0": 1.0}, "7": {"0": 1.0}, "8": {"0": 1.0}, "9": {"0": 1.0}, "10": {"0": 1.0}, "11": {"0": 1.0}, "12": {"0": 1.0}, "13": {"0": 1.0}, "14": {"0": 1.0}, "15": {"0": 1.0}, "16": {"0": 1.0}, "17": {"0": 1.0}, "18": {"0": 1.0}, "19": {"0": 1.0}, "20": {"0": 1.0}, "21": {"0": 1.0}, "22": {"0": 1.0}, "23": {"0": 1.0}, "24": {"0": 1.0}, "25": {"0": 1.0}, "26": {"0": 1.0}, "27": {"0": 1.0}, "28": {"0": 1.0}, "29": {"0": 1.0}, "30": {"0": 1.0}, "31": {"0": 1.0}, "32": {"0": 1.0}, "33": {"0": 1.0}, "34": {"0": 1.0}, "35": {"0": 1.0}, "36": {"0": 1.0}, "37": {"0": 1.0}, "38": {"0": 1.0}, "39": {"0": 1.0}, "40": {"0": 1.0}, "41": {"0": 1.0}, "42": {"0": 1.0}, "43": {"0": 1.0}, "44": {"0": 1.0}, "45": {"0": 1.0}, "46": {"0": 1.0}, "47": {"0": 1.0}, "48": {"0": 1.0}, "49": {"0": 1.0}, "50": {"0": 1.0}, "51": {"0": 1.0}, "52": {"0": 1.0}, "53": {"0": 1.0}, "54": {"0": 1.0}, "55": {"0": 1.0}, "56": {"0": 1.0}, "57": {"0": 1.0}, "58": {"0": 1.0}, "59": {"0": 1.0}, "60": {"0": 1.0}, "61": {"0": 1.0}, "62": {"0": 1.0}, "63": {"0": 1.0}, "64": {"0": 1.0}, "65": {"0": 1.0}, "66": {"0": 1.0}, "67": {"0": 1.0}, "68": {"0": 1.0}, "69": {"0": 1.0}, "70": {"0": 1.0}, "71": {"0": 1.0}, "72": {"0": 1.0}, "73": {"0": 1.0}, "74": {"0": 1.0}, "75": {"0": 1.0}, "76": {"0": 1.0}, "77": {"0": 1.0}, "78": {"0": 1.0}, "79": {"0": 1.0}, "80": {"0": 1.0}, "81": {"0": 1.0}, "82": {"0": 1.0}, "83": {"0": 1.0}, "84": {"0": 1.0}, "85": {"0": 1.0}, "86": {"0": 1.0}}, "p1": {"0": {"0": 1.0}, "1": {"0": 1.0}, "2": {"0": 1.0}, "3": {"0": 1.0}, "4": {"0": 1.0}, "5": {"0": 1.0}, "6": {"0": 1.0}, "7": {"0": 1.0}, "8": {"0": 1.0}, "9": {"0": 1.0}, "10": {"0": 1.0}, "11": {"0": 1.0}, "12": {"0": 1.0}, "13": {"0": 1.0}, "14": {"0": 1.0}, "15": {"0": 1.0}, "16": {"0": 1.0}, "17": {"0": 1.0}, "18": {"0": 1.0}, "19": {"0": 1.0}, "20": {"0": 1.0}, "21": {"0": 1.0}, "22": {"0": 1.0}, "23": {"0": 1.0}, "24": {"0": 1.0}, "25": {"0": 1.0}, "26": {"0": 1.0}, "27": {"0": 1.0}, "28": {"0": 1.0}, "29": {"0": 1.0}, "30": {"0": 1.0}, "31": {"0": 1.0}, "32": {"0": 1.0}, "33": {"0": 1.0}, "34": {"0": 1.0}, "35": {"0": 1.0}, "36": {"0": 1.0}, "37": {"0": 1.0}, "38": {"0": 1.0}, "39": {"0": 1.0}, "40": {"0": 1.0}, "41": {"0": 1.0}, "42": {"0": 1.0}, "43": {"0": 1.0}, "44": {"0": 1.0}, "45": {"0": 1.0}, "46": {"0": 1.0}, "47": {"0": 1.0}, "48": {"0": 1.0}, "49": {"0": 1.0}, "50": {"0": 1.0}, "51": {"0": 1.0}, "52": {"0": 1.0}, "53": {"0": 1.0}, "54": {"0": 1.0}, "55": {"0": 1.0},