{"p0": {"0": {"0": 1.0}, "1": {"0": 1.0}, "2": {"0": 1.0}, "3": {"0": 1.0}, "4": {"0": 1.0}, "5": {"0": 1.0}, "6": {"0": 1.0}, "7": {"0": 1.0}, "8": {"0": 1.0}, "9": {"0": 1.0}, "10": {"0": 1.0}, "11": {"0": 1.0}, "12": {"0": 1.0}, "13": {"0": 1.0}, "14": {"0": 1.0}, "15": {"0": 1.0}, "16": {"0": 1.0}, "17": {"0": 1.0}, "18": {"0": 1.0}, "19": {"0": 1.0}, "20": {"0": 1.0}, "21": {"0": 1.0}, "22": {"0": 1.0}, "23": {"0": 1.0}, "24": {"0": 1.0}, "25": {"0": 1.0}, "26": {"0": 1.0}, "27": {"0": 1.0}, "28": {"0": 1.0}, "29": {"0": 1.0}, "30": {"0": 1.0}, "31": {"0": 1.0}, "32": {"0": 1.0}, "33": {"0": 1.0}, "34": {"0": 1.0}, "35": {"0": 1.0}, "36": {"0": 1.0}, "37": {"0": 1.0}, "38": {"0": 1.0}, "39": {"0": 1.0}, "40": {"0": 1.0}, "41": {"0": 1.0}, "42": {"0": 1.0}, "43": {"0": 1.0}, "44": {"0": 1.0}, "45": {"0": 1.0}, "46": {"0": 1.0}, "47": {"0": 1.0}, "48": {"0": 1.0}, "49": {"0": 1.0}, "50": {"0": 1.0}, "51": {"0": 1.0}, "52": {"0": 1.0}, "53": {"0": 1.0}, "54": {"0": 1.0}, "55": {"0": 1.0}, "56": {"0": 1.0}, "57": {"0": 1.0}, "58": {"0": 1.0}, "59": {"0": 1.0}, "60": {"0": 1.0}, "61": {"0": 1.0}, "62": {"0": 1.0}, "63": {"0": 1.0}, "64": {"0": 1.0}, "65": {"0": 1.0}, "66": {"0": 1.0}, "67": {"0": 1.0}, "68": {"0": 1.0}, "69": {"0": 1.0}}, "p4": {"0": {"0": 1.0}, "1": {"0": 1.0}, "2": {"0": 1.0}, "3": {"0": 1.0}, "4": {"1": 0.3333333333333333, "2": 0.3333333333333333, "3": 0.23809523809523808, "4": 0.04081632653061224, "5": 0.034013605442176874, "6": 0.013605442176870748, "8": 0.006802721088435374}, "5": {"1": 0.3548387096774194, "2": 0.3096774193548387, "3": 0.2129032258064516, "4": 0.06451612903225806, "5": 0.01935483870967742, "6": 0.03225806451612903, "7": 0.0064516129032258064}, "6": {"1": 0.3815789473684211, "2": 0.3092105263157895, "3": 0.11842105263157894, "4": 0.125, "5": 0.05263157894736842, "6": 0.013157894736842105}, "7": {"1": 0.3496932515337423, "2": 0.3558282208588957, "3": 0.1411042944785276, "4": 0.09815950920245399, "5": 0.03680981595092025, "6": 0.012269938650306749, "7": 0.006134969325153374}, "8": {"1": 0.39520958083832336, "2": 0.31137724550898205, "3": 0.17365269461077845, "4": 0.0658682634730539, "5": 0.041916167664670656, "6": 0.011976047904191617}, "9": {"1": 0.35664335664335667, "2": 0.26573426573426573, "3": 0.2097902097902098, "4": 0.11188811188811189, "5": 0.04895104895104895, "7": 0.006993006993006993}, "10": {"1": 0.3291139240506329, "2": 0.33544303797468356, "3": 0.189873417721519, "4": 0.10126582278481013, "5": 0.04430379746835443}, "11": {"1": 0.32167832167832167, "2": 0.32867132867132864, "3": 0.16083916083916083, "4": 0.11888111888111888, "5": 0.055944055944055944, "6": 0.013986013986013986}, "12": {"1": 0.3067484662576687, "2": 0.37423312883435583, "3": 0.17791411042944785, "4": 0.08588957055214724, "5": 0.049079754601226995, "6": 0.006134969325153374}, "13": {"1": 0.30303030303030304, "2": 0.3575757575757576, "3": 0.23030303030303031, "4": 0.03636363636363636, "5": 0.048484848484848485, "6": 0.024242424242424242}, "14": {"1": 0.33121019108280253, "2": 0.35668789808917195, "3": 0.17834394904458598, "4": 0.07006369426751592, "5": 0.050955414012738856, "7": 0.006369426751592357, "8": 0.006369426751592357}, "15": {"1": 0.37349397590361444, "2": 0.3132530120481928, "3": 0.1927710843373494, "4": 0.08433734939759036, "5": 0.024096385542168676, "6": 0.006024096385542169, "7": 0.006024096385542169}, "16": {"1": 0.4, "2": 0.28, "3": 0.20666666666666667, "4": 0.06666666666666667, "5": 0.04, "6": 0.006666666666666667}, "17": {"1": 0.34507042253521125, "2": 0.3591549295774648, "3": 0.16901408450704225, "4": 0.09154929577464789, "5": 0.028169014084507043, "7": 0.007042253521126761}, "18": {"1": 0.42857142857142855, "2": 0.2571428571428571, "3": 0.12142857142857143, "4": 0.14285714285714285, "5": 0.04285714285714286, "6": 0.007142857142857143}, "19": {"1": 0.3157894736842105, "2": 0.3684210526315789, "3": 0.18796992481203006, "4": 0.06015037593984962, "5": 0.03759398496240601, "6": 0.03007518796992481}, "20": {"1": 0.39855072463768115, "2": 0.2826086956521739, "3": 0.21739130434782608, "4": 0.057971014492753624, "5": 0.028985507246376812, "6": 0.007246376811594203, "8": 0.007246376811594203}, "21": {"1": 0.4, "2": 0.28888888888888886, "3": 0.18518518518518517, "4": 0.05925925925925926, "5": 0.037037037037037035, "6": 0.022222222222222223, "7": 0.007407407407407408}, "22": {"1": 0.3577981651376147, "2": 0.22018348623853212, "3": 0.24770642201834864, "4": 0.11926605504587157, "5": 0.027522935779816515, "6": 0.027522935779816515}, "23": {"1": 0.41353383458646614, "2": 0.2857142857142857, "3": 0.15037593984962405, "4": 0.09774436090225563, "5": 0.03759398496240601, "6": 0.015037593984962405}, "24": {"1": 0.3949579831932773, "2": 0.31092436974789917, "3": 0.13445378151260504, "4": 0.10084033613445378, "5": 0.01680672268907563, "6": 0.03361344537815126, "7": 0.008403361344537815}, "25": {"1": 0.31868131868131866, "2": 0.3076923076923077, "3": 0.2087912087912088, "4": 0.12087912087912088, "5": 0.03296703296703297, "6": 0.01098901098901099}, "26": {"1": 0.4111111111111111, "2": 0.23333333333333334, "3": 0.2222222222222222, "4": 0.07777777777777778, "5": 0.05555555555555555}, "27": {"1": 0.35714285714285715, "2": 0.2857142857142857, "3": 0.20238095238095238, "4": 0.10714285714285714, "5": 0.03571428571428571, "6": 0.011904761904761904}, "28": {"1": 0.3764705882352941, "2": 0.27058823529411763, "3": 0.17647058823529413, "4": 0.09411764705882353, "5": 0.08235294117647059}, "29": {"1": 0.42592592592592593, "2": 0.18518518518518517, "3": 0.2222222222222222, "4": 0.1111111111111111, "5": 0.018518518518518517, "6": 0.018518518518518517, "8": 0.018518518518518517}, "30": {"1": 0.37735849056603776, "2": 0.2830188679245283, "3": 0.20754716981132076, "4": 0.11320754716981132, "6": 0.018867924528301886}, "31": {"1": 0.3387096774193548, "2": 0.2903225806451613, "3": 0.25806451612903225, "4": 0.04838709677419355, "5": 0.06451612903225806}, "32": {"1": 0.24489795918367346, "2": 0.32653061224489793, "3": 0.2857142857142857, "4": 0.10204081632653061, "5": 0.04081632653061224}, "33": {"1": 0.3275862068965517, "2": 0.3620689655172414, "3": 0.1206896551724138, "4": 0.1206896551724138, "5": 0.06896551724137931}, "34": {"1": 0.29411764705882354, "2": 0.23529411764705882, "3": 0.23529411764705882, "4": 0.11764705882352941, "5": 0.08823529411764706, "6": 0.029411764705882353}, "35": {"1": 0.4, "2": 0.26666666666666666, "3": 0.16666666666666666, "4": 0.16666666666666666}, "36": {"1": 0.42857142857142855, "2": 0.2, "3": 0.2571428571428571, "4": 0.02857142857142857, "5": 0.08571428571428572}, "37": {"1": 0.4, "2": 0.35555555555555557, "3": 0.15555555555555556, "4": 0.06666666666666667, "6": 0.022222222222222223}, "38": {"1": 0.3191489361702128, "2": 0.2978723404255319, "3": 0.2765957446808511, "4": 0.06382978723404255, "5": 0.0425531914893617}, "39": {"1": 0.3157894736842105, "2": 0.40350877192982454, "3": 0.15789473684210525, "4": 0.10526315789473684, "5": 0.017543859649122806}, "40": {"1": 0.38461538461538464, "2": 0.24615384615384617, "3": 0.23076923076923078, "4": 0.1076923076923077, "5": 0.015384615384615385, "6": 0.015384615384615385}, "41": {"1": 0.36231884057971014, "2": 0.36231884057971014, "3": 0.2028985507246377, "4": 0.057971014492753624, "6": 0.014492753623188406}, "42": {"1": 0.43023255813953487, "2": 0.27906976744186046, "3": 0.1511627906976744, "4": 0.10465116279069768, "5": 0.03488372093023256}, "43": {"1": 0.40217391304347827, "2": 0.31521739130434784, "3": 0.16304347826086957, "4": 0.08695652173913043, "5": 0.03260869565217391}, "44": {"1": 0.30612244897959184, "2": 0.3673469387755102, "3": 0.21428571428571427, "4": 0.07142857142857142, "5": 0.030612244897959183, "6": 0.01020408163265306}, "45": {"1": 0.308411214953271, "2": 0.32710280373831774, "3": 0.24299065420560748, "4": 0.09345794392523364, "5": 0.028037383177570093}, "46": {"1": 0.3431372549019608, "2": 0.24509803921568626, "3": 0.2647058823529412, "4": 0.09803921568627451,