{"p5": {"0": {"0": 1.0}, "1": {"0": 1.0}, "2": {"0": 1.0}, "3": {"0": 1.0}, "4": {"0": 1.0}, "5": {"2": 0.5, "3": 0.16666666666666666, "5": 0.16666666666666666, "6": 0.16666666666666666}, "6": {"2": 0.4, "3": 0.2, "4": 0.2, "5": 0.2}, "7": {"2": 0.2, "3": 0.4, "4": 0.2, "6": 0.2}, "8": {"1": 0.14285714285714285, "2": 0.5714285714285714, "3": 0.14285714285714285, "4": 0.14285714285714285}, "9": {"1": 0.2, "2": 0.4, "3": 0.2, "4": 0.2}, "10": {"1": 0.6666666666666666, "3": 0.3333333333333333}, "11": {"0": 1.0}, "12": {"2": 0.3333333333333333, "3": 0.3333333333333333, "4": 0.3333333333333333}, "13": {"1": 0.5, "2": 0.25, "5": 0.25}, "14": {"1": 0.3333333333333333, "2": 0.16666666666666666, "3": 0.16666666666666666, "4": 0.3333333333333333}, "15": {"2": 0.3333333333333333, "3": 0.6666666666666666}, "16": {"1": 0.5, "4": 0.25, "5": 0.25}, "17": {"3": 0.8333333333333334, "4": 0.16666666666666666}, "18": {"6": 1.0}, "19": {"3": 1.0}, "20": {"2": 0.5, "4": 0.5}, "21": {"3": 0.5, "6": 0.5}, "22": {"4": 1.0}, "23": {"1": 0.5, "2": 0.5}, "24": {"4": 1.0}, "25": {"2": 0.5, "3": 0.5}, "26": {"1": 0.6666666666666666, "5": 0.3333333333333333}, "27": {"1": 0.3333333333333333, "2": 0.16666666666666666, "3": 0.3333333333333333, "4": 0.16666666666666666}, "28": {"1": 0.25, "2": 0.5, "4": 0.25}, "29": {"1": 0.2, "2": 0.6, "6": 0.2}, "30": {"0": 1.0}, "31": {"1": 0.5, "3": 0.5}, "32": {"1": 0.2, "3": 0.6, "4": 0.2}, "33": {"1": 0.3333333333333333, "3": 0.3333333333333333, "4": 0.3333333333333333}, "34": {"4": 1.0}, "35": {"0": 1.0}, "36": {"0": 1.0}, "37": {"0": 1.0}, "38": {"0": 1.0}, "39": {"0": 1.0}, "40": {"0": 1.0}, "41": {"0": 1.0}, "42": {"0": 1.0}, "43": {"0": 1.0}, "44": {"0": 1.0}, "45": {"0": 1.0}, "46": {"0": 1.0}, "47": {"0": 1.0}, "48": {"0": 1.0}, "49": {"1": 0.25, "2": 0.25, "3": 0.25, "4": 0.25}, "50": {"0": 1.0}, "51": {"0": 1.0}, "52": {"0": 1.0}, "53": {"2": 0.6666666666666666, "5": 0.3333333333333333}, "54": {"1": 0.125, "2": 0.25, "3": 0.625}, "55": {"2": 0.6666666666666666, "3": 0.3333333333333333}, "56": {"1": 0.3333333333333333, "3": 0.6666666666666666}, "57": {"1": 0.4, "2": 0.2, "4": 0.4}, "58": {"2": 0.5, "3": 0.5}, "59": {"2": 0.5, "4": 0.3333333333333333, "6": 0.16666666666666666}, "60": {"1": 0.2857142857142857, "2": 0.14285714285714285, "3": 0.14285714285714285, "4": 0.2857142857142857, "5": 0.14285714285714285}, "61": {"1": 0.375, "3": 0.5, "5": 0.125}, "62": {"1": 0.25, "2": 0.25, "3": 0.25, "4": 0.25}, "63": {"1": 0.25, "3": 0.75}, "64": {"2": 0.2857142857142857, "3": 0.5714285714285714, "4": 0.14285714285714285}, "65": {"2": 0.625, "3": 0.25, "4": 0.125}, "66": {"1": 0.14285714285714285, "2": 0.42857142857142855, "3": 0.14285714285714285, "4": 0.14285714285714285, "6": 0.14285714285714285}, "67": {"1": 0.125, "2": 0.375, "3": 0.375, "4": 0.125}, "68": {"2": 0.25, "3": 0.75}, "69": {"2": 0.16666666666666666, "3": 0.3333333333333333, "4": 0.5}, "70": {"1": 0.2857142857142857, "3": 0.42857142857142855, "4": 0.14285714285714285, "5": 0.14285714285714285}, "71": {"1": 0.4, "3": 0.2, "4": 0.2, "6": 0.2}, "72": {"1": 0.16666666666666666, "2": 0.3333333333333333, "3": 0.3333333333333333, "4": 0.16666666666666666}, "73": {"2": 0.6666666666666666, "3": 0.16666666666666666, "4": 0.16666666666666666}, "74": {"1": 0.25, "2": 0.25, "3": 0.25, "4": 0.25}, "75": {"0": 1.0}, "76": {"0": 1.0}, "77": {"0": 1.0}, "78": {"1": 0.5, "4": 0.25, "5": 0.25}, "79": {"2": 0.6666666666666666, "5": 0.3333333333333333}, "80": {"0": 1.0}, "81": {"0": 1.0}, "82": {"0": 1.0}, "83": {"0": 1.0}, "84": {"0": 1.0}, "85": {"1": 0.25, "2": 0.25, "4": 0.5}, "86": {"0": 1.0}, "87": {"0": 1.0}, "88": {"1": 0.3333333333333333, "2": 0.3333333333333333, "3": 0.3333333333333333}, "89": {"0": 1.0}, "90": {"0": 1.0}, "91": {"1": 0.25, "2": 0.5, "5": 0.25}, "92": {"1": 0.5, "4": 0.25, "5": 0.25}, "93": {"0": 1.0}, "94": {"1": 0.16666666666666666, "2": 0.3333333333333333, "5": 0.5}, "95": {"4": 1.0}, "96": {"1": 0.3333333333333333, "3": 0.6666666666666666}, "97": {"2": 0.6, "3": 0.2, "4": 0.2}, "98": {"1": 0.25, "2": 0.375, "3": 0.25, "6": 0.125}, "99": {"2": 0.42857142857142855, "3": 0.2857142857142857, "4": 0.2857142857142857}, "100": {"0": 1.0}, "101": {"2": 0.3333333333333333, "3": 0.5, "4": 0.16666666666666666}, "102": {"1": 0.25, "2": 0.375, "4": 0.375}, "103": {"1": 0.375, "2": 0.375, "5": 0.125, "6": 0.125}, "104": {"1": 0.3333333333333333, "3": 0.3333333333333333, "5": 0.3333333333333333}, "105": {"2": 0.3333333333333333, "3": 0.6666666666666666}, "106": {"1": 0.25, "2": 0.25, "3": 0.25, "6": 0.25}, "107": {"1": 0.14285714285714285, "2": 0.2857142857142857, "3": 0.2857142857142857, "4": 0.14285714285714285, "5": 0.14285714285714285}, "108": {"1": 0.2857142857142857, "2": 0.14285714285714285, "3": 0.14285714285714285, "4": 0.2857142857142857, "5": 0.14285714285714285}, "109": {"1": 0.125, "2": 0.375, "3": 0.375, "4": 0.125}, "110": {"1": 0.14285714285714285, "2": 0.42857142857142855, "3": 0.14285714285714285, "4": 0.14285714285714285, "6": 0.14285714285714285}, "111": {"1": 0.14285714285714285, "2": 0.14285714285714285, "3": 0.42857142857142855, "4": 0.2857142857142857}, "112": {"4": 0.5, "5": 0.5}, "113": {"2": 0.25, "3": 0.75}, "114": {"1": 0.2857142857142857, "2": 0.42857142857142855, "3": 0.14285714285714285, "6": 0.14285714285714285}, "115": {"1": 0.2857142857142857, "2": 0.42857142857142855, "4": 0.2857142857142857}, "116": {"4": 1.0}, "117": {"0": 1.0}, "118": {"0": 1.0}, "119": {"0": 1.0}, "120": {"0": 1.0}, "121": {"0": 1.0}, "122": {"0": 1.0}}, "p0": {"0": {"0": 1.0}, "1": {"0": 1.0}, "2": {"0": 1.0}, "3": {"0": 1.0}, "4": {"0": 1.0}, "5": {"0": 1.0}, "6": {"0": 1.0}, "7": {"0": 1.0}, "8": {"0": 1.0}, "9": {"0": 1.0}, "10": {"0": 1.0}, "11": {"0": 1.0}, "12": {"0": 1.0}, "13": {"0": 1.0}, "14": {"0": 1.0}, "15": {"0": 1.0}, "16": {"0": 1.0}, "17": {"0": 1.0}, "18": {"0": 1.0}, "19": {"0": 1.0}, "20": {"0": 1.0}, "21": {"0": 1.0}, "22": {"0": 1.0}, "23": {"0": 1.0}, "24": {"0": 1.0}, "25": {"0": 1.0}, "26": {"0": 1.0}, "27": {"0": 1.0}, "28": {"0": 1.0}, "29": {"0": 1.0}, "30": {"0": 1.0}, "31": {"0": 1.0}, "32": {"0": 1.0}, "33": {"0": 1.0}, "34": {"0": 1.0}, "35": {"0": 1.0}, "36": {"0": 1.0}, "37": {"0": 1.0}, "38": {"0": 1.0}, "39": {"0": 1.0}, "40": {"0": 1.0}, "41": {"0": 1.0}, "42": {"0": 1.0}, "43": {"0": 1.0}, "44": {"0": 1.0}, "45": {"0": 1.0}, "46": {"0": 1.0}, "47": {"0": 1.0}, "48": {"0": 1.0}, "49": {"0": 1.0}, "50": {"0": 1.0}, "51": {"0": 1.0}, "52": {"0": 1.0}, "53": {"0": 1.0}, "54": {"0": 1.0}, "55": {"0": 1.0}, "56": {"0": 1.0}, "57": {"0": 1.0}, "58": {"0": 1.0}, "59": {"0": 1.0}, "60": {"0": 1.0}, "61": {"0": 1.0}, "62": {"0": 1.0}, "63": {"0": 1.0}, "64": {"0": 1.0}, "65": {"0": 1.0}, "66": {"0": 1.0}, "67": {"0": 1.0}, "68": {"0": 1.0}, "69": {"0": 1.0}, "70": {"0": 1.0}, "71": {"0": 1.0}, "72": {"0": 1.0}, "73": {"0": 1.0}, "74": {"0": 1.0}, "75": {"0": 1.0}, "76": {"0": 1.0}, "77": {"0": 1.0}, "78": {"0": 1.0}, "79": {"0": 1.0}, "80": {"0": 1.0}, "81": {"0": 1.0}, "82": {"0": 1.0}, "83": {"0": 1.0}, "84": {"0": 1.0}, "85": {"0": 1.0}, "86": {"0": 1.0}, "87": {"0": 1.0}, "88": {"0": 1.0}, "89": {"0": 1.0}, "90": {"0": 1.0}, "91": {"0": 1.0}, "92": {"0": 1.0}, "93": {"0": 1.0}, "94": {"0": 1.0}, "95": {"0": 1.0}, "96": {"0": 1.0}, "97": {"0": 1.0}, "98": {"0": 1.0}, "99": {"0": 1.0}, "100": {"0": 1.0}, "101": {"0": 1.0}, "102": {"0": 1.0}, "103": {"0": 1.0}, "104": {"0": 1.0}, "105": {"0": 1.0}, "106": {"0": 1.0}, "107": {"0": 1.0}, "108": {"0": 1.0}, "109": {"0": 1.0}, "110": {"0": 1.0}, "111": {"0": 1.0}, "112": {"0": 1.0}, "113": {"0": 1.0}, "114": {"0": 1.0}, "115": {"0": 1.0}, "116": {"0": 1.0}, "117": {"0": 1.0}, "118": {"0": 1.0}, "119": {"0": 1.0}, "120": {"0": 1.0}, "121": {"0": 1.0}, "122": {"0": 1.0}}, "p4": {"0": {"0": 1.0}, "1": {"0": 1.0}, "2": {"0": 1.0}, "3": {"0": 1.0}, "4": {"0": 1.0}, "5": {"0": 1.0}, "6": {"0": 1.0}, "7": {"0": 1.0}, "8": {"0": 1.0}, "9": {"0": 1.0}, "10": {"0": 1.0}, "11": {"0": 1.0}, "12": {"0": 1.0},