{"p5": {"0": {"0": 1.0}, "1": {"0": 1.0}, "2": {"0": 1.0}, "3": {"0": 1.0}, "4": {"0": 1.0}, "5": {"1": 0.25, "2": 0.25, "3": 0.25, "5": 0.25}, "6": {"1": 0.5, "2": 0.25, "4": 0.25}, "7": {"1": 0.16666666666666666, "2": 0.16666666666666666, "3": 0.3333333333333333, "4": 0.16666666666666666, "5": 0.16666666666666666}, "8": {"2": 0.6666666666666666, "3": 0.3333333333333333}, "9": {"1": 0.16666666666666666, "2": 0.16666666666666666, "3": 0.6666666666666666}, "10": {"1": 0.16666666666666666, "3": 0.6666666666666666, "5": 0.16666666666666666}, "11": {"1": 0.3333333333333333, "3": 0.3333333333333333, "4": 0.16666666666666666, "7": 0.16666666666666666}, "12": {"2": 0.3333333333333333, "3": 0.5, "4": 0.16666666666666666}, "13": {"2": 0.3333333333333333, "3": 0.3333333333333333, "4": 0.16666666666666666, "6": 0.16666666666666666}, "14": {"1": 0.25, "2": 0.125, "3": 0.5, "4": 0.125}, "15": {"1": 0.14285714285714285, "2": 0.2857142857142857, "3": 0.42857142857142855, "6": 0.14285714285714285}, "16": {"1": 0.125, "2": 0.25, "3": 0.625}, "17": {"1": 0.2857142857142857, "2": 0.2857142857142857, "3": 0.2857142857142857, "8": 0.14285714285714285}, "18": {"1": 0.2857142857142857, "2": 0.2857142857142857, "3": 0.14285714285714285, "4": 0.2857142857142857}, "19": {"2": 0.7142857142857143, "3": 0.14285714285714285, "4": 0.14285714285714285}, "20": {"1": 0.42857142857142855, "2": 0.2857142857142857, "3": 0.14285714285714285, "5": 0.14285714285714285}, "21": {"1": 0.2857142857142857, "3": 0.42857142857142855, "4": 0.14285714285714285, "5": 0.14285714285714285}, "22": {"1": 0.2, "2": 0.2, "3": 0.2, "4": 0.2, "5": 0.2}, "23": {"2": 0.2, "3": 0.2, "4": 0.4, "5": 0.2}, "24": {"2": 0.4, "4": 0.4, "5": 0.2}, "25": {"1": 0.3333333333333333, "2": 0.3333333333333333, "3": 0.16666666666666666, "7": 0.16666666666666666}, "26": {"1": 0.5, "3": 0.16666666666666666, "5": 0.16666666666666666, "6": 0.16666666666666666}, "27": {"1": 0.3333333333333333, "2": 0.3333333333333333, "5": 0.3333333333333333}, "28": {"0": 1.0}, "29": {"0": 1.0}, "30": {"0": 1.0}, "31": {"0": 1.0}, "32": {"0": 1.0}, "33": {"0": 1.0}, "34": {"0": 1.0}, "35": {"0": 1.0}, "36": {"0": 1.0}, "37": {"0": 1.0}, "38": {"0": 1.0}, "39": {"0": 1.0}, "40": {"0": 1.0}, "41": {"0": 1.0}, "42": {"2": 0.42857142857142855, "3": 0.2857142857142857, "4": 0.2857142857142857}, "43": {"1": 0.2, "2": 0.2, "3": 0.2, "4": 0.2, "5": 0.2}, "44": {"2": 0.8, "4": 0.2}, "45": {"0": 1.0}, "46": {"0": 1.0}, "47": {"0": 1.0}, "48": {"0": 1.0}, "49": {"1": 0.25, "2": 0.25, "4": 0.25, "5": 0.25}, "50": {"2": 0.25, "3": 0.75}, "51": {"1": 0.14285714285714285, "2": 0.2857142857142857, "3": 0.2857142857142857, "4": 0.14285714285714285, "5": 0.14285714285714285}, "52": {"1": 0.14285714285714285, "2": 0.2857142857142857, "3": 0.14285714285714285, "4": 0.42857142857142855}, "53": {"2": 0.2857142857142857, "3": 0.5714285714285714, "4": 0.14285714285714285}, "54": {"1": 0.16666666666666666, "2": 0.16666666666666666, "3": 0.16666666666666666, "4": 0.16666666666666666, "5": 0.3333333333333333}, "55": {"1": 0.25, "2": 0.375, "3": 0.125, "4": 0.125, "5": 0.125}, "56": {"1": 0.375, "2": 0.125, "3": 0.25, "4": 0.125, "5": 0.125}, "57": {"1": 0.25, "2": 0.125, "3": 0.5, "4": 0.125}, "58": {"1": 0.25, "2": 0.125, "3": 0.5, "4": 0.125}, "59": {"1": 0.14285714285714285, "2": 0.2857142857142857, "3": 0.2857142857142857, "4": 0.14285714285714285, "5": 0.14285714285714285}, "60": {"1": 0.2857142857142857, "3": 0.42857142857142855, "4": 0.14285714285714285, "5": 0.14285714285714285}, "61": {"2": 0.2857142857142857, "3": 0.5714285714285714, "4": 0.14285714285714285}, "62": {"2": 0.75, "3": 0.25}, "63": {"2": 0.3333333333333333, "3": 0.3333333333333333, "5": 0.3333333333333333}}, "p0": {"0": {"0": 1.0}, "1": {"0": 1.0}, "2": {"0": 1.0}, "3": {"0": 1.0}, "4": {"0": 1.0}, "5": {"0": 1.0}, "6": {"0": 1.0}, "7": {"0": 1.0}, "8": {"0": 1.0}, "9": {"0": 1.0}, "10": {"0": 1.0}, "11": {"0": 1.0}, "12": {"0": 1.0}, "13": {"0": 1.0}, "14": {"0": 1.0}, "15": {"0": 1.0}, "16": {"0": 1.0}, "17": {"0": 1.0}, "18": {"0": 1.0}, "19": {"0": 1.0}, "20": {"0": 1.0}, "21": {"0": 1.0}, "22": {"0": 1.0}, "23": {"0": 1.0}, "24": {"0": 1.0}, "25": {"0": 1.0}, "26": {"0": 1.0}, "27": {"0": 1.0}, "28": {"0": 1.0}, "29": {"0": 1.0}, "30": {"0": 1.0}, "31": {"0": 1.0}, "32": {"0": 1.0}, "33": {"0": 1.0}, "34": {"0": 1.0}, "35": {"0": 1.0}, "36": {"0": 1.0}, "37": {"0": 1.0}, "38": {"0": 1.0}, "39": {"0": 1.0}, "40": {"0": 1.0}, "41": {"0": 1.0}, "42": {"0": 1.0}, "43": {"0": 1.0}, "44": {"0": 1.0}, "45": {"0": 1.0}, "46": {"0": 1.0}, "47": {"0": 1.0}, "48": {"0": 1.0}, "49": {"0": 1.0}, "50": {"0": 1.0}, "51": {"0": 1.0}, "52": {"0": 1.0}, "53": {"0": 1.0}, "54": {"0": 1.0}, "55": {"0": 1.0}, "56": {"0": 1.0}, "57": {"0": 1.0}, "58": {"0": 1.0}, "59": {"0": 1.0}, "60": {"0": 1.0}, "61": {"0": 1.0}, "62": {"0": 1.0}, "63": {"0": 1.0}}, "p1": {"0": {"0": 1.0}, "1": {"0": 1.0}, "2": {"0": 1.0}, "3": {"0": 1.0}, "4": {"0": 1.0}, "5": {"0": 1.0}, "6": {"0": 1.0}, "7": {"0": 1.0}, "8": {"0": 1.0}, "9": {"0": 1.0}, "10": {"0": 1.0}, "11": {"0": 1.0}, "12": {"0": 1.0}, "13": {"0": 1.0}, "14": {"0": 1.0}, "15": {"0": 1.0}, "16": {"0": 1.0}, "17": {"0": 1.0}, "18": {"0": 1.0}, "19": {"0": 1.0}, "20": {"0": 1.0}, "21": {"0": 1.0}, "22": {"0": 1.0}, "23": {"0": 1.0}, "24": {"0": 1.0}, "25": {"0": 1.0}, "26": {"0": 1.0}, "27": {"0": 1.0}, "28": {"0": 1.0}, "29": {"0": 1.0}, "30": {"0": 1.0}, "31": {"0": 1.0}, "32": {"0": 1.0}, "33": {"0": 1.0}, "34": {"0": 1.0}, "35": {"0": 1.0}, "36": {"0": 1.0}, "37": {"0": 1.0}, "38": {"0": 1.0}, "39": {"0": 1.0}, "40": {"0": 1.0}, "41": {"0": 1.0}, "42": {"0": 1.0}, "43": {"0": 1.0}, "44": {"0": 1.0}, "45": {"0": 1.0}, "46": {"0": 1.0}, "47": {"0": 1.0}, "48": {"0": 1.0}, "49": {"0": 1.0}, "50": {"0": 1.0}, "51": {"0": 1.0}, "52": {"0": 1.0}, "53": {"0": 1.0}, "54": {"0": 1.0}, "55": {"0": 1.0}, "56": {"0": 1.0}, "57": {"0": 1.0}, "58": {"0": 1.0}, "59": {"0": 1.0}, "60": {"0": 1.0}, "61": {"0": 1.0}, "62": {"0": 1.0}, "63": {"0": 1.0}}, "p4": {"0": {"0": 1.0}, "1": {"0": 1.0}, "2": {"0": 1.0}, "3": {"0": 1.0}, "4": {"0": 1.0}, "5": {"0": 1.0}, "6": {"0": 1.0}, "7": {"0": 1.0}, "8": {"0": 1.0}, "9": {"0": 1.0}, "10": {"0": 1.0}, "11": {"0": 1.0}, "12": {"0": 1.0}, "13": {"0": 1.0}, "14": {"0": 1.0}, "15": {"0": 1.0}, "16": {"0": 1.0}, "17": {"0": 1.0}, "18": {"0": 1.0}, "19": {"0": 1.0}, "20": {"0": 1.0}, "21": {"0": 1.0}, "22": {"0": 1.0}, "23": {"0": 1.0}, "24": {"0": 1.0}, "25": {"0": 1.0}, "26": {"0": 1.0}, "27": {"0": 1.0}, "28": {"0": 1.0}, "29": {"0": 1.0}, "30": {"0": 1.0}, "31": {"0": 1.0}, "32": {"0": 1.0}, "33": {"0": 1.0}, "34": {"0": 1.0}, "35": {"0": 1.0}, "36": {"0": 1.0}, "37": {"0": 1.0}, "38": {"0": 1.0}, "39": {"0": 1.0}, "40": {"0": 1.0}, "41": {"0": 1.0}, "42": {"0": 1.0}, "43": {"0": 1.0}, "44": {"0": 1.0}, "45": {"0": 1.0}, "46": {"0": 1.0}, "47": {"0": 1.0}, "48": {"0": 1.0}, "49": {"0": 1.0}, "50": {"0": 1.0}, "51": {"0": 1.0}, "52": {"0": 1.0}, "53": {"0": 1.0}, "54": {"0": 1.0}, "55": {"0": 1.0}, "56": {"0": 1.0}, "57": {"0": 1.0}, "58": {"0": 1.0}, "59": {"0": 1.0}, "60": {"0": 1.0}, "61": {"0": 1.0}, "62": {"0": 1.0}, "63": {"0": 1.0}}, "p3": {"0": {"0": 1.0}, "1": {"0": 1.0}, "2": {"0": 1.0}, "3": {"0": 1.0}, "4": {"0": 1.0}, "5": {"0": 1.0}, "6": {"0": 1.0}, "7": {"0": 1.0}, "8": {"0": 1.0}, "9": {"0": 1.0}, "10": {"0": 1.0}, "11": {"0": 1.0}, "12": {"0": 1.0}, "13": {"0": 1.0}, "14": {"0": 1.0}, "15": {"0": 1.0}, "16": {"0": 1.0}, "17": {"0": 1.0}, "18": {"0": 1.0}, "19": {"0": 1.0}, "20": {"0": 1.0}, "21": {"0": 1.0}, "22": {"0": 1.0}, "23": {"0": 1.0}, "24": {"0": 1.0}, "25": {"0": 1.0}, "26": {"0": 1.0}, "27": {"0": 1.0}, "28": {"0": 1.0}, "29": {"0": 1.0}, "30": {"0": 1.0}, "31": {"0": 1.0}, "32": {"0": 1.0}, "33": {"0": 1.0}, "34": {"0": 1.0}, "35": {"0": 1.0}, "36": {"0": 1.0}, "37": {"0": 1.0}, "38": {"0": 1.0}, "39": {"0": 1.0}, "40": {"0": 1.0}, "41": {"0": 1.0}, "42": {"0": 1.0}, "43": {"0": 1.0}, "44": {"0": 1.0},