{"p4": {"0": {"0": 1.0}, "1": {"0": 1.0}, "2": {"0": 1.0}, "3": {"0": 1.0}, "4": {"1": 0.5, "2": 0.1, "3": 0.3, "4": 0.1}, "5": {"1": 0.5833333333333334, "2": 0.16666666666666666, "3": 0.25}, "6": {"1": 0.5833333333333334, "2": 0.25, "3": 0.08333333333333333, "4": 0.08333333333333333}, "7": {"1": 0.5384615384615384, "2": 0.38461538461538464, "3": 0.07692307692307693}, "8": {"1": 0.2727272727272727, "2": 0.6363636363636364, "3": 0.09090909090909091}, "9": {"1": 0.5, "2": 0.4166666666666667, "4": 0.08333333333333333}, "10": {"1": 0.4, "2": 0.2, "3": 0.4}, "11": {"1": 0.3, "2": 0.4, "3": 0.3}, "12": {"1": 0.4, "2": 0.3, "3": 0.2, "4": 0.1}, "13": {"1": 0.6363636363636364, "2": 0.18181818181818182, "4": 0.09090909090909091, "5": 0.09090909090909091}, "14": {"1": 0.2, "2": 0.6, "3": 0.2}, "15": {"1": 0.5454545454545454, "2": 0.18181818181818182, "3": 0.18181818181818182, "4": 0.09090909090909091}, "16": {"1": 0.5, "2": 0.4166666666666667, "4": 0.08333333333333333}, "17": {"1": 0.45454545454545453, "2": 0.2727272727272727, "3": 0.2727272727272727}, "18": {"1": 0.45454545454545453, "2": 0.2727272727272727, "3": 0.2727272727272727}, "19": {"1": 0.5384615384615384, "2": 0.38461538461538464, "3": 0.07692307692307693}, "20": {"1": 0.45454545454545453, "2": 0.2727272727272727, "3": 0.2727272727272727}, "21": {"1": 0.45454545454545453, "2": 0.36363636363636365, "3": 0.09090909090909091, "4": 0.09090909090909091}, "22": {"1": 0.4166666666666667, "2": 0.5, "3": 0.08333333333333333}, "23": {"1": 0.36363636363636365, "2": 0.45454545454545453, "3": 0.18181818181818182}, "24": {"1": 0.6923076923076923, "2": 0.07692307692307693, "3": 0.23076923076923078}, "25": {"1": 0.5, "2": 0.3333333333333333, "3": 0.16666666666666666}, "26": {"1": 0.2727272727272727, "2": 0.6363636363636364, "3": 0.09090909090909091}, "27": {"1": 0.46153846153846156, "2": 0.5384615384615384}, "28": {"1": 0.36363636363636365, "2": 0.45454545454545453, "3": 0.18181818181818182}, "29": {"1": 0.5, "2": 0.3333333333333333, "3": 0.16666666666666666}, "30": {"1": 0.25, "2": 0.375, "3": 0.125, "4": 0.125, "5": 0.125}, "31": {"1": 0.45454545454545453, "2": 0.36363636363636365, "3": 0.09090909090909091, "4": 0.09090909090909091}, "32": {"1": 0.5, "2": 0.3333333333333333, "3": 0.16666666666666666}, "33": {"1": 0.5454545454545454, "2": 0.2727272727272727, "4": 0.18181818181818182}, "34": {"1": 0.2, "2": 0.6, "3": 0.2}, "35": {"1": 0.3, "2": 0.5, "3": 0.1, "4": 0.1}, "36": {"1": 0.45454545454545453, "2": 0.2727272727272727, "3": 0.2727272727272727}, "37": {"1": 0.4, "2": 0.3, "3": 0.2, "4": 0.1}, "38": {"0": 1.0}, "39": {"0": 1.0}, "40": {"0": 1.0}, "41": {"0": 1.0}, "42": {"0": 1.0}, "43": {"0": 1.0}, "44": {"0": 1.0}, "45": {"0": 1.0}, "46": {"0": 1.0}, "47": {"0": 1.0}, "48": {"0": 1.0}, "49": {"0": 1.0}, "50": {"0": 1.0}, "51": {"0": 1.0}, "52": {"0": 1.0}, "53": {"0": 1.0}, "54": {"0": 1.0}, "55": {"0": 1.0}, "56": {"0": 1.0}, "57": {"1": 1.0}, "58": {"1": 0.375, "2": 0.375, "3": 0.125, "5": 0.125}, "59": {"1": 0.5, "2": 0.3, "3": 0.1, "4": 0.1}, "60": {"1": 0.3333333333333333, "2": 0.3333333333333333, "3": 0.3333333333333333}, "61": {"1": 0.3, "2": 0.4, "3": 0.3}, "62": {"1": 0.5454545454545454, "2": 0.36363636363636365, "3": 0.09090909090909091}, "63": {"1": 0.5833333333333334, "2": 0.3333333333333333, "5": 0.08333333333333333}, "64": {"1": 0.1, "2": 0.8, "3": 0.1}, "65": {"1": 0.6, "2": 0.2, "3": 0.1, "5": 0.1}, "66": {"1": 0.3333333333333333, "2": 0.3333333333333333, "3": 0.16666666666666666, "4": 0.16666666666666666}, "67": {"1": 0.5, "2": 0.25, "3": 0.125, "4": 0.125}, "68": {"1": 0.5, "2": 0.3333333333333333, "3": 0.16666666666666666}, "69": {"1": 0.5454545454545454, "2": 0.2727272727272727, "3": 0.09090909090909091, "5": 0.09090909090909091}, "70": {"1": 0.25, "2": 0.25, "3": 0.375, "5": 0.125}, "71": {"1": 0.6153846153846154, "2": 0.23076923076923078, "3": 0.15384615384615385}, "72": {"1": 0.5454545454545454, "2": 0.2727272727272727, "4": 0.18181818181818182}, "73": {"1": 0.45454545454545453, "2": 0.2727272727272727, "3": 0.2727272727272727}, "74": {"1": 0.3, "2": 0.5, "3": 0.1, "4": 0.1}, "75": {"1": 0.4, "2": 0.2, "3": 0.4}, "76": {"1": 0.3, "2": 0.4, "3": 0.3}, "77": {"1": 0.2222222222222222, "2": 0.4444444444444444, "3": 0.2222222222222222, "4": 0.1111111111111111}, "78": {"1": 1.0}, "79": {"0": 1.0}, "80": {"1": 1.0}, "81": {"1": 0.6666666666666666, "4": 0.3333333333333333}, "82": {"0": 1.0}, "83": {"0": 1.0}, "84": {"0": 1.0}, "85": {"0": 1.0}, "86": {"0": 1.0}, "87": {"0": 1.0}, "88": {"0": 1.0}, "89": {"2": 1.0}, "90": {"0": 1.0}, "91": {"0": 1.0}, "92": {"1": 1.0}, "93": {"0": 1.0}, "94": {"0": 1.0}, "95": {"0": 1.0}, "96": {"0": 1.0}, "97": {"1": 0.75, "2": 0.25}, "98": {"1": 0.4, "2": 0.6}, "99": {"1": 0.25, "2": 0.25, "3": 0.5}, "100": {"1": 0.36363636363636365, "2": 0.45454545454545453, "3": 0.18181818181818182}, "101": {"1": 0.25, "2": 0.5, "3": 0.25}, "102": {"1": 0.2222222222222222, "2": 0.4444444444444444, "3": 0.2222222222222222, "4": 0.1111111111111111}, "103": {"1": 0.5384615384615384, "2": 0.38461538461538464, "3": 0.07692307692307693}, "104": {"1": 0.3333333333333333, "2": 0.3333333333333333, "3": 0.3333333333333333}, "105": {"1": 0.46153846153846156, "2": 0.5384615384615384}, "106": {"1": 0.4, "2": 0.3, "3": 0.2, "4": 0.1}, "107": {"1": 0.5833333333333334, "2": 0.25, "3": 0.08333333333333333, "4": 0.08333333333333333}, "108": {"1": 0.6363636363636364, "2": 0.09090909090909091, "3": 0.18181818181818182, "5": 0.09090909090909091}, "109": {"1": 0.4, "2": 0.3, "3": 0.2, "4": 0.1}, "110": {"1": 0.5833333333333334, "2": 0.25, "3": 0.08333333333333333, "4": 0.08333333333333333}, "111": {"1": 0.5, "2": 0.3333333333333333, "3": 0.16666666666666666}, "112": {"1": 0.8333333333333334, "4": 0.16666666666666666}, "113": {"1": 0.45454545454545453, "2": 0.2727272727272727, "3": 0.2727272727272727}, "114": {"1": 0.5, "2": 0.4166666666666667, "4": 0.08333333333333333}, "115": {"1": 0.7692307692307693, "2": 0.07692307692307693, "3": 0.07692307692307693, "5": 0.07692307692307693}, "116": {"1": 0.36363636363636365, "2": 0.5454545454545454, "4": 0.09090909090909091}, "117": {"1": 0.5, "3": 0.5}, "118": {"1": 0.6, "2": 0.2, "4": 0.2}, "119": {"1": 0.5555555555555556, "2": 0.3333333333333333, "3": 0.1111111111111111}, "120": {"0": 1.0}, "121": {"1": 1.0}, "122": {"0": 1.0}, "123": {"0": 1.0}, "124": {"0": 1.0}, "125": {"1": 0.5, "3": 0.5}}, "p0": {"0": {"0": 1.0}, "1": {"0": 1.0}, "2": {"0": 1.0}, "3": {"0": 1.0}, "4": {"0": 1.0}, "5": {"0": 1.0}, "6": {"0": 1.0}, "7": {"0": 1.0}, "8": {"0": 1.0}, "9": {"0": 1.0}, "10": {"0": 1.0}, "11": {"0": 1.0}, "12": {"0": 1.0}, "13": {"0": 1.0}, "14": {"0": 1.0}, "15": {"0": 1.0}, "16": {"0": 1.0}, "17": {"0": 1.0}, "18": {"0": 1.0}, "19": {"0": 1.0}, "20": {"0": 1.0}, "21": {"0": 1.0}, "22": {"0": 1.0}, "23": {"0": 1.0}, "24": {"0": 1.0}, "25": {"0": 1.0}, "26": {"0": 1.0}, "27": {"0": 1.0}, "28": {"0": 1.0}, "29": {"0": 1.0}, "30": {"0": 1.0}, "31": {"0": 1.0}, "32": {"0": 1.0}, "33": {"0": 1.0}, "34": {"0": 1.0}, "35": {"0": 1.0}, "36": {"0": 1.0}, "37": {"0": 1.0}, "38": {"0": 1.0}, "39": {"0": 1.0}, "40": {"0": 1.0}, "41": {"0": 1.0}, "42": {"0": 1.0}, "43": {"0": 1.0}, "44": {"0": 1.0}, "45": {"0": 1.0}, "46": {"0": 1.0}, "47": {"0": 1.0}, "48": {"0": 1.0}, "49": {"0": 1.0}, "50": {"0": 1.0}, "51": {"0": 1.0}, "52": {"0": 1.0}, "53": {"0": 1.0}, "54": {"0": 1.0}, "55": {"0": 1.0}, "56": {"0": 1.0}, "57": {"0": 1.0}, "58": {"0": 1.0}, "59": {"0": 1.0}, "60": {"0": 1.0}, "61": {"0": 1.0}, "62": {"0": 1.0}, "63": {"0": 1.0}, "64": {"0": 1.0}, "65": {"0": 1.0}, "66": {"0": 1.0}, "67": {"0": 1.0}, "68": {"0": 1.0}, "69": {"0": 1.0}, "70": {"0": 1.0}, "71": {"0": 1.0}, "72": {"0": 1.0}, "73": {"0": 1.0}, "74": {"0": 1.0}, "75": {"0": 1.0}, "76": {"0": 1.0}, "77": {"0": 1.0}, "78": {"0": 1.0}, "79": {"0": 1.0}, "80": {"0": 1.0}, "81": {"0": 1.0}, "82": {"0": 1.0}, "83": {"0": 1.0}, "84": {"0": 1.0}, "85": {"0": 1.0}, "86": {"0": 1.0}, "87": {"0": 1.0},