{"p4": {"0": {"0": 1.0}, "1": {"0": 1.0}, "2": {"0": 1.0}, "3": {"0": 1.0}, "4": {"0": 1.0}, "5": {"1": 0.25, "3": 0.25, "4": 0.25, "5": 0.25}, "6": {"2": 0.3333333333333333, "3": 0.3333333333333333, "4": 0.3333333333333333}, "7": {"1": 0.5, "3": 0.5}, "8": {"1": 0.16666666666666666, "2": 0.5, "3": 0.16666666666666666, "5": 0.16666666666666666}, "9": {"0": 1.0}, "10": {"1": 0.5, "2": 0.125, "4": 0.375}, "11": {"1": 0.2, "2": 0.6, "3": 0.2}, "12": {"1": 0.2222222222222222, "2": 0.5555555555555556, "3": 0.1111111111111111, "5": 0.1111111111111111}, "13": {"1": 0.125, "2": 0.625, "4": 0.125, "5": 0.125}, "14": {"1": 0.25, "2": 0.5, "6": 0.25}, "15": {"1": 0.5, "2": 0.25, "5": 0.25}, "16": {"1": 0.2, "2": 0.4, "3": 0.2, "5": 0.2}, "17": {"1": 0.25, "2": 0.5, "4": 0.25}, "18": {"1": 0.4, "2": 0.4, "5": 0.2}, "19": {"0": 1.0}, "20": {"0": 1.0}, "21": {"0": 1.0}, "22": {"0": 1.0}, "23": {"0": 1.0}, "24": {"1": 0.4, "2": 0.4, "6": 0.2}, "25": {"2": 0.3333333333333333, "3": 0.3333333333333333, "4": 0.3333333333333333}, "26": {"1": 0.25, "2": 0.375, "3": 0.125, "4": 0.125, "5": 0.125}, "27": {"1": 0.25, "2": 0.25, "3": 0.375, "5": 0.125}, "28": {"1": 0.3333333333333333, "2": 0.16666666666666666, "3": 0.3333333333333333, "4": 0.16666666666666666}, "29": {"1": 0.5, "2": 0.25, "3": 0.25}, "30": {"1": 0.4, "2": 0.2, "3": 0.2, "5": 0.2}, "31": {"2": 0.5, "3": 0.5}, "32": {"1": 0.3333333333333333, "2": 0.16666666666666666, "4": 0.16666666666666666, "5": 0.16666666666666666, "7": 0.16666666666666666}, "33": {"1": 0.5, "2": 0.16666666666666666, "4": 0.3333333333333333}, "34": {"1": 0.5, "2": 0.3333333333333333, "4": 0.16666666666666666}, "35": {"1": 0.2857142857142857, "2": 0.14285714285714285, "3": 0.42857142857142855, "4": 0.14285714285714285}, "36": {"1": 0.4, "3": 0.2, "4": 0.4}, "37": {"2": 1.0}, "38": {"0": 1.0}, "39": {"1": 0.16666666666666666, "2": 0.6666666666666666, "4": 0.16666666666666666}, "40": {"2": 0.6, "3": 0.4}, "41": {"1": 0.5, "3": 0.5}, "42": {"0": 1.0}, "43": {"2": 1.0}, "44": {"1": 0.42857142857142855, "2": 0.2857142857142857, "3": 0.2857142857142857}, "45": {"2": 0.8, "3": 0.2}, "46": {"1": 0.25, "3": 0.5, "4": 0.25}, "47": {"1": 0.25, "2": 0.25, "3": 0.5}, "48": {"2": 0.6666666666666666, "4": 0.3333333333333333}, "49": {"1": 0.3333333333333333, "2": 0.3333333333333333, "3": 0.16666666666666666, "4": 0.16666666666666666}, "50": {"1": 0.25, "2": 0.375, "3": 0.25, "4": 0.125}, "51": {"1": 0.42857142857142855, "2": 0.14285714285714285, "3": 0.2857142857142857, "4": 0.14285714285714285}}, "p0": {"0": {"0": 1.0}, "1": {"0": 1.0}, "2": {"0": 1.0}, "3": {"0": 1.0}, "4": {"0": 1.0}, "5": {"0": 1.0}, "6": {"0": 1.0}, "7": {"0": 1.0}, "8": {"0": 1.0}, "9": {"0": 1.0}, "10": {"0": 1.0}, "11": {"0": 1.0}, "12": {"0": 1.0}, "13": {"0": 1.0}, "14": {"0": 1.0}, "15": {"0": 1.0}, "16": {"0": 1.0}, "17": {"0": 1.0}, "18": {"0": 1.0}, "19": {"0": 1.0}, "20": {"0": 1.0}, "21": {"0": 1.0}, "22": {"0": 1.0}, "23": {"0": 1.0}, "24": {"0": 1.0}, "25": {"0": 1.0}, "26": {"0": 1.0}, "27": {"0": 1.0}, "28": {"0": 1.0}, "29": {"0": 1.0}, "30": {"0": 1.0}, "31": {"0": 1.0}, "32": {"0": 1.0}, "33": {"0": 1.0}, "34": {"0": 1.0}, "35": {"0": 1.0}, "36": {"0": 1.0}, "37": {"0": 1.0}, "38": {"0": 1.0}, "39": {"0": 1.0}, "40": {"0": 1.0}, "41": {"0": 1.0}, "42": {"0": 1.0}, "43": {"0": 1.0}, "44": {"0": 1.0}, "45": {"0": 1.0}, "46": {"0": 1.0}, "47": {"0": 1.0}, "48": {"0": 1.0}, "49": {"0": 1.0}, "50": {"0": 1.0}, "51": {"0": 1.0}}, "p2": {"0": {"0": 1.0}, "1": {"0": 1.0}, "2": {"0": 1.0}, "3": {"0": 1.0}, "4": {"0": 1.0}, "5": {"0": 1.0}, "6": {"0": 1.0}, "7": {"0": 1.0}, "8": {"0": 1.0}, "9": {"0": 1.0}, "10": {"0": 1.0}, "11": {"0": 1.0}, "12": {"0": 1.0}, "13": {"0": 1.0}, "14": {"0": 1.0}, "15": {"0": 1.0}, "16": {"0": 1.0}, "17": {"0": 1.0}, "18": {"0": 1.0}, "19": {"0": 1.0}, "20": {"0": 1.0}, "21": {"0": 1.0}, "22": {"0": 1.0}, "23": {"0": 1.0}, "24": {"0": 1.0}, "25": {"0": 1.0}, "26": {"0": 1.0}, "27": {"0": 1.0}, "28": {"0": 1.0}, "29": {"0": 1.0}, "30": {"0": 1.0}, "31": {"0": 1.0}, "32": {"0": 1.0}, "33": {"0": 1.0}, "34": {"0": 1.0}, "35": {"0": 1.0}, "36": {"0": 1.0}, "37": {"0": 1.0}, "38": {"0": 1.0}, "39": {"0": 1.0}, "40": {"0": 1.0}, "41": {"0": 1.0}, "42": {"0": 1.0}, "43": {"0": 1.0}, "44": {"0": 1.0}, "45": {"0": 1.0}, "46": {"0": 1.0}, "47": {"0": 1.0}, "48": {"0": 1.0}, "49": {"0": 1.0}, "50": {"0": 1.0}, "51": {"0": 1.0}}, "p3": {"0": {"0": 1.0}, "1": {"0": 1.0}, "2": {"0": 1.0}, "3": {"0": 1.0}, "4": {"0": 1.0}, "5": {"0": 1.0}, "6": {"0": 1.0}, "7": {"0": 1.0}, "8": {"0": 1.0}, "9": {"0": 1.0}, "10": {"0": 1.0}, "11": {"0": 1.0}, "12": {"0": 1.0}, "13": {"0": 1.0}, "14": {"0": 1.0}, "15": {"0": 1.0}, "16": {"0": 1.0}, "17": {"0": 1.0}, "18": {"0": 1.0}, "19": {"0": 1.0}, "20": {"0": 1.0}, "21": {"0": 1.0}, "22": {"0": 1.0}, "23": {"0": 1.0}, "24": {"0": 1.0}, "25": {"0": 1.0}, "26": {"0": 1.0}, "27": {"0": 1.0}, "28": {"0": 1.0}, "29": {"0": 1.0}, "30": {"0": 1.0}, "31": {"0": 1.0}, "32": {"0": 1.0}, "33": {"0": 1.0}, "34": {"0": 1.0}, "35": {"0": 1.0}, "36": {"0": 1.0}, "37": {"0": 1.0}, "38": {"0": 1.0}, "39": {"0": 1.0}, "40": {"0": 1.0}, "41": {"0": 1.0}, "42": {"0": 1.0}, "43": {"0": 1.0}, "44": {"0": 1.0}, "45": {"0": 1.0}, "46": {"0": 1.0}, "47": {"0": 1.0}, "48": {"0": 1.0}, "49": {"0": 1.0}, "50": {"0": 1.0}, "51": {"0": 1.0}}, "p1": {"0": {"0": 1.0}, "1": {"0": 1.0}, "2": {"0": 1.0}, "3": {"0": 1.0}, "4": {"0": 1.0}, "5": {"0": 1.0}, "6": {"0": 1.0}, "7": {"0": 1.0}, "8": {"0": 1.0}, "9": {"0": 1.0}, "10": {"0": 1.0}, "11": {"0": 1.0}, "12": {"0": 1.0}, "13": {"0": 1.0}, "14": {"0": 1.0}, "15": {"0": 1.0}, "16": {"0": 1.0}, "17": {"0": 1.0}, "18": {"0": 1.0}, "19": {"0": 1.0}, "20": {"0": 1.0}, "21": {"0": 1.0}, "22": {"0": 1.0}, "23": {"0": 1.0}, "24": {"0": 1.0}, "25": {"0": 1.0}, "26": {"0": 1.0}, "27": {"0": 1.0}, "28": {"0": 1.0}, "29": {"0": 1.0}, "30": {"0": 1.0}, "31": {"0": 1.0}, "32": {"0": 1.0}, "33": {"0": 1.0}, "34": {"0": 1.0}, "35": {"0": 1.0}, "36": {"0": 1.0}, "37": {"0": 1.0}, "38": {"0": 1.0}, "39": {"0": 1.0}, "40": {"0": 1.0}, "41": {"0": 1.0}, "42": {"0": 1.0}, "43": {"0": 1.0}, "44": {"0": 1.0}, "45": {"0": 1.0}, "46": {"0": 1.0}, "47": {"0": 1.0}, "48": {"0": 1.0}, "49": {"0": 1.0}, "50": {"0": 1.0}, "51": {"0": 1.0}}}