{"p5": {"0": {"0": 1.0}, "1": {"0": 1.0}, "2": {"0": 1.0}, "3": {"0": 1.0}, "4": {"0": 1.0}, "5": {"1": 0.6666666666666666, "3": 0.3333333333333333}, "6": {"1": 0.5, "3": 0.25, "4": 0.25}, "7": {"1": 0.3333333333333333, "2": 0.5, "4": 0.16666666666666666}, "8": {"1": 0.4, "2": 0.6}, "9": {"1": 0.45454545454545453, "2": 0.5454545454545454}, "10": {"1": 0.36363636363636365, "2": 0.5454545454545454, "3": 0.09090909090909091}, "11": {"1": 0.6, "2": 0.4}, "12": {"1": 0.6666666666666666, "2": 0.2222222222222222, "3": 0.1111111111111111}, "13": {"1": 0.5, "2": 0.3, "3": 0.1, "4": 0.1}, "14": {"1": 0.75, "5": 0.25}, "15": {"1": 0.5, "2": 0.25, "3": 0.25}, "16": {"0": 1.0}, "17": {"0": 1.0}, "18": {"0": 1.0}, "19": {"0": 1.0}, "20": {"0": 1.0}, "21": {"1": 0.42857142857142855, "2": 0.42857142857142855, "3": 0.14285714285714285}, "22": {"1": 0.5, "2": 0.5}, "23": {"0": 1.0}, "24": {"1": 0.5, "2": 0.125, "3": 0.375}, "25": {"1": 0.6666666666666666, "7": 0.3333333333333333}, "26": {"1": 0.5, "2": 0.3333333333333333, "3": 0.16666666666666666}, "27": {"1": 0.4444444444444444, "2": 0.3333333333333333, "3": 0.2222222222222222}, "28": {"1": 0.14285714285714285, "2": 0.5714285714285714, "3": 0.2857142857142857}, "29": {"1": 0.5, "3": 0.25, "5": 0.25}, "30": {"1": 0.4, "2": 0.4, "3": 0.2}, "31": {"1": 0.3333333333333333, "2": 0.3333333333333333, "3": 0.3333333333333333}, "32": {"1": 0.75, "5": 0.25}, "33": {"2": 1.0}, "34": {"0": 1.0}, "35": {"1": 0.5714285714285714, "2": 0.42857142857142855}, "36": {"0": 1.0}, "37": {"1": 0.8, "4": 0.2}, "38": {"1": 0.36363636363636365, "2": 0.45454545454545453, "3": 0.18181818181818182}, "39": {"1": 0.36363636363636365, "2": 0.45454545454545453, "3": 0.18181818181818182}, "40": {"0": 1.0}, "41": {"1": 0.5, "2": 0.25, "3": 0.25}, "42": {"1": 0.5454545454545454, "2": 0.18181818181818182, "3": 0.18181818181818182, "4": 0.09090909090909091}, "43": {"1": 0.5833333333333334, "2": 0.25, "3": 0.08333333333333333, "4": 0.08333333333333333}, "44": {"1": 0.42857142857142855, "2": 0.42857142857142855, "3": 0.14285714285714285}, "45": {"1": 0.25, "2": 0.5, "3": 0.25}, "46": {"1": 1.0}, "47": {"1": 0.625, "2": 0.25, "4": 0.125}, "48": {"1": 0.25, "2": 0.5, "3": 0.25}, "49": {"1": 0.5714285714285714, "2": 0.2857142857142857, "4": 0.14285714285714285}, "50": {"1": 0.6, "2": 0.2, "3": 0.2}, "51": {"1": 0.25, "2": 0.5, "4": 0.25}, "52": {"1": 0.3333333333333333, "2": 0.3333333333333333, "4": 0.3333333333333333}, "53": {"0": 1.0}, "54": {"1": 0.5, "2": 0.4166666666666667, "4": 0.08333333333333333}, "55": {"1": 0.3333333333333333, "2": 0.5, "3": 0.16666666666666666}, "56": {"1": 0.3333333333333333, "2": 0.3333333333333333, "3": 0.3333333333333333}, "57": {"1": 0.4, "2": 0.4, "5": 0.2}, "58": {"1": 0.6153846153846154, "2": 0.23076923076923078, "3": 0.15384615384615385}, "59": {"1": 0.4, "2": 0.2, "3": 0.4}, "60": {"1": 0.3333333333333333, "2": 0.6666666666666666}, "61": {"1": 0.75, "3": 0.25}, "62": {"0": 1.0}, "63": {"1": 0.375, "2": 0.5, "3": 0.125}, "64": {"0": 1.0}, "65": {"1": 0.3333333333333333, "2": 0.6666666666666666}, "66": {"1": 0.3333333333333333, "2": 0.5, "4": 0.16666666666666666}, "67": {"1": 0.4, "2": 0.4, "3": 0.2}, "68": {"1": 0.2, "2": 0.6, "3": 0.2}, "69": {"1": 0.8, "2": 0.2}}, "p0": {"0": {"0": 1.0}, "1": {"0": 1.0}, "2": {"0": 1.0}, "3": {"0": 1.0}, "4": {"0": 1.0}, "5": {"0": 1.0}, "6": {"0": 1.0}, "7": {"0": 1.0}, "8": {"0": 1.0}, "9": {"0": 1.0}, "10": {"0": 1.0}, "11": {"0": 1.0}, "12": {"0": 1.0}, "13": {"0": 1.0}, "14": {"0": 1.0}, "15": {"0": 1.0}, "16": {"0": 1.0}, "17": {"0": 1.0}, "18": {"0": 1.0}, "19": {"0": 1.0}, "20": {"0": 1.0}, "21": {"0": 1.0}, "22": {"0": 1.0}, "23": {"0": 1.0}, "24": {"0": 1.0}, "25": {"0": 1.0}, "26": {"0": 1.0}, "27": {"0": 1.0}, "28": {"0": 1.0}, "29": {"0": 1.0}, "30": {"0": 1.0}, "31": {"0": 1.0}, "32": {"0": 1.0}, "33": {"0": 1.0}, "34": {"0": 1.0}, "35": {"0": 1.0}, "36": {"0": 1.0}, "37": {"0": 1.0}, "38": {"0": 1.0}, "39": {"0": 1.0}, "40": {"0": 1.0}, "41": {"0": 1.0}, "42": {"0": 1.0}, "43": {"0": 1.0}, "44": {"0": 1.0}, "45": {"0": 1.0}, "46": {"0": 1.0}, "47": {"0": 1.0}, "48": {"0": 1.0}, "49": {"0": 1.0}, "50": {"0": 1.0}, "51": {"0": 1.0}, "52": {"0": 1.0}, "53": {"0": 1.0}, "54": {"0": 1.0}, "55": {"0": 1.0}, "56": {"0": 1.0}, "57": {"0": 1.0}, "58": {"0": 1.0}, "59": {"0": 1.0}, "60": {"0": 1.0}, "61": {"0": 1.0}, "62": {"0": 1.0}, "63": {"0": 1.0}, "64": {"0": 1.0}, "65": {"0": 1.0}, "66": {"0": 1.0}, "67": {"0": 1.0}, "68": {"0": 1.0}, "69": {"0": 1.0}}, "p3": {"0": {"0": 1.0}, "1": {"0": 1.0}, "2": {"0": 1.0}, "3": {"0": 1.0}, "4": {"0": 1.0}, "5": {"0": 1.0}, "6": {"0": 1.0}, "7": {"0": 1.0}, "8": {"0": 1.0}, "9": {"0": 1.0}, "10": {"0": 1.0}, "11": {"0": 1.0}, "12": {"0": 1.0}, "13": {"0": 1.0}, "14": {"0": 1.0}, "15": {"0": 1.0}, "16": {"0": 1.0}, "17": {"0": 1.0}, "18": {"0": 1.0}, "19": {"0": 1.0}, "20": {"0": 1.0}, "21": {"0": 1.0}, "22": {"0": 1.0}, "23": {"0": 1.0}, "24": {"0": 1.0}, "25": {"0": 1.0}, "26": {"0": 1.0}, "27": {"0": 1.0}, "28": {"0": 1.0}, "29": {"0": 1.0}, "30": {"0": 1.0}, "31": {"0": 1.0}, "32": {"0": 1.0}, "33": {"0": 1.0}, "34": {"0": 1.0}, "35": {"0": 1.0}, "36": {"0": 1.0}, "37": {"0": 1.0}, "38": {"0": 1.0}, "39": {"0": 1.0}, "40": {"0": 1.0}, "41": {"0": 1.0}, "42": {"0": 1.0}, "43": {"0": 1.0}, "44": {"0": 1.0}, "45": {"0": 1.0}, "46": {"0": 1.0}, "47": {"0": 1.0}, "48": {"0": 1.0}, "49": {"0": 1.0}, "50": {"0": 1.0}, "51": {"0": 1.0}, "52": {"0": 1.0}, "53": {"0": 1.0}, "54": {"0": 1.0}, "55": {"0": 1.0}, "56": {"0": 1.0}, "57": {"0": 1.0}, "58": {"0": 1.0}, "59": {"0": 1.0}, "60": {"0": 1.0}, "61": {"0": 1.0}, "62": {"0": 1.0}, "63": {"0": 1.0}, "64": {"0": 1.0}, "65": {"0": 1.0}, "66": {"0": 1.0}, "67": {"0": 1.0}, "68": {"0": 1.0}, "69": {"0": 1.0}}, "p4": {"0": {"0": 1.0}, "1": {"0": 1.0}, "2": {"0": 1.0}, "3": {"0": 1.0}, "4": {"0": 1.0}, "5": {"0": 1.0}, "6": {"0": 1.0}, "7": {"0": 1.0}, "8": {"0": 1.0}, "9": {"0": 1.0}, "10": {"0": 1.0}, "11": {"0": 1.0}, "12": {"0": 1.0}, "13": {"0": 1.0}, "14": {"0": 1.0}, "15": {"0": 1.0}, "16": {"0": 1.0}, "17": {"0": 1.0}, "18": {"0": 1.0}, "19": {"0": 1.0}, "20": {"0": 1.0}, "21": {"0": 1.0}, "22": {"0": 1.0}, "23": {"0": 1.0}, "24": {"0": 1.0}, "25": {"0": 1.0}, "26": {"0": 1.0}, "27": {"0": 1.0}, "28": {"0": 1.0}, "29": {"0": 1.0}, "30": {"0": 1.0}, "31": {"0": 1.0}, "32": {"0": 1.0}, "33": {"0": 1.0}, "34": {"0": 1.0}, "35": {"0": 1.0}, "36": {"0": 1.0}, "37": {"0": 1.0}, "38": {"0": 1.0}, "39": {"0": 1.0}, "40": {"0": 1.0}, "41": {"0": 1.0}, "42": {"0": 1.0}, "43": {"0": 1.0}, "44": {"0": 1.0}, "45": {"0": 1.0}, "46": {"0": 1.0}, "47": {"0": 1.0}, "48": {"0": 1.0}, "49": {"0": 1.0}, "50": {"0": 1.0}, "51": {"0": 1.0}, "52": {"0": 1.0}, "53": {"0": 1.0}, "54": {"0": 1.0}, "55": {"0": 1.0}, "56": {"0": 1.0}, "57": {"0": 1.0}, "58": {"0": 1.0}, "59": {"0": 1.0}, "60": {"0": 1.0}, "61": {"0": 1.0}, "62": {"0": 1.0}, "63": {"0": 1.0}, "64": {"0": 1.0}, "65": {"0": 1.0}, "66": {"0": 1.0}, "67": {"0": 1.0}, "68": {"0": 1.0}, "69": {"0": 1.0}}, "p1": {"0": {"0": 1.0}, "1": {"0": 1.0}, "2": {"0": 1.0}, "3": {"0": 1.0}, "4": {"0": 1.0}, "5": {"0": 1.0}, "6": {"0": 1.0}, "7": {"0": 1.0}, "8": {"0": 1.0}, "9": {"0": 1.0}, "10": {"0": 1.0}, "11": {"0": 1.0}, "12": {"0": 1.0}, "13": {"0": 1.0}, "14": {"0": 1.0}, "15": {"0": 1.0}, "16": {"0": 1.0}, "17": {"0": 1.0}, "18": {"0": 1.0}, "19": {"0": 1.0}, "20": {"0": 1.0}, "21": {"0": 1.0}, "22": {"0": 1.0}, "23": {"0": 1.0}, "24": {"0": 1.0}, "25": {"0": 1.0}, "26": {"0": 1.0}, "27": {"0": 1.0}, "28": {"0": 1.0}, "29": {"0": 1.0}, "30": {"0": 1.0}, "31": {"0": 1.0}, "32": {"0": 1.0}, "33": {"0": 1.0}, "34": {"0": 1.0}, "35": {"0": 1.0}, "36": {"0": 1.0}, "37": {"0": 1.0}, "38": {"0": 1.0}, "39": {"0": 1.0}, "40": {"0": 1.0}, "41": {"0": 1.0}, "42": {"0": 1.0}, "43": {"0": 1.0}, "44": {"0": 1.0}, "45": {"0": 1.0}, "46": {"0": 1.0}, "47": {"0": 1.0}, "48": {"0": 1.0}, "49": {"0": 1.0}, "50": {"0": 1.0}, "51": {"0": 1.0}, "52": {"0": 1.0}, "53": {"0": 1.0},