{"p5": {"0": {"0": 1.0}, "1": {"0": 1.0}, "2": {"0": 1.0}, "3": {"0": 1.0}, "4": {"0": 1.0}, "5": {"0": 1.0}, "6": {"1": 0.4, "2": 0.4, "4": 0.2}, "7": {"1": 0.4, "2": 0.4, "3": 0.2}, "8": {"3": 1.0}, "9": {"1": 0.2, "2": 0.6, "3": 0.2}, "10": {"2": 0.5, "3": 0.5}, "11": {"0": 1.0}, "12": {"0": 1.0}, "13": {"0": 1.0}, "14": {"2": 0.5, "3": 0.5}, "15": {"0": 1.0}, "16": {"1": 0.6666666666666666, "2": 0.3333333333333333}, "17": {"0": 1.0}, "18": {"1": 0.3333333333333333, "2": 0.6666666666666666}, "19": {"2": 0.5, "3": 0.5}, "20": {"1": 0.5, "2": 0.5}, "21": {"1": 1.0}, "22": {"0": 1.0}, "23": {"0": 1.0}, "24": {"0": 1.0}, "25": {"0": 1.0}, "26": {"0": 1.0}, "27": {"0": 1.0}, "28": {"0": 1.0}, "29": {"2": 0.5, "3": 0.5}, "30": {"0": 1.0}, "31": {"0": 1.0}, "32": {"0": 1.0}, "33": {"0": 1.0}, "34": {"0": 1.0}, "35": {"0": 1.0}, "36": {"0": 1.0}, "37": {"0": 1.0}, "38": {"0": 1.0}, "39": {"0": 1.0}, "40": {"0": 1.0}, "41": {"0": 1.0}, "42": {"0": 1.0}, "43": {"0": 1.0}, "44": {"0": 1.0}, "45": {"1": 0.16666666666666666, "2": 0.5, "3": 0.3333333333333333}, "46": {"0": 1.0}, "47": {"1": 0.6, "2": 0.2, "3": 0.2}, "48": {"0": 1.0}, "49": {"0": 1.0}, "50": {"1": 0.4, "2": 0.6}, "51": {"1": 0.6666666666666666, "3": 0.3333333333333333}, "52": {"1": 0.6, "2": 0.2, "5": 0.2}, "53": {"0": 1.0}, "54": {"1": 0.5, "2": 0.25, "3": 0.25}, "55": {"1": 0.3333333333333333, "2": 0.3333333333333333, "3": 0.3333333333333333}, "56": {"0": 1.0}, "57": {"1": 0.4, "2": 0.2, "3": 0.2, "4": 0.2}, "58": {"1": 0.6666666666666666, "2": 0.16666666666666666, "4": 0.16666666666666666}, "59": {"1": 0.25, "2": 0.5, "4": 0.25}, "60": {"1": 0.25, "2": 0.5, "3": 0.25}, "61": {"1": 0.6666666666666666, "3": 0.16666666666666666, "4": 0.16666666666666666}, "62": {"1": 0.4, "2": 0.4, "4": 0.2}, "63": {"1": 0.25, "2": 0.25, "3": 0.25, "5": 0.25}, "64": {"1": 0.3333333333333333, "3": 0.3333333333333333, "4": 0.3333333333333333}, "65": {"2": 0.5, "3": 0.25, "4": 0.25}, "66": {"1": 0.3333333333333333, "2": 0.3333333333333333, "4": 0.3333333333333333}, "67": {"0": 1.0}, "68": {"0": 1.0}, "69": {"0": 1.0}, "70": {"1": 0.25, "2": 0.5, "3": 0.25}, "71": {"0": 1.0}, "72": {"0": 1.0}, "73": {"0": 1.0}, "74": {"0": 1.0}, "75": {"0": 1.0}, "76": {"0": 1.0}, "77": {"1": 0.25, "2": 0.25, "3": 0.25, "4": 0.25}, "78": {"0": 1.0}, "79": {"0": 1.0}, "80": {"0": 1.0}, "81": {"0": 1.0}, "82": {"1": 0.5, "2": 0.25, "5": 0.25}, "83": {"1": 0.5, "2": 0.16666666666666666, "3": 0.16666666666666666, "4": 0.16666666666666666}, "84": {"2": 1.0}, "85": {"1": 1.0}, "86": {"1": 0.3333333333333333, "2": 0.5, "4": 0.16666666666666666}, "87": {"0": 1.0}, "88": {"1": 0.6, "3": 0.2, "5": 0.2}, "89": {"0": 1.0}, "90": {"0": 1.0}, "91": {"0": 1.0}, "92": {"1": 0.625, "3": 0.25, "4": 0.125}, "93": {"1": 0.6, "2": 0.2, "3": 0.2}, "94": {"1": 0.3333333333333333, "2": 0.5, "3": 0.16666666666666666}, "95": {"1": 0.3333333333333333, "2": 0.3333333333333333, "3": 0.3333333333333333}, "96": {"2": 0.5, "3": 0.5}, "97": {"1": 0.3333333333333333, "2": 0.3333333333333333, "3": 0.3333333333333333}, "98": {"1": 0.25, "2": 0.25, "3": 0.5}, "99": {"1": 0.6666666666666666, "3": 0.3333333333333333}, "100": {"0": 1.0}, "101": {"3": 0.3333333333333333, "4": 0.6666666666666666}, "102": {"0": 1.0}, "103": {"1": 0.75, "3": 0.25}, "104": {"0": 1.0}, "105": {"2": 1.0}, "106": {"1": 0.5, "4": 0.5}, "107": {"0": 1.0}, "108": {"0": 1.0}, "109": {"0": 1.0}, "110": {"1": 0.6, "3": 0.2, "5": 0.2}, "111": {"0": 1.0}, "112": {"0": 1.0}, "113": {"0": 1.0}, "114": {"0": 1.0}, "115": {"0": 1.0}, "116": {"1": 1.0}, "117": {"0": 1.0}, "118": {"0": 1.0}}, "p0": {"0": {"0": 1.0}, "1": {"0": 1.0}, "2": {"0": 1.0}, "3": {"0": 1.0}, "4": {"0": 1.0}, "5": {"0": 1.0}, "6": {"0": 1.0}, "7": {"0": 1.0}, "8": {"0": 1.0}, "9": {"0": 1.0}, "10": {"0": 1.0}, "11": {"0": 1.0}, "12": {"0": 1.0}, "13": {"0": 1.0}, "14": {"0": 1.0}, "15": {"0": 1.0}, "16": {"0": 1.0}, "17": {"0": 1.0}, "18": {"0": 1.0}, "19": {"0": 1.0}, "20": {"0": 1.0}, "21": {"0": 1.0}, "22": {"0": 1.0}, "23": {"0": 1.0}, "24": {"0": 1.0}, "25": {"0": 1.0}, "26": {"0": 1.0}, "27": {"0": 1.0}, "28": {"0": 1.0}, "29": {"0": 1.0}, "30": {"0": 1.0}, "31": {"0": 1.0}, "32": {"0": 1.0}, "33": {"0": 1.0}, "34": {"0": 1.0}, "35": {"0": 1.0}, "36": {"0": 1.0}, "37": {"0": 1.0}, "38": {"0": 1.0}, "39": {"0": 1.0}, "40": {"0": 1.0}, "41": {"0": 1.0}, "42": {"0": 1.0}, "43": {"0": 1.0}, "44": {"0": 1.0}, "45": {"0": 1.0}, "46": {"0": 1.0}, "47": {"0": 1.0}, "48": {"0": 1.0}, "49": {"0": 1.0}, "50": {"0": 1.0}, "51": {"0": 1.0}, "52": {"0": 1.0}, "53": {"0": 1.0}, "54": {"0": 1.0}, "55": {"0": 1.0}, "56": {"0": 1.0}, "57": {"0": 1.0}, "58": {"0": 1.0}, "59": {"0": 1.0}, "60": {"0": 1.0}, "61": {"0": 1.0}, "62": {"0": 1.0}, "63": {"0": 1.0}, "64": {"0": 1.0}, "65": {"0": 1.0}, "66": {"0": 1.0}, "67": {"0": 1.0}, "68": {"0": 1.0}, "69": {"0": 1.0}, "70": {"0": 1.0}, "71": {"0": 1.0}, "72": {"0": 1.0}, "73": {"0": 1.0}, "74": {"0": 1.0}, "75": {"0": 1.0}, "76": {"0": 1.0}, "77": {"0": 1.0}, "78": {"0": 1.0}, "79": {"0": 1.0}, "80": {"0": 1.0}, "81": {"0": 1.0}, "82": {"0": 1.0}, "83": {"0": 1.0}, "84": {"0": 1.0}, "85": {"0": 1.0}, "86": {"0": 1.0}, "87": {"0": 1.0}, "88": {"0": 1.0}, "89": {"0": 1.0}, "90": {"0": 1.0}, "91": {"0": 1.0}, "92": {"0": 1.0}, "93": {"0": 1.0}, "94": {"0": 1.0}, "95": {"0": 1.0}, "96": {"0": 1.0}, "97": {"0": 1.0}, "98": {"0": 1.0}, "99": {"0": 1.0}, "100": {"0": 1.0}, "101": {"0": 1.0}, "102": {"0": 1.0}, "103": {"0": 1.0}, "104": {"0": 1.0}, "105": {"0": 1.0}, "106": {"0": 1.0}, "107": {"0": 1.0}, "108": {"0": 1.0}, "109": {"0": 1.0}, "110": {"0": 1.0}, "111": {"0": 1.0}, "112": {"0": 1.0}, "113": {"0": 1.0}, "114": {"0": 1.0}, "115": {"0": 1.0}, "116": {"0": 1.0}, "117": {"0": 1.0}, "118": {"0": 1.0}}, "p2": {"0": {"0": 1.0}, "1": {"0": 1.0}, "2": {"0": 1.0}, "3": {"0": 1.0}, "4": {"0": 1.0}, "5": {"0": 1.0}, "6": {"0": 1.0}, "7": {"0": 1.0}, "8": {"0": 1.0}, "9": {"0": 1.0}, "10": {"0": 1.0}, "11": {"0": 1.0}, "12": {"0": 1.0}, "13": {"0": 1.0}, "14": {"0": 1.0}, "15": {"0": 1.0}, "16": {"0": 1.0}, "17": {"0": 1.0}, "18": {"0": 1.0}, "19": {"0": 1.0}, "20": {"0": 1.0}, "21": {"0": 1.0}, "22": {"0": 1.0}, "23": {"0": 1.0}, "24": {"0": 1.0}, "25": {"0": 1.0}, "26": {"0": 1.0}, "27": {"0": 1.0}, "28": {"0": 1.0}, "29": {"0": 1.0}, "30": {"0": 1.0}, "31": {"0": 1.0}, "32": {"0": 1.0}, "33": {"0": 1.0}, "34": {"0": 1.0}, "35": {"0": 1.0}, "36": {"0": 1.0}, "37": {"0": 1.0}, "38": {"0": 1.0}, "39": {"0": 1.0}, "40": {"0": 1.0}, "41": {"0": 1.0}, "42": {"0": 1.0}, "43": {"0": 1.0}, "44": {"0": 1.0}, "45": {"0": 1.0}, "46": {"0": 1.0}, "47": {"0": 1.0}, "48": {"0": 1.0}, "49": {"0": 1.0}, "50": {"0": 1.0}, "51": {"0": 1.0}, "52": {"0": 1.0}, "53": {"0": 1.0}, "54": {"0": 1.0}, "55": {"0": 1.0}, "56": {"0": 1.0}, "57": {"0": 1.0}, "58": {"0": 1.0}, "59": {"0": 1.0}, "60": {"0": 1.0}, "61": {"0": 1.0}, "62": {"0": 1.0}, "63": {"0": 1.0}, "64": {"0": 1.0}, "65": {"0": 1.0}, "66": {"0": 1.0}, "67": {"0": 1.0}, "68": {"0": 1.0}, "69": {"0": 1.0}, "70": {"0": 1.0}, "71": {"0": 1.0}, "72": {"0": 1.0}, "73": {"0": 1.0}, "74": {"0": 1.0}, "75": {"0": 1.0}, "76": {"0": 1.0}, "77": {"0": 1.0}, "78": {"0": 1.0}, "79": {"0": 1.0}, "80": {"0": 1.0}, "81": {"0": 1.0}, "82": {"0": 1.0}, "83": {"0": 1.0}, "84": {"0": 1.0}, "85": {"0": 1.0}, "86": {"0": 1.0}, "87": {"0": 1.0}, "88": {"0": 1.0}, "89": {"0": 1.0}, "90": {"0": 1.0}, "91": {"0": 1.0}, "92": {"0": 1.0}, "93": {"0": 1.0}, "94": {"0": 1.0}, "95": {"0": 1.0}, "96": {"0": 1.0}, "97": {"0": 1.0}, "98": {"0": 1.0}, "99": {"0": 1.0}, "100": {"0": 1.0}, "101": {"0": 1.0}, "102": {"0": 1.0}, "103": {"0": 1.0}, "104": {"0": 1.0}, "105": {"0": 1.0}, "106": {"0": 1.0}, "107": {"0": 1.0}, "108": {"0": 1.0}, "109": {"0": 1.0}, "110": {"0": 1.0}, "111": {"0": 1.0}, "112": {"0": 1.0}, "113": {"0": 1.0}, "114": {"0": 1.0}, "115": {"0": 1.0}, "116": {"0": 1.0}, "117": {"0": 1.0}, "118": {"0": 1.0}}, "p4": {"0": {"0": 1.0}, "1": {"0": 1.0}, "2": {"0": 1.0}, "3": {"0": 1.0},