{"p0": {"0": {"0": 1.0}, "1": {"0": 1.0}, "2": {"0": 1.0}, "3": {"0": 1.0}, "4": {"0": 1.0}, "5": {"0": 1.0}, "6": {"0": 1.0}, "7": {"0": 1.0}, "8": {"0": 1.0}, "9": {"0": 1.0}, "10": {"0": 1.0}, "11": {"0": 1.0}, "12": {"0": 1.0}, "13": {"0": 1.0}, "14": {"0": 1.0}, "15": {"0": 1.0}, "16": {"0": 1.0}, "17": {"0": 1.0}, "18": {"0": 1.0}, "19": {"0": 1.0}, "20": {"0": 1.0}, "21": {"0": 1.0}, "22": {"0": 1.0}, "23": {"0": 1.0}, "24": {"0": 1.0}, "25": {"0": 1.0}, "26": {"0": 1.0}, "27": {"0": 1.0}, "28": {"0": 1.0}, "29": {"0": 1.0}, "30": {"0": 1.0}, "31": {"0": 1.0}, "32": {"0": 1.0}, "33": {"0": 1.0}, "34": {"0": 1.0}, "35": {"0": 1.0}, "36": {"0": 1.0}, "37": {"0": 1.0}, "38": {"0": 1.0}, "39": {"0": 1.0}, "40": {"0": 1.0}, "41": {"0": 1.0}, "42": {"0": 1.0}, "43": {"0": 1.0}, "44": {"0": 1.0}, "45": {"0": 1.0}, "46": {"0": 1.0}, "47": {"0": 1.0}, "48": {"0": 1.0}, "49": {"0": 1.0}, "50": {"0": 1.0}, "51": {"0": 1.0}, "52": {"0": 1.0}, "53": {"0": 1.0}, "54": {"0": 1.0}, "55": {"0": 1.0}, "56": {"0": 1.0}, "57": {"0": 1.0}, "58": {"0": 1.0}, "59": {"0": 1.0}}, "p3": {"0": {"0": 1.0}, "1": {"0": 1.0}, "2": {"0": 1.0}, "3": {"1": 0.34545454545454546, "2": 0.39090909090909093, "3": 0.15454545454545454, "4": 0.07272727272727272, "5": 0.02727272727272727, "6": 0.00909090909090909}, "4": {"1": 0.35658914728682173, "2": 0.3798449612403101, "3": 0.13953488372093023, "4": 0.06976744186046512, "5": 0.03875968992248062, "6": 0.015503875968992248}, "5": {"1": 0.35172413793103446, "2": 0.3448275862068966, "3": 0.20689655172413793, "4": 0.05517241379310345, "5": 0.027586206896551724, "6": 0.013793103448275862}, "6": {"1": 0.3333333333333333, "2": 0.32679738562091504, "3": 0.20915032679738563, "4": 0.10457516339869281, "5": 0.0196078431372549, "7": 0.006535947712418301}, "7": {"1": 0.39375, "2": 0.25625, "3": 0.225, "4": 0.0875, "5": 0.025, "6": 0.0125}, "8": {"1": 0.294478527607362, "2": 0.36809815950920244, "3": 0.2147239263803681, "4": 0.08588957055214724, "5": 0.03067484662576687, "7": 0.006134969325153374}, "9": {"1": 0.3390804597701149, "2": 0.3735632183908046, "3": 0.19540229885057472, "4": 0.05172413793103448, "5": 0.011494252873563218, "6": 0.028735632183908046}, "10": {"1": 0.325, "2": 0.3375, "3": 0.20625, "4": 0.06875, "5": 0.04375, "6": 0.0125, "7": 0.00625}, "11": {"1": 0.3532608695652174, "2": 0.33695652173913043, "3": 0.20108695652173914, "4": 0.08152173913043478, "5": 0.021739130434782608, "6": 0.005434782608695652}, "12": {"1": 0.38202247191011235, "2": 0.29213483146067415, "3": 0.21348314606741572, "4": 0.08426966292134831, "5": 0.011235955056179775, "6": 0.011235955056179775, "7": 0.0056179775280898875}, "13": {"1": 0.3588235294117647, "2": 0.32941176470588235, "3": 0.2, "4": 0.08235294117647059, "5": 0.029411764705882353}, "14": {"1": 0.37575757575757573, "2": 0.2909090909090909, "3": 0.18787878787878787, "4": 0.10303030303030303, "5": 0.03636363636363636, "6": 0.006060606060606061}, "15": {"1": 0.39072847682119205, "2": 0.271523178807947, "3": 0.17880794701986755, "4": 0.10596026490066225, "5": 0.039735099337748346, "6": 0.013245033112582781}, "16": {"1": 0.36585365853658536, "2": 0.3231707317073171, "3": 0.1951219512195122, "4": 0.07317073170731707, "5": 0.036585365853658534, "6": 0.006097560975609756}, "17": {"1": 0.33766233766233766, "2": 0.3181818181818182, "3": 0.23376623376623376, "4": 0.07142857142857142, "5": 0.025974025974025976, "6": 0.006493506493506494, "7": 0.006493506493506494}, "18": {"1": 0.39416058394160586, "2": 0.2846715328467153, "3": 0.16058394160583941, "4": 0.10948905109489052, "5": 0.043795620437956206, "6": 0.0072992700729927005}, "19": {"1": 0.4166666666666667, "2": 0.2878787878787879, "3": 0.19696969696969696, "4": 0.07575757575757576, "5": 0.007575757575757576, "6": 0.015151515151515152}, "20": {"1": 0.33663366336633666, "2": 0.25742574257425743, "3": 0.21782178217821782, "4": 0.1782178217821782, "5": 0.009900990099009901}, "21": {"1": 0.34782608695652173, "2": 0.34782608695652173, "3": 0.18478260869565216, "4": 0.07608695652173914, "5": 0.03260869565217391, "6": 0.010869565217391304}, "22": {"1": 0.3333333333333333, "2": 0.2777777777777778, "3": 0.25555555555555554, "4": 0.08888888888888889, "5": 0.03333333333333333, "8": 0.011111111111111112}, "23": {"1": 0.36619718309859156, "2": 0.352112676056338, "3": 0.14084507042253522, "4": 0.09859154929577464, "5": 0.028169014084507043, "6": 0.014084507042253521}, "24": {"1": 0.4, "2": 0.3230769230769231, "3": 0.23076923076923078, "4": 0.015384615384615385, "5": 0.03076923076923077}, "25": {"1": 0.34285714285714286, "2": 0.37142857142857144, "3": 0.17142857142857143, "4": 0.04285714285714286, "5": 0.04285714285714286, "6": 0.014285714285714285, "7": 0.014285714285714285}, "26": {"1": 0.4067796610169492, "2": 0.3559322033898305, "3": 0.1864406779661017, "4": 0.05084745762711865}, "27": {"1": 0.3472222222222222, "2": 0.3888888888888889, "3": 0.1111111111111111, "4": 0.1111111111111111, "5": 0.041666666666666664}, "28": {"1": 0.3333333333333333, "2": 0.3, "3": 0.2833333333333333, "4": 0.05, "5": 0.03333333333333333}, "29": {"1": 0.29411764705882354, "2": 0.3235294117647059, "3": 0.23529411764705882, "4": 0.10294117647058823, "5": 0.04411764705882353}, "30": {"1": 0.40229885057471265, "2": 0.3103448275862069, "3": 0.11494252873563218, "4": 0.12643678160919541, "5": 0.04597701149425287}, "31": {"1": 0.29333333333333333, "2": 0.36, "3": 0.21333333333333335, "4": 0.10666666666666667, "5": 0.013333333333333334, "6": 0.013333333333333334}, "32": {"1": 0.3013698630136986, "2": 0.3835616438356164, "3": 0.1917808219178082, "4": 0.0958904109589041, "5": 0.0273972602739726}, "33": {"1": 0.3473684210526316, "2": 0.28421052631578947, "3": 0.2, "4": 0.11578947368421053, "5": 0.042105263157894736, "7": 0.010526315789473684}, "34": {"1": 0.3125, "2": 0.425, "3": 0.1375, "4": 0.0875, "5": 0.0125, "6": 0.025}, "35": {"1": 0.3473684210526316, "2": 0.3157894736842105, "3": 0.14736842105263157, "4": 0.11578947368421053, "5": 0.05263157894736842, "6": 0.021052631578947368}, "36": {"1": 0.3684210526315789, "2": 0.2236842105263158, "3": 0.27631578947368424, "4": 0.07894736842105263, "5": 0.039473684210526314, "6": 0.013157894736842105}, "37": {"1": 0.3287671232876712, "2": 0.3698630136986301, "3": 0.2054794520547945, "4": 0.0410958904109589, "5": 0.0410958904109589, "6": 0.0136986301369863}, "38": {"1": 0.3246753246753247, "2": 0.2597402597402597, "3": 0.24675324675324675, "4": 0.12987012987012986, "5": 0.025974025974025976, "6": 0.012987012987012988}, "39": {"1": 0.3625, "2": 0.275, "3": 0.225, "4": 0.0625, "5": 0.0375, "6": 0.0375}, "40": {"1": 0.36904761904761907, "2": 0.30952380952380953, "3": 0.25, "4": 0.03571428571428571, "5": 0.023809523809523808, "7": 0.011904761904761904}, "41": {"1": 0.26881720430107525, "2": 0.3870967741935484, "3": 0.21505376344086022, "4": 0.08602150537634409, "5": 0.021505376344086023, "6": 0.010752688172043012, "7": 0.010752688172043012}, "42": {"1": 0.33, "2": 0.29, "3": 0.23, "4": 0.08, "5": 0.04, "6": 0.02, "7": 0.01}, "43": {"1": 0.3673469387755102, "2": 0.29591836734693877, "3": 0.1836734693877551, "4": 0.08163265306122448, "5": 0.061224489795918366, "7": 0.01020408163265306}, "44": {"1": 0.30666666666666664, "2": 0.3333333333333333, "3": 0.2, "4": 0.10666666666666667, "5": 0.04, "6": 0.013333333333333334}, "45": {"1": 0.2714285714285714, "2": 0.32857142857142857, "3": 0.22857142857142856, "4": 0.08571428571428572, "5": 0.08571428571428572}, "46": {"1": 0.3684210526315789, "2": 0.35789473684210527, "3": 0.1368421052631579, "4": 0.08421052631578947, "5": 0.031578947368421054, "6": 0.021052631578947368}, "47": {"1": 0.44660194174757284, "2": 0.27184466019417475, "3": 0.1553398058252427, "4": 0.0970873786407767, "5": 0.02912621359223301}, "48": {"1": 0.3434343434343434, "2": 0.25252525252525254, "3": 0.29292929292929293, "4": 0.10101010101010101, "7": 0.010101010101010102}, "49": {"1": 0.3770491803278688, "2": 0.39344262295081966, "3": 0.12295081967213115,