{"p4": {"4": 46.74183006535948, "5": 47.18072289156626, "6": 47.10982658959538, "7": 46.89665653495441, "8": 47.08498583569405, "9": 47.63559322033898, "10": 47.54545454545455, "11": 47.29714285714286, "12": 47.21024258760108, "13": 47.39425587467363, "14": 47.21351351351351, "15": 47.47191011235955, "16": 47.60650887573964, "17": 47.68358208955224, "18": 47.06798866855524, "19": 47.66129032258065, "20": 47.550898203592816, "21": 47.78635014836795, "22": 47.819047619047616, "23": 47.62538699690403, "24": 47.40728476821192, "25": 47.69283276450512, "26": 47.51968503937008, "27": 46.42916666666667, "28": 46.32843137254902, "29": 45.6695652173913, "30": 45.55833333333333, "31": 47.0625, "32": 46.62439024390244, "33": 47.84023668639053, "34": 46.23529411764706, "35": 46.02614379084967, "36": 46.385185185185186, "37": 47.18181818181818, "38": 46.65408805031446, "39": 46.463855421686745, "40": 47.89142857142857, "41": 47.42156862745098, "42": 49.07194244604317, "43": 46.87755102040816, "44": 50.65, "45": 52.68518518518518, "46": 52.45360824742268, "47": 49.23076923076923, "48": 49.98701298701299, "49": 46.87837837837838, "50": 48.27950310559006, "51": 48.61490683229814, "52": 47.92982456140351, "53": 47.970238095238095, "54": 46.77272727272727, "55": 44.53142857142857, "56": 45.582417582417584, "57": 46.68181818181818, "58": 45.8643216080402, "59": 46.18333333333333, "60": 44.91017964071856, "61": 44.7, "62": 44.75483870967742, "63": 46.40677966101695, "64": 45.804054054054056, "65": 48.375, "66": 47.54601226993865, "67": 47.153225806451616, "68": 48.97452229299363, "69": 48.64921465968586, "70": 48.01675977653631, "71": 48.46875, "72": 48.10582010582011, "73": 48.323232323232325, "74": 47.050561797752806, "75": 47.06435643564357, "76": 48.866379310344826, "77": 48.8406374501992, "78": 49.13777777777778, "79": 48.653153153153156, "80": 47.93574297188755, "81": 46.89351851851852, "82": 47.49107142857143, "83": 45.449392712550605, "84": 46.31836734693878, "85": 46.40869565217391, "86": 46.825471698113205, "87": 46.71511627906977, "88": 47.47674418604651, "89": 48.28947368421053}, "p0": {"0": 0.0, "1": 0.0, "2": 0.0, "3": 0.0, "4": 0.0, "5": 0.0, "6": 0.0, "7": 0.0, "8": 0.0, "9": 0.0, "10": 0.0, "11": 0.0, "12": 0.0, "13": 0.0, "14": 0.0, "15": 0.0, "16": 0.0, "17": 0.0, "18": 0.0, "19": 0.0, "20": 0.0, "21": 0.0, "22": 0.0, "23": 0.0, "24": 0.0, "25": 0.0, "26": 0.0, "27": 0.0, "28": 0.0, "29": 0.0, "30": 0.0, "31": 0.0, "32": 0.0, "33": 0.0, "34": 0.0, "35": 0.0, "36": 0.0, "37": 0.0, "38": 0.0, "39": 0.0, "40": 0.0, "41": 0.0, "42": 0.0, "43": 0.0, "44": 0.0, "45": 0.0, "46": 0.0, "47": 0.0, "48": 0.0, "49": 0.0, "50": 0.0, "51": 0.0, "52": 0.0, "53": 0.0, "54": 0.0, "55": 0.0, "56": 0.0, "57": 0.0, "58": 0.0, "59": 0.0, "60": 0.0, "61": 0.0, "62": 0.0, "63": 0.0, "64": 0.0, "65": 0.0, "66": 0.0, "67": 0.0, "68": 0.0, "69": 0.0, "70": 0.0, "71": 0.0, "72": 0.0, "73": 0.0, "74": 0.0, "75": 0.0, "76": 0.0, "77": 0.0, "78": 0.0, "79": 0.0, "80": 0.0, "81": 0.0, "82": 0.0, "83": 0.0, "84": 0.0, "85": 0.0, "86": 0.0, "87": 0.0, "88": 0.0, "89": 0.0}, "p1": {"0": 0.0, "1": 0.0, "2": 0.0, "3": 0.0, "4": 0.0, "5": 0.0, "6": 0.0, "7": 0.0, "8": 0.0, "9": 0.0, "10": 0.0, "11": 0.0, "12": 0.0, "13": 0.0, "14": 0.0, "15": 0.0, "16": 0.0, "17": 0.0, "18": 0.0, "19": 0.0, "20": 0.0, "21": 0.0, "22": 0.0, "23": 0.0, "24": 0.0, "25": 0.0, "26": 0.0, "27": 0.0, "28": 0.0, "29": 0.0, "30": 0.0, "31": 0.0, "32": 0.0, "33": 0.0, "34": 0.0, "35": 0.0, "36": 0.0, "37": 0.0, "38": 0.0, "39": 0.0, "40": 0.0, "41": 0.0, "42": 0.0, "43": 0.0, "44": 0.0, "45": 0.0, "46": 0.0, "47": 0.0, "48": 0.0, "49": 0.0, "50": 0.0, "51": 0.0, "52": 0.0, "53": 0.0, "54": 0.0, "55": 0.0, "56": 0.0, "57": 0.0, "58": 0.0, "59": 0.0, "60": 0.0, "61": 0.0, "62": 0.0, "63": 0.0, "64": 0.0, "65": 0.0, "66": 0.0, "67": 0.0, "68": 0.0, "69": 0.0, "70": 0.0, "71": 0.0, "72": 0.0, "73": 0.0, "74": 0.0, "75": 0.0, "76": 0.0, "77": 0.0, "78": 0.0, "79": 0.0, "80": 0.0, "81": 0.0, "82": 0.0, "83": 0.0, "84": 0.0, "85": 0.0, "86": 0.0, "87": 0.0, "88": 0.0, "89": 0.0}, "p2": {"0": 0.0, "1": 0.0, "2": 0.0, "3": 0.0, "4": 0.0, "5": 0.0, "6": 0.0, "7": 0.0, "8": 0.0, "9": 0.0, "10": 0.0, "11": 0.0, "12": 0.0, "13": 0.0, "14": 0.0, "15": 0.0, "16": 0.0, "17": 0.0, "18": 0.0, "19": 0.0, "20": 0.0, "21": 0.0, "22": 0.0, "23": 0.0, "24": 0.0, "25": 0.0, "26": 0.0, "27": 0.0, "28": 0.0, "29": 0.0, "30": 0.0, "31": 0.0, "32": 0.0, "33": 0.0, "34": 0.0, "35": 0.0, "36": 0.0, "37": 0.0, "38": 0.0, "39": 0.0, "40": 0.0, "41": 0.0, "42": 0.0, "43": 0.0, "44": 0.0, "45": 0.0, "46": 0.0, "47": 0.0, "48": 0.0, "49": 0.0, "50": 0.0, "51": 0.0, "52": 0.0, "53": 0.0, "54": 0.0, "55": 0.0, "56": 0.0, "57": 0.0, "58": 0.0, "59": 0.0, "60": 0.0, "61": 0.0, "62": 0.0, "63": 0.0, "64": 0.0, "65": 0.0, "66": 0.0, "67": 0.0, "68": 0.0, "69": 0.0, "70": 0.0, "71": 0.0, "72": 0.0, "73": 0.0, "74": 0.0, "75": 0.0, "76": 0.0, "77": 0.0, "78": 0.0, "79": 0.0, "80": 0.0, "81": 0.0, "82": 0.0, "83": 0.0, "84": 0.0, "85": 0.0, "86": 0.0, "87": 0.0, "88": 0.0, "89": 0.0}, "p3": {"0": 0.0, "1": 0.0, "2": 0.0, "3": 0.0, "4": 0.0, "5": 0.0, "6": 0.0, "7": 0.0, "8": 0.0, "9": 0.0, "10": 0.0, "11": 0.0, "12": 0.0, "13": 0.0, "14": 0.0, "15": 0.0, "16": 0.0, "17": 0.0, "18": 0.0, "19": 0.0, "20": 0.0, "21": 0.0, "22": 0.0, "23": 0.0, "24": 0.0, "25": 0.0, "26": 0.0, "27": 0.0, "28": 0.0, "29": 0.0, "30": 0.0, "31": 0.0, "32": 0.0, "33": 0.0, "34": 0.0, "35": 0.0, "36": 0.0, "37": 0.0, "38": 0.0, "39": 0.0, "40": 0.0, "41": 0.0, "42": 0.0, "43": 0.0, "44": 0.0, "45": 0.0, "46": 0.0, "47": 0.0, "48": 0.0, "49": 0.0, "50": 0.0, "51": 0.0, "52": 0.0, "53": 0.0, "54": 0.0, "55": 0.0, "56": 0.0, "57": 0.0, "58": 0.0, "59": 0.0, "60": 0.0, "61": 0.0, "62": 0.0, "63": 0.0, "64": 0.0, "65": 0.0, "66": 0.0, "67": 0.0, "68": 0.0, "69": 0.0, "70": 0.0, "71": 0.0, "72": 0.0, "73": 0.0, "74": 0.0, "75": 0.0, "76": 0.0, "77": 0.0, "78": 0.0, "79": 0.0, "80": 0.0, "81": 0.0, "82": 0.0, "83": 0.0, "84": 0.0, "85": 0.0, "86": 0.0, "87": 0.0, "88": 0.0, "89": 0.0}}