{"p0": {"0": {"0": 1.0}, "1": {"0": 1.0}, "2": {"0": 1.0}, "3": {"0": 1.0}, "4": {"0": 1.0}, "5": {"0": 1.0}, "6": {"0": 1.0}, "7": {"0": 1.0}, "8": {"0": 1.0}, "9": {"0": 1.0}, "10": {"0": 1.0}, "11": {"0": 1.0}, "12": {"0": 1.0}, "13": {"0": 1.0}, "14": {"0": 1.0}, "15": {"0": 1.0}, "16": {"0": 1.0}, "17": {"0": 1.0}, "18": {"0": 1.0}, "19": {"0": 1.0}, "20": {"0": 1.0}, "21": {"0": 1.0}, "22": {"0": 1.0}, "23": {"0": 1.0}, "24": {"0": 1.0}, "25": {"0": 1.0}, "26": {"0": 1.0}, "27": {"0": 1.0}, "28": {"0": 1.0}, "29": {"0": 1.0}, "30": {"0": 1.0}, "31": {"0": 1.0}, "32": {"0": 1.0}, "33": {"0": 1.0}, "34": {"0": 1.0}, "35": {"0": 1.0}, "36": {"0": 1.0}, "37": {"0": 1.0}, "38": {"0": 1.0}, "39": {"0": 1.0}, "40": {"0": 1.0}, "41": {"0": 1.0}, "42": {"0": 1.0}, "43": {"0": 1.0}, "44": {"0": 1.0}, "45": {"0": 1.0}, "46": {"0": 1.0}, "47": {"0": 1.0}, "48": {"0": 1.0}, "49": {"0": 1.0}}, "p2": {"0": {"0": 1.0}, "1": {"0": 1.0}, "2": {"0": 1.0}, "3": {"0": 1.0}, "4": {"0": 1.0}, "5": {"0": 1.0}, "6": {"0": 1.0}, "7": {"0": 1.0}, "8": {"0": 1.0}, "9": {"0": 1.0}, "10": {"0": 1.0}, "11": {"0": 1.0}, "12": {"0": 1.0}, "13": {"0": 1.0}, "14": {"0": 1.0}, "15": {"0": 1.0}, "16": {"0": 1.0}, "17": {"0": 1.0}, "18": {"0": 1.0}, "19": {"0": 1.0}, "20": {"0": 1.0}, "21": {"0": 1.0}, "22": {"0": 1.0}, "23": {"0": 1.0}, "24": {"0": 1.0}, "25": {"0": 1.0}, "26": {"0": 1.0}, "27": {"0": 1.0}, "28": {"0": 1.0}, "29": {"0": 1.0}, "30": {"0": 1.0}, "31": {"0": 1.0}, "32": {"0": 1.0}, "33": {"0": 1.0}, "34": {"0": 1.0}, "35": {"0": 1.0}, "36": {"0": 1.0}, "37": {"0": 1.0}, "38": {"0": 1.0}, "39": {"0": 1.0}, "40": {"0": 1.0}, "41": {"0": 1.0}, "42": {"0": 1.0}, "43": {"0": 1.0}, "44": {"0": 1.0}, "45": {"0": 1.0}, "46": {"0": 1.0}, "47": {"0": 1.0}, "48": {"0": 1.0}, "49": {"0": 1.0}}, "p3": {"0": {"0": 1.0}, "1": {"0": 1.0}, "2": {"0": 1.0}, "3": {"1": 0.34539473684210525, "2": 0.3125, "3": 0.20559210526315788, "4": 0.08881578947368421, "5": 0.03453947368421053, "6": 0.013157894736842105}, "4": {"1": 0.34308510638297873, "2": 0.31648936170212766, "3": 0.20611702127659576, "4": 0.07845744680851063, "5": 0.043882978723404256, "6": 0.010638297872340425, "7": 0.0013297872340425532}, "5": {"1": 0.33292831105710813, "2": 0.3268529769137303, "3": 0.1968408262454435, "4": 0.09720534629404617, "5": 0.026731470230862697, "6": 0.014580801944106925, "7": 0.004860267314702308}, "6": {"1": 0.34866310160427805, "2": 0.3229946524064171, "3": 0.17647058823529413, "4": 0.08663101604278074, "5": 0.044919786096256686, "6": 0.017112299465240642, "7": 0.0021390374331550803, "8": 0.0010695187165775401}, "7": {"1": 0.3428844317096466, "2": 0.3390639923591213, "3": 0.1766953199617956, "4": 0.08404966571155682, "5": 0.03724928366762178, "6": 0.012416427889207259, "7": 0.0057306590257879654, "8": 0.0019102196752626551}, "8": {"1": 0.333011583011583, "2": 0.30212355212355213, "3": 0.20463320463320464, "4": 0.10810810810810811, "5": 0.03667953667953668, "6": 0.008687258687258687, "7": 0.005791505791505791, "8": 0.0009652509652509653}, "9": {"1": 0.3345622119815668, "2": 0.3069124423963134, "3": 0.21935483870967742, "4": 0.0967741935483871, "5": 0.029493087557603687, "6": 0.010138248847926268, "7": 0.0018433179723502304, "8": 0.0009216589861751152}, "10": {"1": 0.32550043516100957, "2": 0.31157528285465624, "3": 0.19669277632724108, "4": 0.09921671018276762, "5": 0.04351610095735422, "6": 0.018276762402088774, "7": 0.005221932114882507}, "11": {"1": 0.3257506824385805, "2": 0.32848043676069155, "3": 0.18926296633303002, "4": 0.10009099181073704, "5": 0.039126478616924476, "6": 0.014558689717925387, "7": 0.0018198362147406734, "9": 0.0009099181073703367}, "12": {"1": 0.3339980059820538, "2": 0.3090727816550349, "3": 0.19541375872382852, "4": 0.09371884346959122, "5": 0.04287138584247258, "6": 0.018943170488534396, "7": 0.004985044865403789, "8": 0.0009970089730807576}, "13": {"1": 0.3622291021671827, "2": 0.32610939112487103, "3": 0.17337461300309598, "4": 0.07739938080495357, "5": 0.03715170278637771, "6": 0.016511867905056758, "7": 0.005159958720330237, "8": 0.0020639834881320948}, "14": {"1": 0.33801295896328293, "2": 0.30345572354211664, "3": 0.19438444924406048, "4": 0.09935205183585313, "5": 0.04427645788336933, "6": 0.0183585313174946, "7": 0.0010799136069114472, "8": 0.0010799136069114472}, "15": {"1": 0.3624454148471616, "2": 0.29475982532751094, "3": 0.2052401746724891, "4": 0.08733624454148471, "5": 0.034934497816593885, "6": 0.008733624454148471, "7": 0.0054585152838427945, "8": 0.001091703056768559}, "16": {"1": 0.33373063170441003, "2": 0.32419547079856975, "3": 0.19904648390941598, "4": 0.09058402860548272, "5": 0.03575685339690107, "6": 0.011918951132300357, "7": 0.003575685339690107, "8": 0.0011918951132300357}, "17": {"1": 0.3361963190184049, "2": 0.3042944785276074, "3": 0.2085889570552147, "4": 0.08466257668711656, "5": 0.044171779141104296, "6": 0.014723926380368098, "7": 0.0036809815950920245, "8": 0.00245398773006135, "9": 0.001226993865030675}, "18": {"1": 0.33531510107015455, "2": 0.31985731272294887, "3": 0.19143876337693222, "4": 0.09512485136741974, "5": 0.04280618311533888, "6": 0.011890606420927468, "7": 0.0011890606420927466, "8": 0.0011890606420927466, "9": 0.0011890606420927466}, "19": {"1": 0.3371647509578544, "2": 0.3052362707535121, "3": 0.210727969348659, "4": 0.08939974457215837, "5": 0.035759897828863345, "6": 0.01277139208173691, "7": 0.008939974457215836}, "20": {"1": 0.3585434173669468, "2": 0.30532212885154064, "3": 0.18487394957983194, "4": 0.09943977591036414, "5": 0.036414565826330535, "6": 0.008403361344537815, "7": 0.0056022408963585435, "9": 0.0014005602240896359}, "21": {"1": 0.30466472303207, "2": 0.3119533527696793, "3": 0.22011661807580174, "4": 0.09475218658892129, "5": 0.04081632653061224, "6": 0.014577259475218658, "7": 0.011661807580174927, "9": 0.0014577259475218659}, "22": {"1": 0.2824074074074074, "2": 0.3117283950617284, "3": 0.21604938271604937, "4": 0.1095679012345679, "5": 0.047839506172839504, "6": 0.023148148148148147, "7": 0.007716049382716049, "8": 0.0015432098765432098}, "23": {"1": 0.2978369384359401, "2": 0.2895174708818636, "3": 0.22961730449251247, "4": 0.1264559068219634, "5": 0.03494176372712146, "6": 0.011647254575707155, "7": 0.004991680532445923, "8": 0.0016638935108153079, "9": 0.0033277870216306157}, "24": {"1": 0.33766233766233766, "2": 0.2634508348794063, "3": 0.22077922077922077, "4": 0.11131725417439703, "5": 0.04081632653061224, "6": 0.02040816326530612, "7": 0.0055658627087198514}, "25": {"1": 0.3264150943396226, "2": 0.2849056603773585, "3": 0.22264150943396227, "4": 0.10943396226415095, "5": 0.033962264150943396, "6": 0.020754716981132074, "8": 0.0018867924528301887}, "26": {"1": 0.3443579766536965, "2": 0.3151750972762646, "3": 0.20428015564202334, "4": 0.06809338521400778, "5": 0.038910505836575876, "6": 0.01556420233463035, "7": 0.009727626459143969, "8": 0.0038910505836575876}, "27": {"1": 0.3443830570902394, "2": 0.3149171270718232, "3": 0.17679558011049723, "4": 0.09944751381215469, "5": 0.040515653775322284, "6": 0.020257826887661142, "7": 0.003683241252302026}, "28": {"1": 0.3255395683453237, "2": 0.302158273381295, "3": 0.22841726618705036, "4": 0.09172661870503597, "5": 0.04316546762589928, "6": 0.008992805755395683}, "29": {"1": 0.35453100158982515, "2": 0.2861685214626391, "3": 0.20985691573926868, "4": 0.10174880763116058, "5": 0.030206677265500796, "6": 0.012718600953895072, "7": 0.0047694753577106515}, "30": {"1": 0.3635097493036212, "2": 0.2883008356545961, "3": 0.20473537604456823, "4": 0.09331476323119778, "5": 0.0403899721448468, "6": 0.008356545961002786, "7": 0.001392757660167131}, "31": {"1": 0.3630731102850062, "2": 0.3159851301115242, "3": 0.1734820322180917, "4": 0.09913258983890955, "5": 0.03469640644361834, "6": 0.009913258983890954, "7": 0.0024783147459727386, "8": 0.0012391573729863693}, "32": {"1": 0.3333333333333333, "2": 0.3345771144278607, "3": 0.1865671641791045,