{"p0": {"0": 0.0, "1": 0.0, "2": 0.0, "3": 0.0, "4": 0.0, "5": 0.0, "6": 0.0, "7": 0.0, "8": 0.0, "9": 0.0, "10": 0.0, "11": 0.0, "12": 0.0, "13": 0.0, "14": 0.0, "15": 0.0, "16": 0.0, "17": 0.0, "18": 0.0, "19": 0.0, "20": 0.0, "21": 0.0, "22": 0.0, "23": 0.0, "24": 0.0, "25": 0.0, "26": 0.0, "27": 0.0, "28": 0.0, "29": 0.0, "30": 0.0, "31": 0.0, "32": 0.0, "33": 0.0, "34": 0.0, "35": 0.0, "36": 0.0, "37": 0.0, "38": 0.0, "39": 0.0, "40": 0.0, "41": 0.0, "42": 0.0, "43": 0.0, "44": 0.0, "45": 0.0, "46": 0.0, "47": 0.0, "48": 0.0, "49": 0.0, "50": 0.0, "51": 0.0, "52": 0.0, "53": 0.0, "54": 0.0, "55": 0.0, "56": 0.0, "57": 0.0, "58": 0.0, "59": 0.0, "60": 0.0, "61": 0.0, "62": 0.0, "63": 0.0, "64": 0.0, "65": 0.0, "66": 0.0, "67": 0.0, "68": 0.0, "69": 0.0, "70": 0.0, "71": 0.0, "72": 0.0, "73": 0.0, "74": 0.0, "75": 0.0, "76": 0.0, "77": 0.0, "78": 0.0, "79": 0.0, "80": 0.0, "81": 0.0, "82": 0.0, "83": 0.0, "84": 0.0, "85": 0.0, "86": 0.0, "87": 0.0, "88": 0.0, "89": 0.0, "90": 0.0, "91": 0.0, "92": 0.0, "93": 0.0, "94": 0.0, "95": 0.0, "96": 0.0, "97": 0.0, "98": 0.0, "99": 0.0}, "p3": {"3": 36.85981308411215, "4": 37.080536912751676, "5": 36.115606936416185, "6": 36.02285714285714, "7": 36.36486486486486, "8": 37.208955223880594, "9": 37.13135593220339, "10": 36.29811320754717, "11": 35.776923076923076, "12": 36.193308550185876, "13": 36.16254416961131, "14": 36.416666666666664, "15": 36.84249084249084, "16": 36.169064748201436, "17": 36.4812030075188, "18": 35.91044776119403, "19": 35.81927710843374, "20": 36.22352941176471, "21": 36.57044673539519, "22": 36.371134020618555, "23": 36.278260869565216, "24": 36.155660377358494, "25": 36.31981981981982, "26": 36.16748768472906, "27": 36.52073732718894, "28": 35.7877358490566, "29": 35.28879310344828, "30": 35.2952380952381, "31": 35.613756613756614, "32": 36.39325842696629, "33": 36.28915662650602, "34": 36.68421052631579, "35": 37.282051282051285, "36": 36.70068027210884, "37": 37.4, "38": 37.483333333333334, "39": 38.40163934426229, "40": 37.4375, "41": 38.47008547008547, "42": 37.072072072072075, "43": 39.4954128440367, "44": 37.22142857142857, "45": 39.041666666666664, "46": 37.71287128712871, "47": 38.075630252100844, "48": 35.613207547169814, "49": 34.666666666666664, "50": 36.12380952380953, "51": 35.46, "52": 35.44859813084112, "53": 35.4040404040404, "54": 35.11864406779661, "55": 35.08, "56": 35.270270270270274, "57": 35.99082568807339, "58": 34.93288590604027, "59": 35.044585987261144, "60": 35.56216216216216, "61": 36.207317073170735, "62": 36.434065934065934, "63": 36.41847826086956, "64": 34.67045454545455, "65": 36.18181818181818, "66": 35.711442786069654, "67": 35.61904761904762, "68": 36.36931818181818, "69": 35.9064039408867, "70": 36.98237885462555, "71": 36.504901960784316, "72": 35.98449612403101, "73": 36.36776859504132, "74": 36.266949152542374, "75": 37.31372549019608, "76": 36.63354037267081, "77": 37.37267080745342, "78": 38.73451327433628, "79": 38.392405063291136, "80": 38.71333333333333, "81": 37.97560975609756, "82": 37.52073732718894, "83": 37.35028248587571, "84": 37.60283687943262, "85": 37.785234899328856, "86": 37.35849056603774, "87": 35.40163934426229, "88": 37.082352941176474, "89": 36.384105960264904, "90": 37.436974789915965, "91": 36.94219653179191, "92": 36.64375, "93": 36.162921348314605, "94": 35.06578947368421, "95": 36.05291005291005, "96": 35.7970297029703, "97": 35.84615384615385, "98": 35.78343949044586, "99": 37.320754716981135}, "p2": {"0": 0.0, "1": 0.0, "2": 0.0, "3": 0.0, "4": 0.0, "5": 0.0, "6": 0.0, "7": 0.0, "8": 0.0, "9": 0.0, "10": 0.0, "11": 0.0, "12": 0.0, "13": 0.0, "14": 0.0, "15": 0.0, "16": 0.0, "17": 0.0, "18": 0.0, "19": 0.0, "20": 0.0, "21": 0.0, "22": 0.0, "23": 0.0, "24": 0.0, "25": 0.0, "26": 0.0, "27": 0.0, "28": 0.0, "29": 0.0, "30": 0.0, "31": 0.0, "32": 0.0, "33": 0.0, "34": 0.0, "35": 0.0, "36": 0.0, "37": 0.0, "38": 0.0, "39": 0.0, "40": 0.0, "41": 0.0, "42": 0.0, "43": 0.0, "44": 0.0, "45": 0.0, "46": 0.0, "47": 0.0, "48": 0.0, "49": 0.0, "50": 0.0, "51": 0.0, "52": 0.0, "53": 0.0, "54": 0.0, "55": 0.0, "56": 0.0, "57": 0.0, "58": 0.0, "59": 0.0, "60": 0.0, "61": 0.0, "62": 0.0, "63": 0.0, "64": 0.0, "65": 0.0, "66": 0.0, "67": 0.0, "68": 0.0, "69": 0.0, "70": 0.0, "71": 0.0, "72": 0.0, "73": 0.0, "74": 0.0, "75": 0.0, "76": 0.0, "77": 0.0, "78": 0.0, "79": 0.0, "80": 0.0, "81": 0.0, "82": 0.0, "83": 0.0, "84": 0.0, "85": 0.0, "86": 0.0, "87": 0.0, "88": 0.0, "89": 0.0, "90": 0.0, "91": 0.0, "92": 0.0, "93": 0.0, "94": 0.0, "95": 0.0, "96": 0.0, "97": 0.0, "98": 0.0, "99": 0.0}, "p1": {"0": 0.0, "1": 0.0, "2": 0.0, "3": 0.0, "4": 0.0, "5": 0.0, "6": 0.0, "7": 0.0, "8": 0.0, "9": 0.0, "10": 0.0, "11": 0.0, "12": 0.0, "13": 0.0, "14": 0.0, "15": 0.0, "16": 0.0, "17": 0.0, "18": 0.0, "19": 0.0, "20": 0.0, "21": 0.0, "22": 0.0, "23": 0.0, "24": 0.0, "25": 0.0, "26": 0.0, "27": 0.0, "28": 0.0, "29": 0.0, "30": 0.0, "31": 0.0, "32": 0.0, "33": 0.0, "34": 0.0, "35": 0.0, "36": 0.0, "37": 0.0, "38": 0.0, "39": 0.0, "40": 0.0, "41": 0.0, "42": 0.0, "43": 0.0, "44": 0.0, "45": 0.0, "46": 0.0, "47": 0.0, "48": 0.0, "49": 0.0, "50": 0.0, "51": 0.0, "52": 0.0, "53": 0.0, "54": 0.0, "55": 0.0, "56": 0.0, "57": 0.0, "58": 0.0, "59": 0.0, "60": 0.0, "61": 0.0, "62": 0.0, "63": 0.0, "64": 0.0, "65": 0.0, "66": 0.0, "67": 0.0, "68": 0.0, "69": 0.0, "70": 0.0, "71": 0.0, "72": 0.0, "73": 0.0, "74": 0.0, "75": 0.0, "76": 0.0, "77": 0.0, "78": 0.0, "79": 0.0, "80": 0.0, "81": 0.0, "82": 0.0, "83": 0.0, "84": 0.0, "85": 0.0, "86": 0.0, "87": 0.0, "88": 0.0, "89": 0.0, "90": 0.0, "91": 0.0, "92": 0.0, "93": 0.0, "94": 0.0, "95": 0.0, "96": 0.0, "97": 0.0, "98": 0.0, "99": 0.0}}