{"p0": {"0": {"0": 1.0}, "1": {"0": 1.0}, "2": {"0": 1.0}, "3": {"0": 1.0}, "4": {"0": 1.0}, "5": {"0": 1.0}, "6": {"0": 1.0}, "7": {"0": 1.0}, "8": {"0": 1.0}, "9": {"0": 1.0}, "10": {"0": 1.0}, "11": {"0": 1.0}, "12": {"0": 1.0}, "13": {"0": 1.0}, "14": {"0": 1.0}, "15": {"0": 1.0}, "16": {"0": 1.0}, "17": {"0": 1.0}, "18": {"0": 1.0}, "19": {"0": 1.0}, "20": {"0": 1.0}, "21": {"0": 1.0}, "22": {"0": 1.0}, "23": {"0": 1.0}, "24": {"0": 1.0}, "25": {"0": 1.0}, "26": {"0": 1.0}, "27": {"0": 1.0}, "28": {"0": 1.0}, "29": {"0": 1.0}, "30": {"0": 1.0}, "31": {"0": 1.0}, "32": {"0": 1.0}, "33": {"0": 1.0}, "34": {"0": 1.0}, "35": {"0": 1.0}, "36": {"0": 1.0}, "37": {"0": 1.0}, "38": {"0": 1.0}, "39": {"0": 1.0}, "40": {"0": 1.0}, "41": {"0": 1.0}, "42": {"0": 1.0}, "43": {"0": 1.0}, "44": {"0": 1.0}, "45": {"0": 1.0}, "46": {"0": 1.0}, "47": {"0": 1.0}, "48": {"0": 1.0}, "49": {"0": 1.0}, "50": {"0": 1.0}, "51": {"0": 1.0}, "52": {"0": 1.0}, "53": {"0": 1.0}, "54": {"0": 1.0}, "55": {"0": 1.0}, "56": {"0": 1.0}, "57": {"0": 1.0}, "58": {"0": 1.0}, "59": {"0": 1.0}, "60": {"0": 1.0}, "61": {"0": 1.0}, "62": {"0": 1.0}, "63": {"0": 1.0}, "64": {"0": 1.0}, "65": {"0": 1.0}, "66": {"0": 1.0}, "67": {"0": 1.0}, "68": {"0": 1.0}, "69": {"0": 1.0}, "70": {"0": 1.0}, "71": {"0": 1.0}, "72": {"0": 1.0}, "73": {"0": 1.0}, "74": {"0": 1.0}, "75": {"0": 1.0}, "76": {"0": 1.0}, "77": {"0": 1.0}, "78": {"0": 1.0}, "79": {"0": 1.0}, "80": {"0": 1.0}, "81": {"0": 1.0}, "82": {"0": 1.0}, "83": {"0": 1.0}, "84": {"0": 1.0}, "85": {"0": 1.0}, "86": {"0": 1.0}, "87": {"0": 1.0}, "88": {"0": 1.0}, "89": {"0": 1.0}, "90": {"0": 1.0}, "91": {"0": 1.0}, "92": {"0": 1.0}, "93": {"0": 1.0}, "94": {"0": 1.0}, "95": {"0": 1.0}, "96": {"0": 1.0}, "97": {"0": 1.0}, "98": {"0": 1.0}, "99": {"0": 1.0}}, "p3": {"0": {"0": 1.0}, "1": {"0": 1.0}, "2": {"0": 1.0}, "3": {"1": 0.4107142857142857, "2": 0.35714285714285715, "3": 0.17857142857142858, "4": 0.017857142857142856, "5": 0.03571428571428571}, "4": {"1": 0.4358974358974359, "2": 0.32051282051282054, "3": 0.19230769230769232, "4": 0.02564102564102564, "5": 0.01282051282051282, "7": 0.01282051282051282}, "5": {"1": 0.36904761904761907, "2": 0.34523809523809523, "3": 0.17857142857142858, "4": 0.09523809523809523, "7": 0.011904761904761904}, "6": {"1": 0.4235294117647059, "2": 0.27058823529411763, "3": 0.16470588235294117, "4": 0.10588235294117647, "5": 0.03529411764705882}, "7": {"1": 0.3238095238095238, "2": 0.4095238095238095, "3": 0.1523809523809524, "4": 0.0761904761904762, "5": 0.02857142857142857, "7": 0.009523809523809525}, "8": {"1": 0.4105263157894737, "2": 0.30526315789473685, "3": 0.11578947368421053, "4": 0.11578947368421053, "5": 0.031578947368421054, "6": 0.021052631578947368}, "9": {"1": 0.330188679245283, "2": 0.3018867924528302, "3": 0.25471698113207547, "4": 0.0660377358490566, "5": 0.02830188679245283, "6": 0.009433962264150943, "7": 0.009433962264150943}, "10": {"1": 0.33064516129032256, "2": 0.33064516129032256, "3": 0.23387096774193547, "4": 0.08870967741935484, "5": 0.008064516129032258, "6": 0.008064516129032258}, "11": {"1": 0.4253731343283582, "2": 0.3358208955223881, "3": 0.17164179104477612, "4": 0.022388059701492536, "5": 0.029850746268656716, "6": 0.014925373134328358}, "12": {"1": 0.3412698412698413, "2": 0.29365079365079366, "3": 0.2777777777777778, "4": 0.06349206349206349, "5": 0.023809523809523808}, "13": {"1": 0.3383458646616541, "2": 0.3308270676691729, "3": 0.24060150375939848, "4": 0.05263157894736842, "5": 0.03007518796992481, "6": 0.007518796992481203}, "14": {"1": 0.3464566929133858, "2": 0.4094488188976378, "3": 0.13385826771653545, "4": 0.05511811023622047, "5": 0.047244094488188976, "7": 0.007874015748031496}, "15": {"1": 0.336, "2": 0.352, "3": 0.152, "4": 0.112, "5": 0.048}, "16": {"1": 0.3435114503816794, "2": 0.3816793893129771, "3": 0.15267175572519084, "4": 0.061068702290076333, "5": 0.05343511450381679, "6": 0.007633587786259542}, "17": {"1": 0.3858267716535433, "2": 0.3228346456692913, "3": 0.15748031496062992, "4": 0.08661417322834646, "5": 0.03937007874015748, "6": 0.007874015748031496}, "18": {"1": 0.3923076923076923, "2": 0.3384615384615385, "3": 0.15384615384615385, "4": 0.06923076923076923, "5": 0.023076923076923078, "6": 0.023076923076923078}, "19": {"1": 0.35344827586206895, "2": 0.3017241379310345, "3": 0.23275862068965517, "4": 0.06896551724137931, "5": 0.04310344827586207}, "20": {"1": 0.3709677419354839, "2": 0.3629032258064516, "3": 0.1693548387096774, "4": 0.06451612903225806, "5": 0.016129032258064516, "7": 0.016129032258064516}, "21": {"1": 0.42028985507246375, "2": 0.2391304347826087, "3": 0.2028985507246377, "4": 0.09420289855072464, "5": 0.036231884057971016, "6": 0.007246376811594203}, "22": {"1": 0.41496598639455784, "2": 0.3197278911564626, "3": 0.1564625850340136, "4": 0.09523809523809523, "5": 0.006802721088435374, "6": 0.006802721088435374}, "23": {"1": 0.3392857142857143, "2": 0.375, "3": 0.21428571428571427, "4": 0.044642857142857144, "5": 0.017857142857142856, "6": 0.008928571428571428}, "24": {"1": 0.36893203883495146, "2": 0.34951456310679613, "3": 0.1650485436893204, "4": 0.0970873786407767, "5": 0.009708737864077669, "6": 0.009708737864077669}, "25": {"1": 0.4491525423728814, "2": 0.3389830508474576, "3": 0.13559322033898305, "4": 0.0423728813559322, "5": 0.025423728813559324, "6": 0.00847457627118644}, "26": {"1": 0.3541666666666667, "2": 0.3125, "3": 0.21875, "4": 0.09375, "5": 0.020833333333333332}, "27": {"1": 0.41964285714285715, "2": 0.3392857142857143, "3": 0.16964285714285715, "4": 0.03571428571428571, "5": 0.026785714285714284, "6": 0.008928571428571428}, "28": {"1": 0.3465346534653465, "2": 0.38613861386138615, "3": 0.15841584158415842, "4": 0.0594059405940594, "5": 0.039603960396039604, "7": 0.009900990099009901}, "29": {"1": 0.38392857142857145, "2": 0.36607142857142855, "3": 0.14285714285714285, "4": 0.03571428571428571, "5": 0.05357142857142857, "6": 0.008928571428571428, "7": 0.008928571428571428}, "30": {"1": 0.38235294117647056, "2": 0.3235294117647059, "3": 0.19607843137254902, "4": 0.058823529411764705, "5": 0.029411764705882353, "6": 0.00980392156862745}, "31": {"1": 0.313953488372093, "2": 0.38372093023255816, "3": 0.18604651162790697, "4": 0.05813953488372093, "5": 0.023255813953488372, "6": 0.03488372093023256}, "32": {"1": 0.30864197530864196, "2": 0.37037037037037035, "3": 0.2345679012345679, "4": 0.024691358024691357, "5": 0.037037037037037035, "6": 0.012345679012345678, "7": 0.012345679012345678}, "33": {"1": 0.4457831325301205, "2": 0.27710843373493976, "3": 0.18072289156626506, "4": 0.04819277108433735, "5": 0.024096385542168676, "6": 0.024096385542168676}, "34": {"1": 0.34285714285714286, "2": 0.32857142857142857, "3": 0.24285714285714285, "4": 0.02857142857142857, "5": 0.02857142857142857, "6": 0.014285714285714285, "7": 0.014285714285714285}, "35": {"1": 0.37037037037037035, "2": 0.2777777777777778, "3": 0.24074074074074073, "4": 0.05555555555555555, "5": 0.037037037037037035, "6": 0.018518518518518517}, "36": {"1": 0.2898550724637681, "2": 0.4057971014492754, "3": 0.21739130434782608, "4": 0.057971014492753624, "5": 0.028985507246376812}, "37": {"1": 0.40789473684210525, "2": 0.35526315789473684, "3": 0.13157894736842105, "4": 0.05263157894736842, "5": 0.02631578947368421, "6": 0.013157894736842105, "8": 0.013157894736842105}, "38": {"1": 0.3620689655172414, "2": 0.3448275862068966, "3": 0.1724137931034483, "4": 0.10344827586206896, "5": 0.017241379310344827}, "39": {"1": 0.35185185185185186, "2": 0.3148148148148148, "3": 0.12962962962962962, "4": 0.12962962962962962, "5": 0.07407407407407407}, "40": {"1": 0.30357142857142855, "2": 0.30357142857142855, "3": 0.21428571428571427, "4": 0.16071428571428573, "5": 0.017857142857142856}, "41": {"1": 0.24528301886792453, "2": 0.39622641509433965, "3": 0.2830188679245283, "4": 0.05660377358490566, "5": 0.018867924528301886}, "42": {"1": 0.4444444444444444,