{
  "(1, 0, 1, 0, 0, 1, 1, 0, 0, 1, 1, 1)": [
    0.03413955530954769,
    0.11759180162177543,
    0.3442972409278041,
    0.06069254277252925,
    -0.07965896238894463
  ],
  "(1, 1, 0, 0, 0, 1, 1, 0, 0, 1, 1, 1)": [
    0.03413955530954769,
    0.2748788323344457,
    0.10700280746987575,
    0.06069254277252925,
    -0.07965896238894463
  ],
  "(1, 0, 0, 0, 0, 1, 1, 0, 0, 1, 1, 1)": [
    0.03465944701476923,
    0.13398241210094874,
    0.11697276194249656,
    0.061616794692923096,
    -0.08087204303446155
  ],
  "(3, 0, 2, 0, 0, 1, 1, 0, 0, 1, 1, 1)": [
    0.03749713707777122,
    0.12655283763747796,
    0.2823890738556065,
    0.07030713202082103,
    -0.11717855336803511
  ],
  "(3, 0, 0, 0, 0, 1, 1, 0, 0, 1, 1, 1)": [
    0.03749713707777122,
    0.12655283763747796,
    0.14530140617636353,
    0.07030713202082103,
    -0.11717855336803511
  ],
  "(3, 1, 0, 0, 0, 1, 1, 0, 0, 1, 1, 1)": [
    -0.07040006273649524,
    -0.14029563374674975,
    -0.05914107001228816,
    -0.08115750543766986,
    -0.11717855336803511
  ],
  "(1, 0, 2, 0, 0, 1, 1, 0, 0, 1, 1, 1)": [
    0.0428266794035458,
    0.4386270956298829,
    0.09421317610761325,
    0.076136318939637,
    -0.09992891860827353
  ],
  "(3, 0, 1, 0, 0, 1, 1, 0, 0, 1, 1, 1)": [
    0.04495348278325141,
    0.15171800439347358,
    0.28558311419731425,
    0.0842877802185964,
    -0.14047963369766073
  ],
  "(3, 1, 1, 0, 0, 1, 1, 0, 0, 1, 1, 1)": [
    0.04495348278325141,
    0.15171800439347358,
    0.21558005770013347,
    0.0842877802185964,
    -0.14047963369766073
  ],
  "(3, 1, 0, 0, 0, 0, 1, 0, 0, 1, 1, 1)": [
    0.055546425608312355,
    0.21808181804155483,
    0.13868533262301294,
    0.10414954801558571,
    -0.17358258002597624
  ],
  "(3, 1, 0, 1, 0, 0, 1, 0, 0, 1, 1, 1)": [
    0.055546425608312355,
    0.1397899355331749,
    0.13018191833310824,
    0.10414954801558571,
    -0.17358258002597624
  ],
  "(3, 1, 0, 1, 0, 0, 1, 0, 0, 0, 1, 1)": [
    0.055546425608312355,
    0.1874691864280543,
    0.18427340788012941,
    0.10414954801558571,
    -0.17358258002597624
  ],
  "(3, 1, 0, 1, 0, 1, 1, 0, 0, 1, 1, 1)": [
    0.05900804082390334,
    0.2001108086700354,
    0.16808355566312427,
    0.11064007654481882,
    -0.1844001275746981
  ],
  "(3, 1, 0, 1, 0, 1, 2, 0, 0, 1, 1, 1)": [
    0.05900804082390334,
    0.1991521377806739,
    0.252001459301979,
    0.11064007654481882,
    -0.1844001275746981
  ],
  "(1, 1, 1, 0, 0, 1, 1, 0, 0, 1, 1, 1)": [
    0.073792139869236,
    0.28112852601181376,
    0.25435091159780315,
    0.13118602643419733,
    -0.172181659694884
  ],
  "(3, 1, 0, 1, 0, 1, 1, 0, 0, 2, 1, 1)": [
    0.06659189159096311,
    0.22474763411950063,
    0.2610232264277384,
    0.12485979673305588,
    -0.20809966122175985
  ],
  "(3, 1, 0, 1, 0, 1, 1, 0, 0, 0, 1, 1)": [
    0.06659189159096311,
    0.19916658474782212,
    0.16612929706003896,
    0.12485979673305588,
    -0.20809966122175985
  ],
  "(3, 1, 0, 2, 0, 1, 1, 0, 0, 1, 1, 1)": [
    0.06659189159096311,
    0.19634101016013872,
    0.1782041276412687,
    0.12485979673305588,
    -0.20809966122175985
  ],
  "(3, 1, 0, 2, 0, 1, 1, 0, 0, 2, 1, 1)": [
    0.06659189159096311,
    0.22474763411950063,
    0.23192979541057612,
    0.12485979673305588,
    -0.20809966122175985
  ],
  "(3, 1, 0, 2, 0, 1, 1, 1, 0, 0, 1, 1)": [
    0.06659189159096311,
    0.22474763411950063,
    0.23192979541057612,
    0.12485979673305588,
    -0.20809966122175985
  ],
  "(3, 1, 0, 2, 0, 1, 1, 1, 0, 2, 1, 1)": [
    0.06659189159096311,
    0.22474763411950063,
    0.23192979541057612,
    0.12485979673305588,
    -0.20809966122175985
  ],
  "(3, 1, 0, 2, 0, 0, 1, 1, 0, 0, 1, 1)": [
    0.06659189159096311,
    0.22474763411950063,
    0.20623383145824037,
    0.12485979673305588,
    -0.20809966122175985
  ],
  "(3, 1, 0, 2, 0, 1, 1, 1, 0, 1, 1, 1)": [
    0.06659189159096311,
    0.22474763411950063,
    0.20623383145824037,
    0.12485979673305588,
    -0.20809966122175985
  ],
  "(3, 1, 1, 2, 0, 1, 1, 1, 0, 2, 1, 1)": [
    0.06659189159096311,
    0.22474763411950063,
    0.2809710745587792,
    0.12485979673305588,
    -0.20809966122175985
  ],
  "(3, 1, 1, 2, 0, 1, 1, 1, 0, 1, 1, 1)": [
    0.06659189159096311,
    0.22474763411950063,
    0.27855554941591043,
    0.12485979673305588,
    -0.20809966122175985
  ],
  "(3, 0, 1, 0, 0, 0, 1, 0, 0, 1, 1, 1)": [
    0.07515043651248013,
    0.25363272322962055,
    0.3203504335802308,
    0.14090706846090031,
    -0.2348451141015005
  ],
  "(3, 0, 0, 0, 0, 0, 1, 0, 0, 1, 1, 1)": [
    0.07515043651248013,
    0.25363272322962055,
    0.2912079414858607,
    0.14090706846090031,
    -0.2348451141015005
  ],
  "(3, 1, 0, 0, 0, 1, 1, 0, 0, 2, 1, 1)": [
    0.07515043651248013,
    0.25363272322962055,
    0.26173795260863714,
    0.14090706846090031,
    -0.2348451141015005
  ],
  "(3, 1, 1, 0, 0, 1, 1, 0, 0, 0, 1, 1)": [
    0.07515043651248013,
    0.25363272322962055,
    0.2637521052909912,
    0.14090706846090031,
    -0.2348451141015005
  ],
  "(3, 1, 0, 0, 0, 1, 1, 0, 0, 0, 1, 1)": [
    0.07515043651248013,
    0.25363272322962055,
    0.2912079414858607,
    0.14090706846090031,
    -0.2348451141015005
  ],
  "(3, 1, 0, 0, 0, 2, 1, 0, 0, 2, 1, 1)": [
    0.07515043651248013,
    0.25363272322962055,
    0.3224751510609988,
    0.14090706846090031,
    -0.2348451141015005
  ],
  "(3, 1, 0, 2, 0, 1, 2, 1, 0, 2, 1, 1)": [
    0.07515043651248013,
    0.25363272322962055,
    0.31289108751218975,
    0.14090706846090031,
    -0.2348451141015005
  ],
  "(3, 1, 0, 2, 0, 1, 2, 1, 0, 1, 1, 1)": [
    0.07515043651248013,
    0.25363272322962055,
    0.2841756995637809,
    0.14090706846090031,
    -0.2348451141015005
  ],
  "(3, 1, 0, 2, 0, 1, 2, 1, 0, 0, 1, 1)": [
    0.07515043651248013,
    0.28532584540697775,
    0.22397430392140497,
    0.14090706846090031,
    -0.2348451141015005
  ],
  "(3, 1, 0, 2, 0, 0, 2, 1, 0, 1, 1, 1)": [
    0.07515043651248013,
    0.25363272322962055,
    0.24986849275996306,
    0.14090706846090031,
    -0.2348451141015005
  ],
  "(3, 1, 0, 2, 1, 2, 2, 1, 0, 2, 1, 1)": [
    0.07515043651248013,
    0.25363272322962055,
    0.2818719128334535,
    0.14090706846090031,
    -0.2348451141015005
  ],
  "(3, 0, 1, 0, 2, 1, 1, 0, 0, 1, 1, 1)": [
    0.1047935219531715,
    0.353678136591954,
    0.4512300307162917,
    0.1964878536621966,
    -0.32747975610366103
  ],
  "(3, 0, 0, 0, 2, 1, 1, 0, 0, 1, 1, 1)": [
    0.1047935219531715,
    0.353678136591954,
    0.4060748975685397,
    0.1964878536621966,
    -0.32747975610366103
  ],
  "(1, 0, 1, 0, 1, 1, 1, 0, 0, 1, 1, 1)": [
    0.11968803268763244,
    0.41225877925740073,
    0.4847435741154529,
    0.2127787247780132,
    -0.2792720762711423
  ],
  "(1, 0, 0, 0, 1, 1, 1, 0, 0, 1, 1, 1)": [
    0.11968803268763244,
    0.41225877925740073,
    0.47875213075052975,
    0.2127787247780132,
    -0.2792720762711423
  ],
  "(1, 0, 0, 0, 1, 0, 1, 0, 0, 2, 1, 1)": [
    0.1456732240170349,
    0.5017633271697869,
    0.513387652363692,
    0.25897462047472863,
    -0.3399041893730814
  ],
  "(1, 1, 0, 0, 0, 1, 1, 0, 0, 0, 1, 1)": [
    0.1547514796066457,
    0.5330328742006686,
    0.5407957746750512,
    0.27511374152292567,
    -0.36108678574883996
  ]
}