{"now": "2022-06-23 02:09:06.988857", "monotonic": 11023324.337260932, "year": 2022, "month": 6, "day": 23, "hour": 2, "minute": 9, "second": 6, "mircosecond": 988857}