{"p0": {"0": 10.0, "1": 10.0, "2": 10.0, "3": 10.0, "4": 10.0, "5": 10.0, "6": 10.0, "7": 10.0, "8": 10.0, "9": 10.0, "10": 10.0, "11": 10.0, "12": 10.0, "13": 10.0, "14": 10.0, "15": 10.0, "16": 10.0, "17": 10.0, "18": 10.0, "19": 10.0, "20": 10.0, "21": 10.0, "22": 10.0, "23": 10.0, "24": 10.0, "25": 10.0, "26": 10.0, "27": 10.0, "28": 10.0, "29": 10.0, "30": 10.0, "31": 10.0, "32": 10.0, "33": 10.0, "34": 10.0, "35": 10.0, "36": 10.0, "37": 10.0, "38": 10.0, "39": 10.0, "40": 10.0, "41": 10.0, "42": 10.0, "43": 10.0, "44": 10.0, "45": 10.0, "46": 10.0, "47": 10.0, "48": 10.0, "49": 10.0, "50": 10.0, "51": 10.0, "52": 10.0, "53": 10.0, "54": 10.0, "55": 10.0, "56": 10.0, "57": 10.0, "58": 10.0, "59": 10.0, "60": 10.0, "61": 10.0, "62": 10.0, "63": 10.0, "64": 10.0, "65": 10.0, "66": 10.0, "67": 10.0, "68": 10.0, "69": 10.0, "70": 10.0, "71": 10.0, "72": 10.0, "73": 10.0, "74": 10.0, "75": 10.0, "76": 10.0, "77": 10.0, "78": 99999.0, "79": 99999.0, "80": 99999.0}, "p1": {"0": 20.84398188742133, "1": 7.8, "2": 10.698630136986301, "3": 14.227722772277227, "4": 19.1046511627907, "5": 21.857142857142858, "6": 24.482758620689655, "7": 24.103448275862068, "8": 21.132653061224488, "9": 21.3302752293578, "10": 21.152173913043477, "11": 20.853211009174313, "12": 20.53061224489796, "13": 21.3, "14": 25.06122448979592, "15": 24.04123711340206, "16": 21.669811320754718, "17": 23.42982456140351, "18": 22.938271604938272, "19": 20.404761904761905, "20": 24.266666666666666, "21": 22.364583333333332, "22": 21.60919540229885, "23": 23.0, "24": 23.36263736263736, "25": 21.891304347826086, "26": 23.686046511627907, "27": 18.96590909090909, "28": 23.051546391752577, "29": 20.333333333333332, "30": 21.01086956521739, "31": 19.462264150943398, "32": 22.096774193548388, "33": 20.76923076923077, "34": 21.696202531645568, "35": 20.648936170212767, "36": 20.96, "37": 20.99, "38": 22.347368421052632, "39": 20.504950495049506, "40": 21.073529411764707, "41": 22.57471264367816, "42": 20.676470588235293, "43": 20.858974358974358, "44": 23.142857142857142, "45": 19.361702127659573, "46": 21.08, "47": 22.50537634408602, "48": 22.024390243902438, "49": 20.1, "50": 19.58823529411765, "51": 20.814814814814813, "52": 21.338709677419356, "53": 21.5, "54": 20.65277777777778, "55": 21.3, "56": 20.5625, "57": 20.289156626506024, "58": 19.724137931034484, "59": 20.59016393442623, "60": 20.31578947368421, "61": 22.138461538461538, "62": 22.918032786885245, "63": 18.104477611940297, "64": 21.34328358208955, "65": 20.4, "66": 19.767441860465116, "67": 22.305555555555557, "68": 22.15, "69": 20.5, "70": 21.089285714285715, "71": 19.303797468354432, "72": 19.48148148148148, "73": 20.0, "74": 15.777777777777779, "75": 18.34426229508197, "76": 16.32608695652174, "77": 17.82051282051282, "78": 16.85185185185185, "79": 26.285714285714285, "80": 27.4}, "p2": {"0": 32.81962384661661, "1": 7.352941176470588, "2": 5.55, "3": 12.96, "4": 24.238095238095237, "5": 25.679012345679013, "6": 27.865384615384617, "7": 29.53448275862069, "8": 31.61875, "9": 30.938356164383563, "10": 30.791907514450866, "11": 31.729032258064517, "12": 28.474074074074075, "13": 30.037037037037038, "14": 30.141843971631207, "15": 29.83916083916084, "16": 26.549180327868854, "17": 26.449612403100776, "18": 29.92361111111111, "19": 29.285714285714285, "20": 30.330882352941178, "21": 31.350574712643677, "22": 31.68211920529801, "23": 28.695906432748536, "24": 26.55263157894737, "25": 29.195652173913043, "26": 31.124087591240876, "27": 29.467153284671532, "28": 29.467153284671532, "29": 32.3875968992248, "30": 32.128787878787875, "31": 33.18181818181818, "32": 31.246031746031747, "33": 32.939189189189186, "34": 33.0, "35": 35.75213675213675, "36": 33.037593984962406, "37": 33.28030303030303, "38": 34.513698630136986, "39": 36.36231884057971, "40": 39.07272727272727, "41": 37.794871794871796, "42": 36.04761904761905, "43": 34.86507936507937, "44": 36.083969465648856, "45": 36.71621621621622, "46": 34.0, "47": 35.31292517006803, "48": 35.94927536231884, "49": 35.9485294117647, "50": 34.22834645669291, "51": 35.707692307692305, "52": 36.095238095238095, "53": 37.9453125, "54": 35.141666666666666, "55": 35.40833333333333, "56": 36.15384615384615, "57": 36.825, "58": 35.40163934426229, "59": 34.04794520547945, "60": 36.25, "61": 34.30714285714286, "62": 35.294117647058826, "63": 34.260162601626014, "64": 35.55, "65": 36.525862068965516, "66": 35.188976377952756, "67": 36.125984251968504, "68": 34.22463768115942, "69": 36.833333333333336, "70": 34.832116788321166, "71": 36.33870967741935, "72": 36.207692307692305, "73": 35.671875, "74": 37.26262626262626, "75": 39.391304347826086, "76": 41.75, "77": 38.98989898989899, "78": 38.21311475409836, "79": 44.985074626865675, "80": 43.967213114754095}, "p3": {"0": 36.42305288908519, "1": 36.42305288908519, "2": 36.42305288908519, "3": 36.271186440677965, "4": 36.38610038610039, "5": 36.306451612903224, "6": 36.68867924528302, "7": 36.417647058823526, "8": 36.125, "9": 36.494219653179194, "10": 36.78933333333333, "11": 36.70542635658915, "12": 36.52974504249292, "13": 36.8, "14": 36.61388888888889, "15": 36.593667546174146, "16": 36.360313315926895, "17": 36.35843373493976, "18": 37.01223241590214, "19": 36.89090909090909, "20": 37.173202614379086, "21": 36.73076923076923, "22": 36.67880794701987, "23": 37.13422818791946, "24": 37.201298701298704, "25": 37.340501792114694, "26": 37.21851851851852, "27": 37.648305084745765, "28": 37.3531746031746, "29": 37.13899613899614, "30": 36.86194029850746, "31": 36.03515625, "32": 35.79838709677419, "33": 35.70229007633588, "34": 36.412955465587046, "35": 36.03139013452915, "36": 35.93069306930693, "37": 36.00442477876106, "38": 35.5615763546798, "39": 35.13824884792627, "40": 34.595652173913045, "41": 35.142857142857146, "42": 35.34848484848485, "43": 35.48695652173913, "44": 35.15677966101695, "45": 35.42009132420091, "46": 36.388663967611336, "47": 35.673469387755105, "48": 35.72222222222222, "49": 36.41150442477876, "50": 35.960629921259844, "51": 36.22053231939164, "52": 35.792, "53": 36.706382978723404, "54": 36.520161290322584, "55": 36.3130081300813, "56": 36.704280155642024, "57": 37.57677902621723, "58": 36.96629213483146, "59": 36.50359712230216, "60": 36.92335766423358, "61": 37.21969696969697, "62": 36.61168384879725, "63": 35.66554054054054, "64": 36.34154929577465, "65": 36.07581227436823, "66": 36.13411078717201, "67": 36.030651340996165, "68": 35.919871794871796, "69": 36.47241379310345, "70": 36.1839762611276, "71": 36.55067567567568, "72": 37.041811846689896, "73": 37.098976109215016, "74": 37.0, "75": 36.73529411764706, "76": 36.74901960784314, "77": 36.87084870848709, "78": 36.430830039525695, "79": 36.87083333333333, "80": 37.02272727272727}}