{"p0": {"0": 10.0, "1": 10.0, "2": 10.0, "3": 10.0, "4": 10.0, "5": 10.0, "6": 10.0, "7": 10.0, "8": 10.0, "9": 10.0, "10": 10.0, "11": 10.0, "12": 10.0, "13": 10.0, "14": 10.0, "15": 10.0, "16": 10.0, "17": 10.0, "18": 10.0, "19": 10.0, "20": 10.0, "21": 10.0, "22": 10.0, "23": 10.0, "24": 10.0, "25": 10.0, "26": 10.0, "27": 10.0, "28": 10.0, "29": 10.0, "30": 10.0, "31": 10.0, "32": 10.0, "33": 10.0, "34": 10.0, "35": 10.0, "36": 10.0, "37": 10.0, "38": 10.0, "39": 10.0, "40": 10.0, "41": 10.0, "42": 10.0, "43": 10.0, "44": 10.0, "45": 10.0, "46": 10.0, "47": 10.0, "48": 10.0, "49": 10.0, "50": 10.0, "51": 10.0, "52": 10.0, "53": 10.0, "54": 10.0, "55": 10.0, "56": 10.0, "57": 10.0, "58": 10.0, "59": 10.0, "60": 10.0, "61": 99999.0, "62": 99999.0, "63": 99999.0, "64": 99999.0}, "p1": {"0": 17.653247907146696, "1": 7.484375, "2": 9.430232558139535, "3": 11.991596638655462, "4": 13.8515625, "5": 17.15483870967742, "6": 19.473372781065088, "7": 19.773809523809526, "8": 18.23972602739726, "9": 18.0, "10": 18.5, "11": 19.036231884057973, "12": 18.17058823529412, "13": 17.343373493975903, "14": 17.441717791411044, "15": 17.602739726027398, "16": 17.483221476510067, "17": 17.33128834355828, "18": 18.63157894736842, "19": 17.965986394557824, "20": 18.116883116883116, "21": 17.386666666666667, "22": 20.09090909090909, "23": 21.189873417721518, "24": 20.06993006993007, "25": 17.09722222222222, "26": 17.859154929577464, "27": 17.053691275167786, "28": 17.97872340425532, "29": 19.928571428571427, "30": 17.92, "31": 18.213793103448275, "32": 17.097902097902097, "33": 17.984732824427482, "34": 17.16260162601626, "35": 17.130434782608695, "36": 18.764705882352942, "37": 18.53956834532374, "38": 18.453125, "39": 16.386861313868614, "40": 16.355072463768117, "41": 17.66417910447761, "42": 17.28187919463087, "43": 18.09917355371901, "44": 17.91891891891892, "45": 17.100775193798448, "46": 15.142857142857142, "47": 16.557377049180328, "48": 17.985185185185184, "49": 18.43801652892562, "50": 18.66176470588235, "51": 17.403508771929825, "52": 17.87704918032787, "53": 17.5327868852459, "54": 19.741071428571427, "55": 17.333333333333332, "56": 17.82075471698113, "57": 18.626984126984127, "58": 17.279661016949152, "59": 18.77777777777778, "60": 18.03960396039604, "61": 17.125, "62": 17.396551724137932, "63": 20.61111111111111, "64": 23.705882352941178}, "p2": {"0": 26.919566512173763, "1": 7.9411764705882355, "2": 10.245901639344263, "3": 16.431578947368422, "4": 21.973684210526315, "5": 24.434782608695652, "6": 29.412790697674417, "7": 30.037837837837838, "8": 30.599056603773583, "9": 30.350467289719628, "10": 30.945945945945947, "11": 31.662037037037038, "12": 28.804232804232804, "13": 28.89005235602094, "14": 29.562091503267975, "15": 30.681818181818183, "16": 26.974747474747474, "17": 27.769633507853403, "18": 31.201117318435752, "19": 28.61780104712042, "20": 28.377777777777776, "21": 30.56896551724138, "22": 27.493333333333332, "23": 28.84516129032258, "24": 27.19871794871795, "25": 27.098591549295776, "26": 28.201342281879196, "27": 25.806060606060605, "28": 27.496644295302012, "29": 29.274647887323944, "30": 27.92258064516129, "31": 27.02857142857143, "32": 27.460526315789473, "33": 28.77181208053691, "34": 28.746153846153845, "35": 24.993055555555557, "36": 29.755555555555556, "37": 25.282442748091604, "38": 26.723214285714285, "39": 27.64516129032258, "40": 27.660550458715598, "41": 26.25242718446602, "42": 24.0, "43": 29.77777777777778, "44": 27.895652173913042, "45": 26.603603603603602, "46": 24.77037037037037, "47": 26.627118644067796, "48": 23.92, "49": 25.48780487804878, "50": 26.267175572519083, "51": 26.698529411764707, "52": 24.992805755395683, "53": 26.456, "54": 28.232142857142858, "55": 24.56779661016949, "56": 24.733333333333334, "57": 27.214285714285715, "58": 24.983193277310924, "59": 24.69298245614035, "60": 25.880434782608695, "61": 26.037974683544302, "62": 27.365079365079364, "63": 32.36, "64": 38.148148148148145}, "p3": {"0": 41.75977513710397, "1": 17.307317073170733, "2": 12.878453038674033, "3": 17.263157894736842, "4": 21.736263736263737, "5": 25.703883495145632, "6": 33.07203389830509, "7": 35.5092936802974, "8": 35.956204379562045, "9": 37.57992565055762, "10": 35.43984962406015, "11": 36.70934256055364, "12": 37.27208480565371, "13": 36.43333333333333, "14": 35.80730897009967, "15": 35.92631578947368, "16": 33.550173010380625, "17": 36.46096654275093, "18": 33.602787456445995, "19": 35.35341365461847, "20": 34.86991869918699, "21": 37.36470588235294, "22": 37.63492063492063, "23": 38.983402489626556, "24": 40.63846153846154, "25": 38.58498023715415, "26": 39.714285714285715, "27": 41.668103448275865, "28": 44.39234449760765, "29": 42.644444444444446, "30": 41.19047619047619, "31": 44.85398230088496, "32": 44.528301886792455, "33": 43.081896551724135, "34": 45.38388625592417, "35": 46.99545454545454, "36": 47.18, "37": 46.52061855670103, "38": 46.729729729729726, "39": 46.13, "40": 47.07106598984772, "41": 45.759803921568626, "42": 44.65294117647059, "43": 45.03370786516854, "44": 45.7, "45": 47.69101123595506, "46": 45.03508771929825, "47": 46.29050279329609, "48": 46.351351351351354, "49": 44.75132275132275, "50": 50.150326797385624, "51": 49.54666666666667, "52": 49.10795454545455, "53": 47.1656050955414, "54": 48.93650793650794, "55": 50.30177514792899, "56": 48.51075268817204, "57": 50.27710843373494, "58": 49.56428571428572, "59": 50.09271523178808, "60": 54.12307692307692, "61": 50.03731343283582, "62": 54.55172413793103, "63": 59.88636363636363, "64": 59.38461538461539}, "p4": {"0": 48.42662424671476, "1": 48.42662424671476, "2": 48.42662424671476, "3": 48.42662424671476, "4": 48.27794117647059, "5": 48.553892215568865, "6": 48.972093023255816, "7": 48.560509554140125, "8": 48.80840336134454, "9": 48.91201353637902, "10": 48.696308724832214, "11": 48.62241379310345, "12": 48.89337641357027, "13": 48.823624595469255, "14": 48.79465776293823, "15": 48.619127516778526, "16": 48.87833333333333, "17": 48.755208333333336, "18": 48.8411867364747, "19": 48.77699115044248, "20": 48.921495327102804, "21": 49.1219512195122, "22": 49.19348659003831, "23": 48.809338521400775, "24": 48.25363825363825, "25": 47.95867768595041, "26": 48.24173553719008, "27": 47.45762711864407, "28": 47.649237472766885, "29": 47.746136865342166, "30": 47.45107398568019, "31": 47.48448687350835, "32": 47.61826697892272, "33": 47.885529157667385, "34": 47.749445676274945, "35": 47.65531914893617, "36": 48.02057613168724, "37": 48.03974895397489, "38": 48.61616161616162, "39": 48.63168724279836, "40": 48.795180722891565, "41": 48.677354709418836, "42": 48.3313373253493, "43": 49.10371819960861, "44": 49.04752066115702, "45": 48.70672097759674, "46": 48.948919449901766, "47": 48.95038167938932, "48": 48.856873822975516, "49": 48.37474541751528, "50": 48.142276422764226, "51": 48.18123667377399, "52": 47.61349693251534, "53": 48.09207708779443, "54": 48.05714285714286, "55": 48.138297872340424, "56": 48.06187624750499, "57": 48.095541401273884, "58": 48.25684210526316, "59": 48.377510040160644, "60": 49.3862660944206, "61": 48.178494623655915, "62": 48.62020202020202, "63": 48.57509881422925, "64": 48.16326530612245}}