{"p0": {"0": 10.0, "1": 10.0, "2": 10.0, "3": 10.0, "4": 10.0, "5": 10.0, "6": 10.0, "7": 10.0, "8": 10.0, "9": 10.0, "10": 10.0, "11": 10.0, "12": 10.0, "13": 10.0, "14": 10.0, "15": 10.0, "16": 10.0, "17": 10.0, "18": 10.0, "19": 10.0, "20": 10.0, "21": 10.0, "22": 10.0, "23": 10.0, "24": 10.0, "25": 10.0, "26": 10.0, "27": 10.0, "28": 10.0, "29": 10.0, "30": 10.0, "31": 10.0, "32": 10.0, "33": 10.0, "34": 10.0, "35": 10.0, "36": 10.0, "37": 10.0, "38": 10.0, "39": 10.0, "40": 10.0, "41": 10.0, "42": 10.0, "43": 10.0, "44": 10.0, "45": 10.0, "46": 10.0, "47": 10.0, "48": 10.0, "49": 10.0, "50": 10.0, "51": 10.0, "52": 10.0, "53": 10.0, "54": 10.0, "55": 10.0, "56": 10.0, "57": 10.0, "58": 10.0, "59": 10.0, "60": 10.0, "61": 10.0, "62": 10.0, "63": 10.0, "64": 10.0, "65": 10.0, "66": 10.0, "67": 10.0, "68": 10.0, "69": 10.0, "70": 10.0, "71": 10.0, "72": 10.0, "73": 10.0, "74": 10.0, "75": 10.0, "76": 10.0, "77": 99999.0, "78": 99999.0, "79": 99999.0, "80": 99999.0}, "p1": {"0": 25.022338627176122, "1": 3.8, "2": 11.791666666666666, "3": 16.772727272727273, "4": 20.317073170731707, "5": 24.113636363636363, "6": 27.3739837398374, "7": 25.44859813084112, "8": 27.58974358974359, "9": 26.38157894736842, "10": 25.125, "11": 25.184782608695652, "12": 25.967032967032967, "13": 27.41176470588235, "14": 26.49122807017544, "15": 25.516949152542374, "16": 26.50980392156863, "17": 27.413793103448278, "18": 27.17391304347826, "19": 25.779661016949152, "20": 27.044642857142858, "21": 27.74, "22": 24.921348314606742, "23": 28.10989010989011, "24": 26.84259259259259, "25": 27.27659574468085, "26": 26.304347826086957, "27": 26.5, "28": 26.597560975609756, "29": 27.339805825242717, "30": 25.866666666666667, "31": 26.2020202020202, "32": 25.660550458715598, "33": 25.022222222222222, "34": 24.914285714285715, "35": 24.123893805309734, "36": 27.123711340206185, "37": 25.325581395348838, "38": 25.47422680412371, "39": 24.432989690721648, "40": 22.555555555555557, "41": 25.9, "42": 24.83050847457627, "43": 25.132653061224488, "44": 22.92222222222222, "45": 23.546511627906977, "46": 26.528735632183906, "47": 24.804123711340207, "48": 27.01298701298701, "49": 26.065217391304348, "50": 24.8, "51": 24.6375, "52": 25.115384615384617, "53": 27.054054054054053, "54": 26.430232558139537, "55": 25.89041095890411, "56": 25.7, "57": 26.905405405405407, "58": 26.272727272727273, "59": 24.804597701149426, "60": 25.62857142857143, "61": 27.32183908045977, "62": 24.859154929577464, "63": 25.845238095238095, "64": 26.49484536082474, "65": 26.27956989247312, "66": 24.873417721518987, "67": 25.786516853932586, "68": 25.488372093023255, "69": 24.82857142857143, "70": 24.954545454545453, "71": 23.78205128205128, "72": 22.859649122807017, "73": 24.083333333333332, "74": 20.92, "75": 20.930555555555557, "76": 21.810344827586206, "77": 20.657894736842106, "78": 26.944444444444443, "79": 30.5, "80": 31.043478260869566}, "p2": {"0": 34.26046286283914, "1": 6.0, "2": 2.4, "3": 21.464285714285715, "4": 22.333333333333332, "5": 26.54901960784314, "6": 32.19298245614035, "7": 33.24657534246575, "8": 32.75892857142857, "9": 34.74311926605505, "10": 37.80172413793103, "11": 36.0, "12": 37.57575757575758, "13": 33.142857142857146, "14": 34.37096774193548, "15": 32.693333333333335, "16": 31.602272727272727, "17": 28.82716049382716, "18": 33.5, "19": 35.313131313131315, "20": 35.71578947368421, "21": 32.56410256410256, "22": 33.85, "23": 34.46913580246913, "24": 36.467532467532465, "25": 37.41428571428571, "26": 37.77142857142857, "27": 33.270270270270274, "28": 35.48192771084337, "29": 34.35294117647059, "30": 34.397260273972606, "31": 37.04761904761905, "32": 36.0, "33": 37.160493827160494, "34": 35.648648648648646, "35": 38.0945945945946, "36": 37.246153846153845, "37": 36.74242424242424, "38": 34.52173913043478, "39": 34.10588235294118, "40": 35.37313432835821, "41": 37.15, "42": 36.13157894736842, "43": 37.44444444444444, "44": 36.26744186046512, "45": 37.32786885245902, "46": 35.77272727272727, "47": 36.838235294117645, "48": 32.65151515151515, "49": 35.21875, "50": 36.45070422535211, "51": 32.1551724137931, "52": 37.1875, "53": 34.42307692307692, "54": 36.37096774193548, "55": 35.0, "56": 35.59322033898305, "57": 37.75471698113208, "58": 36.95454545454545, "59": 33.557377049180324, "60": 34.765625, "61": 36.95161290322581, "62": 33.986301369863014, "63": 35.014084507042256, "64": 36.470588235294116, "65": 32.568627450980394, "66": 32.808510638297875, "67": 32.094339622641506, "68": 36.333333333333336, "69": 32.85964912280702, "70": 37.98275862068966, "71": 37.04615384615385, "72": 32.21666666666667, "73": 36.72463768115942, "74": 34.642857142857146, "75": 33.5, "76": 35.595238095238095, "77": 39.4054054054054, "78": 39.06382978723404, "79": 45.5, "80": 44.84615384615385}, "p3": {"0": 50.00295972236454, "1": 1.0, "2": 1.0, "3": 38.125, "4": 45.57142857142857, "5": 44.31707317073171, "6": 51.45783132530121, "7": 53.6025641025641, "8": 51.72941176470588, "9": 49.23076923076923, "10": 48.556603773584904, "11": 49.765765765765764, "12": 52.171171171171174, "13": 50.35849056603774, "14": 48.525252525252526, "15": 50.833333333333336, "16": 45.41025641025641, "17": 45.11392405063291, "18": 46.18181818181818, "19": 46.42666666666667, "20": 46.42424242424242, "21": 46.728971962616825, "22": 45.34146341463415, "23": 46.23456790123457, "24": 46.18518518518518, "25": 45.140845070422536, "26": 49.74698795180723, "27": 44.82608695652174, "28": 46.168539325842694, "29": 44.80952380952381, "30": 48.633663366336634, "31": 47.23762376237624, "32": 48.14102564102564, "33": 44.236111111111114, "34": 48.78260869565217, "35": 49.31868131868132, "36": 49.24175824175824, "37": 51.467289719626166, "38": 54.96153846153846, "39": 55.123456790123456, "40": 53.16304347826087, "41": 51.861702127659576, "42": 51.142857142857146, "43": 55.46808510638298, "44": 54.68478260869565, "45": 54.404761904761905, "46": 55.647619047619045, "47": 51.01, "48": 54.15217391304348, "49": 57.44827586206897, "50": 56.12765957446808, "51": 52.166666666666664, "52": 50.76923076923077, "53": 51.88785046728972, "54": 53.06315789473684, "55": 56.27884615384615, "56": 58.04761904761905, "57": 51.3469387755102, "58": 53.52577319587629, "59": 49.21951219512195, "60": 53.333333333333336, "61": 52.2027027027027, "62": 52.025, "63": 52.08080808080808, "64": 54.98924731182796, "65": 50.23529411764706, "66": 53.375, "67": 53.54761904761905, "68": 52.123711340206185, "69": 53.56122448979592, "70": 56.02884615384615, "71": 54.37, "72": 51.95454545454545, "73": 55.11009174311926, "74": 51.747368421052634, "75": 56.075, "76": 57.62921348314607, "77": 57.71590909090909, "78": 58.91891891891892, "79": 62.56666666666667, "80": 61.1021897810219}, "p4": {"0": 48.88753849855883, "1": 48.88753849855883, "2": 48.88753849855883, "3": 48.88753849855883, "4": 48.430034129692835, "5": 48.440366972477065, "6": 48.44904458598726, "7": 48.74153846153846, "8": 48.620370370370374, "9": 49.006472491909385, "10": 48.66358024691358, "11": 48.31623931623932, "12": 48.68421052631579, "13": 48.83018867924528, "14": 48.56231884057971, "15": 48.8297213622291, "16": 48.915068493150685, "17": 48.94169096209912, "18": 48.77743902439025, "19": 48.70805369127517, "20": 48.439189189189186, "21": 48.71864406779661, "22": 48.42904290429043, "23": 48.06617647058823, "24": 48.246153846153845, "25": 47.881889763779526, "26": 48.39393939393939, "27": 47.98823529411764, "28": 48.51111111111111, "29": 48.567796610169495, "30": 48.81165919282511, "31": 48.574660633484164, "32": 48.58461538461538, "33": 48.67179487179487, "34": 48.71495327102804, "35": 49.68055555555556, "36": 50.59090909090909, "37": 50.89655172413793, "38": 50.07272727272727, "39": 50.31325301204819, "40": 49.562130177514796, "41": 49.21290322580645, "42": 49.87234042553192, "43": 50.45578231292517, "44": 49.72549019607843, "45": 48.136054421768705, "46": 49.65359477124183, "47": 48.493975903614455, "48": 48.604790419161674,