{"p0": {"0": 10.0, "1": 10.0, "2": 10.0, "3": 10.0, "4": 10.0, "5": 10.0, "6": 10.0, "7": 10.0, "8": 10.0, "9": 10.0, "10": 10.0, "11": 10.0, "12": 10.0, "13": 10.0, "14": 10.0, "15": 10.0, "16": 10.0, "17": 10.0, "18": 10.0, "19": 10.0, "20": 10.0, "21": 10.0, "22": 10.0, "23": 10.0, "24": 10.0, "25": 10.0, "26": 10.0, "27": 10.0, "28": 10.0, "29": 10.0, "30": 10.0, "31": 10.0, "32": 10.0, "33": 10.0, "34": 10.0, "35": 10.0, "36": 10.0, "37": 10.0, "38": 10.0, "39": 10.0, "40": 10.0, "41": 10.0, "42": 10.0, "43": 10.0, "44": 10.0, "45": 10.0, "46": 10.0, "47": 10.0, "48": 10.0, "49": 10.0, "50": 10.0, "51": 10.0, "52": 10.0, "53": 10.0, "54": 10.0, "55": 10.0, "56": 10.0, "57": 10.0, "58": 10.0, "59": 10.0, "60": 99999.0, "61": 99999.0, "62": 99999.0, "63": 99999.0, "64": 99999.0}, "p1": {"0": 19.647276645284787, "1": 8.114285714285714, "2": 12.372881355932204, "3": 12.324324324324325, "4": 17.012345679012345, "5": 19.97752808988764, "6": 21.682242990654206, "7": 19.70175438596491, "8": 19.956043956043956, "9": 21.556818181818183, "10": 22.1734693877551, "11": 20.612244897959183, "12": 21.535714285714285, "13": 19.09, "14": 21.5, "15": 21.66115702479339, "16": 21.523809523809526, "17": 23.130434782608695, "18": 20.2020202020202, "19": 21.336734693877553, "20": 21.655172413793103, "21": 20.401960784313726, "22": 20.260416666666668, "23": 18.195876288659793, "24": 19.787610619469028, "25": 21.478991596638654, "26": 20.483870967741936, "27": 18.991071428571427, "28": 19.153061224489797, "29": 20.04424778761062, "30": 18.019417475728154, "31": 17.80373831775701, "32": 19.98076923076923, "33": 19.752475247524753, "34": 17.171717171717173, "35": 17.369565217391305, "36": 19.829787234042552, "37": 21.273972602739725, "38": 19.62162162162162, "39": 18.454545454545453, "40": 20.825, "41": 21.776315789473685, "42": 19.96153846153846, "43": 21.393939393939394, "44": 20.76, "45": 20.730337078651687, "46": 17.424657534246574, "47": 22.605263157894736, "48": 22.146341463414632, "49": 19.138461538461538, "50": 19.0, "51": 20.571428571428573, "52": 21.60759493670886, "53": 22.363636363636363, "54": 19.355555555555554, "55": 21.36842105263158, "56": 19.929411764705883, "57": 20.471264367816094, "58": 19.34722222222222, "59": 16.80263157894737, "60": 18.142857142857142, "61": 19.24074074074074, "62": 21.183673469387756, "63": 16.952380952380953, "64": 19.133333333333333}, "p2": {"0": 37.675848203493075, "1": 12.846153846153847, "2": 12.875, "3": 19.666666666666668, "4": 23.396551724137932, "5": 26.95, "6": 35.69512195121951, "7": 37.0, "8": 37.422680412371136, "9": 37.675925925925924, "10": 38.3125, "11": 37.96296296296296, "12": 38.03669724770642, "13": 37.477064220183486, "14": 38.09473684210526, "15": 38.12, "16": 37.1530612244898, "17": 40.13333333333333, "18": 39.767857142857146, "19": 39.980582524271846, "20": 39.1140350877193, "21": 37.57657657657658, "22": 37.95762711864407, "23": 39.28, "24": 36.25, "25": 37.6036036036036, "26": 40.33, "27": 39.176991150442475, "28": 38.14414414414414, "29": 37.15151515151515, "30": 38.09183673469388, "31": 39.71568627450981, "32": 36.34, "33": 39.54368932038835, "34": 39.71559633027523, "35": 41.10377358490566, "36": 38.8, "37": 39.27777777777778, "38": 39.81318681318681, "39": 40.74683544303797, "40": 39.705128205128204, "41": 38.96938775510204, "42": 41.07079646017699, "43": 41.33734939759036, "44": 38.0, "45": 39.144578313253014, "46": 40.205128205128204, "47": 39.36708860759494, "48": 39.94047619047619, "49": 37.833333333333336, "50": 40.895833333333336, "51": 38.98936170212766, "52": 42.65934065934066, "53": 38.833333333333336, "54": 40.741176470588236, "55": 38.54347826086956, "56": 42.086021505376344, "57": 40.78048780487805, "58": 41.204819277108435, "59": 40.0, "60": 38.08695652173913, "61": 42.08974358974359, "62": 39.89873417721519, "63": 42.90196078431372, "64": 43.67}, "p3": {"0": 38.70342676485307, "1": 10.277777777777779, "2": 9.631578947368421, "3": 23.475, "4": 28.571428571428573, "5": 40.333333333333336, "6": 48.57657657657658, "7": 47.43010752688172, "8": 48.02127659574468, "9": 48.660377358490564, "10": 48.29213483146067, "11": 48.90217391304348, "12": 46.43023255813954, "13": 44.81, "14": 43.69662921348315, "15": 42.07368421052632, "16": 38.265822784810126, "17": 44.083333333333336, "18": 43.625, "19": 42.559322033898304, "20": 44.070422535211264, "21": 40.05084745762712, "22": 40.34848484848485, "23": 38.042857142857144, "24": 37.69642857142857, "25": 47.3921568627451, "26": 34.18, "27": 38.22222222222222, "28": 39.714285714285715, "29": 33.83673469387755, "30": 38.698412698412696, "31": 36.08108108108108, "32": 39.73684210526316, "33": 38.4, "34": 38.375, "35": 37.1764705882353, "36": 35.56521739130435, "37": 36.223880597014926, "38": 40.54838709677419, "39": 40.95454545454545, "40": 39.204081632653065, "41": 37.679245283018865, "42": 36.575, "43": 38.24444444444445, "44": 32.97727272727273, "45": 34.2, "46": 35.51724137931034, "47": 38.92307692307692, "48": 43.0, "49": 39.03448275862069, "50": 40.06, "51": 41.630434782608695, "52": 44.91304347826087, "53": 37.388888888888886, "54": 41.702127659574465, "55": 34.96153846153846, "56": 38.255319148936174, "57": 44.21568627450981, "58": 38.892857142857146, "59": 36.729729729729726, "60": 37.36363636363637, "61": 38.114285714285714, "62": 27.0, "63": 38.70342676485307, "64": 38.70342676485307}, "p4": {"0": 54.371422217885055, "1": 19.627450980392158, "2": 15.294117647058824, "3": 20.35185185185185, "4": 30.647058823529413, "5": 36.0, "6": 42.9296875, "7": 53.16153846153846, "8": 48.041666666666664, "9": 46.3828125, "10": 44.04827586206896, "11": 45.101694915254235, "12": 46.65891472868217, "13": 43.32786885245902, "14": 43.42857142857143, "15": 44.42962962962963, "16": 42.92307692307692, "17": 45.07874015748032, "18": 45.716981132075475, "19": 48.211009174311926, "20": 45.450450450450454, "21": 52.17142857142857, "22": 45.88785046728972, "23": 46.24242424242424, "24": 47.03157894736842, "25": 49.641304347826086, "26": 55.02298850574713, "27": 57.198019801980195, "28": 55.65432098765432, "29": 56.03896103896104, "30": 56.44565217391305, "31": 63.544444444444444, "32": 59.42528735632184, "33": 56.416666666666664, "34": 65.0, "35": 65.59223300970874, "36": 67.24418604651163, "37": 67.94736842105263, "38": 60.24175824175824, "39": 59.42045454545455, "40": 60.083333333333336, "41": 58.81481481481482, "42": 65.39240506329114, "43": 63.06024096385542, "44": 69.34653465346534, "45": 63.294117647058826, "46": 63.06382978723404, "47": 61.40449438202247, "48": 55.128571428571426, "49": 63.78481012658228, "50": 58.2183908045977, "51": 66.9125, "52": 58.184615384615384, "53": 62.65853658536585, "54": 59.2972972972973, "55": 62.791666666666664, "56": 58.645161290322584, "57": 62.32432432432432, "58": 58.28125, "59": 66.14285714285714, "60": 67.2183908045977, "61": 62.05555555555556, "62": 67.7764705882353, "63": 76.07042253521126, "64": 76.84210526315789}, "p5": {"0": 61.44155976681502, "1": 61.44155976681502, "2": 61.44155976681502, "3": 61.44155976681502, "4": 61.44155976681502, "5": 61.41034482758621, "6": 61.182119205298015, "7": 61.11371237458194, "8": 61.298561151079134, "9": 60.93402777777778, "10": 61.475352112676056, "11": 60.25830258302583, "12": 61.40769230769231, "13": 60.91044776119403, "14": 61.89370078740158, "15": 62.15830115830116, "16": 61.710204081632654, "17": 61.317796610169495, "18": 60.96031746031746, "19": 60.49790794979079, "20": 60.95719844357976, "21": 60.481632653061226, "22": 59.36178861788618, "23": 60.949367088607595, "24": 60.54587155963303, "25": 60.404545454545456, "26": 61.72463768115942, "27": 63.485380116959064, "28": 62.31791907514451, "29": 63.026881720430104, "30": 61.88397790055249, "31": 61.174418604651166, "32": 62.075471698113205, "33": 62.27272727272727, "34": 61.50282485875706, "35": 61.147239263803684, "36": 60.43850267379679, "37": 62.941520467836256, "38": 61.527472527472526, "39": 61.432432432432435,