{"p0": {"0": 10.0, "1": 10.0, "2": 10.0, "3": 10.0, "4": 10.0, "5": 10.0, "6": 10.0, "7": 10.0, "8": 10.0, "9": 10.0, "10": 10.0, "11": 10.0, "12": 10.0, "13": 10.0, "14": 10.0, "15": 10.0, "16": 10.0, "17": 10.0, "18": 10.0, "19": 10.0, "20": 10.0, "21": 10.0, "22": 10.0, "23": 10.0, "24": 10.0, "25": 10.0, "26": 10.0, "27": 10.0, "28": 10.0, "29": 10.0, "30": 10.0, "31": 10.0, "32": 10.0, "33": 10.0, "34": 10.0, "35": 10.0, "36": 10.0, "37": 10.0, "38": 10.0, "39": 10.0, "40": 10.0, "41": 10.0, "42": 10.0, "43": 10.0, "44": 10.0, "45": 10.0, "46": 10.0, "47": 10.0, "48": 10.0, "49": 10.0, "50": 10.0, "51": 10.0, "52": 10.0, "53": 10.0, "54": 10.0, "55": 10.0, "56": 10.0, "57": 10.0, "58": 10.0, "59": 10.0, "60": 10.0, "61": 10.0, "62": 10.0, "63": 10.0, "64": 10.0, "65": 10.0, "66": 10.0, "67": 10.0, "68": 10.0, "69": 10.0, "70": 10.0, "71": 10.0, "72": 10.0, "73": 10.0, "74": 10.0, "75": 10.0, "76": 10.0, "77": 10.0, "78": 10.0, "79": 10.0, "80": 10.0, "81": 10.0, "82": 10.0, "83": 10.0, "84": 10.0, "85": 10.0, "86": 10.0, "87": 10.0, "88": 10.0, "89": 10.0, "90": 10.0, "91": 10.0, "92": 10.0, "93": 99999.0, "94": 99999.0, "95": 99999.0, "96": 99999.0, "97": 99999.0}, "p1": {"0": 22.718929041759242, "1": 9.813333333333333, "2": 11.48, "3": 13.928571428571429, "4": 18.325757575757574, "5": 21.36842105263158, "6": 23.451219512195124, "7": 26.323741007194243, "8": 25.209150326797385, "9": 25.185897435897434, "10": 25.0, "11": 24.697986577181208, "12": 23.180124223602483, "13": 24.569620253164558, "14": 26.639240506329113, "15": 23.35374149659864, "16": 24.978571428571428, "17": 24.70138888888889, "18": 25.678362573099417, "19": 24.466165413533833, "20": 25.46706586826347, "21": 24.902439024390244, "22": 25.601156069364162, "23": 25.74496644295302, "24": 24.257142857142856, "25": 23.140845070422536, "26": 24.513333333333332, "27": 25.552147239263803, "28": 25.007246376811594, "29": 26.628048780487806, "30": 24.633333333333333, "31": 25.3206106870229, "32": 24.43708609271523, "33": 24.56756756756757, "34": 23.632653061224488, "35": 24.4625, "36": 23.915151515151514, "37": 22.20945945945946, "38": 24.62, "39": 22.401408450704224, "40": 23.433333333333334, "41": 24.05, "42": 20.879194630872483, "43": 20.985915492957748, "44": 22.146551724137932, "45": 24.34013605442177, "46": 24.179856115107913, "47": 23.371681415929203, "48": 22.93617021276596, "49": 23.6231884057971, "50": 21.135135135135137, "51": 23.299319727891156, "52": 22.575539568345324, "53": 21.352941176470587, "54": 22.27777777777778, "55": 23.44360902255639, "56": 22.417391304347827, "57": 20.85593220338983, "58": 24.376, "59": 22.235294117647058, "60": 23.491525423728813, "61": 23.6, "62": 23.024793388429753, "63": 21.515625, "64": 22.379310344827587, "65": 22.025862068965516, "66": 23.484848484848484, "67": 22.14814814814815, "68": 21.1640625, "69": 21.097826086956523, "70": 21.895652173913042, "71": 20.941176470588236, "72": 21.70769230769231, "73": 23.15, "74": 21.402173913043477, "75": 21.403508771929825, "76": 21.4375, "77": 22.228813559322035, "78": 21.353535353535353, "79": 23.054347826086957, "80": 20.875, "81": 20.75, "82": 21.98076923076923, "83": 22.160919540229884, "84": 20.95744680851064, "85": 21.76, "86": 21.240384615384617, "87": 20.34375, "88": 21.581632653061224, "89": 22.275862068965516, "90": 21.778846153846153, "91": 18.96153846153846, "92": 19.469565217391306, "93": 20.51948051948052, "94": 19.553571428571427, "95": 18.659574468085108, "96": 30.866666666666667, "97": 30.214285714285715}, "p2": {"0": 34.186385836852764, "1": 10.10344827586207, "2": 8.491525423728813, "3": 16.38235294117647, "4": 19.394957983193276, "5": 22.043478260869566, "6": 28.12, "7": 29.5, "8": 30.17616580310881, "9": 31.9020618556701, "10": 31.80473372781065, "11": 30.45664739884393, "12": 30.165714285714287, "13": 30.641975308641975, "14": 30.231884057971016, "15": 29.144654088050313, "16": 30.2027027027027, "17": 28.16393442622951, "18": 28.546511627906977, "19": 32.20987654320987, "20": 32.598684210526315, "21": 31.048484848484847, "22": 30.094117647058823, "23": 31.436708860759495, "24": 31.22818791946309, "25": 31.51219512195122, "26": 33.525925925925925, "27": 32.53472222222222, "28": 34.13235294117647, "29": 32.07627118644068, "30": 31.920529801324502, "31": 34.52554744525548, "32": 35.2972972972973, "33": 32.97540983606557, "34": 31.394160583941606, "35": 31.128205128205128, "36": 34.37623762376238, "37": 35.686440677966104, "38": 35.17424242424242, "39": 36.345454545454544, "40": 37.96, "41": 34.68939393939394, "42": 37.07462686567164, "43": 33.61417322834646, "44": 34.323232323232325, "45": 34.38461538461539, "46": 34.17857142857143, "47": 34.65811965811966, "48": 35.70434782608696, "49": 36.10569105691057, "50": 35.58119658119658, "51": 31.451327433628318, "52": 35.694736842105264, "53": 36.02020202020202, "54": 33.9, "55": 35.96190476190476, "56": 37.440677966101696, "57": 32.63963963963964, "58": 37.21052631578947, "59": 35.71544715447155, "60": 36.68, "61": 33.22549019607843, "62": 34.8, "63": 34.78861788617886, "64": 37.794871794871796, "65": 38.20792079207921, "66": 39.976190476190474, "67": 36.48809523809524, "68": 37.44705882352941, "69": 38.754901960784316, "70": 35.822916666666664, "71": 38.23255813953488, "72": 36.917647058823526, "73": 38.77272727272727, "74": 36.49382716049383, "75": 37.71951219512195, "76": 35.49074074074074, "77": 36.86486486486486, "78": 38.94, "79": 39.18556701030928, "80": 39.84931506849315, "81": 38.44186046511628, "82": 37.73255813953488, "83": 38.3013698630137, "84": 39.8, "85": 39.78666666666667, "86": 40.55128205128205, "87": 36.13235294117647, "88": 38.80246913580247, "89": 37.95, "90": 38.236111111111114, "91": 38.121212121212125, "92": 37.59090909090909, "93": 40.12698412698413, "94": 38.903225806451616, "95": 42.094339622641506, "96": 46.13636363636363, "97": 43.916666666666664}, "p3": {"0": 44.337536426615564, "1": 17.232558139534884, "2": 15.709090909090909, "3": 23.82608695652174, "4": 29.66346153846154, "5": 34.88235294117647, "6": 43.203947368421055, "7": 43.74829931972789, "8": 43.455089820359284, "9": 43.77439024390244, "10": 44.35757575757576, "11": 43.22727272727273, "12": 38.57342657342657, "13": 42.06936416184971, "14": 42.51829268292683, "15": 43.18787878787879, "16": 38.98726114649681, "17": 40.01840490797546, "18": 40.089285714285715, "19": 37.592592592592595, "20": 41.86274509803921, "21": 37.14792899408284, "22": 43.83229813664596, "23": 41.928104575163395, "24": 43.86363636363637, "25": 44.38815789473684, "26": 43.233870967741936, "27": 42.89510489510489, "28": 45.78947368421053, "29": 42.14598540145985, "30": 45.58870967741935, "31": 42.5859375, "32": 40.49523809523809, "33": 42.89320388349515, "34": 45.16541353383459, "35": 43.58585858585859, "36": 44.61818181818182, "37": 41.468468468468465, "38": 42.86486486486486, "39": 43.11290322580645, "40": 42.783018867924525, "41": 44.6910569105691, "42": 43.702127659574465, "43": 44.89795918367347, "44": 45.650485436893206, "45": 43.03030303030303, "46": 47.80952380952381, "47": 44.741573033707866, "48": 44.625, "49": 46.05882352941177, "50": 48.829268292682926, "51": 49.794642857142854, "52": 44.38666666666666, "53": 49.25925925925926, "54": 48.266666666666666, "55": 48.139240506329116, "56": 47.641304347826086, "57": 49.73255813953488, "58": 48.28155339805825, "59": 44.15384615384615, "60": 48.76744186046512, "61": 46.020833333333336, "62": 47.714285714285715, "63": 49.25925925925926, "64": 46.61363636363637, "65": 44.56944444444444, "66": 48.3768115942029, "67": 47.654761904761905, "68": 43.50666666666667, "69": 45.373333333333335, "70": 49.56944444444444, "71": 45.666666666666664, "72": 50.970588235294116, "73": 48.890625, "74": 51.8051948051948, "75": 45.70886075949367, "76": 49.57746478873239, "77": 47.149253731343286, "78": 48.134328358208954, "79": 43.74603174603175, "80": 45.983050847457626, "81": 49.833333333333336, "82": 46.09090909090909, "83": 46.822784810126585,