{"p0": {"0": 10.0, "1": 10.0, "2": 10.0, "3": 10.0, "4": 10.0, "5": 10.0, "6": 10.0, "7": 10.0, "8": 10.0, "9": 10.0, "10": 10.0, "11": 10.0, "12": 10.0, "13": 10.0, "14": 10.0, "15": 10.0, "16": 10.0, "17": 10.0, "18": 10.0, "19": 10.0, "20": 10.0, "21": 10.0, "22": 10.0, "23": 10.0, "24": 10.0, "25": 10.0, "26": 10.0, "27": 10.0, "28": 10.0, "29": 10.0, "30": 10.0, "31": 10.0, "32": 10.0, "33": 10.0, "34": 10.0, "35": 10.0, "36": 10.0, "37": 10.0, "38": 10.0, "39": 10.0, "40": 10.0, "41": 10.0, "42": 10.0, "43": 10.0, "44": 10.0, "45": 10.0, "46": 10.0, "47": 10.0, "48": 10.0, "49": 10.0, "50": 10.0, "51": 10.0, "52": 10.0, "53": 10.0, "54": 10.0, "55": 10.0, "56": 10.0, "57": 10.0, "58": 10.0, "59": 10.0, "60": 10.0, "61": 10.0, "62": 10.0, "63": 10.0, "64": 10.0, "65": 10.0, "66": 10.0, "67": 10.0, "68": 10.0, "69": 10.0, "70": 10.0, "71": 10.0, "72": 10.0, "73": 10.0, "74": 99999.0, "75": 99999.0, "76": 99999.0, "77": 99999.0}, "p1": {"0": 24.193529547907236, "1": 9.806451612903226, "2": 13.617647058823529, "3": 15.102803738317757, "4": 22.2578125, "5": 25.08450704225352, "6": 26.31527093596059, "7": 26.839506172839506, "8": 26.124183006535947, "9": 24.75, "10": 25.583333333333332, "11": 25.82236842105263, "12": 25.763636363636362, "13": 26.14207650273224, "14": 24.391752577319586, "15": 26.867088607594937, "16": 24.365853658536587, "17": 24.163522012578618, "18": 25.30674846625767, "19": 25.8343949044586, "20": 25.26530612244898, "21": 26.308641975308642, "22": 26.646408839779006, "23": 25.514705882352942, "24": 24.810055865921786, "25": 26.019108280254777, "26": 25.917127071823206, "27": 25.26086956521739, "28": 25.132530120481928, "29": 25.298780487804876, "30": 25.81761006289308, "31": 26.635714285714286, "32": 25.114503816793892, "33": 25.40251572327044, "34": 25.61744966442953, "35": 26.28048780487805, "36": 24.066176470588236, "37": 26.378205128205128, "38": 25.578512396694215, "39": 25.1056338028169, "40": 26.055555555555557, "41": 26.75, "42": 23.517857142857142, "43": 25.614173228346456, "44": 25.853658536585368, "45": 25.14765100671141, "46": 23.827067669172934, "47": 24.936363636363637, "48": 23.588709677419356, "49": 23.762295081967213, "50": 24.768595041322314, "51": 25.03076923076923, "52": 25.310924369747898, "53": 23.33587786259542, "54": 22.6, "55": 22.899280575539567, "56": 23.15671641791045, "57": 23.94326241134752, "58": 24.00689655172414, "59": 24.195488721804512, "60": 23.36697247706422, "61": 22.217054263565892, "62": 22.77777777777778, "63": 23.634920634920636, "64": 23.183333333333334, "65": 22.3, "66": 22.95689655172414, "67": 22.427419354838708, "68": 24.54054054054054, "69": 23.776699029126213, "70": 22.3206106870229, "71": 22.0, "72": 20.56637168141593, "73": 20.904347826086955, "74": 21.2875, "75": 23.45945945945946, "76": 29.0, "77": 27.571428571428573}, "p2": {"0": 26.43335759954133, "1": 10.73873873873874, "2": 12.838095238095239, "3": 14.630252100840336, "4": 18.57894736842105, "5": 20.61392405063291, "6": 24.734375, "7": 25.707070707070706, "8": 28.095890410958905, "9": 29.595652173913045, "10": 27.080645161290324, "11": 25.83710407239819, "12": 26.608938547486034, "13": 26.476190476190474, "14": 25.151162790697676, "15": 25.11111111111111, "16": 26.566666666666666, "17": 28.11413043478261, "18": 27.006060606060608, "19": 27.197916666666668, "20": 24.810650887573964, "21": 26.0, "22": 25.378048780487806, "23": 27.253846153846155, "24": 27.033557046979865, "25": 23.81645569620253, "26": 25.55625, "27": 25.973154362416107, "28": 27.442307692307693, "29": 27.33986928104575, "30": 23.16778523489933, "31": 25.217687074829932, "32": 23.635135135135137, "33": 25.71851851851852, "34": 27.396825396825395, "35": 27.470588235294116, "36": 26.05673758865248, "37": 25.896, "38": 27.286666666666665, "39": 28.033333333333335, "40": 26.165354330708663, "41": 23.93076923076923, "42": 27.397260273972602, "43": 28.089430894308943, "44": 26.801724137931036, "45": 29.035714285714285, "46": 28.528, "47": 30.39516129032258, "48": 26.669642857142858, "49": 27.126050420168067, "50": 25.68595041322314, "51": 27.827067669172934, "52": 28.93846153846154, "53": 26.905511811023622, "54": 26.866141732283463, "55": 31.170542635658915, "56": 25.834710743801654, "57": 25.310344827586206, "58": 29.22689075630252, "59": 30.0, "60": 25.8796992481203, "61": 28.893617021276597, "62": 26.575757575757574, "63": 27.05217391304348, "64": 27.18018018018018, "65": 27.677685950413224, "66": 27.172131147540984, "67": 27.138613861386137, "68": 27.969924812030076, "69": 24.990654205607477, "70": 26.851063829787233, "71": 23.69811320754717, "72": 28.904109589041095, "73": 28.375, "74": 29.632653061224488, "75": 28.545454545454547, "76": 35.53846153846154, "77": 40.22222222222222}, "p3": {"0": 48.206794600033895, "1": 22.17948717948718, "2": 20.079646017699115, "3": 25.31297709923664, "4": 29.63905325443787, "5": 34.61951219512195, "6": 42.49003984063745, "7": 41.808118081180815, "8": 45.37234042553192, "9": 43.48571428571429, "10": 42.89473684210526, "11": 43.27969348659004, "12": 43.244680851063826, "13": 41.513513513513516, "14": 41.7027027027027, "15": 42.5763358778626, "16": 41.19433198380567, "17": 43.669322709163346, "18": 41.76824034334764, "19": 41.217213114754095, "20": 44.62105263157895, "21": 44.516746411483254, "22": 44.5632183908046, "23": 46.37894736842105, "24": 48.02285714285714, "25": 45.19251336898396, "26": 47.26315789473684, "27": 47.52840909090909, "28": 52.62032085561497, "29": 46.42564102564103, "30": 47.467032967032964, "31": 45.98429319371728, "32": 48.2967032967033, "33": 51.69886363636363, "34": 51.4040404040404, "35": 52.94871794871795, "36": 52.049180327868854, "37": 52.83743842364532, "38": 50.67298578199052, "39": 51.725, "40": 50.98936170212766, "41": 52.53061224489796, "42": 51.04838709677419, "43": 52.99342105263158, "44": 50.41477272727273, "45": 51.005376344086024, "46": 49.89385474860335, "47": 55.22043010752688, "48": 51.14705882352941, "49": 50.190184049079754, "50": 53.40397350993378, "51": 50.050561797752806, "52": 52.006410256410255, "53": 53.12068965517241, "54": 50.943396226415096, "55": 53.30487804878049, "56": 52.1055900621118, "57": 52.21518987341772, "58": 52.17218543046358, "59": 53.78048780487805, "60": 50.8054054054054, "61": 51.0, "62": 49.05128205128205, "63": 53.95294117647059, "64": 52.4277108433735, "65": 51.92617449664429, "66": 55.12820512820513, "67": 53.203821656050955, "68": 51.5472972972973, "69": 54.61805555555556, "70": 50.8125, "71": 49.946666666666665, "72": 54.70422535211268, "73": 55.564935064935064, "74": 56.6764705882353, "75": 58.296875, "76": 62.0, "77": 61.459016393442624}, "p4": {"0": 50.194597693984335, "1": 50.194597693984335, "2": 50.194597693984335, "3": 50.194597693984335, "4": 50.006802721088434, "5": 50.370766488413544, "6": 50.020270270270274, "7": 50.07849829351536, "8": 49.920265780730894, "9": 50.04599659284497, "10": 50.157534246575345, "11": 50.23243243243243, "12": 50.167539267015705, "13": 50.19898819561551, "14": 49.96278317152104, "15": 49.9042904290429, "16": 50.114285714285714, "17": 50.31978798586572, "18": 50.704504504504506, "19": 50.33148148148148, "20": 50.333333333333336, "21": 50.0599173553719, "22": 50.08097165991903, "23": 50.036437246963565, "24": 50.05490196078431, "25": 49.90561797752809, "26": 49.86480686695279, "27": 49.780126849894295, "28": 49.76923076923077, "29": 50.02448979591837, "30": 49.74844074844075, "31": 50.029535864978904, "32": 49.643923240938165, "33": 50.0042194092827, "34": 50.06502242152467, "35": 50.1298969072165, "36": 49.658371040723985, "37": 50.56127450980392, "38": 50.49278846153846, "39": 50.52429667519181, "40": 50.35597826086956, "41": 50.88100686498856, "42": 50.59733333333333, "43": 50.391061452513966, "44": 50.41057934508816, "45": 50.6426735218509, "46": 50.464646464646464, "47": 50.34656084656085, "48": 50.26701570680628, "49": 50.45542168674699, "50": 50.688607594936705, "51": 50.7109375, "52": 50.24460431654676,