{"p0": {"0": 10.0, "1": 10.0, "2": 10.0, "3": 10.0, "4": 10.0, "5": 10.0, "6": 10.0, "7": 10.0, "8": 10.0, "9": 10.0, "10": 10.0, "11": 10.0, "12": 10.0, "13": 10.0, "14": 10.0, "15": 10.0, "16": 10.0, "17": 10.0, "18": 10.0, "19": 10.0, "20": 10.0, "21": 10.0, "22": 10.0, "23": 10.0, "24": 10.0, "25": 10.0, "26": 10.0, "27": 10.0, "28": 10.0, "29": 10.0, "30": 10.0, "31": 10.0, "32": 10.0, "33": 10.0, "34": 10.0, "35": 10.0, "36": 10.0, "37": 10.0, "38": 10.0, "39": 10.0, "40": 10.0, "41": 10.0, "42": 10.0, "43": 10.0, "44": 10.0, "45": 10.0, "46": 10.0, "47": 10.0, "48": 10.0, "49": 10.0, "50": 10.0, "51": 10.0, "52": 10.0, "53": 10.0, "54": 10.0, "55": 10.0, "56": 10.0, "57": 10.0, "58": 10.0, "59": 10.0, "60": 10.0, "61": 10.0, "62": 10.0, "63": 10.0, "64": 10.0, "65": 10.0, "66": 10.0, "67": 99999.0, "68": 99999.0, "69": 99999.0}, "p1": {"0": 18.503513912417176, "1": 7.714285714285714, "2": 13.511111111111111, "3": 13.741721854304636, "4": 15.534722222222221, "5": 19.15028901734104, "6": 20.46, "7": 18.955696202531644, "8": 19.880597014925375, "9": 19.097701149425287, "10": 19.674074074074074, "11": 20.335570469798657, "12": 20.30821917808219, "13": 22.11949685534591, "14": 19.49230769230769, "15": 20.595890410958905, "16": 20.892086330935253, "17": 22.02054794520548, "18": 20.427586206896553, "19": 20.312925170068027, "20": 18.74137931034483, "21": 21.05785123966942, "22": 21.05426356589147, "23": 20.789915966386555, "24": 21.296296296296298, "25": 21.095238095238095, "26": 20.98198198198198, "27": 19.645454545454545, "28": 19.08490566037736, "29": 19.603960396039604, "30": 19.41860465116279, "31": 19.988372093023255, "32": 20.565573770491802, "33": 18.4375, "34": 21.406593406593405, "35": 19.177570093457945, "36": 19.326315789473686, "37": 17.504761904761907, "38": 18.056603773584907, "39": 18.666666666666668, "40": 20.945652173913043, "41": 17.209302325581394, "42": 19.701030927835053, "43": 18.441176470588236, "44": 16.775, "45": 17.321428571428573, "46": 18.3, "47": 17.239583333333332, "48": 18.30392156862745, "49": 19.83157894736842, "50": 16.75294117647059, "51": 19.54320987654321, "52": 18.263736263736263, "53": 18.26923076923077, "54": 17.645569620253166, "55": 18.22, "56": 17.54736842105263, "57": 18.83132530120482, "58": 17.630769230769232, "59": 19.051948051948052, "60": 17.479166666666668, "61": 17.10810810810811, "62": 18.231884057971016, "63": 16.526881720430108, "64": 15.483333333333333, "65": 12.211538461538462, "66": 15.5, "67": 12.444444444444445, "68": 16.5, "69": 19.307692307692307}, "p2": {"0": 29.923215093606245, "1": 14.692307692307692, "2": 13.408, "3": 16.147058823529413, "4": 17.695945945945947, "5": 21.59259259259259, "6": 23.683962264150942, "7": 23.788990825688074, "8": 26.980314960629922, "9": 27.712, "10": 26.680672268907564, "11": 27.007662835249043, "12": 24.946666666666665, "13": 24.833333333333332, "14": 26.90776699029126, "15": 24.16460905349794, "16": 24.735751295336787, "17": 25.31578947368421, "18": 23.705627705627705, "19": 24.362204724409448, "20": 26.933014354066987, "21": 27.164251207729468, "22": 25.608465608465607, "23": 25.75294117647059, "24": 25.796791443850267, "25": 29.06, "26": 26.576354679802957, "27": 30.722772277227723, "28": 31.678217821782177, "29": 29.0531914893617, "30": 30.36994219653179, "31": 30.70391061452514, "32": 32.14204545454545, "33": 33.68023255813954, "34": 33.28, "35": 31.02285714285714, "36": 33.787234042553195, "37": 32.779661016949156, "38": 31.88888888888889, "39": 32.55797101449275, "40": 32.09219858156028, "41": 33.63398692810458, "42": 31.28395061728395, "43": 32.327044025157235, "44": 32.41142857142857, "45": 31.8, "46": 29.966442953020135, "47": 34.06153846153846, "48": 32.688311688311686, "49": 33.20858895705521, "50": 31.858064516129033, "51": 32.11764705882353, "52": 31.544303797468356, "53": 33.284615384615385, "54": 32.73571428571429, "55": 33.7007299270073, "56": 32.012121212121215, "57": 30.482517482517483, "58": 35.57692307692308, "59": 34.93630573248408, "60": 36.13013698630137, "61": 34.330935251798564, "62": 34.18840579710145, "63": 34.00877192982456, "64": 34.27777777777778, "65": 35.94, "66": 36.029411764705884, "67": 38.517857142857146, "68": 47.291666666666664, "69": 43.34444444444444}, "p3": {"0": 35.1520189379628, "1": 35.1520189379628, "2": 35.1520189379628, "3": 34.97278911564626, "4": 35.27872340425532, "5": 35.33739837398374, "6": 35.28375733855186, "7": 35.462857142857146, "8": 35.73905109489051, "9": 35.42882882882883, "10": 35.34470989761092, "11": 35.35351882160393, "12": 35.26622296173045, "13": 35.397260273972606, "14": 35.30065359477124, "15": 35.31615120274914, "16": 35.42689075630252, "17": 35.37117117117117, "18": 35.19597069597069, "19": 35.02918287937743, "20": 35.002049180327866, "21": 35.22845691382766, "22": 35.376782077393074, "23": 35.16460905349794, "24": 35.0594262295082, "25": 34.65929203539823, "26": 34.620041753653446, "27": 34.869477911646584, "28": 34.70614035087719, "29": 35.05555555555556, "30": 35.03341288782816, "31": 34.67788461538461, "32": 35.287206266318535, "33": 34.720101781170484, "34": 34.710306406685234, "35": 35.101694915254235, "36": 35.0, "37": 34.989041095890414, "38": 34.898809523809526, "39": 34.59400544959128, "40": 35.14450867052023, "41": 35.25581395348837, "42": 35.16814159292036, "43": 34.861671469740635, "44": 34.94179894179894, "45": 35.17914438502674, "46": 35.208955223880594, "47": 36.046770601336306, "48": 35.567567567567565, "49": 35.342733188720175, "50": 35.08939708939709, "51": 35.242105263157896, "52": 34.708154506437765, "53": 35.175257731958766, "54": 35.15257731958763, "55": 35.21075268817204, "56": 35.12179487179487, "57": 35.363839285714285, "58": 35.097345132743364, "59": 34.67201834862385, "60": 35.03464203233256, "61": 34.69487750556793, "62": 35.0979020979021, "63": 35.33180778032037, "64": 35.28780487804878, "65": 35.357142857142854, "66": 35.341981132075475, "67": 35.55220417633411, "68": 35.26781326781327, "69": 35.40931372549019}}