{"p0": {"0": 10.0, "1": 10.0, "2": 10.0, "3": 10.0, "4": 10.0, "5": 10.0, "6": 10.0, "7": 10.0, "8": 10.0, "9": 10.0, "10": 10.0, "11": 10.0, "12": 10.0, "13": 10.0, "14": 10.0, "15": 10.0, "16": 10.0, "17": 10.0, "18": 10.0, "19": 10.0, "20": 10.0, "21": 10.0, "22": 10.0, "23": 10.0, "24": 10.0, "25": 10.0, "26": 10.0, "27": 10.0, "28": 10.0, "29": 10.0, "30": 10.0, "31": 10.0, "32": 10.0, "33": 10.0, "34": 10.0, "35": 10.0, "36": 10.0, "37": 10.0, "38": 10.0, "39": 10.0, "40": 10.0, "41": 10.0, "42": 10.0, "43": 10.0, "44": 10.0, "45": 10.0, "46": 10.0, "47": 10.0, "48": 10.0, "49": 10.0, "50": 10.0, "51": 10.0, "52": 10.0, "53": 10.0, "54": 10.0, "55": 10.0, "56": 99999.0, "57": 99999.0, "58": 99999.0, "59": 99999.0, "60": 99999.0}, "p1": {"0": 18.0064137997168, "1": 7.222222222222222, "2": 8.714285714285714, "3": 10.484848484848484, "4": 11.87378640776699, "5": 17.333333333333332, "6": 19.133802816901408, "7": 17.40277777777778, "8": 15.398601398601398, "9": 16.484375, "10": 16.66923076923077, "11": 16.7, "12": 17.677966101694917, "13": 15.85483870967742, "14": 18.879194630872483, "15": 16.413793103448278, "16": 17.70909090909091, "17": 18.233644859813083, "18": 21.228571428571428, "19": 19.86868686868687, "20": 17.294642857142858, "21": 18.82075471698113, "22": 20.137096774193548, "23": 19.425925925925927, "24": 18.827868852459016, "25": 17.142857142857142, "26": 20.141843971631207, "27": 18.931623931623932, "28": 19.664, "29": 18.092436974789916, "30": 17.901639344262296, "31": 18.07751937984496, "32": 16.532258064516128, "33": 18.432, "34": 20.75925925925926, "35": 18.17699115044248, "36": 18.991150442477878, "37": 17.842105263157894, "38": 18.27102803738318, "39": 17.48739495798319, "40": 17.794642857142858, "41": 16.660377358490567, "42": 18.181818181818183, "43": 17.296703296703296, "44": 18.288659793814432, "45": 19.402298850574713, "46": 17.651162790697676, "47": 18.454545454545453, "48": 17.527027027027028, "49": 18.085365853658537, "50": 20.35135135135135, "51": 20.533333333333335, "52": 18.0126582278481, "53": 17.985294117647058, "54": 18.696202531645568, "55": 15.573529411764707, "56": 16.350877192982455, "57": 19.150943396226417, "58": 23.043478260869566, "59": 25.11111111111111, "60": 32.0}, "p2": {"0": 36.999800677432056, "1": 11.142857142857142, "2": 15.923076923076923, "3": 21.70967741935484, "4": 24.058823529411764, "5": 30.58490566037736, "6": 36.161764705882355, "7": 37.871428571428574, "8": 40.677083333333336, "9": 39.895348837209305, "10": 40.857142857142854, "11": 39.0921052631579, "12": 38.41538461538462, "13": 39.070422535211264, "14": 38.46268656716418, "15": 40.2, "16": 39.87692307692308, "17": 36.183673469387756, "18": 36.32857142857143, "19": 37.891891891891895, "20": 38.741379310344826, "21": 37.515625, "22": 39.458333333333336, "23": 39.89705882352941, "24": 42.142857142857146, "25": 37.732142857142854, "26": 36.47435897435897, "27": 35.0, "28": 36.785714285714285, "29": 38.28378378378378, "30": 36.666666666666664, "31": 33.59722222222222, "32": 39.128571428571426, "33": 40.467532467532465, "34": 37.2, "35": 38.292307692307695, "36": 37.483333333333334, "37": 40.266666666666666, "38": 39.91803278688525, "39": 38.207317073170735, "40": 37.78333333333333, "41": 38.892857142857146, "42": 42.38333333333333, "43": 38.854838709677416, "44": 37.784615384615385, "45": 38.35294117647059, "46": 38.30508474576271, "47": 38.625, "48": 37.02272727272727, "49": 41.671875, "50": 38.34782608695652, "51": 35.04225352112676, "52": 37.140625, "53": 36.05555555555556, "54": 37.63461538461539, "55": 37.767857142857146, "56": 35.61363636363637, "57": 35.63414634146341, "58": 38.9375, "59": 47.77777777777778, "60": 42.696969696969695}, "p3": {"0": 45.632530860534004, "1": 9.964285714285714, "2": 15.868421052631579, "3": 23.017241379310345, "4": 35.544444444444444, "5": 39.65060240963855, "6": 48.325581395348834, "7": 51.145161290322584, "8": 50.770992366412216, "9": 49.80451127819549, "10": 48.2027027027027, "11": 49.71851851851852, "12": 47.424, "13": 50.53389830508475, "14": 50.46086956521739, "15": 48.99107142857143, "16": 49.027522935779814, "17": 49.943396226415096, "18": 48.27450980392157, "19": 44.92783505154639, "20": 47.83695652173913, "21": 48.6551724137931, "22": 44.63636363636363, "23": 48.141304347826086, "24": 51.76923076923077, "25": 50.05813953488372, "26": 48.63380281690141, "27": 47.26923076923077, "28": 46.1566265060241, "29": 50.724137931034484, "30": 47.14942528735632, "31": 48.96296296296296, "32": 46.61764705882353, "33": 44.160919540229884, "34": 45.61194029850746, "35": 44.83098591549296, "36": 45.49090909090909, "37": 45.950819672131146, "38": 43.925925925925924, "39": 45.35087719298246, "40": 44.93846153846154, "41": 42.23809523809524, "42": 48.17307692307692, "43": 47.11666666666667, "44": 49.094339622641506, "45": 48.39622641509434, "46": 49.18032786885246, "47": 44.8235294117647, "48": 47.42857142857143, "49": 49.19607843137255, "50": 44.15094339622642, "51": 47.52, "52": 49.34615384615385, "53": 43.627906976744185, "54": 43.53061224489796, "55": 48.45, "56": 45.225806451612904, "57": 44.75, "58": 50.611111111111114, "59": 32.0, "60": 64.625}, "p4": {"0": 62.133897912590484, "1": 20.52, "2": 19.94871794871795, "3": 30.3, "4": 40.352112676056336, "5": 47.81720430107527, "6": 50.017857142857146, "7": 55.290780141843975, "8": 57.94814814814815, "9": 59.21768707482993, "10": 62.82781456953642, "11": 60.8503937007874, "12": 58.15384615384615, "13": 57.71653543307087, "14": 56.532786885245905, "15": 54.94656488549618, "16": 55.95348837209303, "17": 55.203252032520325, "18": 54.304761904761904, "19": 53.6031746031746, "20": 56.20183486238532, "21": 64.10112359550561, "22": 61.51020408163265, "23": 56.51428571428571, "24": 57.49438202247191, "25": 62.84466019417476, "26": 59.89010989010989, "27": 60.916666666666664, "28": 61.54545454545455, "29": 67.11650485436893, "30": 63.85, "31": 69.42574257425743, "32": 65.51960784313725, "33": 71.18627450980392, "34": 65.58947368421053, "35": 66.91011235955057, "36": 58.28712871287129, "37": 65.0672268907563, "38": 61.11538461538461, "39": 67.67961165048544, "40": 70.00862068965517, "41": 75.1923076923077, "42": 65.23529411764706, "43": 66.41904761904762, "44": 65.39, "45": 70.24719101123596, "46": 69.42718446601941, "47": 71.55555555555556, "48": 75.06796116504854, "49": 65.69791666666667, "50": 72.41, "51": 72.0421052631579, "52": 71.74193548387096, "53": 69.8021978021978, "54": 70.70212765957447, "55": 69.07317073170732, "56": 72.52439024390245, "57": 75.82795698924731, "58": 75.16666666666667, "59": 84.78688524590164, "60": 85.44444444444444}, "p5": {"0": 63.228116218042295, "1": 63.228116218042295, "2": 63.228116218042295, "3": 63.228116218042295, "4": 63.228116218042295, "5": 62.80294117647059, "6": 62.73538461538462, "7": 62.854838709677416, "8": 63.04361370716511, "9": 63.25085910652921, "10": 62.92465753424658, "11": 62.96271186440678, "12": 62.82167832167832, "13": 62.53819444444444, "14": 63.313380281690144, "15": 63.79779411764706, "16": 63.734082397003746, "17": 63.388489208633096, "18": 63.329268292682926, "19": 63.46875, "20": 62.313559322033896, "21": 62.35964912280702, "22": 62.28358208955224, "23": 63.30901287553648, "24": 63.450980392156865, "25": 63.03913043478261, "26": 63.67906976744186, "27": 64.27441860465116, "28": 63.54260089686099, "29": 64.0, "30": 64.0246913580247, "31": 64.04405286343612, "32": 64.48458149779735, "33": 63.285714285714285, "34": 63.724890829694324, "35": 63.62555066079295, "36": 63.795833333333334, "37": 63.40851063829787, "38": 63.675, "39": 62.889380530973455, "40": 63.894009216589865, "41": 63.65948275862069, "42": 62.831896551724135, "43": 62.6036866359447, "44": 63.31016042780749, "45": 62.87619047619047, "46": 63.00487804878049, "47": 63.57209302325582, "48": 62.89705882352941, "49": 62.15, "50": 62.588235294117645, "51": 61.90163934426229, "52": 62.866379310344826, "53": 63.6875, "54": 62.98701298701299,