{"p0": {"0": 10.0, "1": 10.0, "2": 10.0, "3": 10.0, "4": 10.0, "5": 10.0, "6": 10.0, "7": 10.0, "8": 10.0, "9": 10.0, "10": 10.0, "11": 10.0, "12": 10.0, "13": 10.0, "14": 10.0, "15": 10.0, "16": 10.0, "17": 10.0, "18": 10.0, "19": 10.0, "20": 10.0, "21": 10.0, "22": 10.0, "23": 10.0, "24": 10.0, "25": 10.0, "26": 10.0, "27": 10.0, "28": 10.0, "29": 10.0, "30": 10.0, "31": 10.0, "32": 10.0, "33": 10.0, "34": 10.0, "35": 10.0, "36": 10.0, "37": 10.0, "38": 10.0, "39": 10.0, "40": 10.0, "41": 10.0, "42": 10.0, "43": 10.0, "44": 10.0, "45": 10.0, "46": 10.0, "47": 10.0, "48": 10.0, "49": 10.0, "50": 10.0, "51": 10.0, "52": 10.0, "53": 10.0, "54": 10.0, "55": 10.0, "56": 10.0, "57": 10.0, "58": 10.0, "59": 10.0, "60": 10.0, "61": 10.0, "62": 10.0, "63": 10.0, "64": 10.0, "65": 10.0, "66": 10.0, "67": 10.0, "68": 10.0, "69": 10.0, "70": 10.0, "71": 10.0, "72": 10.0, "73": 10.0, "74": 99999.0, "75": 99999.0, "76": 99999.0}, "p1": {"0": 21.377137196870002, "1": 10.038461538461538, "2": 13.352941176470589, "3": 15.05940594059406, "4": 19.089430894308943, "5": 21.12142857142857, "6": 23.352941176470587, "7": 22.048, "8": 21.957264957264957, "9": 22.294573643410853, "10": 22.127659574468087, "11": 20.36986301369863, "12": 22.007874015748033, "13": 21.78609625668449, "14": 21.925925925925927, "15": 23.555555555555557, "16": 22.37908496732026, "17": 22.032, "18": 23.488888888888887, "19": 24.75206611570248, "20": 24.234782608695653, "21": 23.49122807017544, "22": 22.689655172413794, "23": 25.728155339805824, "24": 26.05128205128205, "25": 23.604166666666668, "26": 24.056451612903224, "27": 23.515384615384615, "28": 22.235849056603772, "29": 22.574257425742573, "30": 22.363636363636363, "31": 21.979591836734695, "32": 21.666666666666668, "33": 23.555555555555557, "34": 22.91176470588235, "35": 21.87272727272727, "36": 22.661417322834644, "37": 21.626373626373628, "38": 21.77173913043478, "39": 22.679611650485437, "40": 21.418181818181818, "41": 21.43801652892562, "42": 21.170454545454547, "43": 21.776470588235295, "44": 23.325301204819276, "45": 21.85, "46": 21.792792792792792, "47": 21.054054054054053, "48": 22.712871287128714, "49": 22.506666666666668, "50": 21.6046511627907, "51": 21.941176470588236, "52": 21.422680412371133, "53": 22.75, "54": 22.161616161616163, "55": 23.2803738317757, "56": 19.48076923076923, "57": 21.983606557377048, "58": 19.78494623655914, "59": 21.37864077669903, "60": 21.424, "61": 20.229357798165136, "62": 22.471910112359552, "63": 18.66315789473684, "64": 20.808988764044944, "65": 21.28723404255319, "66": 21.601941747572816, "67": 21.466666666666665, "68": 21.266666666666666, "69": 21.528089887640448, "70": 19.10112359550562, "71": 18.824324324324323, "72": 16.953846153846154, "73": 20.823529411764707, "74": 15.145833333333334, "75": 14.45, "76": 19.772727272727273}, "p2": {"0": 33.7974516671853, "1": 24.94495412844037, "2": 26.195652173913043, "3": 26.28205128205128, "4": 25.83076923076923, "5": 25.48611111111111, "6": 32.330357142857146, "7": 31.563025210084035, "8": 32.267605633802816, "9": 32.52095808383233, "10": 33.14035087719298, "11": 34.863013698630134, "12": 33.886178861788615, "13": 31.99337748344371, "14": 29.89516129032258, "15": 29.832167832167833, "16": 30.198473282442748, "17": 30.794520547945204, "18": 30.44848484848485, "19": 30.627586206896552, "20": 31.92105263157895, "21": 31.55639097744361, "22": 29.3125, "23": 32.13513513513514, "24": 30.84426229508197, "25": 31.10569105691057, "26": 34.885416666666664, "27": 32.53448275862069, "28": 34.24242424242424, "29": 32.70634920634921, "30": 31.026086956521738, "31": 35.594339622641506, "32": 33.5531914893617, "33": 36.7037037037037, "34": 33.8, "35": 32.93859649122807, "36": 34.48275862068966, "37": 35.682539682539684, "38": 37.177570093457945, "39": 35.0, "40": 36.56716417910448, "41": 32.71212121212121, "42": 33.653225806451616, "43": 35.439655172413794, "44": 36.03361344537815, "45": 36.817460317460316, "46": 38.34146341463415, "47": 33.89380530973451, "48": 35.61788617886179, "49": 33.294117647058826, "50": 32.981818181818184, "51": 32.93181818181818, "52": 34.63247863247863, "53": 31.83050847457627, "54": 34.62992125984252, "55": 32.76851851851852, "56": 34.63565891472868, "57": 37.823008849557525, "58": 35.82857142857143, "59": 34.14912280701754, "60": 34.03738317757009, "61": 33.68181818181818, "62": 35.64, "63": 34.17977528089887, "64": 38.89655172413793, "65": 38.8494623655914, "66": 35.68041237113402, "67": 36.916666666666664, "68": 36.309734513274336, "69": 34.308510638297875, "70": 35.266666666666666, "71": 36.82222222222222, "72": 35.04347826086956, "73": 38.8125, "74": 42.851351351351354, "75": 42.1063829787234, "76": 44.31818181818182}, "p3": {"0": 37.405069647705545, "1": 37.405069647705545, "2": 37.405069647705545, "3": 37.48205128205128, "4": 37.4987012987013, "5": 37.48969072164948, "6": 37.68956743002545, "7": 37.406565656565654, "8": 37.51225490196079, "9": 37.44630071599045, "10": 37.47115384615385, "11": 37.46188340807175, "12": 37.41086956521739, "13": 37.290249433106574, "14": 37.278481012658226, "15": 37.3438202247191, "16": 37.24764150943396, "17": 37.403712296983755, "18": 37.254464285714285, "19": 37.29207920792079, "20": 37.45080091533181, "21": 37.16425120772947, "22": 37.35933806146572, "23": 37.56041131105398, "24": 37.61357702349869, "25": 37.11702127659574, "26": 37.49859943977591, "27": 37.65796344647519, "28": 37.81948424068768, "29": 37.832352941176474, "30": 37.342424242424244, "31": 37.75449101796407, "32": 37.557993730407524, "33": 37.42811501597444, "34": 37.49050632911393, "35": 37.424698795180724, "36": 37.416666666666664, "37": 37.68600682593857, "38": 37.421487603305785, "39": 37.47278911564626, "40": 36.993197278911566, "41": 36.91054313099041, "42": 36.779456193353475, "43": 36.546875, "44": 36.862385321100916, "45": 37.31195335276968, "46": 37.87426900584796, "47": 37.59090909090909, "48": 37.58839779005525, "49": 37.87257617728532, "50": 37.95441595441596, "51": 38.04242424242424, "52": 37.82371794871795, "53": 37.88650306748466, "54": 37.861111111111114, "55": 37.19879518072289, "56": 37.48850574712644, "57": 37.34594594594594, "58": 37.50923482849604, "59": 37.69747899159664, "60": 37.37845303867403, "61": 37.31147540983606, "62": 37.02506963788301, "63": 37.145118733509236, "64": 36.99731182795699, "65": 37.4958217270195, "66": 37.39941690962099, "67": 37.38135593220339, "68": 37.441489361702125, "69": 37.225464190981434, "70": 37.20857142857143, "71": 37.23163841807909, "72": 37.531976744186046, "73": 37.34011627906977, "74": 36.82857142857143, "75": 36.76704545454545, "76": 37.07909604519774}}