{"p0": {"0": 10.0, "1": 10.0, "2": 10.0, "3": 10.0, "4": 10.0, "5": 10.0, "6": 10.0, "7": 10.0, "8": 10.0, "9": 10.0, "10": 10.0, "11": 10.0, "12": 10.0, "13": 10.0, "14": 10.0, "15": 10.0, "16": 10.0, "17": 10.0, "18": 10.0, "19": 10.0, "20": 10.0, "21": 10.0, "22": 10.0, "23": 10.0, "24": 10.0, "25": 10.0, "26": 10.0, "27": 10.0, "28": 10.0, "29": 10.0, "30": 10.0, "31": 10.0, "32": 10.0, "33": 10.0, "34": 10.0, "35": 10.0, "36": 10.0, "37": 10.0, "38": 10.0, "39": 10.0, "40": 10.0, "41": 10.0, "42": 10.0, "43": 10.0, "44": 10.0, "45": 10.0, "46": 10.0, "47": 10.0, "48": 10.0, "49": 10.0, "50": 10.0, "51": 10.0, "52": 10.0, "53": 10.0, "54": 10.0, "55": 10.0, "56": 10.0, "57": 10.0, "58": 10.0, "59": 99999.0, "60": 99999.0, "61": 99999.0, "62": 99999.0}, "p1": {"0": 24.819962671006934, "1": 6.090909090909091, "2": 12.271428571428572, "3": 14.232142857142858, "4": 20.274074074074075, "5": 23.25, "6": 26.60927152317881, "7": 24.9171974522293, "8": 25.45679012345679, "9": 27.03937007874016, "10": 25.635761589403973, "11": 25.5, "12": 26.12574850299401, "13": 28.0, "14": 27.079268292682926, "15": 26.666666666666668, "16": 27.293333333333333, "17": 26.633802816901408, "18": 25.352272727272727, "19": 25.87272727272727, "20": 25.835365853658537, "21": 26.006993006993007, "22": 26.38255033557047, "23": 25.651851851851852, "24": 25.92086330935252, "25": 24.977777777777778, "26": 26.82638888888889, "27": 26.658227848101266, "28": 26.321428571428573, "29": 24.910958904109588, "30": 24.804511278195488, "31": 25.272727272727273, "32": 26.036496350364963, "33": 23.98857142857143, "34": 25.05109489051095, "35": 25.86764705882353, "36": 26.388059701492537, "37": 24.015267175572518, "38": 25.27857142857143, "39": 24.83076923076923, "40": 26.07079646017699, "41": 24.6171875, "42": 26.88, "43": 26.153846153846153, "44": 25.90972222222222, "45": 24.703389830508474, "46": 25.576923076923077, "47": 25.41592920353982, "48": 24.54310344827586, "49": 24.428571428571427, "50": 24.786516853932586, "51": 23.813186813186814, "52": 22.71264367816092, "53": 24.741935483870968, "54": 24.137931034482758, "55": 25.666666666666668, "56": 23.741176470588236, "57": 25.98876404494382, "58": 23.916666666666668, "59": 24.52542372881356, "60": 26.14516129032258, "61": 28.958333333333332, "62": 30.076923076923077}, "p2": {"0": 27.82863764442539, "1": 7.927272727272728, "2": 10.68918918918919, "3": 17.782608695652176, "4": 18.349593495934958, "5": 20.650602409638555, "6": 24.076142131979694, "7": 28.670212765957448, "8": 28.115384615384617, "9": 30.33170731707317, "10": 29.51595744680851, "11": 30.394444444444446, "12": 27.12837837837838, "13": 25.957831325301203, "14": 26.516778523489933, "15": 26.573248407643312, "16": 28.246478873239436, "17": 27.312925170068027, "18": 27.14179104477612, "19": 30.528662420382165, "20": 29.214876033057852, "21": 29.39455782312925, "22": 26.35036496350365, "23": 28.007874015748033, "24": 28.225225225225227, "25": 27.127118644067796, "26": 27.55045871559633, "27": 31.504587155963304, "28": 26.784615384615385, "29": 31.306306306306308, "30": 28.551181102362204, "31": 27.76851851851852, "32": 28.137931034482758, "33": 26.82905982905983, "34": 26.83, "35": 30.355555555555554, "36": 29.065217391304348, "37": 28.869158878504674, "38": 29.53061224489796, "39": 30.032, "40": 27.632075471698112, "41": 28.56382978723404, "42": 26.77777777777778, "43": 27.83157894736842, "44": 28.45945945945946, "45": 32.87777777777778, "46": 28.47142857142857, "47": 29.02409638554217, "48": 32.361702127659576, "49": 32.89411764705882, "50": 31.371794871794872, "51": 27.059701492537314, "52": 30.47422680412371, "53": 27.582089552238806, "54": 30.305882352941175, "55": 31.728571428571428, "56": 30.47761194029851, "57": 30.42622950819672, "58": 30.625, "59": 28.74, "60": 28.512820512820515, "61": 24.833333333333332, "62": 41.0}, "p3": {"0": 41.86304176339847, "1": 17.71, "2": 14.416666666666666, "3": 20.91358024691358, "4": 22.88695652173913, "5": 32.60625, "6": 35.08988764044944, "7": 39.86, "8": 41.01293103448276, "9": 39.244791666666664, "10": 40.110497237569064, "11": 36.515151515151516, "12": 36.54106280193237, "13": 38.53333333333333, "14": 41.751479289940825, "15": 38.58011049723757, "16": 34.22727272727273, "17": 35.36196319018405, "18": 33.36363636363637, "19": 39.859872611464965, "20": 42.006410256410255, "21": 36.88823529411765, "22": 40.78767123287671, "23": 36.088235294117645, "24": 40.75396825396825, "25": 39.20338983050848, "26": 40.411764705882355, "27": 43.20779220779221, "28": 43.25735294117647, "29": 46.06617647058823, "30": 43.53416149068323, "31": 45.78666666666667, "32": 43.059322033898304, "33": 44.53846153846154, "34": 41.51327433628319, "35": 46.01470588235294, "36": 45.431654676258994, "37": 45.80555555555556, "38": 44.184, "39": 46.09090909090909, "40": 42.08695652173913, "41": 44.518248175182485, "42": 41.85123966942149, "43": 43.18333333333333, "44": 50.05691056910569, "45": 46.42982456140351, "46": 45.54744525547445, "47": 45.816, "48": 45.90677966101695, "49": 46.421052631578945, "50": 47.15833333333333, "51": 45.169117647058826, "52": 43.51587301587302, "53": 46.24038461538461, "54": 45.31132075471698, "55": 47.97560975609756, "56": 48.69911504424779, "57": 47.76271186440678, "58": 46.72727272727273, "59": 49.75, "60": 53.7, "61": 64.5909090909091, "62": 63.875}, "p4": {"0": 47.49840875217613, "1": 47.49840875217613, "2": 47.49840875217613, "3": 47.49840875217613, "4": 47.57, "5": 47.73877551020408, "6": 47.797916666666666, "7": 47.694989106753816, "8": 47.53719008264463, "9": 47.130526315789474, "10": 47.712574850299404, "11": 47.23886639676113, "12": 47.21052631578947, "13": 47.29511677282378, "14": 47.27494908350305, "15": 47.358369098712444, "16": 47.52025586353945, "17": 47.15042372881356, "18": 47.31739130434783, "19": 47.02857142857143, "20": 46.815489749430526, "21": 46.68780487804878, "22": 46.76424870466321, "23": 46.782296650717704, "24": 47.55181347150259, "25": 48.236559139784944, "26": 47.473684210526315, "27": 47.49346405228758, "28": 47.5, "29": 47.56573705179283, "30": 47.82116788321168, "31": 47.99270072992701, "32": 47.96153846153846, "33": 48.33221476510067, "34": 48.369369369369366, "35": 47.14402173913044, "36": 48.30965909090909, "37": 47.90561224489796, "38": 47.554572271386434, "39": 47.77837837837838, "40": 47.646496815286625, "41": 46.97452229299363, "42": 47.943502824858754, "43": 47.512129380053906, "44": 47.08108108108108, "45": 46.788300835654596, "46": 46.76039119804401, "47": 46.93617021276596, "48": 46.96551724137931, "49": 47.13023255813953, "50": 47.35665914221219, "51": 47.308411214953274, "52": 47.39540229885058, "53": 47.886138613861384, "54": 47.56036446469248, "55": 47.81400966183575, "56": 48.63549160671463, "57": 47.5281173594132, "58": 47.808184143222505, "59": 47.642651296829975, "60": 47.100558659217874, "61": 47.98095238095238, "62": 48.03405572755418}}