{"p0": {"0": 10.0, "1": 10.0, "2": 10.0, "3": 10.0, "4": 10.0, "5": 10.0, "6": 10.0, "7": 10.0, "8": 10.0, "9": 10.0, "10": 10.0, "11": 10.0, "12": 10.0, "13": 10.0, "14": 10.0, "15": 10.0, "16": 10.0, "17": 10.0, "18": 10.0, "19": 10.0, "20": 10.0, "21": 10.0, "22": 10.0, "23": 10.0, "24": 10.0, "25": 10.0, "26": 10.0, "27": 10.0, "28": 10.0, "29": 10.0, "30": 10.0, "31": 10.0, "32": 10.0, "33": 10.0, "34": 10.0, "35": 10.0, "36": 10.0, "37": 10.0, "38": 10.0, "39": 10.0, "40": 10.0, "41": 10.0, "42": 10.0, "43": 10.0, "44": 10.0, "45": 10.0, "46": 10.0, "47": 10.0, "48": 10.0, "49": 10.0, "50": 10.0, "51": 10.0, "52": 10.0, "53": 10.0, "54": 10.0, "55": 10.0, "56": 10.0, "57": 10.0, "58": 10.0, "59": 10.0, "60": 10.0, "61": 10.0, "62": 10.0, "63": 10.0, "64": 10.0, "65": 10.0, "66": 99999.0, "67": 99999.0, "68": 99999.0}, "p1": {"0": 17.979414853291985, "1": 7.304347826086956, "2": 12.803370786516854, "3": 14.350785340314136, "4": 17.314814814814813, "5": 19.051181102362204, "6": 20.958847736625515, "7": 20.75877192982456, "8": 19.853535353535353, "9": 20.82758620689655, "10": 21.411214953271028, "11": 20.408450704225352, "12": 20.41346153846154, "13": 20.429223744292237, "14": 20.162790697674417, "15": 20.34825870646766, "16": 21.58080808080808, "17": 20.725490196078432, "18": 19.908602150537636, "19": 20.81290322580645, "20": 20.279329608938546, "21": 19.20805369127517, "22": 17.69281045751634, "23": 19.88095238095238, "24": 18.934306569343065, "25": 18.34090909090909, "26": 17.640449438202246, "27": 19.867549668874172, "28": 17.71511627906977, "29": 19.62686567164179, "30": 18.38, "31": 18.510344827586206, "32": 18.483221476510067, "33": 16.635802469135804, "34": 17.926829268292682, "35": 17.33103448275862, "36": 17.700854700854702, "37": 18.195945945945947, "38": 18.496774193548386, "39": 18.892857142857142, "40": 19.06766917293233, "41": 17.58823529411765, "42": 19.40875912408759, "43": 20.39097744360902, "44": 16.632478632478634, "45": 17.388489208633093, "46": 17.732824427480917, "47": 17.939393939393938, "48": 18.58653846153846, "49": 20.364963503649633, "50": 19.366071428571427, "51": 19.146341463414632, "52": 16.904, "53": 16.97142857142857, "54": 17.57894736842105, "55": 18.596638655462186, "56": 17.78813559322034, "57": 19.61904761904762, "58": 18.36842105263158, "59": 16.8503937007874, "60": 17.016260162601625, "61": 17.4, "62": 15.794871794871796, "63": 15.122641509433961, "64": 14.103896103896103, "65": 11.383333333333333, "66": 10.208333333333334, "67": 11.95, "68": 14.166666666666666}, "p2": {"0": 32.177106300290376, "1": 15.965944272445821, "2": 15.464135021097047, "3": 14.383783783783784, "4": 17.485477178423235, "5": 21.814671814671815, "6": 24.09009009009009, "7": 26.04140127388535, "8": 26.467741935483872, "9": 28.30809399477807, "10": 29.217171717171716, "11": 28.251833740831295, "12": 28.698863636363637, "13": 27.455927051671733, "14": 25.694117647058825, "15": 26.09259259259259, "16": 27.292263610315185, "17": 25.831683168316832, "18": 26.81733746130031, "19": 26.601092896174862, "20": 27.680232558139537, "21": 29.366366366366368, "22": 25.853479853479854, "23": 28.868613138686133, "24": 30.677419354838708, "25": 30.064, "26": 30.214545454545455, "27": 28.56737588652482, "28": 32.85407725321888, "29": 32.48627450980392, "30": 32.75431034482759, "31": 32.52654867256637, "32": 33.12107623318386, "33": 34.45381526104418, "34": 35.441767068273094, "35": 32.16299559471366, "36": 37.46842105263158, "37": 36.232067510548525, "38": 36.74889867841409, "39": 36.144067796610166, "40": 36.8755364806867, "41": 36.69911504424779, "42": 36.8125, "43": 36.5063829787234, "44": 34.79203539823009, "45": 35.075117370892016, "46": 37.02242152466368, "47": 35.63775510204081, "48": 34.16450216450217, "49": 36.027272727272724, "50": 37.083333333333336, "51": 33.395348837209305, "52": 36.93689320388349, "53": 35.36818181818182, "54": 37.53508771929825, "55": 36.3348623853211, "56": 36.53211009174312, "57": 35.059633027522935, "58": 34.325471698113205, "59": 33.62564102564102, "60": 35.74285714285714, "61": 35.642857142857146, "62": 37.576530612244895, "63": 37.21078431372549, "64": 38.146341463414636, "65": 41.95454545454545, "66": 42.56, "67": 49.23255813953488, "68": 48.50697674418605}, "p3": {"0": 37.32679249245825, "1": 37.32679249245825, "2": 37.32679249245825, "3": 37.34341637010676, "4": 37.351590106007066, "5": 36.88214285714286, "6": 37.265625, "7": 37.13255033557047, "8": 37.245, "9": 37.426146010186756, "10": 37.455160744500844, "11": 37.364227642276425, "12": 37.3568, "13": 37.25396825396825, "14": 37.15883306320907, "15": 36.89411764705882, "16": 37.2319587628866, "17": 36.935087719298245, "18": 37.0205223880597, "19": 37.108159392789375, "20": 36.845261121856865, "21": 36.603846153846156, "22": 36.90057361376673, "23": 37.10019267822736, "24": 37.08939708939709, "25": 37.03632478632478, "26": 37.297916666666666, "27": 37.323076923076925, "28": 37.08796296296296, "29": 37.534979423868315, "30": 37.56287425149701, "31": 37.48565573770492, "32": 37.16483516483517, "33": 37.354120267260576, "34": 37.53365384615385, "35": 37.472283813747225, "36": 37.283185840707965, "37": 37.54176072234763, "38": 37.47334754797441, "39": 37.503157894736844, "40": 37.39484978540773, "41": 37.53373015873016, "42": 37.68076109936575, "43": 37.55785123966942, "44": 37.41468253968254, "45": 37.18884120171674, "46": 37.29540918163673, "47": 37.47661469933185, "48": 37.36755646817249, "49": 37.35966735966736, "50": 37.22727272727273, "51": 37.13926499032882, "52": 37.34622823984526, "53": 37.27663551401869, "54": 37.52962962962963, "55": 37.36570247933884, "56": 37.73894736842105, "57": 37.72127659574468, "58": 37.57615894039735, "59": 37.40842105263158, "60": 37.674057649667404, "61": 37.205128205128204, "62": 37.60267857142857, "63": 37.3778801843318, "64": 37.596287703016245, "65": 37.380846325167035, "66": 37.5956043956044, "67": 37.58108108108108, "68": 37.33552631578947}}