{"p0": {"0": 10.0, "1": 10.0, "2": 10.0, "3": 10.0, "4": 10.0, "5": 10.0, "6": 10.0, "7": 10.0, "8": 10.0, "9": 10.0, "10": 10.0, "11": 10.0, "12": 10.0, "13": 10.0, "14": 10.0, "15": 10.0, "16": 10.0, "17": 10.0, "18": 10.0, "19": 10.0, "20": 10.0, "21": 10.0, "22": 10.0, "23": 10.0, "24": 10.0, "25": 10.0, "26": 10.0, "27": 10.0, "28": 10.0, "29": 10.0, "30": 10.0, "31": 10.0, "32": 10.0, "33": 10.0, "34": 10.0, "35": 10.0, "36": 10.0, "37": 10.0, "38": 10.0, "39": 10.0, "40": 10.0, "41": 10.0, "42": 10.0, "43": 10.0, "44": 10.0, "45": 10.0, "46": 10.0, "47": 10.0, "48": 10.0, "49": 10.0, "50": 10.0, "51": 10.0, "52": 10.0, "53": 10.0, "54": 10.0, "55": 10.0, "56": 10.0, "57": 10.0, "58": 10.0, "59": 10.0, "60": 10.0, "61": 10.0, "62": 10.0, "63": 10.0, "64": 10.0, "65": 10.0, "66": 10.0, "67": 10.0, "68": 10.0, "69": 10.0, "70": 10.0, "71": 10.0, "72": 10.0, "73": 10.0, "74": 10.0, "75": 10.0, "76": 10.0, "77": 10.0, "78": 10.0, "79": 10.0, "80": 10.0, "81": 10.0, "82": 10.0, "83": 10.0, "84": 10.0, "85": 10.0, "86": 10.0, "87": 10.0, "88": 10.0, "89": 10.0, "90": 10.0, "91": 99999.0, "92": 99999.0, "93": 99999.0, "94": 99999.0}, "p1": {"0": 18.62872910125475, "1": 6.555555555555555, "2": 7.923913043478261, "3": 12.047619047619047, "4": 15.965034965034965, "5": 18.285714285714285, "6": 21.35542168674699, "7": 20.28368794326241, "8": 20.075342465753426, "9": 20.515873015873016, "10": 18.611510791366907, "11": 19.13986013986014, "12": 20.55, "13": 20.900584795321638, "14": 19.90277777777778, "15": 19.706293706293707, "16": 19.026845637583893, "17": 20.18238993710692, "18": 19.95808383233533, "19": 19.384057971014492, "20": 18.656626506024097, "21": 19.579617834394906, "22": 18.487951807228917, "23": 19.843971631205672, "24": 20.20689655172414, "25": 18.20625, "26": 18.183673469387756, "27": 20.21578947368421, "28": 21.468354430379748, "29": 16.308641975308642, "30": 19.79020979020979, "31": 18.751592356687897, "32": 19.83431952662722, "33": 18.905405405405407, "34": 18.5472972972973, "35": 18.838150289017342, "36": 19.1125, "37": 17.518987341772153, "38": 18.940828402366865, "39": 19.611940298507463, "40": 18.857142857142858, "41": 21.271084337349397, "42": 20.496774193548386, "43": 19.85333333333333, "44": 20.5, "45": 19.649006622516556, "46": 18.106870229007633, "47": 18.679738562091504, "48": 18.07638888888889, "49": 20.420689655172414, "50": 19.43548387096774, "51": 17.909774436090224, "52": 16.475524475524477, "53": 17.92105263157895, "54": 20.39516129032258, "55": 20.007407407407406, "56": 19.86178861788618, "57": 18.596774193548388, "58": 20.1, "59": 18.217054263565892, "60": 18.82442748091603, "61": 18.822695035460992, "62": 17.7265625, "63": 18.4765625, "64": 18.565891472868216, "65": 19.62121212121212, "66": 16.678899082568808, "67": 17.34246575342466, "68": 18.50381679389313, "69": 18.936, "70": 19.73170731707317, "71": 18.14074074074074, "72": 18.433070866141733, "73": 15.861313868613138, "74": 17.65909090909091, "75": 17.775862068965516, "76": 19.605263157894736, "77": 16.959349593495936, "78": 19.12295081967213, "79": 17.83653846153846, "80": 17.26771653543307, "81": 18.955357142857142, "82": 15.621621621621621, "83": 19.50485436893204, "84": 19.613445378151262, "85": 17.339449541284402, "86": 17.074074074074073, "87": 17.2803738317757, "88": 17.48421052631579, "89": 15.144444444444444, "90": 16.885416666666668, "91": 18.515625, "92": 16.796296296296298, "93": 26.130434782608695, "94": 26.652173913043477}, "p2": {"0": 29.27242194239828, "1": 10.323232323232324, "2": 9.831168831168831, "3": 15.153153153153154, "4": 16.455223880597014, "5": 17.62837837837838, "6": 27.25581395348837, "7": 27.570212765957447, "8": 28.733606557377048, "9": 29.204347826086956, "10": 29.996466431095406, "11": 27.952380952380953, "12": 26.832618025751074, "13": 27.88372093023256, "14": 27.19704433497537, "15": 27.07, "16": 25.890547263681594, "17": 26.321428571428573, "18": 26.35238095238095, "19": 25.98994974874372, "20": 29.18421052631579, "21": 27.312775330396477, "22": 26.82901554404145, "23": 28.065, "24": 26.27027027027027, "25": 24.725888324873097, "26": 26.392857142857142, "27": 28.81675392670157, "28": 28.123222748815166, "29": 26.44559585492228, "30": 26.450704225352112, "31": 27.353591160220994, "32": 27.856287425149702, "33": 28.717514124293785, "34": 30.02758620689655, "35": 29.54074074074074, "36": 27.700680272108844, "37": 30.286624203821656, "38": 29.423728813559322, "39": 30.321678321678323, "40": 31.93959731543624, "41": 31.28985507246377, "42": 31.177304964539008, "43": 30.390243902439025, "44": 30.585365853658537, "45": 31.225165562913908, "46": 29.929936305732483, "47": 29.90967741935484, "48": 30.727941176470587, "49": 32.87394957983193, "50": 31.203125, "51": 32.1865671641791, "52": 30.26086956521739, "53": 30.895522388059703, "54": 30.674074074074074, "55": 30.56779661016949, "56": 29.366666666666667, "57": 30.51260504201681, "58": 31.223880597014926, "59": 31.95967741935484, "60": 33.12605042016807, "61": 31.67153284671533, "62": 32.595588235294116, "63": 30.869158878504674, "64": 31.123809523809523, "65": 29.889908256880734, "66": 30.36842105263158, "67": 31.098360655737704, "68": 32.733333333333334, "69": 33.01851851851852, "70": 30.60483870967742, "71": 30.758064516129032, "72": 32.27522935779817, "73": 32.64957264957265, "74": 32.019417475728154, "75": 30.784313725490197, "76": 32.19642857142857, "77": 33.86666666666667, "78": 30.807339449541285, "79": 29.979591836734695, "80": 33.53763440860215, "81": 32.08653846153846, "82": 31.07766990291262, "83": 33.27, "84": 31.92105263157895, "85": 33.39823008849557, "86": 33.10091743119266, "87": 32.398058252427184, "88": 30.97530864197531, "89": 30.0, "90": 29.65625, "91": 30.8, "92": 27.363636363636363, "93": 27.2, "94": 50.0}, "p3": {"0": 49.80782064503127, "1": 3.3714285714285714, "2": 23.708333333333332, "3": 37.70967741935484, "4": 39.9, "5": 41.922330097087375, "6": 48.546052631578945, "7": 50.12571428571429, "8": 50.81437125748503, "9": 52.38693467336683, "10": 48.60096153846154, "11": 49.64705882352941, "12": 48.527363184079604, "13": 49.12337662337662, "14": 51.00588235294118, "15": 50.84023668639053, "16": 48.42580645161291, "17": 50.79213483146067, "18": 48.15384615384615, "19": 47.875, "20": 48.26288659793814, "21": 48.79032258064516, "22": 48.14754098360656, "23": 49.20388349514563, "24": 49.97894736842105, "25": 48.8698224852071, "26": 49.98395721925134, "27": 50.36224489795919, "28": 51.93296089385475, "29": 48.03755868544601, "30": 49.321608040201006, "31": 51.01485148514851, "32": 51.8563829787234, "33": 49.01204819277108, "34": 49.723270440251575, "35": 48.55681818181818, "36": 49.0126582278481, "37": 52.56043956043956, "38": 50.0, "39": 50.875, "40": 53.218934911242606, "41": 50.22875816993464, "42": 49.2125, "43": 49.25423728813559, "44": 51.3125, "45": 51.79329608938548, "46": 51.728476821192054, "47": 50.18023255813954, "48": 51.825581395348834, "49": 51.33734939759036, "50": 49.6375, "51": 50.294444444444444, "52": 49.52298850574713, "53": 50.453416149068325, "54": 50.303225806451614, "55": 49.58860759493671, "56": 51.15172413793103, "57": 50.42068965517242, "58": 52.02040816326531, "59": 51.2828947368421, "60": 51.47482014388489, "61": 49.79865771812081, "62": 49.66081871345029, "63": 51.7682119205298, "64": 52.87769784172662, "65": 50.090225563909776, "66": 51.44776119402985, "67": 51.610169491525426, "68": 54.260162601626014, "69": 51.490196078431374, "70": 49.60504201680672, "71": 51.583333333333336, "72": 51.78632478632478, "73": 50.86666666666667, "74": 49.96551724137931, "75": 50.424, "76": 52.8705035971223, "77": 50.61832061068702, "78": 52.925619834710744, "79": 50.7563025210084, "80": 51.666666666666664, "81": 48.419642857142854, "82": 53.43835616438356, "83": 48.60747663551402, "84": 52.52892561983471, "85": 52.23571428571429, "86": 51.45217391304348, "87": 49.46610169491525, "88": 53.46078431372549, "89": 52.1140350877193, "90": 52.402061855670105,