{"p0": {"0": 10.0, "1": 10.0, "2": 10.0, "3": 10.0, "4": 10.0, "5": 10.0, "6": 10.0, "7": 10.0, "8": 10.0, "9": 10.0, "10": 10.0, "11": 10.0, "12": 10.0, "13": 10.0, "14": 10.0, "15": 10.0, "16": 10.0, "17": 10.0, "18": 10.0, "19": 10.0, "20": 10.0, "21": 10.0, "22": 10.0, "23": 10.0, "24": 10.0, "25": 10.0, "26": 10.0, "27": 10.0, "28": 10.0, "29": 10.0, "30": 10.0, "31": 10.0, "32": 10.0, "33": 10.0, "34": 10.0, "35": 10.0, "36": 10.0, "37": 10.0, "38": 10.0, "39": 10.0, "40": 10.0, "41": 10.0, "42": 10.0, "43": 10.0, "44": 10.0, "45": 10.0, "46": 10.0, "47": 10.0, "48": 10.0, "49": 10.0, "50": 10.0, "51": 10.0, "52": 10.0, "53": 10.0, "54": 10.0, "55": 10.0, "56": 10.0, "57": 10.0, "58": 10.0, "59": 10.0, "60": 10.0, "61": 10.0, "62": 10.0, "63": 10.0, "64": 10.0, "65": 10.0, "66": 10.0, "67": 10.0, "68": 10.0, "69": 10.0, "70": 10.0, "71": 10.0, "72": 99999.0, "73": 99999.0, "74": 99999.0, "75": 99999.0, "76": 99999.0}, "p1": {"0": 24.593197601921823, "1": 24.593197601921823, "2": 17.681818181818183, "3": 16.354166666666668, "4": 18.416666666666668, "5": 22.813333333333333, "6": 25.01904761904762, "7": 25.857142857142858, "8": 26.135593220338983, "9": 25.6231884057971, "10": 25.327272727272728, "11": 25.531645569620252, "12": 24.926470588235293, "13": 25.316831683168317, "14": 26.48051948051948, "15": 25.166666666666668, "16": 25.77922077922078, "17": 26.9, "18": 25.63953488372093, "19": 25.147727272727273, "20": 24.72340425531915, "21": 25.138461538461538, "22": 26.70886075949367, "23": 26.46728971962617, "24": 25.012345679012345, "25": 24.7, "26": 24.3875, "27": 23.636363636363637, "28": 23.8125, "29": 25.0, "30": 25.88888888888889, "31": 24.5125, "32": 26.159574468085108, "33": 23.595238095238095, "34": 24.42168674698795, "35": 24.513513513513512, "36": 25.144736842105264, "37": 25.073170731707318, "38": 25.36111111111111, "39": 26.885416666666668, "40": 23.90277777777778, "41": 25.264705882352942, "42": 24.233766233766232, "43": 26.71764705882353, "44": 25.41269841269841, "45": 23.08955223880597, "46": 25.302325581395348, "47": 23.506849315068493, "48": 24.515625, "49": 26.0, "50": 26.84, "51": 24.753623188405797, "52": 25.295081967213115, "53": 26.514285714285716, "54": 24.285714285714285, "55": 25.91304347826087, "56": 24.933333333333334, "57": 27.056603773584907, "58": 27.142857142857142, "59": 27.25531914893617, "60": 23.59016393442623, "61": 26.633333333333333, "62": 25.0, "63": 23.942028985507246, "64": 24.826923076923077, "65": 24.737704918032787, "66": 24.4, "67": 23.308823529411764, "68": 23.278688524590162, "69": 25.098591549295776, "70": 23.953125, "71": 24.94736842105263, "72": 21.967741935483872, "73": 21.152173913043477, "74": 21.609756097560975, "75": 18.76923076923077, "76": 24.07894736842105}, "p2": {"0": 24.455625643903897, "1": 12.48314606741573, "2": 13.886363636363637, "3": 14.555555555555555, "4": 14.791666666666666, "5": 15.54320987654321, "6": 18.91891891891892, "7": 20.990654205607477, "8": 25.5327868852459, "9": 25.897058823529413, "10": 25.683098591549296, "11": 26.10483870967742, "12": 21.45762711864407, "13": 22.78301886792453, "14": 24.436893203883496, "15": 21.756756756756758, "16": 21.34862385321101, "17": 24.416, "18": 24.46875, "19": 25.702479338842974, "20": 27.38888888888889, "21": 23.264957264957264, "22": 23.054347826086957, "23": 26.201834862385322, "24": 26.585365853658537, "25": 25.68686868686869, "26": 24.578512396694215, "27": 25.23076923076923, "28": 26.055555555555557, "29": 23.931297709923665, "30": 25.732142857142858, "31": 24.28828828828829, "32": 25.55045871559633, "33": 24.63063063063063, "34": 22.330357142857142, "35": 22.345794392523363, "36": 23.656, "37": 24.666666666666668, "38": 24.615384615384617, "39": 21.90721649484536, "40": 25.850467289719628, "41": 25.920353982300885, "42": 25.612244897959183, "43": 26.04310344827586, "44": 25.73076923076923, "45": 25.42056074766355, "46": 25.923809523809524, "47": 22.658536585365855, "48": 26.148936170212767, "49": 25.764044943820224, "50": 23.012048192771083, "51": 24.98901098901099, "52": 28.488636363636363, "53": 23.52577319587629, "54": 25.079545454545453, "55": 23.733333333333334, "56": 25.24175824175824, "57": 23.333333333333332, "58": 25.493333333333332, "59": 23.386666666666667, "60": 23.807692307692307, "61": 23.819277108433734, "62": 24.260416666666668, "63": 24.96153846153846, "64": 24.11578947368421, "65": 22.794117647058822, "66": 22.960526315789473, "67": 22.6375, "68": 23.530864197530864, "69": 27.370786516853933, "70": 23.635135135135137, "71": 25.11111111111111, "72": 30.923076923076923, "73": 27.907692307692308, "74": 24.789473684210527, "75": 45.8125, "76": 46.375}, "p3": {"0": 45.501577777786515, "1": 28.296296296296298, "2": 25.16, "3": 37.82222222222222, "4": 41.65151515151515, "5": 43.9537037037037, "6": 50.32867132867133, "7": 46.475903614457835, "8": 49.76978417266187, "9": 49.234177215189874, "10": 47.67039106145251, "11": 47.38235294117647, "12": 48.4601226993865, "13": 46.349514563106794, "14": 46.48407643312102, "15": 49.95454545454545, "16": 46.42307692307692, "17": 44.6875, "18": 46.10625, "19": 45.78767123287671, "20": 45.14450867052023, "21": 47.831932773109244, "22": 46.35897435897436, "23": 47.91729323308271, "24": 48.81818181818182, "25": 48.456, "26": 48.0, "27": 45.98095238095238, "28": 44.295081967213115, "29": 45.560344827586206, "30": 45.84848484848485, "31": 45.94392523364486, "32": 48.47115384615385, "33": 45.97979797979798, "34": 44.244897959183675, "35": 45.345794392523366, "36": 45.64835164835165, "37": 47.24271844660194, "38": 47.666666666666664, "39": 47.376344086021504, "40": 45.46987951807229, "41": 45.11578947368421, "42": 45.77906976744186, "43": 46.75675675675676, "44": 43.41095890410959, "45": 44.15873015873016, "46": 44.875, "47": 45.111111111111114, "48": 44.403225806451616, "49": 42.18055555555556, "50": 44.58620689655172, "51": 49.21153846153846, "52": 49.265625, "53": 47.0, "54": 49.092592592592595, "55": 46.79661016949152, "56": 48.4, "57": 45.11764705882353, "58": 43.65217391304348, "59": 37.74545454545454, "60": 48.5, "61": 47.906976744186046, "62": 43.77777777777778, "63": 44.19672131147541, "64": 44.8448275862069, "65": 47.24074074074074, "66": 45.40277777777778, "67": 44.55102040816327, "68": 41.64179104477612, "69": 43.57692307692308, "70": 45.25, "71": 45.5, "72": 44.76315789473684, "73": 41.9375, "74": 42.90909090909091, "75": 53.3, "76": 50.5625}, "p4": {"0": 54.3683811232434, "1": 23.093525179856115, "2": 22.97196261682243, "3": 25.306122448979593, "4": 29.895104895104897, "5": 37.12676056338028, "6": 41.744791666666664, "7": 41.39572192513369, "8": 47.348958333333336, "9": 43.98941798941799, "10": 43.214285714285715, "11": 41.5025641025641, "12": 41.76623376623377, "13": 40.322784810126585, "14": 39.95402298850575, "15": 42.58, "16": 38.06410256410256, "17": 41.76027397260274, "18": 40.344632768361585, "19": 40.607594936708864, "20": 37.60839160839161, "21": 42.13529411764706, "22": 42.97452229299363, "23": 41.92948717948718, "24": 40.679245283018865, "25": 43.138888888888886, "26": 42.40397350993378, "27": 44.04242424242424, "28": 45.10144927536232, "29": 47.225352112676056, "30": 48.923611111111114, "31": 51.74149659863946, "32": 50.416058394160586, "33": 54.73548387096774, "34": 53.610169491525426, "35": 50.023809523809526, "36": 53.421052631578945, "37": 53.0, "38": 55.91869918699187, "39": 54.24770642201835, "40": 56.95876288659794, "41": 55.495049504950494, "42": 59.21739130434783, "43": 64.09302325581395, "44": 57.380434782608695, "45": 62.083333333333336, "46": 58.73529411764706, "47": 59.23076923076923, "48": 64.10958904109589, "49": 61.022222222222226, "50": 62.871428571428574, "51": 65.57142857142857, "52": 62.44444444444444, "53": 70.53424657534246, "54": 63.46835443037975, "55": 59.148648648648646, "56": 63.433734939759034, "57": 67.04651162790698, "58": 66.12658227848101, "59": 68.5, "60": 65.26666666666667, "61": 73.0657894736842, "62": 67.984375,