{"p0": {"0": 10.0, "1": 10.0, "2": 10.0, "3": 10.0, "4": 10.0, "5": 10.0, "6": 10.0, "7": 10.0, "8": 10.0, "9": 10.0, "10": 10.0, "11": 10.0, "12": 10.0, "13": 10.0, "14": 10.0, "15": 10.0, "16": 10.0, "17": 10.0, "18": 10.0, "19": 10.0, "20": 10.0, "21": 10.0, "22": 10.0, "23": 10.0, "24": 10.0, "25": 10.0, "26": 10.0, "27": 10.0, "28": 10.0, "29": 10.0, "30": 10.0, "31": 10.0, "32": 10.0, "33": 10.0, "34": 10.0, "35": 10.0, "36": 10.0, "37": 10.0, "38": 10.0, "39": 10.0, "40": 10.0, "41": 10.0, "42": 10.0, "43": 10.0, "44": 10.0, "45": 10.0, "46": 10.0, "47": 10.0, "48": 10.0, "49": 10.0, "50": 10.0, "51": 10.0, "52": 10.0, "53": 10.0, "54": 10.0, "55": 10.0, "56": 10.0, "57": 10.0, "58": 10.0, "59": 10.0, "60": 10.0, "61": 10.0, "62": 10.0, "63": 10.0, "64": 10.0, "65": 10.0, "66": 10.0, "67": 10.0, "68": 10.0, "69": 10.0, "70": 10.0, "71": 10.0, "72": 10.0, "73": 10.0, "74": 10.0, "75": 10.0, "76": 99999.0, "77": 99999.0, "78": 99999.0, "79": 99999.0}, "p1": {"0": 24.784933099260943, "1": 9.884615384615385, "2": 12.05952380952381, "3": 16.545454545454547, "4": 21.07017543859649, "5": 23.658823529411766, "6": 25.745664739884393, "7": 25.614973262032084, "8": 24.901408450704224, "9": 25.14723926380368, "10": 25.19148936170213, "11": 25.152542372881356, "12": 25.21212121212121, "13": 25.48314606741573, "14": 26.279329608938546, "15": 24.315151515151516, "16": 27.486666666666668, "17": 27.134146341463413, "18": 26.740506329113924, "19": 26.966216216216218, "20": 27.259493670886076, "21": 26.602739726027398, "22": 27.29850746268657, "23": 28.181818181818183, "24": 27.03105590062112, "25": 26.497109826589597, "26": 26.393700787401574, "27": 27.5703125, "28": 25.732876712328768, "29": 27.56081081081081, "30": 24.84, "31": 26.258992805755394, "32": 26.124183006535947, "33": 27.059701492537314, "34": 26.105960264900663, "35": 26.328, "36": 26.753731343283583, "37": 26.223880597014926, "38": 26.264462809917354, "39": 27.65686274509804, "40": 24.9375, "41": 25.414414414414413, "42": 25.033898305084747, "43": 26.52892561983471, "44": 24.53913043478261, "45": 26.15, "46": 23.75, "47": 24.291666666666668, "48": 24.424778761061948, "49": 26.072164948453608, "50": 24.567307692307693, "51": 25.858695652173914, "52": 24.11111111111111, "53": 23.97345132743363, "54": 26.59504132231405, "55": 25.397727272727273, "56": 25.228915662650603, "57": 24.657894736842106, "58": 23.71276595744681, "59": 24.821428571428573, "60": 26.933333333333334, "61": 24.05263157894737, "62": 25.166666666666668, "63": 24.525252525252526, "64": 22.923076923076923, "65": 24.6875, "66": 23.270588235294117, "67": 25.11842105263158, "68": 25.525, "69": 22.52, "70": 25.6056338028169, "71": 22.83695652173913, "72": 22.702380952380953, "73": 21.734939759036145, "74": 20.307692307692307, "75": 19.440677966101696, "76": 20.96875, "77": 23.04, "78": 28.5, "79": 29.75}, "p2": {"0": 27.86130124065129, "1": 14.65, "2": 12.464285714285714, "3": 14.579545454545455, "4": 15.681818181818182, "5": 17.86394557823129, "6": 22.52659574468085, "7": 26.325714285714287, "8": 24.773480662983424, "9": 27.026041666666668, "10": 28.735632183908045, "11": 27.572727272727274, "12": 24.5, "13": 23.951807228915662, "14": 24.375838926174495, "15": 20.22758620689655, "16": 24.312925170068027, "17": 23.863309352517987, "18": 24.98051948051948, "19": 29.16867469879518, "20": 26.869281045751634, "21": 27.56291390728477, "22": 25.015625, "23": 28.611570247933884, "24": 27.327433628318584, "25": 26.617391304347827, "26": 28.42105263157895, "27": 28.783132530120483, "28": 27.655913978494624, "29": 25.46153846153846, "30": 29.37962962962963, "31": 26.91764705882353, "32": 28.138297872340427, "33": 28.223300970873787, "34": 27.5, "35": 26.25, "36": 24.52173913043478, "37": 26.33783783783784, "38": 30.89855072463768, "39": 28.972972972972972, "40": 26.129032258064516, "41": 32.15942028985507, "42": 34.527272727272724, "43": 30.295081967213115, "44": 34.01960784313726, "45": 32.142857142857146, "46": 30.6, "47": 32.2962962962963, "48": 28.8125, "49": 30.272727272727273, "50": 30.96, "51": 33.23529411764706, "52": 30.03448275862069, "53": 29.844827586206897, "54": 30.22972972972973, "55": 29.387096774193548, "56": 33.34848484848485, "57": 32.294117647058826, "58": 34.016129032258064, "59": 32.36507936507937, "60": 31.333333333333332, "61": 29.11111111111111, "62": 28.140350877192983, "63": 28.328358208955223, "64": 27.3768115942029, "65": 31.5, "66": 30.692307692307693, "67": 30.43661971830986, "68": 33.813559322033896, "69": 29.5, "70": 30.183333333333334, "71": 27.224489795918366, "72": 30.24561403508772, "73": 29.916666666666668, "74": 26.653846153846153, "75": 30.75925925925926, "76": 26.571428571428573, "77": 26.939393939393938, "78": 31.4, "79": 36.9}, "p3": {"0": 42.79261412813344, "1": 19.406698564593302, "2": 18.703703703703702, "3": 21.912408759124087, "4": 23.411042944785276, "5": 24.69753086419753, "6": 33.0, "7": 29.747826086956522, "8": 36.389671361502344, "9": 33.85377358490566, "10": 33.204255319148935, "11": 33.83257918552036, "12": 34.196172248803826, "13": 33.7469387755102, "14": 35.13181818181818, "15": 35.8471615720524, "16": 33.75369458128079, "17": 33.2962962962963, "18": 34.49214659685864, "19": 33.55621301775148, "20": 32.22222222222222, "21": 34.69346733668342, "22": 33.11173184357542, "23": 32.59808612440192, "24": 35.739644970414204, "25": 35.094674556213015, "26": 33.06818181818182, "27": 35.67368421052632, "28": 35.47752808988764, "29": 31.492385786802032, "30": 36.77142857142857, "31": 37.79738562091503, "32": 36.94642857142857, "33": 39.94964028776978, "34": 39.02173913043478, "35": 44.42857142857143, "36": 46.0546875, "37": 52.18333333333333, "38": 48.381294964028775, "39": 49.30508474576271, "40": 49.02877697841727, "41": 48.60176991150443, "42": 47.81481481481482, "43": 46.93333333333333, "44": 46.75, "45": 49.91935483870968, "46": 47.23148148148148, "47": 48.30612244897959, "48": 51.530434782608694, "49": 49.81651376146789, "50": 49.09649122807018, "51": 46.46610169491525, "52": 47.2520325203252, "53": 50.81188118811881, "54": 52.99029126213592, "55": 50.707070707070706, "56": 51.683673469387756, "57": 48.415929203539825, "58": 53.66101694915254, "59": 50.80952380952381, "60": 48.14782608695652, "61": 52.49557522123894, "62": 52.5, "63": 50.54838709677419, "64": 49.126315789473686, "65": 53.29, "66": 51.74226804123711, "67": 51.406976744186046, "68": 48.148514851485146, "69": 51.11764705882353, "70": 51.629629629629626, "71": 48.0, "72": 52.38709677419355, "73": 45.42857142857143, "74": 53.3875, "75": 52.59154929577465, "76": 54.594339622641506, "77": 54.53658536585366, "78": 61.16129032258065, "79": 58.358695652173914}, "p4": {"0": 47.934920495875154, "1": 47.934920495875154, "2": 47.934920495875154, "3": 47.934920495875154, "4": 47.634218289085545, "5": 48.412921348314605, "6": 47.641618497109825, "7": 47.97450424929178, "8": 48.01420454545455, "9": 47.88429752066116, "10": 48.0, "11": 47.58108108108108, "12": 47.87605633802817, "13": 47.84330484330484, "14": 48.09814323607427, "15": 48.05305039787798, "16": 47.61139896373057, "17": 47.945205479452056, "18": 47.91867469879518, "19": 48.195046439628484, "20": 48.28938906752411, "21": 48.31438127090301, "22": 48.17948717948718, "23": 47.98397435897436, "24": 47.70446735395189, "25": 47.79381443298969, "26": 48.53716216216216, "27": 48.3186119873817, "28": 47.98392282958199, "29": 48.68384879725086, "30": 48.00343642611684, "31": 48.34057971014493, "32": 48.37407407407407, "33": 47.861486486486484, "34": 48.37362637362637, "35": 47.46280991735537, "36": 47.94117647058823, "37": 48.28870292887029, "38": 48.085972850678736, "39": 46.962025316455694, "40": 47.52916666666667, "41": 47.2, "42": 47.39555555555555, "43": 47.34649122807018, "44": 47.2589641434263, "45": 47.2962962962963, "46": 47.235955056179776, "47": 47.6643598615917, "48": 47.13186813186813, "49": 47.22222222222222, "50": 46.98705501618123, "51": 47.81191222570533,