{"p0": {"0": 10.0, "1": 10.0, "2": 10.0, "3": 10.0, "4": 10.0, "5": 10.0, "6": 10.0, "7": 10.0, "8": 10.0, "9": 10.0, "10": 10.0, "11": 10.0, "12": 10.0, "13": 10.0, "14": 10.0, "15": 10.0, "16": 10.0, "17": 10.0, "18": 10.0, "19": 10.0, "20": 10.0, "21": 10.0, "22": 10.0, "23": 10.0, "24": 10.0, "25": 10.0, "26": 10.0, "27": 10.0, "28": 10.0, "29": 10.0, "30": 10.0, "31": 10.0, "32": 10.0, "33": 10.0, "34": 10.0, "35": 10.0, "36": 10.0, "37": 10.0, "38": 10.0, "39": 10.0, "40": 10.0, "41": 10.0, "42": 10.0, "43": 10.0, "44": 10.0, "45": 99999.0, "46": 99999.0, "47": 99999.0, "48": 99999.0, "49": 99999.0}, "p1": {"0": 22.60757986666902, "1": 9.907407407407407, "2": 11.166666666666666, "3": 14.775510204081632, "4": 18.073394495412845, "5": 22.2, "6": 26.338345864661655, "7": 25.034965034965033, "8": 24.333333333333332, "9": 22.403361344537814, "10": 23.956204379562045, "11": 21.614173228346456, "12": 22.867768595041323, "13": 22.744, "14": 24.358620689655172, "15": 23.738255033557046, "16": 23.016666666666666, "17": 22.53846153846154, "18": 23.53076923076923, "19": 22.37579617834395, "20": 23.548148148148147, "21": 23.035398230088497, "22": 23.70689655172414, "23": 23.206349206349206, "24": 22.986013986013987, "25": 22.279661016949152, "26": 24.52252252252252, "27": 24.537037037037038, "28": 25.98913043478261, "29": 23.706422018348626, "30": 24.49473684210526, "31": 23.95876288659794, "32": 22.560439560439562, "33": 22.782608695652176, "34": 24.243243243243242, "35": 22.7319587628866, "36": 22.136363636363637, "37": 23.615384615384617, "38": 24.096385542168676, "39": 24.545454545454547, "40": 23.836734693877553, "41": 21.3125, "42": 21.747252747252748, "43": 21.075949367088608, "44": 23.6231884057971, "45": 20.518987341772153, "46": 24.46, "47": 22.85483870967742, "48": 25.310344827586206, "49": 25.375}, "p2": {"0": 32.85522400086602, "1": 12.609375, "2": 14.027777777777779, "3": 19.558139534883722, "4": 19.835051546391753, "5": 24.495652173913044, "6": 30.987577639751553, "7": 34.0253164556962, "8": 36.18877551020408, "9": 35.09090909090909, "10": 34.5, "11": 32.162921348314605, "12": 32.053254437869825, "13": 32.680473372781066, "14": 33.68456375838926, "15": 32.34426229508197, "16": 33.4485294117647, "17": 31.801470588235293, "18": 36.84172661870504, "19": 33.888888888888886, "20": 33.083333333333336, "21": 35.81294964028777, "22": 33.54421768707483, "23": 35.3448275862069, "24": 32.85454545454545, "25": 32.981651376146786, "26": 33.224137931034484, "27": 32.96666666666667, "28": 32.468468468468465, "29": 34.358333333333334, "30": 35.98, "31": 34.25, "32": 32.41525423728814, "33": 32.90909090909091, "34": 35.43518518518518, "35": 32.57575757575758, "36": 36.714285714285715, "37": 34.04040404040404, "38": 35.42982456140351, "39": 35.89108910891089, "40": 32.88297872340426, "41": 35.67368421052632, "42": 34.15384615384615, "43": 34.197916666666664, "44": 35.91919191919192, "45": 35.30555555555556, "46": 33.794520547945204, "47": 37.67088607594937, "48": 44.40909090909091, "49": 43.3936170212766}, "p3": {"0": 44.81561500182477, "1": 11.2, "2": 16.339622641509433, "3": 24.684931506849313, "4": 34.51111111111111, "5": 37.260504201680675, "6": 47.50920245398773, "7": 47.52849740932643, "8": 47.50246305418719, "9": 48.68617021276596, "10": 50.38121546961326, "11": 47.172413793103445, "12": 46.82945736434109, "13": 50.02097902097902, "14": 47.68711656441718, "15": 49.17948717948718, "16": 49.90163934426229, "17": 45.83870967741935, "18": 50.12781954887218, "19": 48.972477064220186, "20": 45.301886792452834, "21": 44.23529411764706, "22": 46.741573033707866, "23": 50.694117647058825, "24": 46.67045454545455, "25": 43.94736842105263, "26": 44.83076923076923, "27": 44.76119402985075, "28": 46.84126984126984, "29": 46.30379746835443, "30": 47.64705882352941, "31": 47.55555555555556, "32": 51.445945945945944, "33": 47.528301886792455, "34": 48.34375, "35": 43.892857142857146, "36": 51.32727272727273, "37": 48.57534246575342, "38": 49.47692307692308, "39": 48.69090909090909, "40": 42.21311475409836, "41": 45.28846153846154, "42": 44.10526315789474, "43": 43.06382978723404, "44": 41.08163265306123, "45": 43.515151515151516, "46": 41.08, "47": 42.22222222222222, "48": 54.25, "49": 53.0}, "p4": {"0": 51.72030287717225, "1": 19.24137931034483, "2": 18.89344262295082, "3": 22.050359712230215, "4": 28.58219178082192, "5": 33.204878048780486, "6": 38.64248704663213, "7": 41.705069124423964, "8": 43.00440528634361, "9": 40.11607142857143, "10": 44.320388349514566, "11": 42.46534653465346, "12": 39.524752475247524, "13": 38.98642533936651, "14": 38.98941798941799, "15": 37.9, "16": 39.493975903614455, "17": 45.15384615384615, "18": 44.49717514124294, "19": 45.58156028368794, "20": 45.8503937007874, "21": 45.67625899280576, "22": 47.45185185185185, "23": 47.26984126984127, "24": 56.352380952380955, "25": 56.05128205128205, "26": 58.03809523809524, "27": 59.017699115044245, "28": 60.5, "29": 61.66949152542373, "30": 60.65384615384615, "31": 61.379629629629626, "32": 65.93396226415095, "33": 61.58762886597938, "34": 59.108695652173914, "35": 63.98809523809524, "36": 60.82142857142857, "37": 65.14876033057851, "38": 67.4375, "39": 63.51485148514851, "40": 57.98245614035088, "41": 60.691588785046726, "42": 64.73469387755102, "43": 57.95061728395062, "44": 66.26785714285714, "45": 62.68292682926829, "46": 68.33684210526316, "47": 63.829787234042556, "48": 80.97872340425532, "49": 81.03448275862068}, "p5": {"0": 61.510360527216775, "1": 61.510360527216775, "2": 61.510360527216775, "3": 61.510360527216775, "4": 61.510360527216775, "5": 61.76526717557252, "6": 62.03377110694184, "7": 61.8238747553816, "8": 61.201298701298704, "9": 62.16844349680171, "10": 61.92216981132076, "11": 62.2200956937799, "12": 61.59722222222222, "13": 62.232736572890026, "14": 61.41032608695652, "15": 61.87709497206704, "16": 61.977207977207975, "17": 61.57954545454545, "18": 61.82934131736527, "19": 61.40389972144847, "20": 61.882521489971346, "21": 61.12302839116719, "22": 60.69257950530035, "23": 60.83754512635379, "24": 63.303886925795055, "25": 61.92250922509225, "26": 61.08620689655172, "27": 61.38575667655786, "28": 60.40863787375415, "29": 60.22360248447205, "30": 60.263888888888886, "31": 60.22699386503067, "32": 60.978328173374614, "33": 61.00305810397553, "34": 60.78012048192771, "35": 60.08259587020649, "36": 61.00576368876081, "37": 61.700280112044815, "38": 62.6878612716763, "39": 62.716763005780344, "40": 62.0986301369863, "41": 62.054913294797686, "42": 61.76261127596439, "43": 60.99342105263158, "44": 63.342261904761905, "45": 61.375, "46": 61.46964856230032, "47": 61.10793650793651, "48": 61.021671826625386, "49": 61.38590604026846}}