{"p0": {"0": 10.0, "1": 10.0, "2": 10.0, "3": 10.0, "4": 10.0, "5": 10.0, "6": 10.0, "7": 10.0, "8": 10.0, "9": 10.0, "10": 10.0, "11": 10.0, "12": 10.0, "13": 10.0, "14": 10.0, "15": 10.0, "16": 10.0, "17": 10.0, "18": 10.0, "19": 10.0, "20": 10.0, "21": 10.0, "22": 10.0, "23": 10.0, "24": 10.0, "25": 10.0, "26": 10.0, "27": 10.0, "28": 10.0, "29": 10.0, "30": 10.0, "31": 10.0, "32": 10.0, "33": 10.0, "34": 10.0, "35": 10.0, "36": 10.0, "37": 10.0, "38": 10.0, "39": 10.0, "40": 10.0, "41": 10.0, "42": 10.0, "43": 10.0, "44": 10.0, "45": 10.0, "46": 10.0, "47": 10.0, "48": 10.0, "49": 10.0, "50": 10.0, "51": 10.0, "52": 10.0, "53": 10.0, "54": 10.0, "55": 10.0, "56": 10.0, "57": 10.0, "58": 10.0, "59": 10.0, "60": 10.0, "61": 10.0, "62": 10.0, "63": 10.0, "64": 10.0, "65": 10.0, "66": 10.0, "67": 10.0, "68": 10.0, "69": 10.0, "70": 10.0, "71": 10.0, "72": 10.0, "73": 10.0, "74": 10.0, "75": 10.0, "76": 10.0, "77": 10.0, "78": 10.0, "79": 10.0, "80": 10.0, "81": 10.0, "82": 10.0, "83": 10.0, "84": 10.0, "85": 10.0, "86": 10.0, "87": 10.0, "88": 10.0, "89": 10.0, "90": 10.0, "91": 10.0, "92": 10.0, "93": 10.0, "94": 99999.0, "95": 99999.0, "96": 99999.0}, "p1": {"0": 23.484062921915324, "1": 23.484062921915324, "2": 12.48, "3": 15.741935483870968, "4": 20.765625, "5": 25.093333333333334, "6": 25.6144578313253, "7": 26.884615384615383, "8": 25.72, "9": 26.1, "10": 26.4, "11": 25.035714285714285, "12": 23.951612903225808, "13": 25.58888888888889, "14": 24.902439024390244, "15": 22.71232876712329, "16": 25.630769230769232, "17": 24.788732394366196, "18": 23.166666666666668, "19": 25.017543859649123, "20": 24.23728813559322, "21": 23.235294117647058, "22": 25.08974358974359, "23": 24.316666666666666, "24": 25.140350877192983, "25": 22.847457627118644, "26": 26.084745762711865, "27": 25.885245901639344, "28": 26.87878787878788, "29": 25.37735849056604, "30": 25.03448275862069, "31": 26.288888888888888, "32": 25.85483870967742, "33": 26.76271186440678, "34": 25.693548387096776, "35": 26.013698630136986, "36": 25.425925925925927, "37": 25.1, "38": 25.838709677419356, "39": 25.225, "40": 24.803571428571427, "41": 24.316666666666666, "42": 26.416666666666668, "43": 25.62, "44": 23.933333333333334, "45": 23.69047619047619, "46": 24.2, "47": 22.704545454545453, "48": 23.576271186440678, "49": 25.595238095238095, "50": 23.93877551020408, "51": 23.557692307692307, "52": 26.425925925925927, "53": 23.770833333333332, "54": 23.204545454545453, "55": 22.08823529411765, "56": 21.833333333333332, "57": 23.591836734693878, "58": 25.147058823529413, "59": 24.0, "60": 25.085106382978722, "61": 23.575, "62": 23.931818181818183, "63": 23.3, "64": 20.76, "65": 23.5625, "66": 23.566666666666666, "67": 23.29787234042553, "68": 24.53125, "69": 26.533333333333335, "70": 23.470588235294116, "71": 25.28125, "72": 24.53846153846154, "73": 21.384615384615383, "74": 22.958333333333332, "75": 21.392857142857142, "76": 20.285714285714285, "77": 21.583333333333332, "78": 22.545454545454547, "79": 24.076923076923077, "80": 21.666666666666668, "81": 22.192307692307693, "82": 23.379310344827587, "83": 23.555555555555557, "84": 23.0, "85": 23.419354838709676, "86": 22.727272727272727, "87": 20.414634146341463, "88": 20.59375, "89": 21.341463414634145, "90": 19.580645161290324, "91": 12.391304347826088, "92": 13.222222222222221, "93": 16.4, "94": 15.933333333333334, "95": 25.5, "96": 25.666666666666668}, "p2": {"0": 32.22447890372549, "1": 8.384615384615385, "2": 7.5, "3": 20.90909090909091, "4": 23.40625, "5": 27.977272727272727, "6": 28.91044776119403, "7": 32.50704225352113, "8": 31.78021978021978, "9": 35.62068965517241, "10": 34.054054054054056, "11": 34.41558441558441, "12": 31.845238095238095, "13": 34.274193548387096, "14": 29.4125, "15": 29.08, "16": 30.675, "17": 30.4025974025974, "18": 29.103448275862068, "19": 32.54545454545455, "20": 30.905405405405407, "21": 28.56179775280899, "22": 31.532608695652176, "23": 28.945054945054945, "24": 28.50769230769231, "25": 29.71951219512195, "26": 30.23076923076923, "27": 27.86813186813187, "28": 26.123287671232877, "29": 32.701298701298704, "30": 28.289156626506024, "31": 25.47457627118644, "32": 27.341463414634145, "33": 30.345238095238095, "34": 30.74390243902439, "35": 29.592105263157894, "36": 30.037037037037038, "37": 30.483516483516482, "38": 28.518987341772153, "39": 29.860759493670887, "40": 29.125, "41": 27.12162162162162, "42": 29.352941176470587, "43": 27.971830985915492, "44": 29.346153846153847, "45": 31.72340425531915, "46": 30.170454545454547, "47": 35.0722891566265, "48": 35.88172043010753, "49": 36.171052631578945, "50": 32.93589743589744, "51": 36.266666666666666, "52": 32.747252747252745, "53": 33.644444444444446, "54": 33.94505494505494, "55": 36.829268292682926, "56": 34.19565217391305, "57": 34.273809523809526, "58": 34.95522388059702, "59": 37.80281690140845, "60": 34.6, "61": 36.63768115942029, "62": 36.263888888888886, "63": 33.71111111111111, "64": 39.935064935064936, "65": 34.567567567567565, "66": 34.46913580246913, "67": 33.11392405063291, "68": 34.63793103448276, "69": 35.148148148148145, "70": 34.154761904761905, "71": 34.95652173913044, "72": 34.81159420289855, "73": 34.42424242424242, "74": 36.57831325301205, "75": 33.13333333333333, "76": 34.029411764705884, "77": 35.2125, "78": 35.2962962962963, "79": 35.42857142857143, "80": 34.06172839506173, "81": 32.803030303030305, "82": 35.6219512195122, "83": 34.971014492753625, "84": 32.11494252873563, "85": 32.44827586206897, "86": 34.01298701298701, "87": 35.4, "88": 32.8, "89": 33.81481481481482, "90": 32.732394366197184, "91": 35.723076923076924, "92": 36.38805970149254, "93": 37.705882352941174, "94": 38.981818181818184, "95": 48.10909090909091, "96": 46.63235294117647}, "p3": {"0": 35.95661222022331, "1": 35.95661222022331, "2": 35.95661222022331, "3": 36.06832298136646, "4": 36.25925925925926, "5": 35.899193548387096, "6": 36.349809885931556, "7": 35.94097222222222, "8": 35.83576642335766, "9": 35.928825622775804, "10": 35.921052631578945, "11": 35.96819787985866, "12": 35.829351535836174, "13": 35.98986486486486, "14": 35.90714285714286, "15": 36.12786885245902, "16": 35.93448275862069, "17": 36.166666666666664, "18": 36.017182130584196, "19": 35.92733564013841, "20": 35.786476868327405, "21": 35.697080291970806, "22": 35.4828897338403, "23": 35.134328358208954, "24": 35.285714285714285, "25": 35.201581027667984, "26": 35.284615384615385, "27": 35.19762845849802, "28": 34.83739837398374, "29": 34.7972972972973, "30": 35.294392523364486, "31": 35.01449275362319, "32": 35.13157894736842, "33": 35.292397660818715, "34": 35.67261904761905, "35": 36.176829268292686, "36": 35.8843537414966, "37": 36.012903225806454, "38": 36.15950920245399, "39": 36.723404255319146, "40": 37.227586206896554, "41": 37.00757575757576, "42": 38.10852713178294, "43": 36.20192307692308, "44": 37.12149532710281, "45": 37.94444444444444, "46": 36.626506024096386, "47": 35.505376344086024, "48": 36.34020618556701, "49": 37.31818181818182, "50": 36.44144144144144, "51": 36.463235294117645, "52": 36.54471544715447, "53": 35.725806451612904, "54": 35.845238095238095, "55": 36.09090909090909, "56": 35.897590361445786, "57": 36.28, "58": 36.774193548387096, "59": 35.794117647058826, "60": 35.829896907216494, "61": 35.74129353233831, "62": 35.53125, "63": 34.72164948453608, "64": 35.44102564102564, "65": 35.35960591133005, "66": 35.54545454545455, "67": 35.96517412935324, "68": 35.974747474747474, "69": 35.353233830845774, "70": 35.40298507462686, "71": 35.77981651376147, "72": 35.537234042553195, "73": 35.68108108108108, "74": 36.62135922330097, "75": 36.57435897435897, "76": 36.19402985074627, "77": 36.372093023255815, "78": 36.32960893854749, "79": 35.817708333333336, "80": 36.51497005988024, "81": 36.27160493827161, "82": 36.12921348314607, "83": 35.81012658227848, "84": 36.18421052631579, "85": 35.93888888888889, "86": 35.319526627218934, "87": 35.54644808743169, "88": 35.974489795918366,