{"p0": {"0": 10.0, "1": 10.0, "2": 10.0, "3": 10.0, "4": 10.0, "5": 10.0, "6": 10.0, "7": 10.0, "8": 10.0, "9": 10.0, "10": 10.0, "11": 10.0, "12": 10.0, "13": 10.0, "14": 10.0, "15": 10.0, "16": 10.0, "17": 10.0, "18": 10.0, "19": 10.0, "20": 10.0, "21": 10.0, "22": 10.0, "23": 10.0, "24": 10.0, "25": 10.0, "26": 10.0, "27": 10.0, "28": 10.0, "29": 10.0, "30": 10.0, "31": 10.0, "32": 10.0, "33": 10.0, "34": 10.0, "35": 10.0, "36": 10.0, "37": 10.0, "38": 10.0, "39": 10.0, "40": 10.0, "41": 10.0, "42": 10.0, "43": 10.0, "44": 10.0, "45": 10.0, "46": 10.0, "47": 10.0, "48": 10.0, "49": 10.0, "50": 10.0, "51": 10.0, "52": 10.0, "53": 10.0, "54": 10.0, "55": 10.0, "56": 10.0, "57": 10.0, "58": 10.0, "59": 10.0, "60": 10.0, "61": 10.0, "62": 10.0, "63": 10.0, "64": 10.0, "65": 10.0, "66": 10.0, "67": 10.0, "68": 10.0, "69": 10.0, "70": 10.0, "71": 10.0, "72": 10.0, "73": 10.0, "74": 10.0, "75": 10.0, "76": 10.0, "77": 10.0, "78": 10.0, "79": 10.0, "80": 10.0, "81": 10.0, "82": 10.0, "83": 10.0, "84": 10.0, "85": 10.0, "86": 10.0, "87": 99999.0, "88": 99999.0, "89": 99999.0}, "p1": {"0": 21.45033229676875, "1": 9.952380952380953, "2": 12.522727272727273, "3": 14.219696969696969, "4": 19.462809917355372, "5": 19.57943925233645, "6": 23.664233576642335, "7": 22.758333333333333, "8": 22.564102564102566, "9": 22.103448275862068, "10": 22.631205673758867, "11": 22.642857142857142, "12": 22.639705882352942, "13": 23.041379310344826, "14": 23.169117647058822, "15": 24.56198347107438, "16": 24.45689655172414, "17": 23.744444444444444, "18": 21.65686274509804, "19": 24.702380952380953, "20": 23.761904761904763, "21": 22.359550561797754, "22": 23.906542056074766, "23": 23.864406779661017, "24": 24.13978494623656, "25": 22.317757009345794, "26": 23.03448275862069, "27": 22.69, "28": 23.12621359223301, "29": 21.445454545454545, "30": 22.89622641509434, "31": 22.962264150943398, "32": 21.474137931034484, "33": 22.623931623931625, "34": 23.04, "35": 22.330188679245282, "36": 21.091666666666665, "37": 20.96694214876033, "38": 22.037383177570092, "39": 21.98, "40": 21.8, "41": 20.181818181818183, "42": 20.633663366336634, "43": 20.150943396226417, "44": 20.263157894736842, "45": 21.233644859813083, "46": 21.620689655172413, "47": 20.647058823529413, "48": 22.009708737864077, "49": 20.55, "50": 20.471264367816094, "51": 23.254716981132077, "52": 22.80851063829787, "53": 20.568181818181817, "54": 23.233644859813083, "55": 22.070422535211268, "56": 22.265822784810126, "57": 23.333333333333332, "58": 23.477272727272727, "59": 23.22972972972973, "60": 20.95049504950495, "61": 22.406976744186046, "62": 22.481927710843372, "63": 21.8, "64": 20.642857142857142, "65": 19.75824175824176, "66": 19.238095238095237, "67": 20.788235294117648, "68": 19.410958904109588, "69": 23.22222222222222, "70": 23.397435897435898, "71": 21.854368932038835, "72": 23.928571428571427, "73": 20.514285714285716, "74": 21.08823529411765, "75": 20.338028169014084, "76": 22.043478260869566, "77": 23.45679012345679, "78": 23.611940298507463, "79": 21.337349397590362, "80": 22.466666666666665, "81": 22.135135135135137, "82": 19.823529411764707, "83": 19.0, "84": 15.875, "85": 15.710526315789474, "86": 18.53846153846154, "87": 15.0, "88": 21.0, "89": 21.333333333333332}, "p2": {"0": 32.41076813400342, "1": 12.4921875, "2": 14.333333333333334, "3": 18.529411764705884, "4": 21.125, "5": 21.19298245614035, "6": 24.709302325581394, "7": 29.482233502538072, "8": 27.910798122065728, "9": 31.983935742971887, "10": 29.279661016949152, "11": 28.805309734513273, "12": 29.01, "13": 28.18811881188119, "14": 27.182795698924732, "15": 29.359116022099446, "16": 25.357142857142858, "17": 27.306532663316585, "18": 29.056603773584907, "19": 29.28676470588235, "20": 30.89677419354839, "21": 28.612716763005782, "22": 28.258503401360546, "23": 29.966216216216218, "24": 30.605095541401273, "25": 30.036585365853657, "26": 29.216216216216218, "27": 31.627329192546583, "28": 32.52287581699346, "29": 29.79375, "30": 30.75, "31": 31.377245508982035, "32": 29.322033898305083, "33": 32.186440677966104, "34": 31.944444444444443, "35": 31.29375, "36": 34.05421686746988, "37": 33.36309523809524, "38": 32.9625, "39": 33.90909090909091, "40": 34.31333333333333, "41": 33.51948051948052, "42": 35.37837837837838, "43": 35.901162790697676, "44": 34.26815642458101, "45": 35.87647058823529, "46": 34.60919540229885, "47": 36.17365269461078, "48": 36.67832167832168, "49": 37.81578947368421, "50": 35.21341463414634, "51": 34.10828025477707, "52": 34.860759493670884, "53": 36.849673202614376, "54": 34.370370370370374, "55": 34.49324324324324, "56": 35.013333333333335, "57": 37.73103448275862, "58": 35.18796992481203, "59": 33.066265060240966, "60": 34.07843137254902, "61": 33.900763358778626, "62": 35.33812949640288, "63": 34.43065693430657, "64": 33.73529411764706, "65": 34.467213114754095, "66": 34.00729927007299, "67": 34.47244094488189, "68": 34.64705882352941, "69": 34.58878504672897, "70": 34.223076923076924, "71": 36.33076923076923, "72": 35.0, "73": 32.49664429530201, "74": 33.97520661157025, "75": 35.67567567567568, "76": 35.62809917355372, "77": 35.59090909090909, "78": 36.82170542635659, "79": 35.94915254237288, "80": 34.53378378378378, "81": 34.71551724137931, "82": 35.436619718309856, "83": 36.93162393162393, "84": 37.02298850574713, "85": 35.242990654205606, "86": 36.101851851851855, "87": 39.40909090909091, "88": 43.85454545454545, "89": 43.23364485981308}, "p3": {"0": 36.695521509066296, "1": 36.695521509066296, "2": 36.695521509066296, "3": 37.225589225589225, "4": 36.882165605095544, "5": 37.05471124620061, "6": 37.246153846153845, "7": 36.7530487804878, "8": 37.00574712643678, "9": 36.8502538071066, "10": 36.97761194029851, "11": 36.73684210526316, "12": 36.750656167979, "13": 36.94358974358974, "14": 36.82692307692308, "15": 36.80878552971576, "16": 36.69829683698297, "17": 36.96992481203007, "18": 36.92439024390244, "19": 36.70744680851064, "20": 36.76178660049628, "21": 36.82820512820513, "22": 36.80112044817927, "23": 36.81767955801105, "24": 36.994565217391305, "25": 36.91842105263158, "26": 37.202185792349724, "27": 37.09668508287293, "28": 36.64425770308123, "29": 36.684357541899445, "30": 36.5420054200542, "31": 36.44347826086957, "32": 36.68529411764706, "33": 36.301449275362316, "34": 36.115625, "35": 36.26190476190476, "36": 36.17799352750809, "37": 36.38351254480287, "38": 36.052287581699346, "39": 36.25901639344262, "40": 36.24516129032258, "41": 36.10600706713781, "42": 36.81818181818182, "43": 36.5, "44": 36.832727272727276, "45": 36.98913043478261, "46": 36.69830508474576, "47": 36.97192982456141, "48": 37.03300330033003, "49": 37.287581699346404, "50": 36.90196078431372, "51": 37.333333333333336, "52": 37.141065830721004, "53": 37.54012345679013, "54": 37.13294797687861, "55": 37.308411214953274, "56": 37.17363344051447, "57": 36.81699346405229, "58": 37.3875, "59": 36.81072555205047, "60": 36.79940119760479, "61": 36.72753623188406, "62": 36.57055214723926, "63": 36.57878787878788, "64": 36.66556291390729, "65": 36.35174418604651, "66": 35.87619047619047, "67": 35.8, "68": 36.54838709677419, "69": 36.419871794871796, "70": 36.11044776119403, "71": 35.99132947976879, "72": 36.22429906542056, "73": 36.19939577039275, "74": 36.20634920634921, "75": 36.21449275362319, "76": 36.281150159744406, "77": 36.46417445482866, "78": 36.785714285714285, "79": 36.63322884012539, "80": 36.50282485875706, "81": 36.91836734693877, "82": 37.187290969899664, "83": 36.63607594936709, "84": 37.09815950920245, "85": 36.198738170347006, "86": 36.76, "87": 36.484641638225256, "88": 36.336879432624116, "89": 36.57608695652174}}