{"p0": {"0": 10.0, "1": 10.0, "2": 10.0, "3": 10.0, "4": 10.0, "5": 10.0, "6": 10.0, "7": 10.0, "8": 10.0, "9": 10.0, "10": 10.0, "11": 10.0, "12": 10.0, "13": 10.0, "14": 10.0, "15": 10.0, "16": 10.0, "17": 10.0, "18": 10.0, "19": 10.0, "20": 10.0, "21": 10.0, "22": 10.0, "23": 10.0, "24": 10.0, "25": 10.0, "26": 10.0, "27": 10.0, "28": 10.0, "29": 10.0, "30": 10.0, "31": 10.0, "32": 10.0, "33": 10.0, "34": 10.0, "35": 10.0, "36": 10.0, "37": 10.0, "38": 10.0, "39": 10.0, "40": 10.0, "41": 10.0, "42": 10.0, "43": 10.0, "44": 10.0, "45": 10.0, "46": 10.0, "47": 10.0, "48": 10.0, "49": 10.0, "50": 10.0, "51": 10.0, "52": 10.0, "53": 10.0, "54": 10.0, "55": 10.0, "56": 10.0, "57": 10.0, "58": 10.0, "59": 10.0, "60": 10.0, "61": 10.0, "62": 10.0, "63": 10.0, "64": 10.0, "65": 10.0, "66": 10.0, "67": 10.0, "68": 10.0, "69": 10.0, "70": 10.0, "71": 10.0, "72": 10.0, "73": 10.0, "74": 10.0, "75": 10.0, "76": 10.0, "77": 10.0, "78": 10.0, "79": 10.0, "80": 99999.0, "81": 99999.0, "82": 99999.0, "83": 99999.0, "84": 99999.0}, "p1": {"0": 22.419414704902266, "1": 4.0, "2": 9.69047619047619, "3": 12.431372549019608, "4": 20.396825396825395, "5": 19.685714285714287, "6": 23.80952380952381, "7": 22.546875, "8": 22.04, "9": 19.64, "10": 21.72, "11": 23.959183673469386, "12": 22.452830188679247, "13": 23.35, "14": 24.65277777777778, "15": 24.755102040816325, "16": 22.227272727272727, "17": 20.728813559322035, "18": 25.089285714285715, "19": 23.956521739130434, "20": 26.64179104477612, "21": 22.8125, "22": 25.661016949152543, "23": 25.97142857142857, "24": 23.85483870967742, "25": 20.280701754385966, "26": 22.71153846153846, "27": 22.238095238095237, "28": 23.56896551724138, "29": 22.27536231884058, "30": 22.451612903225808, "31": 24.8, "32": 21.913793103448278, "33": 25.71951219512195, "34": 21.112903225806452, "35": 21.779411764705884, "36": 22.625, "37": 21.79032258064516, "38": 21.791044776119403, "39": 23.894736842105264, "40": 23.91549295774648, "41": 20.95, "42": 23.45762711864407, "43": 21.540983606557376, "44": 21.07936507936508, "45": 22.704918032786885, "46": 20.6, "47": 21.650602409638555, "48": 22.732394366197184, "49": 20.523076923076925, "50": 22.06896551724138, "51": 20.984126984126984, "52": 24.559322033898304, "53": 23.0327868852459, "54": 22.894736842105264, "55": 21.14, "56": 22.565217391304348, "57": 23.467741935483872, "58": 23.596774193548388, "59": 20.74137931034483, "60": 21.88888888888889, "61": 23.943396226415093, "62": 22.727272727272727, "63": 23.31578947368421, "64": 23.404255319148938, "65": 26.62, "66": 23.152173913043477, "67": 25.974358974358974, "68": 24.21276595744681, "69": 24.761904761904763, "70": 22.089285714285715, "71": 21.86842105263158, "72": 22.976744186046513, "73": 21.482142857142858, "74": 22.609756097560975, "75": 24.352941176470587, "76": 21.137931034482758, "77": 23.837209302325583, "78": 21.70731707317073, "79": 21.29032258064516, "80": 19.3, "81": 21.516129032258064, "82": 23.566666666666666, "83": 30.7, "84": 29.5625}, "p2": {"0": 36.79236757486576, "1": 13.0, "2": 16.833333333333332, "3": 19.782608695652176, "4": 21.358974358974358, "5": 24.181818181818183, "6": 32.57971014492754, "7": 32.050632911392405, "8": 34.04123711340206, "9": 36.94505494505494, "10": 37.3448275862069, "11": 33.96341463414634, "12": 37.9264705882353, "13": 35.588235294117645, "14": 35.131147540983605, "15": 34.875, "16": 34.23076923076923, "17": 35.98, "18": 36.859375, "19": 39.962025316455694, "20": 38.888888888888886, "21": 37.6865671641791, "22": 38.82258064516129, "23": 35.5, "24": 38.261538461538464, "25": 39.464285714285715, "26": 37.77777777777778, "27": 36.86764705882353, "28": 37.31506849315068, "29": 37.31372549019608, "30": 39.49230769230769, "31": 39.77777777777778, "32": 38.261538461538464, "33": 40.67796610169491, "34": 37.30769230769231, "35": 40.078125, "36": 37.63235294117647, "37": 36.36923076923077, "38": 38.013513513513516, "39": 39.67796610169491, "40": 37.14035087719298, "41": 37.459016393442624, "42": 36.44776119402985, "43": 37.455882352941174, "44": 39.85, "45": 40.58227848101266, "46": 36.71875, "47": 38.34375, "48": 36.794117647058826, "49": 37.417910447761194, "50": 40.774193548387096, "51": 39.36486486486486, "52": 38.405797101449274, "53": 37.40983606557377, "54": 36.5, "55": 34.77777777777778, "56": 37.42, "57": 40.19230769230769, "58": 39.85245901639344, "59": 39.186440677966104, "60": 41.6551724137931, "61": 35.83076923076923, "62": 39.225806451612904, "63": 38.03636363636364, "64": 39.979166666666664, "65": 41.0, "66": 43.8421052631579, "67": 39.98529411764706, "68": 39.22222222222222, "69": 37.55555555555556, "70": 37.76470588235294, "71": 37.333333333333336, "72": 37.793103448275865, "73": 33.69047619047619, "74": 35.42307692307692, "75": 36.270270270270274, "76": 38.395833333333336, "77": 33.88235294117647, "78": 40.83673469387755, "79": 38.205882352941174, "80": 41.31111111111111, "81": 36.75675675675676, "82": 42.24390243902439, "83": 41.25714285714286, "84": 43.14705882352941}, "p3": {"0": 52.428629555352565, "1": 52.428629555352565, "2": 28.0, "3": 46.25, "4": 46.94736842105263, "5": 50.513513513513516, "6": 59.348837209302324, "7": 60.42857142857143, "8": 60.75609756097561, "9": 56.26190476190476, "10": 52.07017543859649, "11": 58.333333333333336, "12": 56.267857142857146, "13": 56.76470588235294, "14": 59.13846153846154, "15": 54.25581395348837, "16": 51.52777777777778, "17": 57.09803921568628, "18": 60.041666666666664, "19": 50.61224489795919, "20": 52.523809523809526, "21": 51.972972972972975, "22": 52.72222222222222, "23": 57.829787234042556, "24": 57.421052631578945, "25": 53.97826086956522, "26": 54.142857142857146, "27": 52.67391304347826, "28": 47.92857142857143, "29": 57.707317073170735, "30": 47.142857142857146, "31": 52.52173913043478, "32": 55.18, "33": 56.16216216216216, "34": 56.22857142857143, "35": 53.02127659574468, "36": 55.65, "37": 53.970588235294116, "38": 63.78787878787879, "39": 55.4054054054054, "40": 54.93023255813954, "41": 54.13157894736842, "42": 55.26470588235294, "43": 51.108108108108105, "44": 53.520833333333336, "45": 51.74193548387097, "46": 49.18181818181818, "47": 55.214285714285715, "48": 54.06896551724138, "49": 49.35, "50": 50.869565217391305, "51": 49.40909090909091, "52": 46.0, "53": 51.41379310344828, "54": 50.833333333333336, "55": 57.3, "56": 55.07142857142857, "57": 53.370370370370374, "58": 54.31578947368421, "59": 52.30769230769231, "60": 45.391304347826086, "61": 56.125, "62": 45.64705882352941, "63": 49.77777777777778, "64": 53.2, "65": 51.94117647058823, "66": 52.90909090909091, "67": 52.68421052631579, "68": 45.89473684210526, "69": 44.52173913043478, "70": 52.86363636363637, "71": 51.95238095238095, "72": 44.25, "73": 44.54545454545455, "74": 46.53333333333333, "75": 48.0625, "76": 57.25, "77": 47.785714285714285, "78": 54.0, "79": 51.666666666666664, "80": 55.5, "81": 51.285714285714285, "82": 39.083333333333336, "83": 52.0, "84": 54.714285714285715}, "p4": {"0": 52.71907504577801, "1": 25.887096774193548, "2": 25.93220338983051, "3": 26.79591836734694, "4": 34.644444444444446, "5": 34.1578947368421, "6": 42.865671641791046, "7": 48.70967741935484, "8": 50.85245901639344, "9": 40.25675675675676, "10": 42.53164556962025, "11": 43.19736842105263, "12": 37.327586206896555, "13": 40.28333333333333, "14": 41.046875, "15": 34.96052631578947, "16": 39.46875, "17": 38.0, "18": 38.6140350877193, "19": 36.1875, "20": 39.19718309859155, "21": 32.241379310344826, "22": 37.12903225806452, "23": 35.586666666666666, "24": 37.47692307692308, "25": 33.84057971014493, "26": 38.885245901639344, "27": 41.295081967213115, "28": 41.346666666666664, "29": 49.43939393939394, "30": 44.859154929577464, "31": 46.28235294117647, "32": 44.101694915254235, "33": 49.666666666666664, "34": 47.7962962962963, "35": 43.21739130434783, "36": 43.023809523809526, "37": 47.51063829787234, "38": 50.886792452830186, "39": 52.52542372881356, "40": 51.03448275862069,