{"p0": {"0": 10.0, "1": 10.0, "2": 10.0, "3": 10.0, "4": 10.0, "5": 10.0, "6": 10.0, "7": 10.0, "8": 10.0, "9": 10.0, "10": 10.0, "11": 10.0, "12": 10.0, "13": 10.0, "14": 10.0, "15": 10.0, "16": 10.0, "17": 10.0, "18": 10.0, "19": 10.0, "20": 10.0, "21": 10.0, "22": 10.0, "23": 10.0, "24": 10.0, "25": 10.0, "26": 10.0, "27": 10.0, "28": 10.0, "29": 10.0, "30": 10.0, "31": 10.0, "32": 10.0, "33": 10.0, "34": 10.0, "35": 10.0, "36": 10.0, "37": 10.0, "38": 10.0, "39": 10.0, "40": 10.0, "41": 10.0, "42": 10.0, "43": 10.0, "44": 10.0, "45": 10.0, "46": 10.0, "47": 10.0, "48": 10.0, "49": 10.0, "50": 10.0, "51": 10.0, "52": 10.0, "53": 10.0, "54": 10.0, "55": 10.0, "56": 10.0, "57": 10.0, "58": 10.0, "59": 10.0, "60": 10.0, "61": 10.0, "62": 10.0, "63": 10.0, "64": 10.0, "65": 10.0, "66": 10.0, "67": 10.0, "68": 10.0, "69": 10.0, "70": 10.0, "71": 99999.0, "72": 99999.0, "73": 99999.0}, "p1": {"0": 15.88087808963841, "1": 4.919540229885057, "2": 7.827067669172933, "3": 11.08433734939759, "4": 14.227053140096618, "5": 18.392344497607656, "6": 18.81981981981982, "7": 19.21212121212121, "8": 17.12565445026178, "9": 17.335164835164836, "10": 16.555555555555557, "11": 18.47752808988764, "12": 18.177033492822968, "13": 17.788888888888888, "14": 18.637254901960784, "15": 19.58048780487805, "16": 18.92485549132948, "17": 18.673366834170853, "18": 19.871134020618555, "19": 18.52840909090909, "20": 18.78921568627451, "21": 17.8, "22": 17.184971098265898, "23": 18.80808080808081, "24": 16.252808988764045, "25": 16.91304347826087, "26": 16.31382978723404, "27": 15.357512953367875, "28": 17.236363636363638, "29": 16.432748538011698, "30": 16.254335260115607, "31": 14.066265060240964, "32": 16.562189054726367, "33": 16.12280701754386, "34": 16.88421052631579, "35": 16.50920245398773, "36": 14.462585034013605, "37": 13.813333333333333, "38": 16.78723404255319, "39": 13.844594594594595, "40": 15.890322580645162, "41": 16.25465838509317, "42": 15.5, "43": 15.423357664233576, "44": 14.725, "45": 15.95625, "46": 14.26241134751773, "47": 16.36936936936937, "48": 14.153846153846153, "49": 13.084615384615384, "50": 16.328244274809162, "51": 15.909090909090908, "52": 15.424778761061948, "53": 14.829787234042554, "54": 15.91095890410959, "55": 14.682170542635658, "56": 13.336363636363636, "57": 13.269565217391305, "58": 15.288, "59": 14.056, "60": 16.976, "61": 15.801652892561984, "62": 14.773913043478261, "63": 14.762886597938145, "64": 15.01980198019802, "65": 15.278846153846153, "66": 14.174757281553399, "67": 14.413461538461538, "68": 12.46938775510204, "69": 11.5, "70": 13.044776119402986, "71": 12.0, "72": 15.88087808963841, "73": 32.0}, "p2": {"0": 32.92505176798909, "1": 12.559322033898304, "2": 11.927272727272728, "3": 19.1, "4": 24.735294117647058, "5": 25.46846846846847, "6": 28.014814814814816, "7": 31.881656804733726, "8": 30.07608695652174, "9": 32.024875621890544, "10": 32.547511312217196, "11": 32.636792452830186, "12": 31.596938775510203, "13": 31.3419689119171, "14": 29.430232558139537, "15": 30.17763157894737, "16": 28.5, "17": 29.36898395721925, "18": 29.36320754716981, "19": 29.26511627906977, "20": 30.065326633165828, "21": 31.087179487179487, "22": 28.59633027522936, "23": 29.752688172043012, "24": 28.754807692307693, "25": 28.726775956284154, "26": 29.54639175257732, "27": 31.574358974358976, "28": 32.04663212435233, "29": 31.935643564356436, "30": 31.737704918032787, "31": 32.86033519553072, "32": 34.62234042553192, "33": 33.78395061728395, "34": 35.41142857142857, "35": 35.5819209039548, "36": 34.40909090909091, "37": 35.116279069767444, "38": 35.02590673575129, "39": 35.30967741935484, "40": 35.317708333333336, "41": 34.68817204301075, "42": 35.795180722891565, "43": 33.76729559748428, "44": 36.40837696335078, "45": 35.67836257309941, "46": 36.176829268292686, "47": 36.11042944785276, "48": 36.41916167664671, "49": 35.95151515151515, "50": 35.18023255813954, "51": 36.190184049079754, "52": 35.820809248554916, "53": 35.06172839506173, "54": 36.40340909090909, "55": 34.3, "56": 37.14110429447853, "57": 34.98620689655172, "58": 34.95774647887324, "59": 36.00662251655629, "60": 34.40559440559441, "61": 33.68987341772152, "62": 36.04117647058823, "63": 36.205298013245034, "64": 36.475903614457835, "65": 35.47945205479452, "66": 36.32608695652174, "67": 35.40625, "68": 37.79, "69": 37.83, "70": 37.81707317073171, "71": 39.83720930232558, "72": 44.588235294117645, "73": 43.31460674157304}, "p3": {"0": 35.84094196399262, "1": 35.84094196399262, "2": 35.84094196399262, "3": 35.79089026915114, "4": 35.89978213507625, "5": 35.611713665943604, "6": 36.06170212765957, "7": 35.654008438818565, "8": 35.87012987012987, "9": 35.74583333333333, "10": 35.859275053304906, "11": 35.76782077393075, "12": 35.807377049180324, "13": 35.65243902439025, "14": 35.884, "15": 35.87179487179487, "16": 36.053061224489795, "17": 36.0479302832244, "18": 35.69467213114754, "19": 35.91093117408907, "20": 35.91028446389497, "21": 35.89737991266376, "22": 35.666666666666664, "23": 35.83953488372093, "24": 35.7687074829932, "25": 35.443231441048034, "26": 35.62237762237762, "27": 36.0, "28": 35.89873417721519, "29": 35.76699029126213, "30": 35.875894988066825, "31": 36.23271889400922, "32": 35.94840294840295, "33": 35.665841584158414, "34": 36.059553349875934, "35": 35.88418079096045, "36": 35.83377308707124, "37": 36.089635854341736, "38": 35.59365994236311, "39": 36.24146981627297, "40": 36.223837209302324, "41": 35.72020725388601, "42": 35.83783783783784, "43": 35.535353535353536, "44": 35.58435207823961, "45": 36.32575757575758, "46": 36.406649616368284, "47": 36.13131313131313, "48": 36.015113350125944, "49": 36.004672897196265, "50": 35.748826291079816, "51": 35.81707317073171, "52": 35.76334106728538, "53": 36.022670025188916, "54": 35.65586034912718, "55": 35.254498714652954, "56": 35.86977886977887, "57": 35.518248175182485, "58": 35.69377990430622, "59": 35.48491879350348, "60": 35.39320388349515, "61": 35.333333333333336, "62": 35.94840294840295, "63": 35.795505617977526, "64": 35.441964285714285, "65": 35.806451612903224, "66": 35.76600441501104, "67": 35.57488986784141, "68": 36.08904109589041, "69": 35.940334128878284, "70": 35.99511002444988, "71": 36.117333333333335, "72": 35.86, "73": 36.608815426997246}}