{"p0": {"0": 10.0, "1": 10.0, "2": 10.0, "3": 10.0, "4": 10.0, "5": 10.0, "6": 10.0, "7": 10.0, "8": 10.0, "9": 10.0, "10": 10.0, "11": 10.0, "12": 10.0, "13": 10.0, "14": 10.0, "15": 10.0, "16": 10.0, "17": 10.0, "18": 10.0, "19": 10.0, "20": 10.0, "21": 10.0, "22": 10.0, "23": 10.0, "24": 10.0, "25": 10.0, "26": 10.0, "27": 10.0, "28": 10.0, "29": 10.0, "30": 10.0, "31": 10.0, "32": 10.0, "33": 10.0, "34": 10.0, "35": 10.0, "36": 10.0, "37": 10.0, "38": 10.0, "39": 10.0, "40": 10.0, "41": 10.0, "42": 10.0, "43": 10.0, "44": 10.0, "45": 10.0, "46": 10.0, "47": 10.0, "48": 10.0, "49": 10.0, "50": 10.0, "51": 10.0, "52": 10.0, "53": 10.0, "54": 10.0, "55": 10.0, "56": 10.0, "57": 10.0, "58": 10.0, "59": 10.0, "60": 10.0, "61": 10.0, "62": 10.0, "63": 10.0, "64": 10.0, "65": 10.0, "66": 10.0, "67": 10.0, "68": 10.0, "69": 10.0, "70": 10.0, "71": 10.0, "72": 10.0, "73": 10.0, "74": 10.0, "75": 10.0, "76": 10.0, "77": 10.0, "78": 10.0, "79": 10.0, "80": 10.0, "81": 10.0, "82": 10.0, "83": 10.0, "84": 10.0, "85": 10.0, "86": 10.0, "87": 10.0, "88": 10.0, "89": 10.0, "90": 10.0, "91": 10.0, "92": 10.0, "93": 99999.0, "94": 99999.0, "95": 99999.0}, "p1": {"0": 20.639147798865867, "1": 9.384615384615385, "2": 11.416666666666666, "3": 15.117021276595745, "4": 17.711340206185568, "5": 20.70769230769231, "6": 23.373831775700936, "7": 24.055555555555557, "8": 23.266666666666666, "9": 23.406593406593405, "10": 22.951219512195124, "11": 22.162790697674417, "12": 21.581632653061224, "13": 21.696969696969695, "14": 22.17391304347826, "15": 22.22222222222222, "16": 22.582417582417584, "17": 21.798165137614678, "18": 20.04, "19": 22.580645161290324, "20": 22.311827956989248, "21": 21.96938775510204, "22": 21.752475247524753, "23": 23.208333333333332, "24": 22.258064516129032, "25": 22.010204081632654, "26": 21.764705882352942, "27": 22.927835051546392, "28": 20.842105263157894, "29": 22.029411764705884, "30": 24.795698924731184, "31": 21.121495327102803, "32": 22.12162162162162, "33": 22.34375, "34": 22.515151515151516, "35": 21.53921568627451, "36": 20.623529411764707, "37": 21.434782608695652, "38": 20.139240506329113, "39": 19.37864077669903, "40": 19.213483146067414, "41": 21.038834951456312, "42": 22.086206896551722, "43": 19.93877551020408, "44": 18.763636363636362, "45": 20.272727272727273, "46": 20.033333333333335, "47": 18.2, "48": 19.927710843373493, "49": 19.776315789473685, "50": 19.93258426966292, "51": 21.5875, "52": 22.075949367088608, "53": 20.83783783783784, "54": 20.951807228915662, "55": 20.289156626506024, "56": 21.20689655172414, "57": 22.184782608695652, "58": 21.137931034482758, "59": 21.289473684210527, "60": 19.842105263157894, "61": 19.904109589041095, "62": 20.27777777777778, "63": 21.5, "64": 22.527027027027028, "65": 20.987951807228917, "66": 22.593406593406595, "67": 21.9375, "68": 22.0, "69": 20.054794520547944, "70": 22.056338028169016, "71": 21.765432098765434, "72": 20.221052631578946, "73": 20.5, "74": 20.82857142857143, "75": 22.137931034482758, "76": 21.18421052631579, "77": 22.27710843373494, "78": 21.06153846153846, "79": 21.513157894736842, "80": 22.0327868852459, "81": 23.89041095890411, "82": 22.545454545454547, "83": 22.253968253968253, "84": 21.044117647058822, "85": 21.765625, "86": 21.746031746031747, "87": 20.10144927536232, "88": 19.256410256410255, "89": 18.81081081081081, "90": 17.484375, "91": 15.977272727272727, "92": 13.935483870967742, "93": 11.34375, "94": 9.571428571428571, "95": 17.727272727272727}, "p2": {"0": 32.54984357812849, "1": 19.36842105263158, "2": 16.391304347826086, "3": 21.275862068965516, "4": 23.61904761904762, "5": 26.25, "6": 27.15, "7": 30.178217821782177, "8": 31.09433962264151, "9": 32.32283464566929, "10": 33.040983606557376, "11": 32.34126984126984, "12": 30.926829268292682, "13": 33.06422018348624, "14": 28.263157894736842, "15": 28.679012345679013, "16": 32.228813559322035, "17": 29.0, "18": 30.488, "19": 29.682692307692307, "20": 32.03389830508475, "21": 31.495575221238937, "22": 29.423423423423422, "23": 31.009090909090908, "24": 29.72222222222222, "25": 29.763157894736842, "26": 29.396551724137932, "27": 29.64885496183206, "28": 29.574468085106382, "29": 29.764227642276424, "30": 28.798319327731093, "31": 28.137931034482758, "32": 28.798165137614678, "33": 27.744, "34": 29.866666666666667, "35": 29.418032786885245, "36": 28.6015625, "37": 30.09090909090909, "38": 28.62295081967213, "39": 30.798319327731093, "40": 30.945945945945947, "41": 33.46590909090909, "42": 32.34234234234234, "43": 33.14035087719298, "44": 33.49230769230769, "45": 33.517857142857146, "46": 33.68817204301075, "47": 35.613861386138616, "48": 34.479166666666664, "49": 34.18446601941748, "50": 32.4, "51": 34.18518518518518, "52": 32.68421052631579, "53": 34.67, "54": 34.577586206896555, "55": 37.10280373831776, "56": 36.25471698113208, "57": 36.3921568627451, "58": 33.73626373626374, "59": 32.4537037037037, "60": 33.14423076923077, "61": 33.78888888888889, "62": 33.31730769230769, "63": 34.89473684210526, "64": 34.3859649122807, "65": 34.343434343434346, "66": 34.824742268041234, "67": 35.02884615384615, "68": 33.19642857142857, "69": 33.173469387755105, "70": 35.10091743119266, "71": 37.37931034482759, "72": 37.19387755102041, "73": 34.69298245614035, "74": 33.9009009009009, "75": 36.870588235294115, "76": 36.0531914893617, "77": 35.34710743801653, "78": 33.25438596491228, "79": 32.06521739130435, "80": 33.270833333333336, "81": 35.3394495412844, "82": 34.595238095238095, "83": 33.39449541284404, "84": 37.245098039215684, "85": 34.65263157894737, "86": 37.83561643835616, "87": 36.56842105263158, "88": 37.552083333333336, "89": 35.7752808988764, "90": 39.576470588235296, "91": 36.10588235294118, "92": 38.41269841269841, "93": 38.12307692307692, "94": 42.51923076923077, "95": 41.911764705882355}, "p3": {"0": 35.83268347962874, "1": 35.83268347962874, "2": 35.83268347962874, "3": 35.4, "4": 35.373801916932905, "5": 35.93452380952381, "6": 35.90654205607477, "7": 35.66959064327485, "8": 35.962857142857146, "9": 36.08136482939633, "10": 35.547425474254744, "11": 35.77297297297297, "12": 36.08488063660477, "13": 35.58968058968059, "14": 35.80306905370844, "15": 36.005037783375315, "16": 35.72823218997362, "17": 35.806930693069305, "18": 35.7, "19": 35.82914572864322, "20": 35.66410256410256, "21": 35.85205479452055, "22": 35.75213675213675, "23": 35.652818991097924, "24": 35.91184573002755, "25": 35.57492354740061, "26": 35.788690476190474, "27": 35.73717948717949, "28": 36.08132530120482, "29": 35.92211838006231, "30": 36.21639344262295, "31": 35.839285714285715, "32": 36.073170731707314, "33": 36.42528735632184, "34": 36.46830985915493, "35": 36.46125461254613, "36": 36.11698113207547, "37": 35.99293286219081, "38": 35.631147540983605, "39": 36.54406130268199, "40": 35.693726937269375, "41": 36.09055118110236, "42": 35.881147540983605, "43": 35.68141592920354, "44": 35.34361233480176, "45": 35.665158371040725, "46": 34.887387387387385, "47": 35.58447488584475, "48": 35.00947867298578, "49": 35.49753694581281, "50": 34.66355140186916, "51": 34.8375, "52": 35.36818181818182, "53": 36.01716738197425, "54": 35.57142857142857, "55": 35.42696629213483, "56": 35.637630662020904, "57": 35.64468864468864, "58": 35.28195488721804, "59": 35.04225352112676, "60": 35.23452768729641, "61": 35.12328767123287, "62": 35.5, "63": 35.394557823129254, "64": 35.75657894736842, "65": 35.602739726027394, "66": 35.97077922077922, "67": 35.53947368421053, "68": 35.81504702194357, "69": 36.92203389830509, "70": 36.32384341637011, "71": 36.068403908794785, "72": 36.362711864406776, "73": 36.47868852459016, "74": 36.51186440677966, "75": 36.61842105263158, "76": 36.495327102803735, "77": 37.24907063197026, "78": 37.08653846153846, "79": 36.70333333333333, "80": 36.72274143302181, "81": 36.5253164556962, "82": 36.3, "83": 36.061688311688314, "84": 36.45645645645646, "85": 36.120141342756185, "86": 35.61744966442953, "87": 36.04012345679013,