{"p0": {"0": 10.0, "1": 10.0, "2": 10.0, "3": 10.0, "4": 10.0, "5": 10.0, "6": 10.0, "7": 10.0, "8": 10.0, "9": 10.0, "10": 10.0, "11": 10.0, "12": 10.0, "13": 10.0, "14": 10.0, "15": 10.0, "16": 10.0, "17": 10.0, "18": 10.0, "19": 10.0, "20": 10.0, "21": 10.0, "22": 10.0, "23": 10.0, "24": 10.0, "25": 10.0, "26": 10.0, "27": 10.0, "28": 10.0, "29": 10.0, "30": 10.0, "31": 10.0, "32": 10.0, "33": 10.0, "34": 10.0, "35": 10.0, "36": 10.0, "37": 10.0, "38": 10.0, "39": 10.0, "40": 10.0, "41": 10.0, "42": 10.0, "43": 10.0, "44": 10.0, "45": 10.0, "46": 10.0, "47": 10.0, "48": 10.0, "49": 10.0, "50": 10.0, "51": 10.0, "52": 10.0, "53": 10.0, "54": 10.0, "55": 10.0, "56": 10.0, "57": 99999.0, "58": 99999.0, "59": 99999.0, "60": 99999.0}, "p1": {"0": 23.87396583531347, "1": 11.615384615384615, "2": 13.458333333333334, "3": 16.3, "4": 20.058823529411764, "5": 23.014084507042252, "6": 26.13907284768212, "7": 26.635135135135137, "8": 27.202614379084967, "9": 26.319148936170212, "10": 26.261146496815286, "11": 25.52317880794702, "12": 25.53939393939394, "13": 25.47159090909091, "14": 26.106145251396647, "15": 26.113513513513514, "16": 25.68, "17": 25.426829268292682, "18": 25.540106951871657, "19": 25.901960784313726, "20": 26.202797202797203, "21": 25.296296296296298, "22": 23.607526881720432, "23": 25.552486187845304, "24": 24.975460122699385, "25": 25.085714285714285, "26": 25.040268456375838, "27": 23.95275590551181, "28": 24.246031746031747, "29": 24.73722627737226, "30": 25.31645569620253, "31": 25.285714285714285, "32": 25.875, "33": 26.28813559322034, "34": 23.82962962962963, "35": 25.165354330708663, "36": 24.445378151260503, "37": 24.723076923076924, "38": 25.046511627906977, "39": 24.194444444444443, "40": 23.923076923076923, "41": 23.49056603773585, "42": 22.472727272727273, "43": 24.576576576576578, "44": 23.140495867768596, "45": 22.60747663551402, "46": 23.233009708737864, "47": 23.574074074074073, "48": 23.495238095238093, "49": 24.105882352941176, "50": 23.858490566037737, "51": 24.033333333333335, "52": 23.096385542168676, "53": 22.40909090909091, "54": 23.61855670103093, "55": 21.64761904761905, "56": 20.289473684210527, "57": 19.644736842105264, "58": 21.083333333333332, "59": 24.142857142857142, "60": 26.822222222222223}, "p2": {"0": 27.79208824668739, "1": 8.363636363636363, "2": 8.55952380952381, "3": 11.35483870967742, "4": 14.243697478991596, "5": 17.5, "6": 22.584415584415584, "7": 25.646341463414632, "8": 26.13903743315508, "9": 28.20967741935484, "10": 26.31382978723404, "11": 26.36144578313253, "12": 26.482758620689655, "13": 24.974683544303797, "14": 24.819875776397517, "15": 25.89864864864865, "16": 27.20863309352518, "17": 25.892617449664428, "18": 25.085889570552148, "19": 26.381294964028775, "20": 26.19047619047619, "21": 30.563758389261746, "22": 29.014598540145986, "23": 28.97986577181208, "24": 25.915966386554622, "25": 25.84090909090909, "26": 25.605042016806724, "27": 27.191666666666666, "28": 28.275862068965516, "29": 29.511627906976745, "30": 28.72072072072072, "31": 28.083969465648856, "32": 25.207920792079207, "33": 29.486725663716815, "34": 26.62727272727273, "35": 26.914893617021278, "36": 30.563106796116504, "37": 27.956043956043956, "38": 30.388059701492537, "39": 31.296703296703296, "40": 29.04705882352941, "41": 30.40506329113924, "42": 29.025316455696203, "43": 30.89189189189189, "44": 31.797619047619047, "45": 29.852941176470587, "46": 31.444444444444443, "47": 31.16216216216216, "48": 33.666666666666664, "49": 29.719298245614034, "50": 29.88679245283019, "51": 29.68918918918919, "52": 32.43859649122807, "53": 33.81666666666667, "54": 32.916666666666664, "55": 35.06818181818182, "56": 30.105263157894736, "57": 33.72222222222222, "58": 38.130434782608695, "59": 40.357142857142854, "60": 40.02564102564103}, "p3": {"0": 46.611706581990966, "1": 20.96875, "2": 23.253968253968253, "3": 29.33783783783784, "4": 26.84, "5": 32.029411764705884, "6": 38.28491620111732, "7": 35.88, "8": 36.7737556561086, "9": 37.08810572687225, "10": 37.15352697095436, "11": 35.267605633802816, "12": 36.62926829268293, "13": 38.35175879396985, "14": 42.950819672131146, "15": 43.89673913043478, "16": 43.4203821656051, "17": 42.12080536912752, "18": 42.235955056179776, "19": 44.00581395348837, "20": 45.15126050420168, "21": 47.14423076923077, "22": 42.93283582089552, "23": 45.274193548387096, "24": 44.80672268907563, "25": 53.293103448275865, "26": 45.93939393939394, "27": 48.61344537815126, "28": 49.38392857142857, "29": 51.981818181818184, "30": 50.28846153846154, "31": 53.63333333333333, "32": 52.299065420560744, "33": 53.43269230769231, "34": 52.090090090090094, "35": 52.791666666666664, "36": 51.33620689655172, "37": 50.9009009009009, "38": 50.32743362831859, "39": 50.62105263157895, "40": 48.25252525252525, "41": 52.950980392156865, "42": 52.345794392523366, "43": 52.96153846153846, "44": 52.71764705882353, "45": 50.50617283950617, "46": 54.258823529411764, "47": 54.1625, "48": 52.9873417721519, "49": 52.275, "50": 52.98095238095238, "51": 52.275862068965516, "52": 53.21590909090909, "53": 54.0722891566265, "54": 50.4390243902439, "55": 54.51898734177215, "56": 56.46031746031746, "57": 55.44444444444444, "58": 54.52307692307692, "59": 55.1219512195122, "60": 55.5}, "p4": {"0": 48.414972639078094, "1": 48.414972639078094, "2": 48.414972639078094, "3": 48.414972639078094, "4": 48.37833333333333, "5": 48.47377622377623, "6": 48.464527027027025, "7": 48.295495495495494, "8": 48.41502683363149, "9": 48.33852140077821, "10": 48.05233644859813, "11": 48.388086642599276, "12": 48.56124314442413, "13": 48.477927063339735, "14": 48.58527131782946, "15": 48.7530612244898, "16": 48.48529411764706, "17": 48.45093945720251, "18": 48.786343612334804, "19": 48.55309734513274, "20": 48.63972286374134, "21": 47.54830917874396, "22": 47.51219512195122, "23": 48.190104166666664, "24": 47.84473684210526, "25": 48.24653739612188, "26": 48.0840108401084, "27": 47.77259475218659, "28": 48.58412698412698, "29": 47.44479495268139, "30": 47.451827242524914, "31": 48.734042553191486, "32": 49.01398601398601, "33": 49.31521739130435, "34": 48.66051660516605, "35": 48.92413793103448, "36": 49.2962962962963, "37": 48.76712328767123, "38": 48.58252427184466, "39": 48.47588424437299, "40": 48.57227138643068, "41": 47.728, "42": 47.96825396825397, "43": 48.270557029177716, "44": 47.86124401913876, "45": 48.505910165484636, "46": 48.01007556675063, "47": 47.72639225181598, "48": 48.3986013986014, "49": 48.36298076923077, "50": 48.158690176322416, "51": 48.114882506527415, "52": 48.80216802168022, "53": 49.087071240105544, "54": 48.76454293628809, "55": 48.48033707865169, "56": 48.59580838323353, "57": 48.9792899408284, "58": 49.149253731343286, "59": 49.15269461077844, "60": 48.41644562334218}}