{"p0": {"0": 10.0, "1": 10.0, "2": 10.0, "3": 10.0, "4": 10.0, "5": 10.0, "6": 10.0, "7": 10.0, "8": 10.0, "9": 10.0, "10": 10.0, "11": 10.0, "12": 10.0, "13": 10.0, "14": 10.0, "15": 10.0, "16": 10.0, "17": 10.0, "18": 10.0, "19": 10.0, "20": 10.0, "21": 10.0, "22": 10.0, "23": 10.0, "24": 10.0, "25": 10.0, "26": 10.0, "27": 10.0, "28": 10.0, "29": 10.0, "30": 10.0, "31": 10.0, "32": 10.0, "33": 10.0, "34": 10.0, "35": 10.0, "36": 10.0, "37": 10.0, "38": 10.0, "39": 10.0, "40": 10.0, "41": 10.0, "42": 10.0, "43": 10.0, "44": 10.0, "45": 10.0, "46": 10.0, "47": 10.0, "48": 10.0, "49": 10.0, "50": 10.0, "51": 10.0, "52": 10.0, "53": 10.0, "54": 10.0, "55": 10.0, "56": 10.0, "57": 10.0, "58": 10.0, "59": 10.0, "60": 10.0, "61": 10.0, "62": 10.0, "63": 10.0, "64": 10.0, "65": 10.0, "66": 10.0, "67": 10.0, "68": 10.0, "69": 10.0, "70": 10.0, "71": 10.0, "72": 10.0, "73": 10.0, "74": 10.0, "75": 10.0, "76": 10.0, "77": 10.0, "78": 10.0, "79": 10.0, "80": 10.0, "81": 99999.0, "82": 99999.0, "83": 99999.0, "84": 99999.0}, "p1": {"0": 24.031113212915322, "1": 9.666666666666666, "2": 12.31578947368421, "3": 16.022727272727273, "4": 22.671875, "5": 23.22826086956522, "6": 26.825688073394495, "7": 26.626506024096386, "8": 27.058823529411764, "9": 25.877551020408163, "10": 25.527272727272727, "11": 24.923076923076923, "12": 24.962962962962962, "13": 23.4, "14": 24.13978494623656, "15": 24.102040816326532, "16": 23.9625, "17": 26.867924528301888, "18": 25.0, "19": 25.957142857142856, "20": 26.54320987654321, "21": 25.631067961165048, "22": 24.55263157894737, "23": 25.78494623655914, "24": 25.369565217391305, "25": 25.08433734939759, "26": 22.545454545454547, "27": 25.308823529411764, "28": 24.137614678899084, "29": 26.58974358974359, "30": 25.4, "31": 25.135802469135804, "32": 23.952380952380953, "33": 25.384615384615383, "34": 24.9375, "35": 24.25, "36": 25.02857142857143, "37": 25.925373134328357, "38": 27.81578947368421, "39": 24.135135135135137, "40": 25.841463414634145, "41": 25.410958904109588, "42": 25.257142857142856, "43": 25.419354838709676, "44": 24.80246913580247, "45": 24.333333333333332, "46": 26.2125, "47": 26.423076923076923, "48": 23.879310344827587, "49": 26.5531914893617, "50": 25.93548387096774, "51": 25.036363636363635, "52": 25.246575342465754, "53": 25.16, "54": 23.938271604938272, "55": 24.25, "56": 25.153846153846153, "57": 25.90909090909091, "58": 24.677966101694917, "59": 26.08219178082192, "60": 23.904255319148938, "61": 22.12280701754386, "62": 22.410958904109588, "63": 22.704225352112676, "64": 25.25, "65": 24.440677966101696, "66": 24.848484848484848, "67": 23.275862068965516, "68": 24.14516129032258, "69": 23.864197530864196, "70": 22.89855072463768, "71": 24.285714285714285, "72": 25.384615384615383, "73": 22.6, "74": 22.859375, "75": 24.293333333333333, "76": 21.65, "77": 21.791666666666668, "78": 22.202898550724637, "79": 20.476923076923075, "80": 19.09433962264151, "81": 18.32608695652174, "82": 20.318181818181817, "83": 22.923076923076923, "84": 24.37037037037037}, "p2": {"0": 36.62891521787193, "1": 2.0, "2": 8.142857142857142, "3": 20.84, "4": 28.23076923076923, "5": 32.75, "6": 40.51219512195122, "7": 38.61764705882353, "8": 38.98245614035088, "9": 37.87218045112782, "10": 39.132075471698116, "11": 40.361702127659576, "12": 38.11842105263158, "13": 36.05813953488372, "14": 37.27472527472528, "15": 39.247058823529414, "16": 39.70873786407767, "17": 37.641304347826086, "18": 39.421052631578945, "19": 38.25233644859813, "20": 39.35087719298246, "21": 40.54455445544554, "22": 38.11224489795919, "23": 36.78947368421053, "24": 38.27777777777778, "25": 36.044642857142854, "26": 39.4375, "27": 37.934065934065934, "28": 40.0625, "29": 38.44444444444444, "30": 38.458333333333336, "31": 39.275862068965516, "32": 37.88, "33": 38.369565217391305, "34": 38.42666666666667, "35": 43.32911392405063, "36": 39.278481012658226, "37": 39.58139534883721, "38": 38.017857142857146, "39": 38.18666666666667, "40": 37.688311688311686, "41": 38.766666666666666, "42": 40.46153846153846, "43": 39.11267605633803, "44": 39.676923076923075, "45": 40.3469387755102, "46": 37.25373134328358, "47": 36.7375, "48": 37.12987012987013, "49": 38.132075471698116, "50": 37.83720930232558, "51": 37.19565217391305, "52": 39.131147540983605, "53": 39.208955223880594, "54": 38.753846153846155, "55": 38.57627118644068, "56": 34.64, "57": 38.2112676056338, "58": 34.81578947368421, "59": 41.30769230769231, "60": 37.666666666666664, "61": 40.07142857142857, "62": 39.95, "63": 36.056603773584904, "64": 37.23529411764706, "65": 37.37931034482759, "66": 33.3448275862069, "67": 37.30357142857143, "68": 39.24074074074074, "69": 35.94230769230769, "70": 36.225, "71": 37.58461538461538, "72": 36.94642857142857, "73": 33.19607843137255, "74": 36.8421052631579, "75": 36.2093023255814, "76": 35.212765957446805, "77": 35.026315789473685, "78": 32.92, "79": 34.886792452830186, "80": 34.13513513513514, "81": 35.674418604651166, "82": 30.82051282051282, "83": 35.705882352941174, "84": 37.303030303030305}, "p3": {"0": 42.95491504514401, "1": 12.125, "2": 8.6, "3": 21.357142857142858, "4": 25.535714285714285, "5": 34.80701754385965, "6": 39.375, "7": 45.30555555555556, "8": 41.451219512195124, "9": 36.30952380952381, "10": 42.8, "11": 43.86842105263158, "12": 42.476190476190474, "13": 44.626506024096386, "14": 39.41463414634146, "15": 37.26086956521739, "16": 31.949367088607595, "17": 33.0, "18": 41.578947368421055, "19": 29.06153846153846, "20": 38.46153846153846, "21": 34.84090909090909, "22": 40.36842105263158, "23": 38.348314606741575, "24": 41.13978494623656, "25": 35.15942028985507, "26": 36.03703703703704, "27": 31.013513513513512, "28": 34.10227272727273, "29": 33.773809523809526, "30": 37.87777777777778, "31": 44.36144578313253, "32": 39.084210526315786, "33": 38.372093023255815, "34": 42.2875, "35": 42.421052631578945, "36": 41.666666666666664, "37": 48.58163265306123, "38": 48.744680851063826, "39": 42.136986301369866, "40": 42.53333333333333, "41": 43.770270270270274, "42": 38.921052631578945, "43": 46.91566265060241, "44": 47.74074074074074, "45": 47.72941176470588, "46": 41.78048780487805, "47": 46.98571428571429, "48": 43.333333333333336, "49": 43.333333333333336, "50": 46.59154929577465, "51": 43.20792079207921, "52": 44.78409090909091, "53": 47.21176470588235, "54": 44.80612244897959, "55": 47.140845070422536, "56": 46.042857142857144, "57": 43.50588235294118, "58": 42.54545454545455, "59": 51.06153846153846, "60": 47.483333333333334, "61": 50.45783132530121, "62": 48.69879518072289, "63": 44.68604651162791, "64": 48.20253164556962, "65": 51.02040816326531, "66": 43.95890410958904, "67": 45.0, "68": 56.391304347826086, "69": 50.620253164556964, "70": 51.0253164556962, "71": 50.91428571428571, "72": 48.417910447761194, "73": 48.68115942028985, "74": 45.31818181818182, "75": 48.01063829787234, "76": 49.4, "77": 45.927536231884055, "78": 50.229729729729726, "79": 53.75, "80": 52.15714285714286, "81": 56.81967213114754, "82": 56.13235294117647, "83": 65.44736842105263, "84": 59.839080459770116}, "p4": {"0": 47.75071457460469, "1": 47.75071457460469, "2": 47.75071457460469, "3": 47.75071457460469, "4": 46.96484375, "5": 47.51136363636363, "6": 47.778625954198475, "7": 47.973880597014926, "8": 47.43921568627451, "9": 47.822695035460995, "10": 47.55263157894737, "11": 47.64259927797834, "12": 48.463157894736845, "13": 47.890845070422536, "14": 47.93527508090615, "15": 48.10616438356164, "16": 47.65743944636678, "17": 47.92203389830509, "18": 47.89895470383275, "19": 48.15555555555556, "20": 48.052, "21": 48.2093023255814, "22": 47.988416988416986, "23": 48.168, "24": 47.99601593625498, "25": 48.11374407582938, "26": 46.97409326424871, "27": 47.87777777777778, "28": 48.024096385542165, "29": 46.93048128342246, "30": 48.05294117647059, "31": 47.52095808383233, "32": 47.20987654320987, "33": 47.67065868263473, "34": 47.927374301675975, "35": 48.60606060606061,