{"p0": {"0": 10.0, "1": 10.0, "2": 10.0, "3": 10.0, "4": 10.0, "5": 10.0, "6": 10.0, "7": 10.0, "8": 10.0, "9": 10.0, "10": 10.0, "11": 10.0, "12": 10.0, "13": 10.0, "14": 10.0, "15": 10.0, "16": 10.0, "17": 10.0, "18": 10.0, "19": 10.0, "20": 10.0, "21": 10.0, "22": 10.0, "23": 10.0, "24": 10.0, "25": 10.0, "26": 10.0, "27": 10.0, "28": 10.0, "29": 10.0, "30": 10.0, "31": 10.0, "32": 10.0, "33": 10.0, "34": 10.0, "35": 10.0, "36": 10.0, "37": 10.0, "38": 10.0, "39": 10.0, "40": 10.0, "41": 10.0, "42": 10.0, "43": 10.0, "44": 10.0, "45": 10.0, "46": 10.0, "47": 10.0, "48": 10.0, "49": 10.0, "50": 10.0, "51": 10.0, "52": 10.0, "53": 10.0, "54": 10.0, "55": 10.0, "56": 10.0, "57": 10.0, "58": 10.0, "59": 10.0, "60": 10.0, "61": 10.0, "62": 10.0, "63": 10.0, "64": 10.0, "65": 10.0, "66": 10.0, "67": 10.0, "68": 10.0, "69": 10.0, "70": 10.0, "71": 10.0, "72": 10.0, "73": 10.0, "74": 10.0, "75": 10.0, "76": 10.0, "77": 10.0, "78": 10.0, "79": 10.0, "80": 10.0, "81": 10.0, "82": 10.0, "83": 10.0, "84": 10.0, "85": 10.0, "86": 10.0, "87": 10.0, "88": 10.0, "89": 10.0, "90": 99999.0, "91": 99999.0, "92": 99999.0, "93": 99999.0, "94": 99999.0}, "p1": {"0": 25.96104674768454, "1": 13.25, "2": 19.166666666666668, "3": 19.26923076923077, "4": 22.765625, "5": 25.325842696629213, "6": 26.759615384615383, "7": 27.00952380952381, "8": 27.807692307692307, "9": 28.044444444444444, "10": 25.894736842105264, "11": 25.89189189189189, "12": 25.914728682170544, "13": 27.49137931034483, "14": 27.460526315789473, "15": 26.900763358778626, "16": 26.914285714285715, "17": 27.275, "18": 25.811023622047244, "19": 26.73404255319149, "20": 25.761904761904763, "21": 26.027027027027028, "22": 27.62857142857143, "23": 25.732142857142858, "24": 26.774436090225564, "25": 26.539823008849556, "26": 27.0, "27": 26.781512605042018, "28": 26.411347517730498, "29": 26.091666666666665, "30": 27.666666666666668, "31": 26.11111111111111, "32": 28.92105263157895, "33": 26.157894736842106, "34": 28.429906542056074, "35": 28.605263157894736, "36": 26.621052631578948, "37": 27.185567010309278, "38": 26.313725490196077, "39": 26.345794392523363, "40": 26.883928571428573, "41": 27.730434782608697, "42": 28.325301204819276, "43": 27.052083333333332, "44": 26.205882352941178, "45": 27.52747252747253, "46": 26.734939759036145, "47": 27.59493670886076, "48": 27.415730337078653, "49": 25.113636363636363, "50": 27.0, "51": 27.1, "52": 26.433734939759034, "53": 24.125, "54": 28.23728813559322, "55": 26.546875, "56": 25.605263157894736, "57": 24.621951219512194, "58": 25.753623188405797, "59": 26.98507462686567, "60": 27.242857142857144, "61": 28.166666666666668, "62": 27.353846153846153, "63": 24.0, "64": 25.796610169491526, "65": 26.38888888888889, "66": 25.753623188405797, "67": 26.580645161290324, "68": 24.75, "69": 25.51923076923077, "70": 26.063291139240505, "71": 25.76388888888889, "72": 25.105263157894736, "73": 25.114285714285714, "74": 24.81967213114754, "75": 24.34426229508197, "76": 23.436363636363637, "77": 22.887323943661972, "78": 25.596491228070175, "79": 23.40740740740741, "80": 23.676923076923078, "81": 25.0, "82": 25.653061224489797, "83": 25.953488372093023, "84": 26.263157894736842, "85": 26.127659574468087, "86": 26.08, "87": 25.254545454545454, "88": 24.944444444444443, "89": 22.270833333333332, "90": 25.30909090909091, "91": 24.761904761904763, "92": 26.641025641025642, "93": 28.8, "94": 29.725}, "p2": {"0": 23.269226912615256, "1": 8.460526315789474, "2": 8.416666666666666, "3": 9.705882352941176, "4": 13.347222222222221, "5": 18.06741573033708, "6": 17.0, "7": 18.085106382978722, "8": 23.880733944954127, "9": 24.10810810810811, "10": 24.60952380952381, "11": 21.19753086419753, "12": 18.296703296703296, "13": 19.397959183673468, "14": 22.623529411764707, "15": 18.913978494623656, "16": 18.795698924731184, "17": 19.92929292929293, "18": 20.287128712871286, "19": 21.795698924731184, "20": 21.17391304347826, "21": 16.6, "22": 22.49, "23": 22.28735632183908, "24": 20.842105263157894, "25": 21.95959595959596, "26": 19.673267326732674, "27": 21.625, "28": 21.386363636363637, "29": 21.135802469135804, "30": 19.49397590361446, "31": 21.04705882352941, "32": 24.2625, "33": 24.537634408602152, "34": 22.293333333333333, "35": 23.52112676056338, "36": 24.675324675324674, "37": 18.803030303030305, "38": 21.771428571428572, "39": 19.78125, "40": 20.760563380281692, "41": 25.175675675675677, "42": 23.508196721311474, "43": 22.984126984126984, "44": 23.463768115942027, "45": 24.12121212121212, "46": 21.169014084507044, "47": 23.75, "48": 20.5625, "49": 25.1, "50": 21.984848484848484, "51": 22.092307692307692, "52": 22.983333333333334, "53": 26.633333333333333, "54": 21.45762711864407, "55": 26.12857142857143, "56": 26.775862068965516, "57": 25.22641509433962, "58": 23.472727272727273, "59": 27.54901960784314, "60": 22.365384615384617, "61": 22.581818181818182, "62": 26.71014492753623, "63": 26.841269841269842, "64": 23.593220338983052, "65": 24.653846153846153, "66": 24.11111111111111, "67": 24.927272727272726, "68": 26.69811320754717, "69": 19.11764705882353, "70": 27.891304347826086, "71": 23.272727272727273, "72": 24.423728813559322, "73": 25.25423728813559, "74": 21.854166666666668, "75": 29.42622950819672, "76": 25.78723404255319, "77": 25.194444444444443, "78": 27.357142857142858, "79": 26.314285714285713, "80": 26.520833333333332, "81": 30.77358490566038, "82": 25.357142857142858, "83": 26.425531914893618, "84": 24.43859649122807, "85": 27.62, "86": 28.975609756097562, "87": 28.5, "88": 22.775, "89": 26.270833333333332, "90": 26.071428571428573, "91": 30.5, "92": 31.357142857142858, "93": 42.36842105263158, "94": 39.8}, "p3": {"0": 40.57989886861738, "1": 24.75, "2": 27.03125, "3": 28.073170731707318, "4": 34.31818181818182, "5": 39.925, "6": 46.0, "7": 44.09649122807018, "8": 43.69718309859155, "9": 41.00714285714286, "10": 41.76729559748428, "11": 42.96969696969697, "12": 38.6219512195122, "13": 41.59285714285714, "14": 42.648275862068964, "15": 39.91129032258065, "16": 41.631147540983605, "17": 39.92028985507246, "18": 39.80952380952381, "19": 39.458015267175576, "20": 38.68888888888889, "21": 40.843283582089555, "22": 39.242105263157896, "23": 37.43076923076923, "24": 40.23015873015873, "25": 38.69421487603306, "26": 38.49193548387097, "27": 40.686440677966104, "28": 38.15929203539823, "29": 40.45132743362832, "30": 41.971698113207545, "31": 37.5, "32": 37.707070707070706, "33": 40.52808988764045, "34": 38.93023255813954, "35": 40.697916666666664, "36": 40.76106194690266, "37": 39.48717948717949, "38": 40.0, "39": 43.014084507042256, "40": 39.97142857142857, "41": 44.305882352941175, "42": 37.4625, "43": 40.75, "44": 41.98701298701299, "45": 39.526315789473685, "46": 42.333333333333336, "47": 39.14705882352941, "48": 41.58904109589041, "49": 43.605633802816904, "50": 40.98550724637681, "51": 39.90909090909091, "52": 40.720588235294116, "53": 39.546875, "54": 41.81967213114754, "55": 42.2112676056338, "56": 42.18571428571428, "57": 38.03508771929825, "58": 40.723076923076924, "59": 40.8235294117647, "60": 42.131147540983605, "61": 41.577777777777776, "62": 39.63265306122449, "63": 38.96491228070175, "64": 38.411764705882355, "65": 37.53703703703704, "66": 40.094339622641506, "67": 39.5, "68": 40.6865671641791, "69": 40.47826086956522, "70": 40.705882352941174, "71": 37.5, "72": 43.904761904761905, "73": 42.30555555555556, "74": 43.104166666666664, "75": 39.48076923076923, "76": 43.6578947368421, "77": 41.68888888888889, "78": 45.5, "79": 42.82051282051282, "80": 42.48717948717949, "81": 43.926829268292686, "82": 39.743589743589745, "83": 40.59574468085106, "84": 46.130434782608695, "85": 44.47540983606557, "86": 39.17777777777778, "87": 46.47222222222222, "88": 42.6578947368421, "89": 41.22222222222222, "90": 35.13636363636363, "91": 40.30769230769231, "92": 35.611111111111114, "93": 53.166666666666664, "94": 55.333333333333336}, "p4": {"0": 64.32572454141707, "1": 44.83098591549296,