{"p0": {"0": 10.0, "1": 10.0, "2": 10.0, "3": 10.0, "4": 10.0, "5": 10.0, "6": 10.0, "7": 10.0, "8": 10.0, "9": 10.0, "10": 10.0, "11": 10.0, "12": 10.0, "13": 10.0, "14": 10.0, "15": 10.0, "16": 10.0, "17": 10.0, "18": 10.0, "19": 10.0, "20": 10.0, "21": 10.0, "22": 10.0, "23": 10.0, "24": 10.0, "25": 10.0, "26": 10.0, "27": 10.0, "28": 10.0, "29": 10.0, "30": 10.0, "31": 10.0, "32": 10.0, "33": 10.0, "34": 10.0, "35": 10.0, "36": 10.0, "37": 10.0, "38": 10.0, "39": 10.0, "40": 10.0, "41": 10.0, "42": 10.0, "43": 10.0, "44": 10.0, "45": 10.0, "46": 10.0, "47": 10.0, "48": 10.0, "49": 10.0, "50": 10.0, "51": 10.0, "52": 10.0, "53": 10.0, "54": 10.0, "55": 10.0, "56": 10.0, "57": 10.0, "58": 10.0, "59": 10.0, "60": 10.0, "61": 10.0, "62": 10.0, "63": 10.0, "64": 10.0, "65": 10.0, "66": 10.0, "67": 10.0, "68": 10.0, "69": 10.0, "70": 10.0, "71": 10.0, "72": 10.0, "73": 10.0, "74": 10.0, "75": 10.0, "76": 10.0, "77": 10.0, "78": 10.0, "79": 10.0, "80": 10.0, "81": 10.0, "82": 10.0, "83": 10.0, "84": 10.0, "85": 10.0, "86": 10.0, "87": 10.0, "88": 10.0, "89": 10.0, "90": 10.0, "91": 10.0, "92": 10.0, "93": 10.0, "94": 99999.0, "95": 99999.0, "96": 99999.0, "97": 99999.0, "98": 99999.0}, "p1": {"0": 21.428656263082928, "1": 7.875, "2": 8.826923076923077, "3": 13.155844155844155, "4": 16.661971830985916, "5": 19.521052631578947, "6": 21.475490196078432, "7": 21.65193370165746, "8": 21.571428571428573, "9": 21.38974358974359, "10": 21.38888888888889, "11": 21.795121951219514, "12": 22.270408163265305, "13": 23.56451612903226, "14": 22.495098039215687, "15": 22.269035532994923, "16": 20.90909090909091, "17": 22.312849162011172, "18": 21.672043010752688, "19": 21.71875, "20": 23.246231155778894, "21": 22.47159090909091, "22": 21.43076923076923, "23": 20.485380116959064, "24": 21.412935323383085, "25": 22.178217821782177, "26": 20.620111731843576, "27": 21.058823529411764, "28": 21.96446700507614, "29": 21.67, "30": 22.957831325301203, "31": 23.95263157894737, "32": 23.376288659793815, "33": 23.148717948717948, "34": 22.76595744680851, "35": 23.714285714285715, "36": 21.48936170212766, "37": 23.822857142857142, "38": 23.095541401273884, "39": 22.432558139534883, "40": 22.06122448979592, "41": 23.00502512562814, "42": 20.454545454545453, "43": 21.683615819209038, "44": 21.720670391061454, "45": 22.620512820512822, "46": 23.408045977011493, "47": 21.685082872928177, "48": 22.17816091954023, "49": 23.102564102564102, "50": 19.02469135802469, "51": 21.685082872928177, "52": 20.718232044198896, "53": 21.24137931034483, "54": 20.765822784810126, "55": 21.60919540229885, "56": 21.066666666666666, "57": 21.084967320261438, "58": 20.412790697674417, "59": 20.363636363636363, "60": 21.00595238095238, "61": 20.196629213483146, "62": 22.48587570621469, "63": 22.367346938775512, "64": 22.189873417721518, "65": 22.45394736842105, "66": 22.651315789473685, "67": 21.928, "68": 20.928057553956833, "69": 20.417218543046356, "70": 22.885245901639344, "71": 21.333333333333332, "72": 20.0125786163522, "73": 19.421487603305785, "74": 22.2027027027027, "75": 19.7593984962406, "76": 20.37837837837838, "77": 20.532894736842106, "78": 21.201438848920862, "79": 22.015503875968992, "80": 21.39864864864865, "81": 20.827814569536425, "82": 23.2421875, "83": 22.434426229508198, "84": 21.601503759398497, "85": 21.383333333333333, "86": 21.644736842105264, "87": 22.64963503649635, "88": 21.233576642335766, "89": 21.112582781456954, "90": 19.801526717557252, "91": 19.054054054054053, "92": 19.220338983050848, "93": 19.834645669291337, "94": 21.344444444444445, "95": 23.04123711340206, "96": 24.420289855072465, "97": 31.272727272727273, "98": 28.41176470588235}, "p2": {"0": 33.06141042134635, "1": 11.595238095238095, "2": 11.848837209302326, "3": 17.14179104477612, "4": 20.42763157894737, "5": 25.82741116751269, "6": 30.86425339366516, "7": 30.10810810810811, "8": 34.60215053763441, "9": 32.96333333333333, "10": 34.10819672131147, "11": 32.812720848056536, "12": 32.008849557522126, "13": 31.374358974358973, "14": 31.837606837606838, "15": 32.84415584415584, "16": 32.49145299145299, "17": 32.18390804597701, "18": 32.09465020576132, "19": 32.712446351931334, "20": 33.295081967213115, "21": 31.59227467811159, "22": 33.714285714285715, "23": 35.08230452674897, "24": 32.389763779527556, "25": 32.45922746781116, "26": 33.176991150442475, "27": 35.06521739130435, "28": 32.46153846153846, "29": 34.58454106280193, "30": 33.52755905511811, "31": 33.42723004694836, "32": 32.54424778761062, "33": 32.2, "34": 32.13157894736842, "35": 34.0, "36": 34.31674208144796, "37": 35.37185929648241, "38": 33.05357142857143, "39": 36.18781725888325, "40": 34.95238095238095, "41": 32.953271028037385, "42": 35.760416666666664, "43": 34.74429223744292, "44": 33.56983240223464, "45": 34.239263803680984, "46": 32.79190751445087, "47": 32.87134502923977, "48": 33.08163265306123, "49": 33.31578947368421, "50": 34.75126903553299, "51": 34.13157894736842, "52": 34.494897959183675, "53": 34.374301675977655, "54": 33.0855614973262, "55": 33.87931034482759, "56": 34.23295454545455, "57": 35.92397660818713, "58": 32.40340909090909, "59": 36.15428571428571, "60": 35.76439790575916, "61": 33.59493670886076, "62": 35.692708333333336, "63": 35.74301675977654, "64": 31.924324324324324, "65": 33.84615384615385, "66": 36.0225988700565, "67": 34.01176470588236, "68": 34.695402298850574, "69": 34.48148148148148, "70": 36.68456375838926, "71": 32.71739130434783, "72": 34.69277108433735, "73": 32.993288590604024, "74": 32.7007299270073, "75": 34.544, "76": 34.25547445255474, "77": 32.56024096385542, "78": 33.9453125, "79": 36.169117647058826, "80": 36.25, "81": 32.491379310344826, "82": 34.39333333333333, "83": 33.924369747899156, "84": 34.00714285714286, "85": 33.766666666666666, "86": 32.721804511278194, "87": 32.20754716981132, "88": 33.50735294117647, "89": 31.208955223880597, "90": 31.578125, "91": 36.06666666666667, "92": 33.1, "93": 32.79816513761468, "94": 38.1219512195122, "95": 34.865979381443296, "96": 33.282051282051285, "97": 44.78048780487805, "98": 41.765957446808514}, "p3": {"0": 42.974551801809056, "1": 16.016949152542374, "2": 20.987179487179485, "3": 27.87, "4": 35.5045871559633, "5": 39.59722222222222, "6": 49.605, "7": 47.96078431372549, "8": 49.976851851851855, "9": 50.52838427947598, "10": 48.239495798319325, "11": 48.20320855614973, "12": 49.10502283105023, "13": 45.86893203883495, "14": 47.49753694581281, "15": 45.526881720430104, "16": 43.87005649717514, "17": 44.22549019607843, "18": 45.44102564102564, "19": 44.79024390243902, "20": 47.34975369458128, "21": 46.943661971830984, "22": 45.628571428571426, "23": 47.760416666666664, "24": 43.972527472527474, "25": 42.329268292682926, "26": 47.1437908496732, "27": 46.27058823529412, "28": 46.28082191780822, "29": 45.27513227513227, "30": 45.46078431372549, "31": 48.123456790123456, "32": 47.52662721893491, "33": 44.8255033557047, "34": 44.26865671641791, "35": 45.733870967741936, "36": 42.278688524590166, "37": 43.361702127659576, "38": 41.78195488721804, "39": 44.88392857142857, "40": 41.984848484848484, "41": 43.56428571428572, "42": 42.32258064516129, "43": 43.47747747747748, "44": 43.37931034482759, "45": 40.983739837398375, "46": 38.45378151260504, "47": 41.1858407079646, "48": 45.98290598290598, "49": 40.95798319327731, "50": 44.85981308411215, "51": 41.36842105263158, "52": 40.898305084745765, "53": 40.30555555555556, "54": 43.142857142857146, "55": 39.958333333333336, "56": 44.00970873786408, "57": 44.63725490196079, "58": 38.15238095238095, "59": 38.17272727272727, "60": 39.79816513761468, "61": 40.06666666666667, "62": 38.411764705882355, "63": 42.25, "64": 44.494949494949495, "65": 39.509433962264154, "66": 41.2212389380531, "67": 38.73109243697479, "68": 38.470588235294116, "69": 40.45744680851064, "70": 39.055045871559635, "71": 38.87378640776699, "72": 40.197916666666664, "73": 44.69230769230769, "74": 44.732394366197184, "75": 41.90816326530612,