{"p0": {"0": 10.0, "1": 10.0, "2": 10.0, "3": 10.0, "4": 10.0, "5": 10.0, "6": 10.0, "7": 10.0, "8": 10.0, "9": 10.0, "10": 10.0, "11": 10.0, "12": 10.0, "13": 10.0, "14": 10.0, "15": 10.0, "16": 10.0, "17": 10.0, "18": 10.0, "19": 10.0, "20": 10.0, "21": 10.0, "22": 10.0, "23": 10.0, "24": 10.0, "25": 10.0, "26": 10.0, "27": 10.0, "28": 10.0, "29": 10.0, "30": 10.0, "31": 10.0, "32": 10.0, "33": 10.0, "34": 10.0, "35": 10.0, "36": 10.0, "37": 10.0, "38": 10.0, "39": 10.0, "40": 10.0, "41": 10.0, "42": 10.0, "43": 10.0, "44": 10.0, "45": 10.0, "46": 99999.0, "47": 99999.0, "48": 99999.0, "49": 99999.0, "50": 99999.0}, "p1": {"0": 18.206501794321653, "1": 10.0, "2": 11.818181818181818, "3": 11.886075949367088, "4": 17.15277777777778, "5": 18.797619047619047, "6": 18.31313131313131, "7": 18.680555555555557, "8": 18.025641025641026, "9": 17.43421052631579, "10": 17.128205128205128, "11": 18.92222222222222, "12": 17.773333333333333, "13": 18.515463917525775, "14": 18.98780487804878, "15": 18.912087912087912, "16": 19.583333333333332, "17": 17.439560439560438, "18": 19.896551724137932, "19": 17.876543209876544, "20": 18.620689655172413, "21": 18.61855670103093, "22": 17.318181818181817, "23": 16.614285714285714, "24": 20.91089108910891, "25": 19.267441860465116, "26": 19.417582417582416, "27": 18.26027397260274, "28": 17.529411764705884, "29": 19.512820512820515, "30": 15.814285714285715, "31": 16.507042253521128, "32": 17.583333333333332, "33": 18.76, "34": 18.573033707865168, "35": 17.83783783783784, "36": 17.17808219178082, "37": 17.029850746268657, "38": 18.9125, "39": 18.054794520547944, "40": 18.02469135802469, "41": 17.36, "42": 16.756756756756758, "43": 20.4, "44": 18.133333333333333, "45": 20.333333333333332, "46": 18.0, "47": 20.073170731707318, "48": 18.642857142857142, "49": 25.444444444444443, "50": 27.692307692307693}, "p2": {"0": 31.373972019790713, "1": 8.65625, "2": 11.428571428571429, "3": 18.456521739130434, "4": 22.610169491525422, "5": 27.202898550724637, "6": 30.988888888888887, "7": 32.01204819277108, "8": 33.14159292035398, "9": 33.7, "10": 31.42241379310345, "11": 34.14876033057851, "12": 31.815384615384616, "13": 31.15929203539823, "14": 31.41176470588235, "15": 31.953488372093023, "16": 29.666666666666668, "17": 30.42608695652174, "18": 32.46551724137931, "19": 30.653225806451612, "20": 28.46875, "21": 30.825396825396826, "22": 30.41322314049587, "23": 34.043010752688176, "24": 31.108695652173914, "25": 29.528735632183906, "26": 32.77777777777778, "27": 31.326923076923077, "28": 33.2952380952381, "29": 31.544554455445546, "30": 33.170212765957444, "31": 32.82716049382716, "32": 30.925531914893618, "33": 31.153846153846153, "34": 34.5, "35": 35.68518518518518, "36": 35.050632911392405, "37": 33.392857142857146, "38": 31.53061224489796, "39": 32.123456790123456, "40": 33.55172413793103, "41": 32.65555555555556, "42": 34.24, "43": 31.73076923076923, "44": 31.910112359550563, "45": 35.657534246575345, "46": 37.0, "47": 37.139240506329116, "48": 36.12307692307692, "49": 37.679245283018865, "50": 44.0}, "p3": {"0": 50.38481406855808, "1": 14.857142857142858, "2": 25.75, "3": 41.578947368421055, "4": 42.333333333333336, "5": 42.50819672131148, "6": 56.770114942528735, "7": 54.98076923076923, "8": 57.23157894736842, "9": 56.245098039215684, "10": 53.93396226415094, "11": 52.2, "12": 55.03448275862069, "13": 53.12, "14": 54.10852713178294, "15": 47.4954128440367, "16": 48.55769230769231, "17": 56.275862068965516, "18": 50.96666666666667, "19": 48.67901234567901, "20": 47.49333333333333, "21": 50.932432432432435, "22": 51.276923076923076, "23": 52.87671232876713, "24": 54.40909090909091, "25": 50.032786885245905, "26": 50.96666666666667, "27": 58.25, "28": 53.76470588235294, "29": 56.95522388059702, "30": 53.63461538461539, "31": 53.303030303030305, "32": 54.23809523809524, "33": 51.44285714285714, "34": 50.77777777777778, "35": 50.94736842105263, "36": 55.416666666666664, "37": 56.0, "38": 54.47692307692308, "39": 50.12676056338028, "40": 49.092592592592595, "41": 51.27777777777778, "42": 52.775510204081634, "43": 53.283018867924525, "44": 47.583333333333336, "45": 46.85, "46": 43.45, "47": 48.77777777777778, "48": 49.69230769230769, "49": 53.38461538461539, "50": 53.125}, "p4": {"0": 58.79830243151078, "1": 10.571428571428571, "2": 24.46153846153846, "3": 37.526315789473685, "4": 52.267857142857146, "5": 46.5, "6": 58.36607142857143, "7": 56.7008547008547, "8": 62.84285714285714, "9": 55.791044776119406, "10": 60.69078947368421, "11": 63.29197080291971, "12": 60.27272727272727, "13": 60.91596638655462, "14": 52.21238938053097, "15": 57.13934426229508, "16": 58.2992700729927, "17": 60.55118110236221, "18": 54.83464566929134, "19": 58.99264705882353, "20": 59.09243697478992, "21": 62.8, "22": 65.9247311827957, "23": 64.3529411764706, "24": 65.18947368421053, "25": 58.464646464646464, "26": 62.08450704225352, "27": 66.57657657657657, "28": 61.78947368421053, "29": 64.80952380952381, "30": 62.714285714285715, "31": 62.48, "32": 56.67213114754098, "33": 61.78787878787879, "34": 59.270270270270274, "35": 59.25806451612903, "36": 64.78048780487805, "37": 61.25, "38": 61.47435897435897, "39": 57.486486486486484, "40": 58.0, "41": 63.138888888888886, "42": 63.76470588235294, "43": 62.18072289156626, "44": 58.333333333333336, "45": 62.75438596491228, "46": 60.63636363636363, "47": 63.564516129032256, "48": 67.76, "49": 77.15217391304348, "50": 72.14285714285714}, "p5": {"0": 58.72562721738089, "1": 58.72562721738089, "2": 58.72562721738089, "3": 58.72562721738089, "4": 58.72562721738089, "5": 59.41730279898219, "6": 59.66752577319588, "7": 59.663101604278076, "8": 59.916666666666664, "9": 59.839473684210525, "10": 59.69113924050633, "11": 59.63517060367454, "12": 59.358441558441555, "13": 59.370879120879124, "14": 59.57227138643068, "15": 59.636655948553056, "16": 59.07643312101911, "17": 59.52063492063492, "18": 58.88741721854305, "19": 59.60456273764259, "20": 60.440613026819925, "21": 59.884328358208954, "22": 60.18846153846154, "23": 57.903930131004365, "24": 59.096774193548384, "25": 58.27322404371585, "26": 58.473684210526315, "27": 57.84415584415584, "28": 56.4078947368421, "29": 55.810457516339866, "30": 55.75, "31": 56.42690058479532, "32": 56.77245508982036, "33": 56.50299401197605, "34": 58.423645320197046, "35": 58.12093023255814, "36": 59.142276422764226, "37": 59.046875, "38": 58.95880149812734, "39": 59.53982300884956, "40": 59.011673151750976, "41": 58.94017094017094, "42": 59.61764705882353, "43": 59.51851851851852, "44": 59.801886792452834, "45": 59.36082474226804, "46": 58.233333333333334, "47": 58.63809523809524, "48": 57.71739130434783, "49": 57.3936170212766, "50": 57.27979274611399}}