{"p0": {"0": 10.0, "1": 10.0, "2": 10.0, "3": 10.0, "4": 10.0, "5": 10.0, "6": 10.0, "7": 10.0, "8": 10.0, "9": 10.0, "10": 10.0, "11": 10.0, "12": 10.0, "13": 10.0, "14": 10.0, "15": 10.0, "16": 10.0, "17": 10.0, "18": 10.0, "19": 10.0, "20": 10.0, "21": 10.0, "22": 10.0, "23": 10.0, "24": 10.0, "25": 10.0, "26": 10.0, "27": 10.0, "28": 10.0, "29": 10.0, "30": 10.0, "31": 10.0, "32": 10.0, "33": 10.0, "34": 10.0, "35": 10.0, "36": 10.0, "37": 10.0, "38": 10.0, "39": 10.0, "40": 10.0, "41": 10.0, "42": 10.0, "43": 10.0, "44": 10.0, "45": 10.0, "46": 10.0, "47": 10.0, "48": 10.0, "49": 10.0, "50": 10.0, "51": 10.0, "52": 10.0, "53": 10.0, "54": 10.0, "55": 10.0, "56": 10.0, "57": 10.0, "58": 10.0, "59": 10.0, "60": 10.0, "61": 10.0, "62": 10.0, "63": 10.0, "64": 10.0, "65": 10.0, "66": 10.0, "67": 10.0, "68": 10.0, "69": 10.0, "70": 10.0, "71": 10.0, "72": 10.0, "73": 10.0, "74": 10.0, "75": 99999.0, "76": 99999.0, "77": 99999.0, "78": 99999.0}, "p1": {"0": 20.431240200303215, "1": 5.51948051948052, "2": 11.213483146067416, "3": 12.871559633027523, "4": 15.985714285714286, "5": 18.448275862068964, "6": 20.386904761904763, "7": 21.142857142857142, "8": 19.83221476510067, "9": 20.5, "10": 20.851612903225806, "11": 18.87272727272727, "12": 20.32867132867133, "13": 23.053571428571427, "14": 21.38993710691824, "15": 19.664516129032258, "16": 20.03472222222222, "17": 19.893939393939394, "18": 20.984126984126984, "19": 19.5625, "20": 20.73248407643312, "21": 21.583333333333332, "22": 21.896341463414632, "23": 20.981366459627328, "24": 20.830882352941178, "25": 20.88157894736842, "26": 21.53956834532374, "27": 19.878205128205128, "28": 19.272058823529413, "29": 20.68702290076336, "30": 20.112994350282484, "31": 20.4025974025974, "32": 20.753846153846155, "33": 20.348993288590606, "34": 20.865030674846626, "35": 21.930555555555557, "36": 20.8796992481203, "37": 20.682242990654206, "38": 19.490322580645163, "39": 20.021428571428572, "40": 21.737179487179485, "41": 21.884146341463413, "42": 21.0, "43": 21.1156462585034, "44": 22.361702127659573, "45": 20.198347107438018, "46": 22.093220338983052, "47": 21.11111111111111, "48": 20.827067669172934, "49": 22.96638655462185, "50": 23.09090909090909, "51": 20.912408759124087, "52": 20.0, "53": 20.488, "54": 21.66417910447761, "55": 21.89189189189189, "56": 21.231884057971016, "57": 19.725925925925925, "58": 22.678571428571427, "59": 23.714285714285715, "60": 21.62135922330097, "61": 21.64814814814815, "62": 22.555555555555557, "63": 23.529411764705884, "64": 22.48695652173913, "65": 20.64814814814815, "66": 22.037974683544302, "67": 20.96, "68": 20.34020618556701, "69": 20.072916666666668, "70": 21.301075268817204, "71": 20.08695652173913, "72": 20.9125, "73": 19.693181818181817, "74": 18.241935483870968, "75": 17.441558441558442, "76": 19.0, "77": 18.3, "78": 27.75862068965517}, "p2": {"0": 33.80163464379423, "1": 15.727272727272727, "2": 22.128205128205128, "3": 23.25974025974026, "4": 28.414893617021278, "5": 29.535714285714285, "6": 35.64335664335665, "7": 36.55128205128205, "8": 38.45918367346939, "9": 36.29064039408867, "10": 36.55865921787709, "11": 37.193548387096776, "12": 35.51428571428571, "13": 39.60144927536232, "14": 36.544117647058826, "15": 35.01910828025478, "16": 34.11333333333334, "17": 36.09580838323353, "18": 34.13939393939394, "19": 36.970588235294116, "20": 35.104, "21": 33.54621848739496, "22": 35.236363636363635, "23": 33.16101694915254, "24": 32.8125, "25": 32.542857142857144, "26": 34.094339622641506, "27": 36.448, "28": 34.00787401574803, "29": 34.532710280373834, "30": 34.37614678899082, "31": 34.10526315789474, "32": 35.17094017094017, "33": 34.24324324324324, "34": 35.67289719626168, "35": 33.958333333333336, "36": 35.324074074074076, "37": 36.477064220183486, "38": 34.477777777777774, "39": 33.544642857142854, "40": 33.74285714285714, "41": 33.02040816326531, "42": 38.693069306930695, "43": 35.09090909090909, "44": 32.77647058823529, "45": 33.91489361702128, "46": 34.71153846153846, "47": 35.578947368421055, "48": 33.98, "49": 33.860759493670884, "50": 31.139240506329113, "51": 34.235955056179776, "52": 35.11538461538461, "53": 36.8, "54": 35.26373626373626, "55": 36.743589743589745, "56": 33.12222222222222, "57": 36.074074074074076, "58": 31.690140845070424, "59": 35.5, "60": 35.0, "61": 31.054945054945055, "62": 34.34905660377358, "63": 32.58510638297872, "64": 35.70422535211268, "65": 34.492537313432834, "66": 33.74647887323944, "67": 34.770270270270274, "68": 30.523809523809526, "69": 33.31111111111111, "70": 31.344827586206897, "71": 33.16923076923077, "72": 32.36764705882353, "73": 30.328358208955223, "74": 35.37777777777778, "75": 32.3421052631579, "76": 25.974358974358974, "77": 37.38461538461539, "78": 35.05}, "p3": {"0": 44.97680792580963, "1": 16.240506329113924, "2": 14.692307692307692, "3": 21.274193548387096, "4": 29.897959183673468, "5": 39.29752066115702, "6": 40.80874316939891, "7": 39.70854271356784, "8": 42.18571428571428, "9": 42.34158415841584, "10": 41.79891304347826, "11": 38.73737373737374, "12": 39.246073298429316, "13": 40.705882352941174, "14": 38.60621761658031, "15": 38.43715846994535, "16": 39.34969325153374, "17": 40.83431952662722, "18": 42.053254437869825, "19": 41.785276073619634, "20": 39.80748663101604, "21": 40.784946236559136, "22": 39.28643216080402, "23": 40.07368421052632, "24": 38.622093023255815, "25": 41.366863905325445, "26": 42.06111111111111, "27": 41.796178343949045, "28": 40.18539325842696, "29": 42.2037037037037, "30": 47.03164556962025, "31": 42.42372881355932, "32": 43.02564102564103, "33": 44.51111111111111, "34": 45.836363636363636, "35": 47.38194444444444, "36": 49.9290780141844, "37": 48.51748251748252, "38": 48.9625, "39": 51.544117647058826, "40": 48.35294117647059, "41": 50.17094017094017, "42": 51.12587412587413, "43": 48.53913043478261, "44": 50.11864406779661, "45": 48.78294573643411, "46": 52.23728813559322, "47": 45.42748091603053, "48": 49.621428571428574, "49": 46.63302752293578, "50": 46.24074074074074, "51": 49.51327433628319, "52": 51.79090909090909, "53": 50.22429906542056, "54": 53.672413793103445, "55": 52.219298245614034, "56": 48.18421052631579, "57": 47.40677966101695, "58": 50.03191489361702, "59": 51.819047619047616, "60": 49.84761904761905, "61": 48.876288659793815, "62": 49.083333333333336, "63": 45.915789473684214, "64": 49.33009708737864, "65": 48.031496062992126, "66": 46.86725663716814, "67": 49.503937007874015, "68": 50.795918367346935, "69": 51.45794392523364, "70": 47.03703703703704, "71": 47.94285714285714, "72": 46.22641509433962, "73": 52.10891089108911, "74": 47.66355140186916, "75": 49.80769230769231, "76": 55.63529411764706, "77": 57.43333333333333, "78": 59.160919540229884}, "p4": {"0": 49.24819091932538, "1": 49.24819091932538, "2": 49.24819091932538, "3": 49.24819091932538, "4": 49.07282913165266, "5": 48.71910112359551, "6": 48.93201133144476, "7": 49.017699115044245, "8": 48.97560975609756, "9": 48.945945945945944, "10": 49.134078212290504, "11": 49.22826086956522, "12": 49.193548387096776, "13": 49.45628415300546, "14": 49.474393530997304, "15": 49.0, "16": 49.06233062330623, "17": 49.3801652892562, "18": 49.08132530120482, "19": 49.530674846625764, "20": 49.84126984126984, "21": 50.05172413793103, "22": 50.0, "23": 49.630824372759854, "24": 49.49802371541502, "25": 49.66796875, "26": 49.3206106870229, "27": 48.92086330935252, "28": 48.823970037453186, "29": 49.30452674897119, "30": 48.65250965250965, "31": 48.90530303030303, "32": 48.577358490566034, "33": 48.7578125, "34": 48.73122529644269, "35": 48.50199203187251, "36": 49.148305084745765, "37": 49.286852589641434, "38": 49.275862068965516, "39": 49.01984126984127, "40": 49.403225806451616, "41": 49.98412698412698, "42": 50.264227642276424, "43": 49.78455284552845, "44": 49.63008130081301, "45": 49.202429149797574, "46": 49.855421686746986, "47": 49.646153846153844, "48": 49.98501872659176, "49": 50.108108108108105,