{"p0": {"0": 10.0, "1": 10.0, "2": 10.0, "3": 10.0, "4": 10.0, "5": 10.0, "6": 10.0, "7": 10.0, "8": 10.0, "9": 10.0, "10": 10.0, "11": 10.0, "12": 10.0, "13": 10.0, "14": 10.0, "15": 10.0, "16": 10.0, "17": 10.0, "18": 10.0, "19": 10.0, "20": 10.0, "21": 10.0, "22": 10.0, "23": 10.0, "24": 10.0, "25": 10.0, "26": 10.0, "27": 10.0, "28": 10.0, "29": 10.0, "30": 10.0, "31": 10.0, "32": 10.0, "33": 10.0, "34": 10.0, "35": 10.0, "36": 10.0, "37": 10.0, "38": 10.0, "39": 10.0, "40": 10.0, "41": 10.0, "42": 10.0, "43": 10.0, "44": 10.0, "45": 10.0, "46": 10.0, "47": 10.0, "48": 10.0, "49": 10.0, "50": 10.0, "51": 10.0, "52": 10.0, "53": 10.0, "54": 10.0, "55": 10.0, "56": 10.0, "57": 10.0, "58": 10.0, "59": 10.0, "60": 10.0, "61": 10.0, "62": 10.0, "63": 10.0, "64": 10.0, "65": 10.0, "66": 10.0, "67": 10.0, "68": 10.0, "69": 10.0, "70": 10.0, "71": 10.0, "72": 10.0, "73": 10.0, "74": 10.0, "75": 10.0, "76": 10.0, "77": 10.0, "78": 99999.0, "79": 99999.0, "80": 99999.0, "81": 99999.0}, "p1": {"0": 21.583536179571244, "1": 10.571428571428571, "2": 11.14864864864865, "3": 13.694736842105263, "4": 18.28846153846154, "5": 20.728, "6": 21.483606557377048, "7": 22.98780487804878, "8": 20.96385542168675, "9": 22.42528735632184, "10": 22.646464646464647, "11": 21.088495575221238, "12": 20.358490566037737, "13": 22.704545454545453, "14": 21.857142857142858, "15": 21.505494505494507, "16": 20.7979797979798, "17": 21.018691588785046, "18": 21.9438202247191, "19": 22.035087719298247, "20": 21.330357142857142, "21": 21.403846153846153, "22": 20.892857142857142, "23": 22.32456140350877, "24": 21.32075471698113, "25": 18.474747474747474, "26": 22.007575757575758, "27": 22.528089887640448, "28": 21.12295081967213, "29": 22.575221238938052, "30": 23.113636363636363, "31": 21.443396226415093, "32": 21.1340206185567, "33": 23.597701149425287, "34": 20.945945945945947, "35": 20.095238095238095, "36": 22.017391304347825, "37": 22.110169491525422, "38": 20.865384615384617, "39": 21.41509433962264, "40": 19.747252747252748, "41": 21.6875, "42": 19.627450980392158, "43": 22.233644859813083, "44": 20.221153846153847, "45": 22.788888888888888, "46": 23.565217391304348, "47": 22.229166666666668, "48": 23.028169014084508, "49": 24.492957746478872, "50": 22.961038961038962, "51": 23.14457831325301, "52": 23.338028169014084, "53": 23.760416666666668, "54": 20.983050847457626, "55": 22.17721518987342, "56": 22.308823529411764, "57": 22.773333333333333, "58": 22.8125, "59": 22.415384615384614, "60": 21.71014492753623, "61": 22.775, "62": 22.415730337078653, "63": 24.541666666666668, "64": 22.876404494382022, "65": 23.34426229508197, "66": 21.363636363636363, "67": 21.789473684210527, "68": 22.529411764705884, "69": 22.716666666666665, "70": 21.276923076923076, "71": 21.380281690140844, "72": 22.285714285714285, "73": 20.327868852459016, "74": 19.551724137931036, "75": 20.083333333333332, "76": 19.353846153846153, "77": 20.58490566037736, "78": 18.294117647058822, "79": 21.76923076923077, "80": 30.3, "81": 31.733333333333334}, "p2": {"0": 33.959183024549404, "1": 11.26086956521739, "2": 12.857142857142858, "3": 20.871794871794872, "4": 23.753846153846155, "5": 27.585714285714285, "6": 32.71818181818182, "7": 33.57657657657658, "8": 35.45112781954887, "9": 36.06818181818182, "10": 38.04697986577181, "11": 37.173228346456696, "12": 35.60344827586207, "13": 34.027272727272724, "14": 35.61682242990654, "15": 34.842696629213485, "16": 33.65217391304348, "17": 33.736363636363635, "18": 35.66019417475728, "19": 32.483050847457626, "20": 34.07751937984496, "21": 35.43181818181818, "22": 34.55357142857143, "23": 37.08571428571429, "24": 35.24528301886792, "25": 35.113207547169814, "26": 34.21621621621622, "27": 33.138888888888886, "28": 34.819047619047616, "29": 34.016806722689076, "30": 35.916666666666664, "31": 36.27884615384615, "32": 33.670103092783506, "33": 35.42, "34": 35.48148148148148, "35": 35.88157894736842, "36": 34.01111111111111, "37": 32.73033707865169, "38": 32.1764705882353, "39": 31.93617021276596, "40": 33.888888888888886, "41": 35.0253164556962, "42": 35.26881720430107, "43": 31.747663551401867, "44": 38.08510638297872, "45": 36.48863636363637, "46": 36.48809523809524, "47": 35.82089552238806, "48": 33.79220779220779, "49": 35.75675675675676, "50": 35.28, "51": 36.464285714285715, "52": 37.0722891566265, "53": 36.932432432432435, "54": 35.93650793650794, "55": 34.371428571428574, "56": 34.82142857142857, "57": 35.8, "58": 35.582089552238806, "59": 33.785714285714285, "60": 36.07692307692308, "61": 34.09090909090909, "62": 35.766666666666666, "63": 33.45762711864407, "64": 34.72463768115942, "65": 34.65079365079365, "66": 36.611111111111114, "67": 34.333333333333336, "68": 33.6551724137931, "69": 33.69387755102041, "70": 36.07692307692308, "71": 35.236111111111114, "72": 34.0, "73": 33.215384615384615, "74": 34.916666666666664, "75": 31.5609756097561, "76": 28.256410256410255, "77": 36.09756097560975, "78": 32.55555555555556, "79": 29.193548387096776, "80": 49.5, "81": 38.42857142857143}, "p3": {"0": 50.83631500765959, "1": 19.566666666666666, "2": 20.5, "3": 31.8125, "4": 38.47222222222222, "5": 43.24, "6": 48.76056338028169, "7": 55.776595744680854, "8": 50.375, "9": 50.628571428571426, "10": 52.57142857142857, "11": 54.11764705882353, "12": 49.14035087719298, "13": 49.60606060606061, "14": 50.22549019607843, "15": 50.7304347826087, "16": 47.862385321100916, "17": 49.69090909090909, "18": 46.58974358974359, "19": 43.782051282051285, "20": 48.52325581395349, "21": 44.87, "22": 46.06611570247934, "23": 48.654205607476634, "24": 47.283185840707965, "25": 49.680851063829785, "26": 43.19736842105263, "27": 48.11764705882353, "28": 47.15384615384615, "29": 46.83168316831683, "30": 47.9009009009009, "31": 48.869565217391305, "32": 51.96590909090909, "33": 52.03389830508475, "34": 50.226890756302524, "35": 51.68, "36": 52.71578947368421, "37": 52.84070796460177, "38": 48.26136363636363, "39": 52.30275229357798, "40": 55.43023255813954, "41": 52.60606060606061, "42": 52.57142857142857, "43": 53.77570093457944, "44": 52.73728813559322, "45": 48.22608695652174, "46": 51.72164948453608, "47": 49.28409090909091, "48": 47.53398058252427, "49": 49.76923076923077, "50": 50.25, "51": 51.5625, "52": 49.45054945054945, "53": 50.679245283018865, "54": 54.104651162790695, "55": 53.23809523809524, "56": 48.725, "57": 56.7710843373494, "58": 55.25806451612903, "59": 52.20879120879121, "60": 57.0, "61": 56.747252747252745, "62": 56.625, "63": 55.91089108910891, "64": 55.13513513513514, "65": 55.11538461538461, "66": 54.15384615384615, "67": 55.91011235955056, "68": 52.225, "69": 58.521126760563384, "70": 54.89411764705882, "71": 53.093023255813954, "72": 55.32222222222222, "73": 53.68817204301075, "74": 55.44736842105263, "75": 56.351351351351354, "76": 60.03947368421053, "77": 60.19402985074627, "78": 55.8051948051948, "79": 60.43835616438356, "80": 64.40350877192982, "81": 62.19266055045872}, "p4": {"0": 48.420452868884745, "1": 48.420452868884745, "2": 48.420452868884745, "3": 48.420452868884745, "4": 48.54920634920635, "5": 48.454828660436135, "6": 48.14769230769231, "7": 48.02564102564103, "8": 47.8839590443686, "9": 47.96551724137931, "10": 48.09119496855346, "11": 47.59415584415584, "12": 47.96036585365854, "13": 48.081761006289305, "14": 48.198083067092654, "15": 47.77987421383648, "16": 48.2625, "17": 48.00625, "18": 47.743034055727556, "19": 47.80547112462006, "20": 48.00311526479751, "21": 47.644444444444446, "22": 47.49650349650349, "23": 47.98257839721254, "24": 47.625454545454545, "25": 47.56153846153846, "26": 47.793774319066145, "27": 48.14107883817427, "28": 48.110619469026545, "29": 47.45205479452055, "30": 48.085585585585584, "31": 48.18781725888325, "32": 48.3717277486911, "33": 49.719298245614034, "34": 49.380116959064324, "35": 50.1436170212766, "36": 49.494505494505496, "37": 49.69613259668508, "38": 48.90055248618785, "39": 49.36363636363637, "40": 49.41916167664671,