{"p0": {"0": 10.0, "1": 10.0, "2": 10.0, "3": 10.0, "4": 10.0, "5": 10.0, "6": 10.0, "7": 10.0, "8": 10.0, "9": 10.0, "10": 10.0, "11": 10.0, "12": 10.0, "13": 10.0, "14": 10.0, "15": 10.0, "16": 10.0, "17": 10.0, "18": 10.0, "19": 10.0, "20": 10.0, "21": 10.0, "22": 10.0, "23": 10.0, "24": 10.0, "25": 10.0, "26": 10.0, "27": 10.0, "28": 10.0, "29": 10.0, "30": 10.0, "31": 10.0, "32": 10.0, "33": 10.0, "34": 10.0, "35": 10.0, "36": 10.0, "37": 10.0, "38": 10.0, "39": 10.0, "40": 10.0, "41": 10.0, "42": 10.0, "43": 10.0, "44": 10.0, "45": 10.0, "46": 10.0, "47": 10.0, "48": 10.0, "49": 10.0, "50": 10.0, "51": 10.0, "52": 10.0, "53": 10.0, "54": 10.0, "55": 10.0, "56": 10.0, "57": 10.0, "58": 10.0, "59": 10.0, "60": 10.0, "61": 10.0, "62": 10.0, "63": 10.0, "64": 10.0, "65": 10.0, "66": 10.0, "67": 10.0, "68": 10.0, "69": 10.0, "70": 10.0, "71": 10.0, "72": 10.0, "73": 10.0, "74": 10.0, "75": 10.0, "76": 10.0, "77": 10.0, "78": 10.0, "79": 10.0, "80": 10.0, "81": 10.0, "82": 10.0, "83": 10.0, "84": 10.0, "85": 10.0, "86": 10.0, "87": 10.0, "88": 10.0, "89": 10.0, "90": 10.0, "91": 10.0, "92": 10.0, "93": 10.0, "94": 10.0, "95": 10.0, "96": 99999.0, "97": 99999.0, "98": 99999.0}, "p1": {"0": 19.65939843252923, "1": 8.346153846153847, "2": 10.83673469387755, "3": 12.967479674796747, "4": 17.272727272727273, "5": 19.806629834254142, "6": 22.13903743315508, "7": 20.84967320261438, "8": 20.375, "9": 20.707792207792206, "10": 18.67361111111111, "11": 18.448818897637796, "12": 19.522727272727273, "13": 21.233532934131738, "14": 20.714285714285715, "15": 20.993150684931507, "16": 20.391025641025642, "17": 23.056338028169016, "18": 21.103703703703705, "19": 22.318840579710145, "20": 22.44055944055944, "21": 22.096774193548388, "22": 21.891472868217054, "23": 21.721804511278197, "24": 22.151162790697676, "25": 21.960264900662253, "26": 22.44, "27": 20.823076923076922, "28": 22.573643410852714, "29": 22.72093023255814, "30": 22.96323529411765, "31": 20.516129032258064, "32": 19.50793650793651, "33": 21.537815126050422, "34": 21.5531914893617, "35": 22.165289256198346, "36": 20.105960264900663, "37": 21.644927536231883, "38": 20.318840579710145, "39": 19.992592592592594, "40": 19.354609929078013, "41": 20.223021582733814, "42": 19.401639344262296, "43": 20.366412213740457, "44": 19.177304964539008, "45": 19.87704918032787, "46": 22.973913043478262, "47": 19.57943925233645, "48": 19.62676056338028, "49": 19.52112676056338, "50": 19.66412213740458, "51": 21.133333333333333, "52": 20.221374045801525, "53": 20.106796116504853, "54": 19.134920634920636, "55": 18.189393939393938, "56": 20.4, "57": 20.69607843137255, "58": 19.76851851851852, "59": 20.149122807017545, "60": 18.954545454545453, "61": 19.67479674796748, "62": 19.33644859813084, "63": 20.13157894736842, "64": 17.65137614678899, "65": 21.04424778761062, "66": 18.47457627118644, "67": 18.533333333333335, "68": 19.298076923076923, "69": 19.40625, "70": 19.302325581395348, "71": 20.387755102040817, "72": 18.4070796460177, "73": 18.46315789473684, "74": 20.658823529411766, "75": 20.264705882352942, "76": 20.463917525773194, "77": 19.94736842105263, "78": 18.9375, "79": 19.570093457943926, "80": 19.9811320754717, "81": 19.670103092783506, "82": 18.875, "83": 17.377551020408163, "84": 18.038961038961038, "85": 18.022727272727273, "86": 20.741573033707866, "87": 19.107843137254903, "88": 19.6, "89": 18.96153846153846, "90": 18.19, "91": 17.57, "92": 18.133333333333333, "93": 15.942528735632184, "94": 16.897435897435898, "95": 13.822222222222223, "96": 13.0, "97": 14.333333333333334, "98": 29.0}, "p2": {"0": 36.9067239256239, "1": 17.425, "2": 19.615384615384617, "3": 28.484848484848484, "4": 28.4, "5": 29.86111111111111, "6": 31.90566037735849, "7": 33.69827586206897, "8": 35.29142857142857, "9": 36.037433155080215, "10": 37.45054945054945, "11": 36.765957446808514, "12": 35.54794520547945, "13": 35.532967032967036, "14": 37.575, "15": 35.223021582733814, "16": 36.50349650349651, "17": 35.493975903614455, "18": 33.50609756097561, "19": 34.43478260869565, "20": 35.44897959183673, "21": 35.02054794520548, "22": 35.28476821192053, "23": 35.113207547169814, "24": 33.61267605633803, "25": 34.07432432432432, "26": 34.74647887323944, "27": 34.321917808219176, "28": 33.88194444444444, "29": 36.28169014084507, "30": 36.5177304964539, "31": 34.901315789473685, "32": 35.21818181818182, "33": 34.80239520958084, "34": 36.25547445255474, "35": 36.19402985074627, "36": 38.920529801324506, "37": 35.93283582089552, "38": 37.12403100775194, "39": 37.00666666666667, "40": 37.48322147651007, "41": 39.554794520547944, "42": 36.6640625, "43": 38.34177215189873, "44": 39.328, "45": 38.59055118110236, "46": 40.30714285714286, "47": 39.04929577464789, "48": 37.5, "49": 36.95569620253165, "50": 40.11971830985915, "51": 36.03623188405797, "52": 40.53076923076923, "53": 39.16279069767442, "54": 40.36241610738255, "55": 38.32330827067669, "56": 39.2108843537415, "57": 36.08661417322835, "58": 37.94117647058823, "59": 38.22727272727273, "60": 37.06944444444444, "61": 38.82962962962963, "62": 38.719424460431654, "63": 39.594202898550726, "64": 39.285714285714285, "65": 37.739495798319325, "66": 38.18333333333333, "67": 37.38333333333333, "68": 40.0, "69": 37.57241379310345, "70": 38.651315789473685, "71": 37.00684931506849, "72": 38.36496350364963, "73": 37.847457627118644, "74": 38.6, "75": 37.48739495798319, "76": 38.81896551724138, "77": 39.5078125, "78": 38.962406015037594, "79": 38.39855072463768, "80": 37.07299270072993, "81": 38.51587301587302, "82": 36.24, "83": 38.8235294117647, "84": 38.79245283018868, "85": 36.52173913043478, "86": 39.42016806722689, "87": 39.15384615384615, "88": 41.344, "89": 37.92173913043478, "90": 38.33898305084746, "91": 40.81818181818182, "92": 38.17213114754098, "93": 38.10891089108911, "94": 37.37623762376238, "95": 39.36046511627907, "96": 41.18055555555556, "97": 47.38028169014085, "98": 45.10576923076923}, "p3": {"0": 37.28308213891773, "1": 37.28308213891773, "2": 37.28308213891773, "3": 37.013888888888886, "4": 37.36363636363637, "5": 37.05079365079365, "6": 37.323624595469255, "7": 36.851063829787236, "8": 37.123893805309734, "9": 36.94269340974212, "10": 37.06434316353887, "11": 37.05154639175258, "12": 37.05958549222798, "13": 37.213541666666664, "14": 37.14108910891089, "15": 37.19241192411924, "16": 37.224806201550386, "17": 37.12432432432433, "18": 37.1096256684492, "19": 36.96910112359551, "20": 37.15802469135802, "21": 37.35405405405405, "22": 37.153424657534245, "23": 36.75890410958904, "24": 36.95677233429395, "25": 37.13905325443787, "26": 36.923780487804876, "27": 36.88150289017341, "28": 37.22608695652174, "29": 37.26283987915408, "30": 37.46041055718475, "31": 37.306306306306304, "32": 37.496688741721854, "33": 37.649180327868855, "34": 37.81639344262295, "35": 37.801829268292686, "36": 37.115894039735096, "37": 37.73026315789474, "38": 37.02749140893471, "39": 37.07395498392283, "40": 37.22435897435897, "41": 37.88513513513514, "42": 37.536842105263155, "43": 37.57664233576642, "44": 37.717213114754095, "45": 37.88663967611336, "46": 37.314655172413794, "47": 37.53636363636364, "48": 37.76851851851852, "49": 37.357142857142854, "50": 37.522167487684726, "51": 37.45851528384279, "52": 37.11374407582938, "53": 37.380090497737555, "54": 37.15068493150685, "55": 37.41545893719807, "56": 36.843434343434346, "57": 37.13122171945702, "58": 36.917030567685586, "59": 37.05150214592275, "60": 37.60434782608696, "61": 37.09322033898305, "62": 37.21686746987952, "63": 37.18819188191882, "64": 36.75502008032129, "65": 37.01742160278746, "66": 37.14492753623188, "67": 37.05226480836237, "68": 37.13607594936709, "69": 37.18944099378882, "70": 37.024096385542165, "71": 37.651026392961874, "72": 37.12903225806452, "73": 37.02597402597402, "74": 37.3125, "75": 37.02980132450331, "76": 36.990566037735846, "77": 36.822784810126585, "78": 37.191616766467064, "79": 37.43887147335423, "80": 37.30434782608695,