{"p0": {"0": 10.0, "1": 10.0, "2": 10.0, "3": 10.0, "4": 10.0, "5": 10.0, "6": 10.0, "7": 10.0, "8": 10.0, "9": 10.0, "10": 10.0, "11": 10.0, "12": 10.0, "13": 10.0, "14": 10.0, "15": 10.0, "16": 10.0, "17": 10.0, "18": 10.0, "19": 10.0, "20": 10.0, "21": 10.0, "22": 10.0, "23": 10.0, "24": 10.0, "25": 10.0, "26": 10.0, "27": 10.0, "28": 10.0, "29": 10.0, "30": 10.0, "31": 10.0, "32": 10.0, "33": 10.0, "34": 10.0, "35": 10.0, "36": 10.0, "37": 10.0, "38": 10.0, "39": 10.0, "40": 10.0, "41": 10.0, "42": 10.0, "43": 10.0, "44": 10.0, "45": 10.0, "46": 10.0, "47": 10.0, "48": 10.0, "49": 10.0, "50": 10.0, "51": 10.0, "52": 10.0, "53": 10.0, "54": 10.0, "55": 10.0, "56": 10.0, "57": 10.0, "58": 10.0, "59": 10.0, "60": 10.0, "61": 10.0, "62": 10.0, "63": 10.0, "64": 10.0, "65": 10.0, "66": 10.0, "67": 10.0, "68": 10.0, "69": 10.0, "70": 10.0, "71": 10.0, "72": 10.0, "73": 10.0, "74": 10.0, "75": 10.0, "76": 10.0, "77": 10.0, "78": 10.0, "79": 10.0, "80": 10.0, "81": 10.0, "82": 10.0, "83": 10.0, "84": 10.0, "85": 10.0, "86": 10.0, "87": 10.0, "88": 10.0, "89": 10.0, "90": 99999.0, "91": 99999.0, "92": 99999.0, "93": 99999.0}, "p1": {"0": 22.714053756141762, "1": 5.352941176470588, "2": 12.30952380952381, "3": 16.68, "4": 20.220183486238533, "5": 24.356164383561644, "6": 27.618705035971225, "7": 28.255474452554743, "8": 27.554794520547944, "9": 26.192, "10": 28.24576271186441, "11": 26.9140625, "12": 27.171875, "13": 25.89344262295082, "14": 25.479338842975206, "15": 26.76271186440678, "16": 27.11111111111111, "17": 26.28125, "18": 23.419047619047618, "19": 26.195402298850574, "20": 23.778761061946902, "21": 25.646017699115045, "22": 23.948453608247423, "23": 23.466666666666665, "24": 20.628205128205128, "25": 22.28, "26": 23.908045977011493, "27": 25.934065934065934, "28": 26.1, "29": 24.01298701298701, "30": 23.233766233766232, "31": 24.5, "32": 26.373493975903614, "33": 23.78205128205128, "34": 24.525641025641026, "35": 22.369565217391305, "36": 24.261904761904763, "37": 26.2, "38": 28.65934065934066, "39": 24.03846153846154, "40": 26.833333333333332, "41": 22.1375, "42": 23.181818181818183, "43": 22.138297872340427, "44": 22.10989010989011, "45": 22.746987951807228, "46": 23.44047619047619, "47": 22.951612903225808, "48": 24.453333333333333, "49": 23.358974358974358, "50": 24.592105263157894, "51": 23.397590361445783, "52": 22.262295081967213, "53": 21.217821782178216, "54": 21.674698795180724, "55": 21.223880597014926, "56": 22.285714285714285, "57": 22.36842105263158, "58": 22.98507462686567, "59": 23.64788732394366, "60": 21.868852459016395, "61": 20.603174603174605, "62": 19.095238095238095, "63": 15.948051948051948, "64": 19.93220338983051, "65": 16.914893617021278, "66": 20.106060606060606, "67": 21.293333333333333, "68": 23.20754716981132, "69": 20.541666666666668, "70": 20.575757575757574, "71": 19.62962962962963, "72": 21.12280701754386, "73": 20.016393442622952, "74": 21.120689655172413, "75": 17.80952380952381, "76": 20.291666666666668, "77": 20.96078431372549, "78": 20.244897959183675, "79": 21.0, "80": 22.826923076923077, "81": 18.770491803278688, "82": 18.112903225806452, "83": 20.785714285714285, "84": 24.140350877192983, "85": 19.646153846153847, "86": 18.73076923076923, "87": 20.567164179104477, "88": 16.40740740740741, "89": 19.8, "90": 26.071428571428573, "91": 24.875, "92": 29.470588235294116, "93": 31.25}, "p2": {"0": 31.84390905516662, "1": 31.84390905516662, "2": 4.445945945945946, "3": 6.63681592039801, "4": 7.36, "5": 8.324786324786325, "6": 10.020114942528735, "7": 10.954063604240282, "8": 12.366459627329192, "9": 13.301169590643275, "10": 12.879598662207357, "11": 13.47940074906367, "12": 16.72972972972973, "13": 15.366666666666667, "14": 17.181818181818183, "15": 17.86627906976744, "16": 17.71005917159763, "17": 19.291666666666668, "18": 20.315068493150687, "19": 27.65714285714286, "20": 28.84426229508197, "21": 33.45192307692308, "22": 33.627906976744185, "23": 36.33802816901409, "24": 36.013333333333335, "25": 37.4025974025974, "26": 34.107142857142854, "27": 36.81578947368421, "28": 35.542857142857144, "29": 41.046875, "30": 37.58571428571429, "31": 38.88059701492537, "32": 40.666666666666664, "33": 36.0, "34": 41.06944444444444, "35": 39.54385964912281, "36": 37.84375, "37": 38.10909090909091, "38": 34.970588235294116, "39": 35.07692307692308, "40": 36.62903225806452, "41": 36.52459016393443, "42": 36.06666666666667, "43": 35.6031746031746, "44": 36.125, "45": 37.2037037037037, "46": 33.32608695652174, "47": 34.94444444444444, "48": 35.30769230769231, "49": 39.292682926829265, "50": 38.09615384615385, "51": 38.22222222222222, "52": 35.297872340425535, "53": 38.07272727272727, "54": 38.0, "55": 37.372093023255815, "56": 39.40816326530612, "57": 38.972972972972975, "58": 40.2037037037037, "59": 35.125, "60": 35.13333333333333, "61": 34.61818181818182, "62": 34.06382978723404, "63": 36.625, "64": 36.5, "65": 35.630434782608695, "66": 33.77777777777778, "67": 36.166666666666664, "68": 35.674418604651166, "69": 41.0, "70": 36.43478260869565, "71": 37.16326530612245, "72": 36.541666666666664, "73": 38.91489361702128, "74": 35.63414634146341, "75": 37.13725490196079, "76": 36.926829268292686, "77": 34.31578947368421, "78": 34.0, "79": 34.44444444444444, "80": 32.9, "81": 32.611111111111114, "82": 37.94285714285714, "83": 32.361702127659576, "84": 31.428571428571427, "85": 34.42857142857143, "86": 35.04, "87": 31.285714285714285, "88": 35.5, "89": 32.95454545454545, "90": 31.0, "91": 37.903225806451616, "92": 40.4, "93": 38.5625}, "p3": {"0": 40.06689933544501, "1": 34.3044925124792, "2": 35.06164383561644, "3": 33.43824701195219, "4": 35.013745704467354, "5": 35.64808362369338, "6": 37.89078498293515, "7": 36.14181818181818, "8": 36.452471482889734, "9": 35.71223021582734, "10": 36.29616724738676, "11": 36.24285714285714, "12": 37.40213523131673, "13": 36.018181818181816, "14": 36.0177304964539, "15": 34.88727272727273, "16": 35.730897009966775, "17": 35.45245901639344, "18": 35.24496644295302, "19": 34.120996441281136, "20": 35.16194331983806, "21": 34.12068965517241, "22": 34.24916943521595, "23": 34.62457337883959, "24": 35.32142857142857, "25": 35.332142857142856, "26": 36.13011152416357, "27": 34.36805555555556, "28": 34.54295532646048, "29": 33.89802631578947, "30": 35.89473684210526, "31": 35.128571428571426, "32": 35.22053231939164, "33": 35.569721115537845, "34": 36.41702127659575, "35": 35.564516129032256, "36": 37.15384615384615, "37": 35.889380530973455, "38": 35.626126126126124, "39": 34.87019230769231, "40": 37.07772020725388, "41": 36.489583333333336, "42": 37.242105263157896, "43": 37.246753246753244, "44": 40.35537190082645, "45": 40.38931297709924, "46": 41.196850393700785, "47": 40.52272727272727, "48": 38.77319587628866, "49": 41.63703703703704, "50": 40.10619469026549, "51": 41.75221238938053, "52": 39.10084033613445, "53": 40.57142857142857, "54": 42.72649572649573, "55": 43.747368421052634, "56": 42.8041237113402, "57": 41.922413793103445, "58": 42.54128440366973, "59": 41.33653846153846, "60": 37.979166666666664, "61": 45.7032967032967, "62": 42.39252336448598, "63": 42.61052631578947, "64": 41.808510638297875, "65": 39.85057471264368, "66": 40.41935483870968, "67": 40.5, "68": 39.85, "69": 44.12871287128713, "70": 41.44444444444444, "71": 44.333333333333336, "72": 43.77450980392157, "73": 41.18803418803419, "74": 44.242990654205606, "75": 43.78350515463917, "76": 43.61616161616162, "77": 47.225352112676056, "78": 43.86086956521739, "79": 44.16129032258065, "80": 44.59375, "81": 46.013513513513516, "82": 45.391752577319586, "83": 45.9375, "84": 45.19101123595506, "85": 42.97979797979798, "86": 46.73737373737374, "87": 45.541666666666664, "88": 49.93333333333333, "89": 44.6875, "90": 51.17741935483871, "91": 52.26315789473684, "92": 61.886792452830186, "93": 61.3134328358209}, "p4": {"0": 48.3200736323718, "1": 48.3200736323718, "2": 48.3200736323718, "3": 48.3200736323718, "4": 47.892276422764226,