{"p0": {"0": 10.0, "1": 10.0, "2": 10.0, "3": 10.0, "4": 10.0, "5": 10.0, "6": 10.0, "7": 10.0, "8": 10.0, "9": 10.0, "10": 10.0, "11": 10.0, "12": 10.0, "13": 10.0, "14": 10.0, "15": 10.0, "16": 10.0, "17": 10.0, "18": 10.0, "19": 10.0, "20": 10.0, "21": 10.0, "22": 10.0, "23": 10.0, "24": 10.0, "25": 10.0, "26": 10.0, "27": 10.0, "28": 10.0, "29": 10.0, "30": 10.0, "31": 10.0, "32": 10.0, "33": 10.0, "34": 10.0, "35": 10.0, "36": 10.0, "37": 10.0, "38": 10.0, "39": 10.0, "40": 10.0, "41": 10.0, "42": 10.0, "43": 10.0, "44": 10.0, "45": 10.0, "46": 10.0, "47": 10.0, "48": 10.0, "49": 10.0, "50": 10.0, "51": 10.0, "52": 10.0, "53": 10.0, "54": 10.0, "55": 10.0, "56": 10.0, "57": 10.0, "58": 10.0, "59": 10.0, "60": 10.0, "61": 10.0, "62": 10.0, "63": 10.0, "64": 10.0, "65": 10.0, "66": 10.0, "67": 10.0, "68": 10.0, "69": 10.0, "70": 10.0, "71": 10.0, "72": 10.0, "73": 10.0, "74": 10.0, "75": 10.0, "76": 10.0, "77": 10.0, "78": 10.0, "79": 10.0, "80": 10.0, "81": 10.0, "82": 10.0, "83": 10.0, "84": 10.0, "85": 10.0, "86": 10.0, "87": 10.0, "88": 99999.0, "89": 99999.0, "90": 99999.0, "91": 99999.0}, "p1": {"0": 21.274011082818692, "1": 9.554054054054054, "2": 10.276785714285714, "3": 13.287671232876713, "4": 16.408396946564885, "5": 18.23224043715847, "6": 22.762376237623762, "7": 22.77188328912467, "8": 22.347368421052632, "9": 21.73490813648294, "10": 20.809876543209878, "11": 21.94750656167979, "12": 21.610328638497652, "13": 22.013089005235603, "14": 21.431924882629108, "15": 22.193732193732195, "16": 22.063583815028903, "17": 22.547826086956523, "18": 21.934604904632153, "19": 22.005524861878452, "20": 22.965014577259474, "21": 22.529780564263323, "22": 21.558404558404558, "23": 22.749244712990937, "24": 22.50145772594752, "25": 22.114754098360656, "26": 22.92156862745098, "27": 21.514563106796118, "28": 22.387283236994218, "29": 22.109324758842444, "30": 21.907738095238095, "31": 20.364217252396166, "32": 21.605095541401273, "33": 22.20820189274448, "34": 21.89108910891089, "35": 23.0282131661442, "36": 23.551020408163264, "37": 21.932249322493224, "38": 22.3536231884058, "39": 21.656891495601172, "40": 22.45658263305322, "41": 22.64589235127479, "42": 22.05821917808219, "43": 22.10850439882698, "44": 21.701219512195124, "45": 21.185053380782918, "46": 20.348101265822784, "47": 20.87142857142857, "48": 22.334415584415584, "49": 22.379661016949154, "50": 22.23793103448276, "51": 21.15625, "52": 19.756944444444443, "53": 21.03211009174312, "54": 22.223938223938223, "55": 21.449799196787147, "56": 20.462406015037594, "57": 21.73873873873874, "58": 20.645985401459853, "59": 21.48471615720524, "60": 22.03734439834025, "61": 21.18076923076923, "62": 21.15, "63": 21.116182572614107, "64": 20.879166666666666, "65": 21.779735682819382, "66": 21.63963963963964, "67": 21.08108108108108, "68": 22.04932735426009, "69": 20.847533632286996, "70": 20.639004149377595, "71": 21.263157894736842, "72": 20.593301435406698, "73": 21.38679245283019, "74": 21.32420091324201, "75": 20.732718894009217, "76": 21.26457399103139, "77": 21.744075829383885, "78": 21.063218390804597, "79": 21.68075117370892, "80": 21.04736842105263, "81": 20.369791666666668, "82": 20.631067961165048, "83": 21.88144329896907, "84": 20.63953488372093, "85": 19.863636363636363, "86": 19.101910828025478, "87": 16.009615384615383, "88": 18.765765765765767, "89": 19.063157894736843, "90": 31.347826086956523, "91": 31.7}, "p2": {"0": 32.995580709886006, "1": 11.545454545454545, "2": 18.32075471698113, "3": 23.884444444444444, "4": 26.34285714285714, "5": 28.202898550724637, "6": 33.267734553775746, "7": 33.57587548638132, "8": 34.56381260096931, "9": 34.97862595419847, "10": 34.699101796407184, "11": 35.02333333333333, "12": 34.893169877408056, "13": 34.0886524822695, "14": 33.46593001841621, "15": 33.390658174097666, "16": 32.95876288659794, "17": 34.09756097560975, "18": 34.388888888888886, "19": 34.57142857142857, "20": 35.85995623632385, "21": 34.81296758104738, "22": 34.92944785276074, "23": 33.263440860215056, "24": 33.650145772594755, "25": 33.763578274760384, "26": 33.51768488745981, "27": 34.05762711864407, "28": 34.192727272727275, "29": 34.828859060402685, "30": 33.51893939393939, "31": 33.52805280528053, "32": 32.97925311203319, "33": 32.95067264573991, "34": 33.13865546218487, "35": 32.54148471615721, "36": 30.944444444444443, "37": 31.869918699186993, "38": 31.16190476190476, "39": 33.470588235294116, "40": 34.40277777777778, "41": 32.18721461187214, "42": 31.798941798941797, "43": 33.79381443298969, "44": 33.27450980392157, "45": 35.20540540540541, "46": 32.593582887700535, "47": 33.76136363636363, "48": 33.64367816091954, "49": 32.629411764705885, "50": 32.55813953488372, "51": 33.376543209876544, "52": 33.68125, "53": 32.98571428571429, "54": 34.358620689655176, "55": 34.86666666666667, "56": 34.019354838709674, "57": 33.93382352941177, "58": 34.73571428571429, "59": 34.02836879432624, "60": 34.3, "61": 34.095238095238095, "62": 33.0, "63": 33.81967213114754, "64": 33.48461538461538, "65": 33.76, "66": 34.24271844660194, "67": 33.244680851063826, "68": 34.02521008403362, "69": 32.35643564356435, "70": 31.33, "71": 33.213592233009706, "72": 33.27272727272727, "73": 32.46666666666667, "74": 34.39622641509434, "75": 35.119565217391305, "76": 32.896907216494846, "77": 32.97674418604651, "78": 33.096774193548384, "79": 33.989583333333336, "80": 33.25, "81": 35.872093023255815, "82": 34.357142857142854, "83": 32.51851851851852, "84": 34.05797101449275, "85": 34.765625, "86": 32.86206896551724, "87": 30.03921568627451, "88": 31.71186440677966, "89": 30.394736842105264, "90": 38.333333333333336, "91": 38.27272727272727}, "p3": {"0": 40.354956245107395, "1": 16.498871331828443, "2": 16.197564276048716, "3": 18.51531291611185, "4": 21.29310344827586, "5": 24.20954598370198, "6": 27.41372351160444, "7": 28.373840445269018, "8": 30.41440598690365, "9": 29.635849056603774, "10": 28.889655172413793, "11": 30.549382716049383, "12": 30.374888691006234, "13": 31.254530477759474, "14": 29.612090680100756, "15": 29.666961913197518, "16": 29.651877133105803, "17": 29.77132805628848, "18": 29.072212065813527, "19": 29.296363636363637, "20": 30.732435033686237, "21": 29.693078324225866, "22": 30.457663451232584, "23": 30.60381143430291, "24": 31.91025641025641, "25": 31.38395061728395, "26": 33.12362637362637, "27": 33.29045643153527, "28": 32.869565217391305, "29": 32.9940119760479, "30": 34.43920972644377, "31": 34.89446366782007, "32": 36.4015625, "33": 36.82434782608696, "34": 36.19245283018868, "35": 36.63483146067416, "36": 39.26930693069307, "37": 39.78664192949907, "38": 43.50751879699248, "39": 40.68916155419223, "40": 42.864814814814814, "41": 43.018450184501845, "42": 43.52007648183557, "43": 46.53187250996016, "44": 44.056112224448896, "45": 44.7319587628866, "46": 43.97165991902834, "47": 44.63429752066116, "48": 44.62183235867447, "49": 43.886939571150094, "50": 45.159574468085104, "51": 45.20517560073937, "52": 45.488843813387426, "53": 45.058411214953274, "54": 46.21729490022173, "55": 43.773892773892776, "56": 45.43478260869565, "57": 45.88551401869159, "58": 47.12296983758701, "59": 45.649616368286445, "60": 45.98148148148148, "61": 47.62204724409449, "62": 45.0958904109589, "63": 47.62777777777778, "64": 45.478873239436616, "65": 49.16326530612245, "66": 46.72485207100592, "67": 46.50778816199377, "68": 46.98679867986799, "69": 46.533762057877816, "70": 47.48543689320388, "71": 48.104166666666664, "72": 46.076, "73": 46.60740740740741, "74": 45.109170305676855, "75": 48.27467811158798, "76": 47.9647577092511, "77": 50.354066985645936, "78": 48.38912133891213, "79": 46.81347150259067, "80": 48.48947368421052, "81": 49.41111111111111, "82": 48.81976744186046, "83": 50.865591397849464, "84": 49.14792899408284, "85": 50.02325581395349, "86": 53.924528301886795, "87": 49.577777777777776, "88": 54.39310344827586, "89": 53.84507042253521, "90": 60.72, "91": 56.95864661654135},