{"p0": {"0": 10.0, "1": 10.0, "2": 10.0, "3": 10.0, "4": 10.0, "5": 10.0, "6": 10.0, "7": 10.0, "8": 10.0, "9": 10.0, "10": 10.0, "11": 10.0, "12": 10.0, "13": 10.0, "14": 10.0, "15": 10.0, "16": 10.0, "17": 10.0, "18": 10.0, "19": 10.0, "20": 10.0, "21": 10.0, "22": 10.0, "23": 10.0, "24": 10.0, "25": 10.0, "26": 10.0, "27": 10.0, "28": 10.0, "29": 10.0, "30": 10.0, "31": 10.0, "32": 10.0, "33": 10.0, "34": 10.0, "35": 10.0, "36": 10.0, "37": 10.0, "38": 10.0, "39": 10.0, "40": 10.0, "41": 10.0, "42": 10.0, "43": 10.0, "44": 10.0, "45": 10.0, "46": 10.0, "47": 10.0, "48": 10.0, "49": 10.0, "50": 10.0, "51": 10.0, "52": 10.0, "53": 10.0, "54": 10.0, "55": 10.0, "56": 10.0, "57": 10.0, "58": 10.0, "59": 10.0, "60": 10.0, "61": 10.0, "62": 10.0, "63": 10.0, "64": 10.0, "65": 10.0, "66": 10.0, "67": 10.0, "68": 10.0, "69": 10.0, "70": 10.0, "71": 10.0, "72": 10.0, "73": 10.0, "74": 10.0, "75": 10.0, "76": 10.0, "77": 10.0, "78": 10.0, "79": 10.0, "80": 10.0, "81": 10.0, "82": 10.0, "83": 10.0, "84": 10.0, "85": 10.0, "86": 10.0, "87": 99999.0, "88": 99999.0, "89": 99999.0, "90": 99999.0}, "p1": {"0": 21.97620057556583, "1": 11.446601941747574, "2": 14.774193548387096, "3": 14.5625, "4": 19.897959183673468, "5": 22.286324786324787, "6": 25.312727272727273, "7": 24.4, "8": 24.40625, "9": 24.961038961038962, "10": 23.80817610062893, "11": 23.95664739884393, "12": 23.856269113149846, "13": 23.566666666666666, "14": 22.951653944020357, "15": 22.31231231231231, "16": 22.508896797153024, "17": 23.242690058479532, "18": 24.0125, "19": 24.192028985507246, "20": 24.307692307692307, "21": 23.885196374622357, "22": 24.310769230769232, "23": 22.28173374613003, "24": 22.10091743119266, "25": 23.141538461538463, "26": 22.7, "27": 22.62987012987013, "28": 22.38144329896907, "29": 22.25, "30": 22.68831168831169, "31": 22.196013289036546, "32": 23.444816053511705, "33": 23.55700325732899, "34": 22.96969696969697, "35": 23.463503649635037, "36": 23.567164179104477, "37": 23.39455782312925, "38": 22.103896103896105, "39": 22.550632911392405, "40": 22.509090909090908, "41": 22.446254071661237, "42": 21.623417721518987, "43": 22.63605442176871, "44": 22.702898550724637, "45": 23.003184713375795, "46": 21.241610738255034, "47": 22.017421602787458, "48": 23.05704697986577, "49": 22.1294964028777, "50": 22.417857142857144, "51": 21.555118110236222, "52": 22.634686346863468, "53": 22.55056179775281, "54": 22.34285714285714, "55": 21.84710743801653, "56": 21.146067415730336, "57": 21.023809523809526, "58": 21.87378640776699, "59": 22.246268656716417, "60": 22.454258675078865, "61": 22.57347670250896, "62": 22.46694214876033, "63": 21.943089430894307, "64": 22.339285714285715, "65": 21.625984251968504, "66": 21.439560439560438, "67": 22.28787878787879, "68": 21.971544715447155, "69": 22.407272727272726, "70": 22.526119402985074, "71": 21.868512110726645, "72": 21.620567375886523, "73": 21.471014492753625, "74": 22.186046511627907, "75": 21.860655737704917, "76": 21.526881720430108, "77": 21.237762237762237, "78": 21.52097902097902, "79": 21.161184210526315, "80": 21.673992673992675, "81": 21.341911764705884, "82": 20.22866894197952, "83": 20.723880597014926, "84": 20.087272727272726, "85": 18.671814671814673, "86": 18.384328358208954, "87": 18.778301886792452, "88": 19.88095238095238, "89": 19.95049504950495, "90": 20.262626262626263}, "p2": {"0": 34.05882659854072, "1": 16.70769230769231, "2": 24.127450980392158, "3": 29.8159509202454, "4": 29.776699029126213, "5": 31.341772151898734, "6": 35.63380281690141, "7": 35.09701492537314, "8": 35.64883720930233, "9": 35.96536796536797, "10": 36.847533632286996, "11": 36.89943074003795, "12": 35.4375, "13": 35.1503416856492, "14": 35.12608695652174, "15": 34.99767981438515, "16": 33.5286783042394, "17": 34.16626506024097, "18": 34.442542787286065, "19": 36.170798898071624, "20": 36.22857142857143, "21": 37.0058651026393, "22": 34.5472312703583, "23": 34.45794392523364, "24": 36.60339943342776, "25": 35.10028653295129, "26": 35.60162601626016, "27": 36.002906976744185, "28": 34.260188087774296, "29": 34.87290969899666, "30": 33.78214285714286, "31": 35.3445945945946, "32": 35.84860557768924, "33": 34.612, "34": 35.455598455598455, "35": 34.05384615384615, "36": 34.344569288389515, "37": 35.88793103448276, "38": 35.2890625, "39": 34.599303135888505, "40": 34.41698841698842, "41": 34.77731092436975, "42": 36.108108108108105, "43": 34.59920634920635, "44": 35.089285714285715, "45": 34.53941908713693, "46": 34.271186440677965, "47": 34.23076923076923, "48": 33.66108786610879, "49": 35.70676691729323, "50": 35.90909090909091, "51": 35.58638743455497, "52": 32.832618025751074, "53": 33.315555555555555, "54": 36.02429149797571, "55": 34.917748917748916, "56": 35.44090909090909, "57": 33.52360515021459, "58": 34.31799163179916, "59": 35.43157894736842, "60": 33.674528301886795, "61": 34.01069518716577, "62": 32.36521739130435, "63": 35.59907834101382, "64": 34.49261083743843, "65": 34.13917525773196, "66": 35.86734693877551, "67": 35.375, "68": 34.61165048543689, "69": 33.473958333333336, "70": 35.29245283018868, "71": 34.16417910447761, "72": 32.937777777777775, "73": 35.683673469387756, "74": 34.541850220264315, "75": 32.67977528089887, "76": 34.059701492537314, "77": 33.0225988700565, "78": 33.05113636363637, "79": 34.91237113402062, "80": 33.85446009389671, "81": 31.3953488372093, "82": 32.44600938967136, "83": 33.59375, "84": 32.78651685393258, "85": 30.34020618556701, "86": 31.140243902439025, "87": 30.786458333333332, "88": 29.49700598802395, "89": 32.37179487179487, "90": 37.647887323943664}, "p3": {"0": 36.72605555958857, "1": 19.65291750503018, "2": 20.726190476190474, "3": 21.761092150170647, "4": 23.920325203252034, "5": 26.028315946348734, "6": 29.1, "7": 30.269861286254727, "8": 31.294270833333332, "9": 30.23406862745098, "10": 32.406287787182585, "11": 31.34803337306317, "12": 31.401176470588236, "13": 32.001129943502825, "14": 30.270401948842874, "15": 29.349573690621195, "16": 30.142091152815013, "17": 30.108247422680414, "18": 30.355337078651687, "19": 29.82741116751269, "20": 30.01002865329513, "21": 31.30695770804911, "22": 30.73533619456366, "23": 31.525658807212206, "24": 32.55902306648575, "25": 30.26166902404526, "26": 31.19549929676512, "27": 30.534555712270805, "28": 30.777456647398843, "29": 32.193343898573694, "30": 31.988429752066114, "31": 32.909379968203496, "32": 31.834621329211746, "33": 31.399653979238753, "34": 32.04952380952381, "35": 34.386752136752136, "36": 32.99790794979079, "37": 34.75213675213675, "38": 35.257009345794394, "39": 37.73953488372093, "40": 35.08539325842697, "41": 37.5377969762419, "42": 37.976863753213365, "43": 37.38106796116505, "44": 38.32233502538071, "45": 36.88739946380697, "46": 38.79123711340206, "47": 39.729016786570746, "48": 38.834123222748815, "49": 38.07368421052632, "50": 37.9070351758794, "51": 37.92987012987013, "52": 38.81049562682216, "53": 38.45, "54": 38.37700534759358, "55": 42.08720930232558, "56": 38.00294985250738, "57": 39.94134078212291, "58": 41.472375690607734, "59": 39.024096385542165, "60": 39.82370820668693, "61": 41.888563049853374, "62": 41.64473684210526, "63": 42.04320987654321, "64": 40.86196319018405, "65": 42.129692832764505, "66": 39.955128205128204, "67": 41.30132450331126, "68": 42.19076923076923, "69": 40.93333333333333, "70": 41.80487804878049, "71": 42.600682593856654, "72": 41.3307392996109, "73": 42.16279069767442, "74": 42.63272727272727, "75": 43.79298245614035, "76": 41.71061093247589, "77": 41.6985294117647, "78": 41.85144927536232, "79": 42.89811320754717, "80": 42.28673835125448, "81": 44.40590405904059, "82": 41.87250996015936, "83": 43.19465648854962, "84": 42.45035460992908, "85": 41.93975903614458, "86": 45.51131221719457, "87": 47.44748858447488, "88": 49.976190476190474, "89": 56.26060606060606, "90": 57.511041009463725}, "p4": {"0": 49.73391215571321, "1": 49.73391215571321, "2": 49.73391215571321, "3": 49.73391215571321,