{"p0": {"0": 10.0, "1": 10.0, "2": 10.0, "3": 10.0, "4": 10.0, "5": 10.0, "6": 10.0, "7": 10.0, "8": 10.0, "9": 10.0, "10": 10.0, "11": 10.0, "12": 10.0, "13": 10.0, "14": 10.0, "15": 10.0, "16": 10.0, "17": 10.0, "18": 10.0, "19": 10.0, "20": 10.0, "21": 10.0, "22": 10.0, "23": 10.0, "24": 10.0, "25": 10.0, "26": 10.0, "27": 10.0, "28": 10.0, "29": 10.0, "30": 10.0, "31": 10.0, "32": 10.0, "33": 10.0, "34": 10.0, "35": 10.0, "36": 10.0, "37": 10.0, "38": 10.0, "39": 10.0, "40": 10.0, "41": 10.0, "42": 10.0, "43": 10.0, "44": 10.0, "45": 10.0, "46": 10.0, "47": 10.0, "48": 10.0, "49": 10.0, "50": 10.0, "51": 10.0, "52": 10.0, "53": 10.0, "54": 10.0, "55": 10.0, "56": 10.0, "57": 10.0, "58": 10.0, "59": 10.0, "60": 10.0, "61": 10.0, "62": 10.0, "63": 10.0, "64": 10.0, "65": 10.0, "66": 10.0, "67": 10.0, "68": 10.0, "69": 10.0, "70": 10.0, "71": 10.0, "72": 10.0, "73": 10.0, "74": 10.0, "75": 10.0, "76": 10.0, "77": 10.0, "78": 10.0, "79": 10.0, "80": 99999.0, "81": 99999.0, "82": 99999.0, "83": 99999.0}, "p1": {"0": 25.27503062223632, "1": 18.147368421052633, "2": 18.3015873015873, "3": 19.74561403508772, "4": 21.424137931034483, "5": 22.454545454545453, "6": 25.939736346516007, "7": 26.129087779690188, "8": 25.856259659969087, "9": 26.80654761904762, "10": 26.656121045392023, "11": 26.243027888446214, "12": 26.134146341463413, "13": 26.488801054018445, "14": 25.938129496402876, "15": 26.053221288515406, "16": 26.456806282722514, "17": 26.399390243902438, "18": 26.3245382585752, "19": 26.419540229885058, "20": 26.140458015267175, "21": 26.019174041297934, "22": 26.204379562043794, "23": 25.965204236006052, "24": 26.2778603268945, "25": 26.034732272069466, "26": 26.40639269406393, "27": 26.24302134646962, "28": 25.828125, "29": 25.976076555023923, "30": 25.79907264296754, "31": 25.941775836972344, "32": 26.672292545710267, "33": 26.53018372703412, "34": 26.56451612903226, "35": 26.045779685264662, "36": 26.071770334928228, "37": 26.21344537815126, "38": 26.244036697247708, "39": 26.122082585278278, "40": 26.005649717514125, "41": 25.447191011235955, "42": 26.15432098765432, "43": 25.1055900621118, "44": 25.571106094808126, "45": 25.867768595041323, "46": 25.906060606060606, "47": 25.211656441717793, "48": 25.380116959064328, "49": 26.12578616352201, "50": 25.434931506849313, "51": 25.075301204819276, "52": 25.412213740458014, "53": 24.943181818181817, "54": 25.142857142857142, "55": 25.225296442687746, "56": 24.825892857142858, "57": 25.114155251141554, "58": 25.3125, "59": 24.49537037037037, "60": 24.995283018867923, "61": 24.719806763285025, "62": 25.375, "63": 25.221153846153847, "64": 26.028735632183906, "65": 25.66867469879518, "66": 25.460227272727273, "67": 25.558139534883722, "68": 25.67283950617284, "69": 24.83783783783784, "70": 24.844155844155843, "71": 25.027027027027028, "72": 24.43609022556391, "73": 24.655629139072847, "74": 24.472, "75": 24.05, "76": 25.834645669291337, "77": 23.176923076923078, "78": 23.119266055045873, "79": 22.947916666666668, "80": 24.28125, "81": 25.339285714285715, "82": 26.701149425287355, "83": 26.428571428571427}, "p2": {"0": 21.22626304620586, "1": 12.271634615384615, "2": 11.788235294117648, "3": 12.51552795031056, "4": 13.126068376068377, "5": 14.074309978768577, "6": 16.95731707317073, "7": 18.107660455486542, "8": 18.3418647166362, "9": 18.975694444444443, "10": 18.42491467576792, "11": 18.625912408759124, "12": 18.029090909090908, "13": 16.64969450101833, "14": 17.326375711574954, "15": 18.513131313131314, "16": 17.22970297029703, "17": 18.242236024844722, "18": 18.022821576763487, "19": 19.40087145969499, "20": 18.742424242424242, "21": 18.354691075514875, "22": 18.4841075794621, "23": 18.882063882063882, "24": 19.027431421446384, "25": 19.984496124031008, "26": 18.577235772357724, "27": 18.935135135135134, "28": 19.43360433604336, "29": 19.894472361809044, "30": 19.70639534883721, "31": 19.317901234567902, "32": 19.248538011695906, "33": 20.043478260869566, "34": 19.737373737373737, "35": 20.279605263157894, "36": 21.233449477351915, "37": 20.593639575971732, "38": 19.0135593220339, "39": 21.28767123287671, "40": 21.775, "41": 21.111538461538462, "42": 20.692307692307693, "43": 21.224, "44": 22.492857142857144, "45": 23.003891050583658, "46": 22.089201877934272, "47": 21.483471074380166, "48": 22.988593155893536, "49": 22.051063829787235, "50": 22.924170616113745, "51": 23.109452736318406, "52": 23.817708333333332, "53": 22.594059405940595, "54": 21.81860465116279, "55": 24.04591836734694, "56": 24.372340425531913, "57": 23.944723618090453, "58": 23.67032967032967, "59": 25.77659574468085, "60": 25.87958115183246, "61": 24.19375, "62": 22.49425287356322, "63": 22.841176470588234, "64": 23.391025641025642, "65": 25.44578313253012, "66": 24.01388888888889, "67": 23.048275862068966, "68": 24.949640287769785, "69": 24.99342105263158, "70": 23.533834586466167, "71": 23.125925925925927, "72": 23.95945945945946, "73": 25.39344262295082, "74": 25.408450704225352, "75": 24.14569536423841, "76": 26.650793650793652, "77": 23.231404958677686, "78": 24.23148148148148, "79": 25.77173913043478, "80": 25.426829268292682, "81": 23.823529411764707, "82": 28.470588235294116, "83": 34.96969696969697}, "p3": {"0": 42.97976326311463, "1": 20.47345132743363, "2": 22.366071428571427, "3": 23.220039292730846, "4": 25.897893030794165, "5": 28.857758620689655, "6": 32.94141689373297, "7": 35.04897494305239, "8": 35.0506958250497, "9": 35.63533834586466, "10": 35.597627737226276, "11": 35.80436847103514, "12": 37.773371104815865, "13": 37.12473794549266, "14": 37.89496717724289, "15": 36.671140939597315, "16": 36.800223214285715, "17": 36.93284493284493, "18": 36.51432129514321, "19": 35.915364583333336, "20": 38.35310734463277, "21": 38.16909620991254, "22": 40.4928, "23": 40.86731391585761, "24": 41.19056603773585, "25": 40.627450980392155, "26": 41.17760617760618, "27": 39.55797101449275, "28": 40.940409683426445, "29": 42.37429111531191, "30": 42.333333333333336, "31": 42.69364161849711, "32": 42.38022813688213, "33": 42.61058601134216, "34": 43.90130353817505, "35": 44.969171483622354, "36": 44.33458646616541, "37": 44.241509433962264, "38": 44.63327032136106, "39": 47.55456570155902, "40": 45.194274028629856, "41": 45.18875502008032, "42": 43.83567134268537, "43": 46.304, "44": 46.00925925925926, "45": 44.903296703296704, "46": 46.61052631578947, "47": 47.313769751693, "48": 45.34581497797357, "49": 46.3096926713948, "50": 46.50332594235033, "51": 46.066361556064074, "52": 47.8963133640553, "53": 45.87692307692308, "54": 47.45591397849462, "55": 46.71641791044776, "56": 46.20042194092827, "57": 46.755656108597286, "58": 47.62180974477958, "59": 48.56730769230769, "60": 46.04057279236277, "61": 47.75743707093822, "62": 48.65291262135922, "63": 47.22757111597374, "64": 46.84044943820225, "65": 47.75, "66": 47.56829268292683, "67": 48.31553398058252, "68": 47.81173594132029, "69": 48.54009433962264, "70": 47.62322274881517, "71": 48.82687927107062, "72": 49.2033096926714, "73": 48.193548387096776, "74": 48.45774647887324, "75": 47.24694376528117, "76": 49.17892156862745, "77": 47.771771771771775, "78": 50.09364548494983, "79": 48.89705882352941, "80": 45.16888888888889, "81": 49.497206703910614, "82": 55.275862068965516, "83": 58.78181818181818}, "p4": {"0": 48.04216063804549, "1": 48.04216063804549, "2": 48.04216063804549, "3": 48.04216063804549, "4": 48.06393678160919, "5": 48.04682997118156, "6": 47.94192521877486, "7": 47.91832858499525, "8": 47.70362694300518, "9": 47.76332622601279, "10": 47.773745997865525, "11": 47.75692307692308, "12": 47.62955254942768, "13": 47.90063424947146, "14": 47.652733118971064, "15": 47.76329509906152, "16": 47.795243019648396, "17": 47.828631138975965, "18": 47.64506172839506, "19": 47.80769230769231, "20": 47.82241014799154, "21": 47.689834024896264, "22": 47.862808145766344, "23": 47.86611740473739, "24": 47.762, "25": 47.931282051282054, "26": 47.766766766766764, "27": 47.75,