{"p0": {"0": 10.0, "1": 10.0, "2": 10.0, "3": 10.0, "4": 10.0, "5": 10.0, "6": 10.0, "7": 10.0, "8": 10.0, "9": 10.0, "10": 10.0, "11": 10.0, "12": 10.0, "13": 10.0, "14": 10.0, "15": 10.0, "16": 10.0, "17": 10.0, "18": 10.0, "19": 10.0, "20": 10.0, "21": 10.0, "22": 10.0, "23": 10.0, "24": 10.0, "25": 10.0, "26": 10.0, "27": 10.0, "28": 10.0, "29": 10.0, "30": 10.0, "31": 10.0, "32": 10.0, "33": 10.0, "34": 10.0, "35": 10.0, "36": 10.0, "37": 10.0, "38": 10.0, "39": 10.0, "40": 10.0, "41": 10.0, "42": 10.0, "43": 10.0, "44": 10.0, "45": 10.0, "46": 10.0, "47": 10.0, "48": 10.0, "49": 10.0, "50": 10.0, "51": 10.0, "52": 10.0, "53": 10.0, "54": 10.0, "55": 10.0, "56": 10.0, "57": 10.0, "58": 10.0, "59": 10.0, "60": 10.0, "61": 10.0, "62": 10.0, "63": 10.0, "64": 10.0, "65": 10.0, "66": 10.0, "67": 10.0, "68": 10.0, "69": 10.0, "70": 10.0, "71": 10.0, "72": 10.0, "73": 10.0, "74": 10.0, "75": 10.0, "76": 10.0, "77": 10.0, "78": 99999.0, "79": 99999.0, "80": 99999.0, "81": 99999.0, "82": 99999.0}, "p1": {"0": 17.382266017400177, "1": 4.620689655172414, "2": 7.649253731343284, "3": 9.777777777777779, "4": 13.721428571428572, "5": 15.339901477832512, "6": 17.92349726775956, "7": 17.358823529411765, "8": 15.610810810810811, "9": 19.171597633136095, "10": 18.847368421052632, "11": 18.853107344632768, "12": 18.254545454545454, "13": 17.96, "14": 18.38421052631579, "15": 18.321951219512194, "16": 20.015544041450777, "17": 17.532663316582916, "18": 19.222826086956523, "19": 17.255681818181817, "20": 17.47457627118644, "21": 18.28481012658228, "22": 17.386473429951693, "23": 17.65193370165746, "24": 17.903225806451612, "25": 19.281407035175878, "26": 15.562091503267974, "27": 17.652173913043477, "28": 17.590425531914892, "29": 16.421348314606742, "30": 17.11627906976744, "31": 16.005291005291006, "32": 17.225, "33": 18.52906976744186, "34": 18.59659090909091, "35": 16.733333333333334, "36": 16.192513368983956, "37": 17.429378531073446, "38": 17.256983240223462, "39": 16.888235294117646, "40": 16.0, "41": 16.594444444444445, "42": 15.187845303867404, "43": 16.27683615819209, "44": 16.075, "45": 16.836601307189543, "46": 15.536912751677852, "47": 15.87741935483871, "48": 13.726708074534162, "49": 15.676646706586826, "50": 15.903225806451612, "51": 17.582089552238806, "52": 15.933333333333334, "53": 16.12751677852349, "54": 16.655172413793103, "55": 15.315436241610739, "56": 17.147058823529413, "57": 17.231884057971016, "58": 17.141666666666666, "59": 18.737864077669904, "60": 18.824, "61": 17.889705882352942, "62": 16.833333333333332, "63": 18.71311475409836, "64": 17.255474452554743, "65": 17.136752136752136, "66": 17.951219512195124, "67": 18.108333333333334, "68": 16.34313725490196, "69": 18.375, "70": 19.34453781512605, "71": 20.063636363636363, "72": 20.11111111111111, "73": 20.105263157894736, "74": 17.01851851851852, "75": 16.785714285714285, "76": 18.761467889908257, "77": 19.941176470588236, "78": 18.833333333333332, "79": 22.52857142857143, "80": 22.964285714285715, "81": 26.096774193548388, "82": 26.794871794871796}, "p2": {"0": 33.451397390528, "1": 7.772151898734177, "2": 11.764705882352942, "3": 17.488888888888887, "4": 19.813953488372093, "5": 26.641975308641975, "6": 26.976331360946745, "7": 32.044117647058826, "8": 33.64251207729468, "9": 32.5589519650655, "10": 33.199074074074076, "11": 32.0462962962963, "12": 33.34825870646766, "13": 33.3041237113402, "14": 31.617977528089888, "15": 31.823255813953487, "16": 33.678391959798994, "17": 32.96808510638298, "18": 31.08994708994709, "19": 31.417525773195877, "20": 32.373056994818654, "21": 32.44736842105263, "22": 32.85507246376812, "23": 32.71859296482412, "24": 33.8, "25": 34.76047904191617, "26": 31.705555555555556, "27": 32.25130890052356, "28": 32.1219512195122, "29": 33.54705882352941, "30": 33.20108695652174, "31": 31.82857142857143, "32": 31.918367346938776, "33": 34.20744680851064, "34": 32.27173913043478, "35": 31.005649717514125, "36": 35.78977272727273, "37": 33.27325581395349, "38": 32.95151515151515, "39": 34.1301775147929, "40": 35.11176470588235, "41": 34.05161290322581, "42": 37.05072463768116, "43": 33.53409090909091, "44": 33.97126436781609, "45": 33.06748466257669, "46": 35.38095238095238, "47": 34.74305555555556, "48": 36.896, "49": 32.66129032258065, "50": 35.23357664233577, "51": 36.50675675675676, "52": 34.834782608695654, "53": 36.28358208955224, "54": 34.886178861788615, "55": 35.725806451612904, "56": 35.10606060606061, "57": 39.788990825688074, "58": 37.05172413793103, "59": 36.06422018348624, "60": 34.57971014492754, "61": 33.565891472868216, "62": 33.64462809917355, "63": 36.817460317460316, "64": 36.92727272727273, "65": 38.10891089108911, "66": 35.82170542635659, "67": 35.972477064220186, "68": 34.263636363636365, "69": 35.55555555555556, "70": 36.92372881355932, "71": 36.09708737864078, "72": 37.737864077669904, "73": 35.31182795698925, "74": 36.764044943820224, "75": 35.9375, "76": 34.81012658227848, "77": 35.064935064935064, "78": 32.72727272727273, "79": 36.79661016949152, "80": 36.31481481481482, "81": 48.083333333333336, "82": 44.883720930232556}, "p3": {"0": 42.202925374725424, "1": 12.866666666666667, "2": 18.04597701149425, "3": 24.864583333333332, "4": 28.782945736434108, "5": 38.99333333333333, "6": 47.976190476190474, "7": 42.67204301075269, "8": 44.98930481283423, "9": 41.16393442622951, "10": 41.05263157894737, "11": 40.6764705882353, "12": 41.04117647058823, "13": 42.86705202312139, "14": 41.68292682926829, "15": 42.56287425149701, "16": 39.80368098159509, "17": 40.28662420382165, "18": 43.87012987012987, "19": 41.64375, "20": 39.16022099447514, "21": 45.671052631578945, "22": 39.04081632653061, "23": 41.33757961783439, "24": 40.58620689655172, "25": 44.08163265306123, "26": 44.91489361702128, "27": 40.765822784810126, "28": 44.26973684210526, "29": 42.11029411764706, "30": 45.25409836065574, "31": 44.53061224489796, "32": 45.18939393939394, "33": 43.91304347826087, "34": 48.390977443609025, "35": 43.544, "36": 41.6875, "37": 38.34905660377358, "38": 42.12587412587413, "39": 43.70754716981132, "40": 43.330935251798564, "41": 41.9059829059829, "42": 43.34615384615385, "43": 44.992063492063494, "44": 43.69642857142857, "45": 44.19672131147541, "46": 44.37007874015748, "47": 41.624, "48": 45.737864077669904, "49": 45.04347826086956, "50": 43.02, "51": 45.873684210526314, "52": 42.47572815533981, "53": 43.42307692307692, "54": 41.49473684210526, "55": 44.29, "56": 45.208333333333336, "57": 47.69607843137255, "58": 39.96907216494845, "59": 44.991379310344826, "60": 45.25773195876289, "61": 43.04255319148936, "62": 43.7319587628866, "63": 40.49438202247191, "64": 42.45977011494253, "65": 42.306930693069305, "66": 44.91208791208791, "67": 42.797872340425535, "68": 43.65555555555556, "69": 42.79746835443038, "70": 44.97560975609756, "71": 43.98850574712644, "72": 39.54716981132076, "73": 43.15384615384615, "74": 46.561797752808985, "75": 44.0, "76": 42.140625, "77": 43.513888888888886, "78": 39.660714285714285, "79": 44.170731707317074, "80": 43.31818181818182, "81": 48.208333333333336, "82": 54.785714285714285}, "p4": {"0": 59.05788764402328, "1": 27.483050847457626, "2": 30.2375, "3": 32.697916666666664, "4": 38.946969696969695, "5": 43.48251748251748, "6": 53.013636363636365, "7": 51.6303317535545, "8": 50.94759825327511, "9": 52.21097046413502, "10": 50.642361111111114, "11": 51.48, "12": 47.27196652719665, "13": 47.189655172413794, "14": 50.39647577092511, "15": 46.4051724137931, "16": 46.03755868544601, "17": 51.529126213592235, "18": 52.77127659574468, "19": 50.450450450450454, "20": 49.0632183908046, "21": 47.160919540229884, "22": 45.56140350877193, "23": 49.31937172774869, "24": 51.862637362637365, "25": 49.17142857142857, "26": 50.71134020618557, "27": 51.27127659574468, "28": 57.38562091503268, "29": 52.63945578231292, "30": 52.4625, "31": 57.42261904761905, "32": 54.756410256410255, "33": 58.06748466257669, "34": 54.701298701298704,