{"p0": {"0": 10.0, "1": 10.0, "2": 10.0, "3": 10.0, "4": 10.0, "5": 10.0, "6": 10.0, "7": 10.0, "8": 10.0, "9": 10.0, "10": 10.0, "11": 10.0, "12": 10.0, "13": 10.0, "14": 10.0, "15": 10.0, "16": 10.0, "17": 10.0, "18": 10.0, "19": 10.0, "20": 10.0, "21": 10.0, "22": 10.0, "23": 10.0, "24": 10.0, "25": 10.0, "26": 10.0, "27": 10.0, "28": 10.0, "29": 10.0, "30": 10.0, "31": 10.0, "32": 10.0, "33": 10.0, "34": 10.0, "35": 10.0, "36": 10.0, "37": 10.0, "38": 10.0, "39": 10.0, "40": 10.0, "41": 10.0, "42": 10.0, "43": 10.0, "44": 10.0, "45": 10.0, "46": 10.0, "47": 10.0, "48": 10.0, "49": 10.0, "50": 10.0, "51": 10.0, "52": 10.0, "53": 10.0, "54": 10.0, "55": 10.0, "56": 10.0, "57": 10.0, "58": 10.0, "59": 10.0, "60": 10.0, "61": 10.0, "62": 10.0, "63": 10.0, "64": 10.0, "65": 10.0, "66": 10.0, "67": 10.0, "68": 10.0, "69": 10.0, "70": 10.0, "71": 99999.0, "72": 99999.0, "73": 99999.0, "74": 99999.0}, "p1": {"0": 22.954232786907813, "1": 12.666666666666666, "2": 11.818181818181818, "3": 15.757575757575758, "4": 19.985915492957748, "5": 24.862745098039216, "6": 25.862745098039216, "7": 24.873417721518987, "8": 26.197802197802197, "9": 26.213483146067414, "10": 25.5625, "11": 26.989473684210527, "12": 23.520661157024794, "13": 26.5, "14": 23.591666666666665, "15": 24.517857142857142, "16": 23.121951219512194, "17": 25.162393162393162, "18": 25.447916666666668, "19": 23.53921568627451, "20": 24.357142857142858, "21": 23.58, "22": 25.495238095238093, "23": 25.010526315789473, "24": 23.811764705882354, "25": 22.63302752293578, "26": 23.208695652173912, "27": 24.34285714285714, "28": 23.537735849056602, "29": 24.96, "30": 25.215686274509803, "31": 23.827272727272728, "32": 24.1875, "33": 23.85, "34": 24.28723404255319, "35": 24.321428571428573, "36": 24.082474226804123, "37": 25.234375, "38": 25.934065934065934, "39": 23.24742268041237, "40": 24.602564102564102, "41": 22.920454545454547, "42": 24.619565217391305, "43": 24.82608695652174, "44": 22.210526315789473, "45": 22.977011494252874, "46": 23.25263157894737, "47": 23.012820512820515, "48": 23.460526315789473, "49": 22.823529411764707, "50": 23.29, "51": 24.641025641025642, "52": 22.054794520547944, "53": 22.436781609195403, "54": 23.582417582417584, "55": 24.037974683544302, "56": 21.604395604395606, "57": 21.589473684210525, "58": 21.55072463768116, "59": 21.333333333333332, "60": 22.130434782608695, "61": 22.797752808988765, "62": 22.91025641025641, "63": 21.46590909090909, "64": 20.014285714285716, "65": 21.267605633802816, "66": 19.880597014925375, "67": 21.16867469879518, "68": 21.863636363636363, "69": 20.733333333333334, "70": 19.30263157894737, "71": 19.22, "72": 20.525, "73": 20.956521739130434, "74": 22.233333333333334}, "p2": {"0": 25.434224218601308, "1": 13.593023255813954, "2": 14.693548387096774, "3": 15.846153846153847, "4": 18.38, "5": 18.676190476190477, "6": 27.042857142857144, "7": 28.26553672316384, "8": 27.33157894736842, "9": 29.321428571428573, "10": 28.873493975903614, "11": 27.41111111111111, "12": 26.873493975903614, "13": 27.494318181818183, "14": 26.363636363636363, "15": 28.093167701863354, "16": 24.597122302158272, "17": 26.741935483870968, "18": 26.32704402515723, "19": 28.2, "20": 26.46583850931677, "21": 26.87741935483871, "22": 25.475524475524477, "23": 24.71875, "24": 25.618705035971225, "25": 27.158730158730158, "26": 25.03787878787879, "27": 25.09375, "28": 27.436974789915965, "29": 26.763636363636362, "30": 24.203703703703702, "31": 24.18811881188119, "32": 24.881818181818183, "33": 25.792, "34": 26.462184873949578, "35": 25.134453781512605, "36": 23.11111111111111, "37": 22.237113402061855, "38": 23.69811320754717, "39": 22.663265306122447, "40": 22.700934579439252, "41": 22.33644859813084, "42": 23.09433962264151, "43": 25.8659793814433, "44": 25.028301886792452, "45": 24.8141592920354, "46": 24.04255319148936, "47": 25.224489795918366, "48": 25.753086419753085, "49": 24.30841121495327, "50": 24.6734693877551, "51": 23.9, "52": 25.86021505376344, "53": 25.533333333333335, "54": 28.186274509803923, "55": 24.610526315789475, "56": 25.183908045977013, "57": 24.75, "58": 26.36046511627907, "59": 25.725274725274726, "60": 26.867469879518072, "61": 25.773809523809526, "62": 24.45263157894737, "63": 25.42168674698795, "64": 28.303797468354432, "65": 24.89855072463768, "66": 26.661538461538463, "67": 27.0, "68": 27.17808219178082, "69": 26.60655737704918, "70": 26.849056603773583, "71": 26.477272727272727, "72": 26.428571428571427, "73": 33.2, "74": 40.916666666666664}, "p3": {"0": 40.34406123181338, "1": 19.363013698630137, "2": 22.733333333333334, "3": 23.775280898876403, "4": 25.455555555555556, "5": 26.914634146341463, "6": 33.993506493506494, "7": 35.30065359477124, "8": 36.396341463414636, "9": 37.4, "10": 37.63586956521739, "11": 36.51851851851852, "12": 34.611374407582936, "13": 33.55913978494624, "14": 32.79347826086956, "15": 31.94871794871795, "16": 34.30681818181818, "17": 32.380645161290325, "18": 36.136986301369866, "19": 35.410071942446045, "20": 32.62676056338028, "21": 33.676829268292686, "22": 35.06535947712418, "23": 33.61363636363637, "24": 34.927536231884055, "25": 35.65909090909091, "26": 33.44961240310077, "27": 39.4070796460177, "28": 37.5, "29": 39.45614035087719, "30": 34.95454545454545, "31": 39.03478260869565, "32": 38.03260869565217, "33": 44.34959349593496, "34": 41.7, "35": 40.81818181818182, "36": 43.39090909090909, "37": 46.57281553398058, "38": 44.74285714285714, "39": 45.15217391304348, "40": 43.71153846153846, "41": 43.0, "42": 45.07258064516129, "43": 44.0, "44": 42.346774193548384, "45": 46.11818181818182, "46": 44.584070796460175, "47": 45.97872340425532, "48": 43.767857142857146, "49": 45.04761904761905, "50": 40.29245283018868, "51": 37.979166666666664, "52": 40.91, "53": 41.9537037037037, "54": 41.81730769230769, "55": 42.475, "56": 45.362637362637365, "57": 43.855670103092784, "58": 47.6, "59": 43.77777777777778, "60": 47.074766355140184, "61": 45.11224489795919, "62": 45.49473684210526, "63": 43.714285714285715, "64": 46.05102040816327, "65": 44.464646464646464, "66": 47.15151515151515, "67": 48.54455445544554, "68": 45.11363636363637, "69": 47.72549019607843, "70": 50.666666666666664, "71": 54.7710843373494, "72": 54.17857142857143, "73": 57.264150943396224, "74": 57.71764705882353}, "p4": {"0": 47.74607628973833, "1": 47.74607628973833, "2": 47.74607628973833, "3": 47.74607628973833, "4": 47.739030023094685, "5": 47.58371040723982, "6": 47.86199095022624, "7": 47.55896226415094, "8": 47.91826923076923, "9": 47.990338164251206, "10": 47.818401937046005, "11": 47.853658536585364, "12": 48.067961165048544, "13": 47.84803921568628, "14": 47.63594470046083, "15": 47.451306413301666, "16": 48.130653266331656, "17": 47.930348258706466, "18": 48.018970189701896, "19": 48.243037974683546, "20": 47.95969773299748, "21": 47.670103092783506, "22": 47.71018276762402, "23": 47.82945736434109, "24": 47.33604336043361, "25": 47.40997229916898, "26": 47.7421875, "27": 48.30939226519337, "28": 47.818666666666665, "29": 47.567567567567565, "30": 47.78191489361702, "31": 47.775862068965516, "32": 48.13934426229508, "33": 47.023598820059, "34": 47.41297935103245, "35": 47.846846846846844, "36": 47.9595015576324, "37": 47.971698113207545, "38": 48.05, "39": 47.66571428571429, "40": 47.28654970760234, "41": 47.68529411764706, "42": 47.772861356932154, "43": 47.31976744186046, "44": 47.849849849849846, "45": 47.309734513274336, "46": 46.86865671641791, "47": 47.16913946587537, "48": 47.205882352941174, "49": 47.35474860335196, "50": 47.76056338028169, "51": 48.00815217391305, "52": 47.53602305475504, "53": 47.949860724233986, "54": 47.506738544474395, "55": 47.043243243243246, "56": 47.961852861035425, "57": 48.116883116883116, "58": 48.39306358381503, "59": 48.01988636363637, "60": 48.22070844686648, "61": 48.40691489361702, "62": 48.16321243523316, "63": 47.648293963254595, "64": 47.0699481865285, "65": 47.9155672823219, "66": 48.077333333333335,