{"p0": {"0": 10.0, "1": 10.0, "2": 10.0, "3": 10.0, "4": 10.0, "5": 10.0, "6": 10.0, "7": 10.0, "8": 10.0, "9": 10.0, "10": 10.0, "11": 10.0, "12": 10.0, "13": 10.0, "14": 10.0, "15": 10.0, "16": 10.0, "17": 10.0, "18": 10.0, "19": 10.0, "20": 10.0, "21": 10.0, "22": 10.0, "23": 10.0, "24": 10.0, "25": 10.0, "26": 10.0, "27": 10.0, "28": 10.0, "29": 10.0, "30": 10.0, "31": 10.0, "32": 10.0, "33": 10.0, "34": 10.0, "35": 10.0, "36": 10.0, "37": 10.0, "38": 10.0, "39": 10.0, "40": 10.0, "41": 10.0, "42": 10.0, "43": 10.0, "44": 10.0, "45": 10.0, "46": 10.0, "47": 10.0, "48": 10.0, "49": 10.0, "50": 10.0, "51": 10.0, "52": 10.0, "53": 10.0, "54": 10.0, "55": 10.0, "56": 10.0, "57": 10.0, "58": 10.0, "59": 10.0, "60": 10.0, "61": 10.0, "62": 10.0, "63": 10.0, "64": 10.0, "65": 10.0, "66": 99999.0, "67": 99999.0, "68": 99999.0, "69": 99999.0, "70": 99999.0}, "p1": {"0": 26.183209915061912, "1": 9.166666666666666, "2": 12.096153846153847, "3": 18.35211267605634, "4": 22.726027397260275, "5": 24.074766355140188, "6": 26.686274509803923, "7": 27.77659574468085, "8": 26.95959595959596, "9": 27.86046511627907, "10": 26.587719298245613, "11": 27.928571428571427, "12": 27.900763358778626, "13": 27.391666666666666, "14": 28.95614035087719, "15": 30.188235294117646, "16": 29.136752136752136, "17": 28.762886597938145, "18": 28.691666666666666, "19": 28.01923076923077, "20": 28.2, "21": 27.117021276595743, "22": 28.75257731958763, "23": 27.823529411764707, "24": 28.272, "25": 29.680851063829788, "26": 28.481012658227847, "27": 28.032258064516128, "28": 28.137931034482758, "29": 27.939393939393938, "30": 30.85542168674699, "31": 30.31578947368421, "32": 30.27906976744186, "33": 30.53846153846154, "34": 27.010309278350515, "35": 27.0561797752809, "36": 27.703389830508474, "37": 27.875, "38": 28.170454545454547, "39": 30.163265306122447, "40": 28.64423076923077, "41": 28.721649484536083, "42": 29.77173913043478, "43": 25.31081081081081, "44": 25.556603773584907, "45": 26.24137931034483, "46": 26.314606741573034, "47": 25.684782608695652, "48": 26.612244897959183, "49": 27.16304347826087, "50": 26.54368932038835, "51": 26.341463414634145, "52": 23.677777777777777, "53": 26.76923076923077, "54": 26.123287671232877, "55": 25.19753086419753, "56": 27.41860465116279, "57": 28.071428571428573, "58": 24.728395061728396, "59": 26.727272727272727, "60": 25.54368932038835, "61": 22.975, "62": 24.453488372093023, "63": 24.22093023255814, "64": 22.2375, "65": 23.487179487179485, "66": 20.593023255813954, "67": 19.223880597014926, "68": 21.718309859154928, "69": 21.8, "70": 23.285714285714285}, "p2": {"0": 34.547286319717905, "1": 6.2, "2": 12.324324324324325, "3": 18.8, "4": 26.895522388059703, "5": 23.391752577319586, "6": 30.596491228070175, "7": 34.96, "8": 35.47586206896552, "9": 35.060810810810814, "10": 35.03680981595092, "11": 36.294117647058826, "12": 34.08943089430894, "13": 32.838235294117645, "14": 32.767857142857146, "15": 34.15748031496063, "16": 35.04032258064516, "17": 36.678260869565214, "18": 36.285714285714285, "19": 33.55118110236221, "20": 37.34710743801653, "21": 36.79047619047619, "22": 36.458015267175576, "23": 37.30882352941177, "24": 36.663366336633665, "25": 35.14141414141414, "26": 38.833333333333336, "27": 34.474747474747474, "28": 37.98039215686274, "29": 34.15929203539823, "30": 36.166666666666664, "31": 39.915789473684214, "32": 34.3359375, "33": 37.58878504672897, "34": 36.215053763440864, "35": 40.82, "36": 36.89772727272727, "37": 34.59493670886076, "38": 35.44827586206897, "39": 34.925925925925924, "40": 31.7196261682243, "41": 33.56435643564357, "42": 34.07462686567164, "43": 32.56989247311828, "44": 34.34444444444444, "45": 34.212765957446805, "46": 35.722772277227726, "47": 32.70454545454545, "48": 36.35, "49": 35.54651162790697, "50": 36.14102564102564, "51": 37.33695652173913, "52": 36.1219512195122, "53": 36.81609195402299, "54": 34.95505617977528, "55": 35.451219512195124, "56": 34.73170731707317, "57": 36.523809523809526, "58": 35.75, "59": 38.51020408163265, "60": 37.148936170212764, "61": 35.54022988505747, "62": 34.36842105263158, "63": 36.06730769230769, "64": 34.792682926829265, "65": 35.80327868852459, "66": 37.50684931506849, "67": 35.44444444444444, "68": 39.19718309859155, "69": 42.91111111111111, "70": 43.87179487179487}, "p3": {"0": 35.627810387389566, "1": 13.781818181818181, "2": 18.741935483870968, "3": 23.808988764044944, "4": 28.38235294117647, "5": 32.296551724137935, "6": 39.589285714285715, "7": 38.63529411764706, "8": 36.679245283018865, "9": 39.01183431952663, "10": 37.136986301369866, "11": 38.391891891891895, "12": 39.17777777777778, "13": 37.94252873563219, "14": 37.51798561151079, "15": 38.9236641221374, "16": 35.075949367088604, "17": 38.577181208053695, "18": 39.13970588235294, "19": 35.32666666666667, "20": 32.91111111111111, "21": 32.264, "22": 34.23076923076923, "23": 39.726618705035975, "24": 39.42424242424242, "25": 35.5958904109589, "26": 34.9327731092437, "27": 33.816, "28": 35.17985611510792, "29": 33.811023622047244, "30": 36.29007633587786, "31": 36.925, "32": 38.26, "33": 36.88461538461539, "34": 35.346774193548384, "35": 41.18691588785047, "36": 40.955357142857146, "37": 38.20192307692308, "38": 37.33684210526316, "39": 37.542857142857144, "40": 37.09090909090909, "41": 35.0990099009901, "42": 34.88073394495413, "43": 39.00925925925926, "44": 35.23809523809524, "45": 36.74226804123711, "46": 40.0, "47": 34.16981132075472, "48": 32.41489361702128, "49": 37.45, "50": 33.86842105263158, "51": 32.00952380952381, "52": 32.34065934065934, "53": 37.825688073394495, "54": 35.75757575757576, "55": 33.63106796116505, "56": 39.94047619047619, "57": 33.61538461538461, "58": 37.24691358024691, "59": 31.836734693877553, "60": 37.18390804597701, "61": 35.91463414634146, "62": 33.06666666666667, "63": 33.56470588235294, "64": 31.5609756097561, "65": 32.54054054054054, "66": 35.291666666666664, "67": 39.32258064516129, "68": 40.54, "69": 34.7, "70": 51.13333333333333}, "p4": {"0": 59.43608658354429, "1": 11.4, "2": 14.646153846153846, "3": 19.38095238095238, "4": 29.049382716049383, "5": 39.98913043478261, "6": 46.53521126760563, "7": 53.80392156862745, "8": 55.4140127388535, "9": 54.95783132530121, "10": 51.59060402684564, "11": 54.03521126760563, "12": 50.99346405228758, "13": 52.00806451612903, "14": 49.951219512195124, "15": 55.38666666666666, "16": 52.302158273381295, "17": 50.751724137931035, "18": 53.32098765432099, "19": 56.89915966386555, "20": 57.2992700729927, "21": 57.5234375, "22": 58.0353982300885, "23": 56.21739130434783, "24": 58.3, "25": 59.083333333333336, "26": 61.27835051546392, "27": 56.87218045112782, "28": 59.29, "29": 61.951219512195124, "30": 62.10752688172043, "31": 60.78095238095238, "32": 63.625, "33": 62.88288288288288, "34": 65.65137614678899, "35": 64.33928571428571, "36": 66.89473684210526, "37": 67.1858407079646, "38": 66.4453781512605, "39": 62.36, "40": 65.78632478632478, "41": 66.59633027522936, "42": 64.6875, "43": 64.36363636363636, "44": 64.51428571428572, "45": 63.75, "46": 64.32631578947368, "47": 66.68235294117648, "48": 63.666666666666664, "49": 61.529411764705884, "50": 64.85227272727273, "51": 68.81521739130434, "52": 64.72631578947369, "53": 65.48148148148148, "54": 68.36974789915966, "55": 64.78181818181818, "56": 62.264462809917354, "57": 64.61616161616162, "58": 67.8021978021978, "59": 65.85106382978724, "60": 67.75925925925925, "61": 68.25862068965517, "62": 65.77142857142857, "63": 70.61290322580645, "64": 70.57798165137615, "65": 67.6987951807229, "66": 66.60975609756098, "67": 73.43661971830986, "68": 72.3625, "69": 75.72093023255815, "70": 77.71428571428571}, "p5": {"0": 61.48222434846734, "1": 61.48222434846734, "2": 61.48222434846734, "3": 61.48222434846734, "4": 61.48222434846734, "5": 60.811627906976746, "6": 61.30922693266833, "7": 60.830275229357795, "8": 60.98809523809524, "9": 61.16103896103896, "10": 61.26439790575916, "11": 61.45303867403315,