{"p0": {"0": 10.0, "1": 10.0, "2": 10.0, "3": 10.0, "4": 10.0, "5": 10.0, "6": 10.0, "7": 10.0, "8": 10.0, "9": 10.0, "10": 10.0, "11": 10.0, "12": 10.0, "13": 10.0, "14": 10.0, "15": 10.0, "16": 10.0, "17": 10.0, "18": 10.0, "19": 10.0, "20": 10.0, "21": 10.0, "22": 10.0, "23": 10.0, "24": 10.0, "25": 10.0, "26": 10.0, "27": 10.0, "28": 10.0, "29": 10.0, "30": 10.0, "31": 10.0, "32": 10.0, "33": 10.0, "34": 10.0, "35": 10.0, "36": 10.0, "37": 10.0, "38": 10.0, "39": 10.0, "40": 10.0, "41": 10.0, "42": 10.0, "43": 10.0, "44": 10.0, "45": 10.0, "46": 10.0, "47": 10.0, "48": 10.0, "49": 10.0, "50": 10.0, "51": 10.0, "52": 10.0, "53": 10.0, "54": 10.0, "55": 10.0, "56": 10.0, "57": 10.0, "58": 10.0, "59": 10.0, "60": 10.0, "61": 10.0, "62": 10.0, "63": 10.0, "64": 10.0, "65": 10.0, "66": 10.0, "67": 10.0, "68": 10.0, "69": 10.0, "70": 10.0, "71": 10.0, "72": 10.0, "73": 10.0, "74": 10.0, "75": 99999.0, "76": 99999.0, "77": 99999.0}, "p1": {"0": 21.507432843161958, "1": 8.0, "2": 12.537037037037036, "3": 15.338235294117647, "4": 16.74712643678161, "5": 20.6, "6": 24.933962264150942, "7": 23.04054054054054, "8": 23.953846153846154, "9": 24.615384615384617, "10": 21.055555555555557, "11": 23.71212121212121, "12": 23.397435897435898, "13": 22.65432098765432, "14": 22.376623376623378, "15": 24.757142857142856, "16": 22.90625, "17": 24.88659793814433, "18": 22.846153846153847, "19": 23.21311475409836, "20": 22.10144927536232, "21": 21.65432098765432, "22": 21.233333333333334, "23": 23.301369863013697, "24": 23.013333333333332, "25": 22.02857142857143, "26": 21.609375, "27": 21.445945945945947, "28": 19.532258064516128, "29": 21.936507936507937, "30": 22.213333333333335, "31": 22.263157894736842, "32": 21.08450704225352, "33": 21.655172413793103, "34": 22.074626865671643, "35": 23.16176470588235, "36": 23.274193548387096, "37": 22.107692307692307, "38": 23.225806451612904, "39": 23.416666666666668, "40": 22.839285714285715, "41": 20.25, "42": 21.341772151898734, "43": 23.265625, "44": 22.821428571428573, "45": 19.842105263157894, "46": 23.428571428571427, "47": 22.678571428571427, "48": 23.618181818181817, "49": 22.745454545454546, "50": 20.594202898550726, "51": 22.704918032786885, "52": 20.452830188679247, "53": 21.440677966101696, "54": 22.403508771929825, "55": 24.372093023255815, "56": 23.086206896551722, "57": 21.47457627118644, "58": 22.253521126760564, "59": 22.689655172413794, "60": 20.581818181818182, "61": 21.09375, "62": 21.640625, "63": 23.928571428571427, "64": 22.406779661016948, "65": 21.55, "66": 22.540983606557376, "67": 23.176470588235293, "68": 22.028169014084508, "69": 20.854545454545455, "70": 22.11111111111111, "71": 21.235294117647058, "72": 20.818181818181817, "73": 18.303571428571427, "74": 16.483870967741936, "75": 11.837837837837839, "76": 13.272727272727273, "77": 24.0}, "p2": {"0": 30.71933685243372, "1": 12.289473684210526, "2": 13.947368421052632, "3": 18.75, "4": 19.630434782608695, "5": 21.423728813559322, "6": 23.133928571428573, "7": 28.08108108108108, "8": 29.29078014184397, "9": 31.41176470588235, "10": 32.267080745341616, "11": 32.333333333333336, "12": 28.82882882882883, "13": 28.73394495412844, "14": 24.076923076923077, "15": 24.3739837398374, "16": 23.693548387096776, "17": 25.266666666666666, "18": 26.448, "19": 29.20754716981132, "20": 30.26356589147287, "21": 29.70175438596491, "22": 28.2, "23": 27.705426356589147, "24": 27.862068965517242, "25": 29.1294964028777, "26": 27.82905982905983, "27": 28.981308411214954, "28": 27.956521739130434, "29": 30.355371900826448, "30": 29.421487603305785, "31": 31.674603174603174, "32": 28.869158878504674, "33": 28.905172413793103, "34": 29.807692307692307, "35": 30.881889763779526, "36": 32.646153846153844, "37": 31.689655172413794, "38": 34.8125, "39": 32.352, "40": 34.12068965517241, "41": 32.843283582089555, "42": 33.129629629629626, "43": 32.198019801980195, "44": 32.07142857142857, "45": 30.213675213675213, "46": 33.24, "47": 32.28125, "48": 33.375, "49": 33.225806451612904, "50": 31.207207207207208, "51": 33.256410256410255, "52": 33.74015748031496, "53": 33.6890756302521, "54": 31.057377049180328, "55": 33.3304347826087, "56": 32.322916666666664, "57": 33.04615384615385, "58": 32.846846846846844, "59": 33.75229357798165, "60": 33.916666666666664, "61": 33.056603773584904, "62": 35.886178861788615, "63": 29.296, "64": 32.06306306306306, "65": 32.50406504065041, "66": 33.87096774193548, "67": 34.283018867924525, "68": 33.91304347826087, "69": 33.35042735042735, "70": 34.544444444444444, "71": 37.41904761904762, "72": 33.504950495049506, "73": 36.85436893203884, "74": 33.81481481481482, "75": 39.395833333333336, "76": 45.0, "77": 45.53448275862069}, "p3": {"0": 35.31900997741403, "1": 35.31900997741403, "2": 35.31900997741403, "3": 34.77350427350427, "4": 35.27838827838828, "5": 35.24295774647887, "6": 34.966153846153844, "7": 34.9591280653951, "8": 35.22674418604651, "9": 35.043596730245234, "10": 34.98395721925134, "11": 35.084788029925186, "12": 35.150617283950616, "13": 34.910994764397905, "14": 35.145833333333336, "15": 35.191542288557216, "16": 35.158854166666664, "17": 35.4625322997416, "18": 35.549418604651166, "19": 35.31656804733728, "20": 35.243478260869566, "21": 35.62080536912752, "22": 35.341692789968654, "23": 35.11392405063291, "24": 35.16423357664234, "25": 34.96761133603239, "26": 35.0787037037037, "27": 35.32727272727273, "28": 34.583673469387755, "29": 34.70464135021097, "30": 34.293103448275865, "31": 34.75813953488372, "32": 35.01639344262295, "33": 35.43119266055046, "34": 35.377049180327866, "35": 34.88823529411765, "36": 35.054054054054056, "37": 35.62244897959184, "38": 35.77956989247312, "39": 35.8962962962963, "40": 35.80891719745223, "41": 35.49101796407186, "42": 35.16111111111111, "43": 36.42483660130719, "44": 35.57948717948718, "45": 36.648648648648646, "46": 36.01970443349754, "47": 35.25252525252525, "48": 35.90425531914894, "49": 35.205607476635514, "50": 34.85981308411215, "51": 34.86046511627907, "52": 35.35885167464115, "53": 36.213903743315505, "54": 36.00961538461539, "55": 35.32093023255814, "56": 35.40816326530612, "57": 35.627376425855516, "58": 35.6015625, "59": 35.82641509433962, "60": 35.06299212598425, "61": 35.88235294117647, "62": 35.45173745173745, "63": 35.8130081300813, "64": 35.76862745098039, "65": 35.221014492753625, "66": 35.471698113207545, "67": 35.148936170212764, "68": 34.90774907749078, "69": 34.53846153846154, "70": 34.92468619246862, "71": 35.208, "72": 34.86864406779661, "73": 35.65891472868217, "74": 35.01960784313726, "75": 34.833333333333336, "76": 36.21578947368421, "77": 35.638888888888886}}