{"p0": {"0": 10.0, "1": 10.0, "2": 10.0, "3": 10.0, "4": 10.0, "5": 10.0, "6": 10.0, "7": 10.0, "8": 10.0, "9": 10.0, "10": 10.0, "11": 10.0, "12": 10.0, "13": 10.0, "14": 10.0, "15": 10.0, "16": 10.0, "17": 10.0, "18": 10.0, "19": 10.0, "20": 10.0, "21": 10.0, "22": 10.0, "23": 10.0, "24": 10.0, "25": 10.0, "26": 10.0, "27": 10.0, "28": 10.0, "29": 10.0, "30": 10.0, "31": 10.0, "32": 10.0, "33": 10.0, "34": 10.0, "35": 10.0, "36": 10.0, "37": 10.0, "38": 10.0, "39": 10.0, "40": 10.0, "41": 10.0, "42": 10.0, "43": 10.0, "44": 10.0, "45": 10.0, "46": 10.0, "47": 10.0, "48": 10.0, "49": 10.0, "50": 10.0, "51": 10.0, "52": 10.0, "53": 10.0, "54": 10.0, "55": 10.0, "56": 99999.0, "57": 99999.0, "58": 99999.0}, "p1": {"0": 20.600090385172013, "1": 8.324324324324325, "2": 12.136363636363637, "3": 14.50909090909091, "4": 17.376923076923077, "5": 18.763513513513512, "6": 22.40963855421687, "7": 22.671140939597315, "8": 22.65714285714286, "9": 23.483443708609272, "10": 23.824, "11": 23.317460317460316, "12": 22.276119402985074, "13": 22.53030303030303, "14": 22.613333333333333, "15": 20.65546218487395, "16": 24.343065693430656, "17": 21.927272727272726, "18": 21.12037037037037, "19": 22.05982905982906, "20": 22.42622950819672, "21": 21.653465346534652, "22": 19.07843137254902, "23": 20.261904761904763, "24": 21.811965811965813, "25": 18.50467289719626, "26": 20.554347826086957, "27": 21.102272727272727, "28": 21.336633663366335, "29": 19.553571428571427, "30": 20.847826086956523, "31": 21.373626373626372, "32": 21.61467889908257, "33": 20.591397849462364, "34": 22.037735849056602, "35": 18.89156626506024, "36": 21.102272727272727, "37": 20.511904761904763, "38": 21.54639175257732, "39": 20.733333333333334, "40": 22.602409638554217, "41": 20.020408163265305, "42": 21.036585365853657, "43": 21.458333333333332, "44": 21.746478873239436, "45": 21.823529411764707, "46": 22.301204819277107, "47": 22.74418604651163, "48": 21.064935064935064, "49": 20.373493975903614, "50": 19.56756756756757, "51": 21.46268656716418, "52": 19.931818181818183, "53": 20.675324675324674, "54": 16.612903225806452, "55": 18.536585365853657, "56": 19.236842105263158, "57": 21.076923076923077, "58": 20.0}, "p2": {"0": 29.686334176289172, "1": 9.376712328767123, "2": 9.73076923076923, "3": 12.333333333333334, "4": 16.211111111111112, "5": 18.791666666666668, "6": 22.9, "7": 24.301470588235293, "8": 28.13986013986014, "9": 26.72872340425532, "10": 27.728915662650603, "11": 29.312883435582823, "12": 25.477707006369428, "13": 26.11111111111111, "14": 24.89937106918239, "15": 25.687898089171973, "16": 27.651685393258425, "17": 25.137096774193548, "18": 27.74375, "19": 26.254901960784313, "20": 27.328358208955223, "21": 28.31782945736434, "22": 27.143939393939394, "23": 28.849624060150376, "24": 29.71311475409836, "25": 33.53389830508475, "26": 33.67768595041322, "27": 32.9375, "28": 30.865546218487395, "29": 32.457364341085274, "30": 32.46666666666667, "31": 29.267241379310345, "32": 30.934579439252335, "33": 32.62237762237762, "34": 32.904, "35": 33.0234375, "36": 33.63636363636363, "37": 32.06306306306306, "38": 31.618705035971225, "39": 33.19230769230769, "40": 32.6793893129771, "41": 33.074380165289256, "42": 30.873873873873872, "43": 34.25454545454546, "44": 32.26923076923077, "45": 33.49074074074074, "46": 34.43269230769231, "47": 34.630630630630634, "48": 33.35964912280702, "49": 34.71287128712871, "50": 29.95689655172414, "51": 34.2991452991453, "52": 34.69879518072289, "53": 35.123711340206185, "54": 32.68, "55": 37.239583333333336, "56": 34.707317073170735, "57": 43.42307692307692, "58": 44.82828282828283}, "p3": {"0": 36.56472592298182, "1": 36.56472592298182, "2": 36.56472592298182, "3": 36.373931623931625, "4": 36.76891615541922, "5": 36.51656920077973, "6": 36.37549407114624, "7": 36.66732283464567, "8": 36.89483394833948, "9": 36.58955223880597, "10": 36.556776556776555, "11": 36.42162162162162, "12": 36.44524236983842, "13": 36.44296577946768, "14": 36.41291585127202, "15": 36.644490644490645, "16": 36.54077253218884, "17": 36.889380530973455, "18": 36.94199535962877, "19": 37.11830357142857, "20": 36.59852216748769, "21": 36.54522613065327, "22": 36.126520681265205, "23": 36.43396226415094, "24": 36.11694510739857, "25": 36.5, "26": 36.26854219948849, "27": 36.45014245014245, "28": 36.471976401179944, "29": 36.06521739130435, "30": 36.34615384615385, "31": 36.58163265306123, "32": 36.993527508090615, "33": 36.93312101910828, "34": 37.053156146179404, "35": 37.29194630872483, "36": 36.66326530612245, "37": 36.45791245791246, "38": 36.747540983606555, "39": 36.970588235294116, "40": 36.57267441860465, "41": 36.87667560321716, "42": 36.680115273775215, "43": 36.45822102425876, "44": 36.1151832460733, "45": 36.52132701421801, "46": 36.59410430839002, "47": 36.730684326710815, "48": 36.72769953051643, "49": 36.4079822616408, "50": 36.50431034482759, "51": 36.19718309859155, "52": 35.94202898550725, "53": 36.695544554455445, "54": 36.358669833729216, "55": 36.67481662591687, "56": 36.45995423340961, "57": 36.13123359580052, "58": 36.75925925925926}}