{"p0": {"0": 10.0, "1": 10.0, "2": 10.0, "3": 10.0, "4": 10.0, "5": 10.0, "6": 10.0, "7": 10.0, "8": 10.0, "9": 10.0, "10": 10.0, "11": 10.0, "12": 10.0, "13": 10.0, "14": 10.0, "15": 10.0, "16": 10.0, "17": 10.0, "18": 10.0, "19": 10.0, "20": 10.0, "21": 10.0, "22": 10.0, "23": 10.0, "24": 10.0, "25": 10.0, "26": 10.0, "27": 10.0, "28": 10.0, "29": 10.0, "30": 10.0, "31": 10.0, "32": 10.0, "33": 10.0, "34": 10.0, "35": 10.0, "36": 10.0, "37": 10.0, "38": 10.0, "39": 10.0, "40": 10.0, "41": 10.0, "42": 10.0, "43": 10.0, "44": 10.0, "45": 10.0, "46": 10.0, "47": 10.0, "48": 10.0, "49": 10.0, "50": 10.0, "51": 10.0, "52": 10.0, "53": 10.0, "54": 10.0, "55": 10.0, "56": 10.0, "57": 10.0, "58": 10.0, "59": 10.0, "60": 10.0, "61": 10.0, "62": 10.0, "63": 10.0, "64": 10.0, "65": 10.0, "66": 10.0, "67": 10.0, "68": 10.0, "69": 10.0, "70": 10.0, "71": 10.0, "72": 10.0, "73": 10.0, "74": 10.0, "75": 10.0, "76": 10.0, "77": 10.0, "78": 10.0, "79": 10.0, "80": 99999.0, "81": 99999.0, "82": 99999.0}, "p1": {"0": 21.54976653937608, "1": 9.153846153846153, "2": 11.916666666666666, "3": 14.59016393442623, "4": 16.986206896551725, "5": 19.707482993197278, "6": 21.687830687830687, "7": 20.78523489932886, "8": 21.32369942196532, "9": 20.921212121212122, "10": 21.575949367088608, "11": 20.1864406779661, "12": 21.638743455497384, "13": 21.452380952380953, "14": 21.6260162601626, "15": 20.718309859154928, "16": 21.774436090225564, "17": 21.466216216216218, "18": 19.864864864864863, "19": 21.041176470588237, "20": 20.751633986928105, "21": 23.211267605633804, "22": 21.9625, "23": 22.547445255474454, "24": 21.335766423357665, "25": 21.099236641221374, "26": 21.033898305084747, "27": 21.80373831775701, "28": 22.137096774193548, "29": 23.205882352941178, "30": 21.908256880733944, "31": 23.521367521367523, "32": 21.735294117647058, "33": 21.681818181818183, "34": 23.954128440366972, "35": 23.849056603773583, "36": 23.235294117647058, "37": 22.477064220183486, "38": 22.53846153846154, "39": 20.775510204081634, "40": 21.391752577319586, "41": 22.306122448979593, "42": 21.669811320754718, "43": 24.00943396226415, "44": 21.264367816091955, "45": 21.344086021505376, "46": 22.21875, "47": 22.41, "48": 22.84375, "49": 20.48421052631579, "50": 22.35632183908046, "51": 23.252336448598133, "52": 22.333333333333332, "53": 22.065217391304348, "54": 21.953488372093023, "55": 21.666666666666668, "56": 22.803571428571427, "57": 22.728155339805824, "58": 20.417582417582416, "59": 21.954545454545453, "60": 22.357142857142858, "61": 19.325301204819276, "62": 22.153846153846153, "63": 23.151162790697676, "64": 21.70886075949367, "65": 22.658823529411766, "66": 21.273972602739725, "67": 22.109375, "68": 23.83116883116883, "69": 23.23611111111111, "70": 21.305555555555557, "71": 21.975, "72": 23.21794871794872, "73": 21.838709677419356, "74": 22.70967741935484, "75": 21.770491803278688, "76": 21.983870967741936, "77": 19.803030303030305, "78": 17.3, "79": 21.755102040816325, "80": 23.227272727272727, "81": 29.4, "82": 24.333333333333332}, "p2": {"0": 30.954961464484864, "1": 20.51875, "2": 18.95505617977528, "3": 19.093457943925234, "4": 19.74015748031496, "5": 21.48951048951049, "6": 24.241176470588236, "7": 26.297560975609755, "8": 27.38121546961326, "9": 28.84263959390863, "10": 28.493775933609957, "11": 28.86021505376344, "12": 25.703488372093023, "13": 27.1875, "14": 27.35, "15": 26.914141414141415, "16": 26.98404255319149, "17": 26.612903225806452, "18": 27.02803738317757, "19": 28.445497630331754, "20": 28.635467980295566, "21": 27.51010101010101, "22": 26.65921787709497, "23": 27.096938775510203, "24": 27.198924731182796, "25": 25.875, "26": 26.813953488372093, "27": 26.615384615384617, "28": 27.04022988505747, "29": 27.307692307692307, "30": 26.942528735632184, "31": 28.484662576687118, "32": 29.90909090909091, "33": 32.424050632911396, "34": 27.516129032258064, "35": 32.546052631578945, "36": 31.93959731543624, "37": 32.411764705882355, "38": 32.27891156462585, "39": 32.20289855072464, "40": 31.289473684210527, "41": 31.59090909090909, "42": 32.143884892086334, "43": 31.549618320610687, "44": 32.833333333333336, "45": 32.465648854961835, "46": 32.391666666666666, "47": 33.856, "48": 32.76470588235294, "49": 32.54609929078014, "50": 34.267080745341616, "51": 32.27007299270073, "52": 33.36666666666667, "53": 32.51908396946565, "54": 33.646153846153844, "55": 31.706293706293707, "56": 34.54225352112676, "57": 33.378571428571426, "58": 32.0, "59": 33.57627118644068, "60": 34.58064516129032, "61": 33.25, "62": 34.01801801801802, "63": 33.96478873239437, "64": 33.258620689655174, "65": 34.86842105263158, "66": 32.34615384615385, "67": 36.80909090909091, "68": 36.62385321100918, "69": 34.721739130434784, "70": 35.3235294117647, "71": 37.131147540983605, "72": 36.65094339622642, "73": 31.591304347826085, "74": 32.660377358490564, "75": 35.43877551020408, "76": 33.51162790697674, "77": 35.63302752293578, "78": 37.66, "79": 37.39325842696629, "80": 40.55421686746988, "81": 44.0, "82": 44.06578947368421}, "p3": {"0": 36.138703061410595, "1": 36.138703061410595, "2": 36.138703061410595, "3": 36.37229437229437, "4": 36.416666666666664, "5": 36.23062015503876, "6": 36.04624277456647, "7": 36.0665362035225, "8": 36.28409090909091, "9": 36.01943462897526, "10": 36.26126126126126, "11": 36.24225865209472, "12": 36.13973063973064, "13": 35.9708904109589, "14": 36.15808170515098, "15": 36.098106712564544, "16": 36.16523235800344, "17": 36.17667238421956, "18": 36.100352112676056, "19": 36.02712477396022, "20": 36.05, "21": 36.00372439478585, "22": 36.001862197392924, "23": 36.07306889352818, "24": 35.78144329896907, "25": 36.012269938650306, "26": 36.06962025316456, "27": 36.00896860986547, "28": 36.25, "29": 36.233183856502244, "30": 36.24943820224719, "31": 36.322505800464036, "32": 36.27231121281464, "33": 35.85978835978836, "34": 36.35036496350365, "35": 36.51219512195122, "36": 36.529085872576175, "37": 36.36317135549872, "38": 36.02144772117963, "39": 36.12658227848101, "40": 36.212290502793294, "41": 35.836021505376344, "42": 36.311764705882354, "43": 36.04571428571428, "44": 35.966573816155986, "45": 35.65675675675676, "46": 36.064864864864866, "47": 36.206896551724135, "48": 35.972636815920396, "49": 35.909535452322736, "50": 36.19268292682927, "51": 36.133949191685915, "52": 35.878571428571426, "53": 35.90163934426229, "54": 36.00217864923747, "55": 35.58627858627859, "56": 35.66814159292036, "57": 35.66462167689161, "58": 36.12910284463895, "59": 36.0125786163522, "60": 36.054736842105264, "61": 35.845360824742265, "62": 36.29012345679013, "63": 36.22540983606557, "64": 36.19834710743802, "65": 36.14016736401673, "66": 36.5323275862069, "67": 36.06086956521739, "68": 36.21263157894737, "69": 36.01918976545842, "70": 36.13907284768212, "71": 36.0926724137931, "72": 36.39511201629328, "73": 36.30148619957537, "74": 36.376106194690266, "75": 36.5967365967366, "76": 36.45584725536993, "77": 36.50259067357513, "78": 36.43532338308458, "79": 36.52655889145497, "80": 36.06363636363636, "81": 36.31937172774869, "82": 36.09313725490196}}