{"p0": {"0": 10.0, "1": 10.0, "2": 10.0, "3": 10.0, "4": 10.0, "5": 10.0, "6": 10.0, "7": 10.0, "8": 10.0, "9": 10.0, "10": 10.0, "11": 10.0, "12": 10.0, "13": 10.0, "14": 10.0, "15": 10.0, "16": 10.0, "17": 10.0, "18": 10.0, "19": 10.0, "20": 10.0, "21": 10.0, "22": 10.0, "23": 10.0, "24": 10.0, "25": 10.0, "26": 10.0, "27": 10.0, "28": 10.0, "29": 10.0, "30": 10.0, "31": 10.0, "32": 10.0, "33": 10.0, "34": 10.0, "35": 10.0, "36": 10.0, "37": 10.0, "38": 10.0, "39": 10.0, "40": 10.0, "41": 10.0, "42": 10.0, "43": 10.0, "44": 10.0, "45": 10.0, "46": 10.0, "47": 10.0, "48": 10.0, "49": 10.0, "50": 10.0, "51": 10.0, "52": 10.0, "53": 10.0, "54": 10.0, "55": 10.0, "56": 10.0, "57": 10.0, "58": 10.0, "59": 10.0, "60": 10.0, "61": 10.0, "62": 10.0, "63": 10.0, "64": 10.0, "65": 10.0, "66": 10.0, "67": 10.0, "68": 10.0, "69": 99999.0, "70": 99999.0, "71": 99999.0}, "p1": {"0": 13.170119664205414, "1": 6.2679245283018865, "2": 7.907348242811501, "3": 8.9533527696793, "4": 10.646302250803858, "5": 13.790322580645162, "6": 14.458333333333334, "7": 13.872413793103448, "8": 14.141891891891891, "9": 13.958466453674122, "10": 12.712538226299694, "11": 13.598901098901099, "12": 12.988919667590027, "13": 15.230113636363637, "14": 15.11549295774648, "15": 12.907185628742514, "16": 14.167213114754098, "17": 13.664451827242525, "18": 14.156862745098039, "19": 14.256484149855908, "20": 12.899686520376175, "21": 13.788405797101449, "22": 12.773026315789474, "23": 12.322188449848024, "24": 13.228070175438596, "25": 11.976666666666667, "26": 12.819078947368421, "27": 13.226480836236934, "28": 13.546031746031746, "29": 12.207236842105264, "30": 12.271428571428572, "31": 11.103896103896103, "32": 12.142857142857142, "33": 11.410828025477707, "34": 12.815286624203821, "35": 13.111842105263158, "36": 11.962837837837839, "37": 12.41156462585034, "38": 12.062283737024222, "39": 12.712280701754386, "40": 14.461538461538462, "41": 13.007299270072993, "42": 12.439114391143912, "43": 12.694656488549619, "44": 12.243027888446216, "45": 13.271966527196653, "46": 12.750943396226415, "47": 12.5390625, "48": 12.48917748917749, "49": 12.936651583710407, "50": 12.764444444444445, "51": 14.555555555555555, "52": 14.033980582524272, "53": 13.311926605504587, "54": 13.008403361344538, "55": 13.985148514851485, "56": 14.65, "57": 13.297674418604652, "58": 13.54245283018868, "59": 13.421621621621622, "60": 15.131578947368421, "61": 16.065573770491802, "62": 15.957219251336898, "63": 14.972826086956522, "64": 15.00625, "65": 12.957317073170731, "66": 13.546583850931677, "67": 14.808823529411764, "68": 12.482758620689655, "69": 10.01639344262295, "70": 13.608695652173912, "71": 21.533333333333335}, "p2": {"0": 32.77324914402327, "1": 16.29891304347826, "2": 16.55944055944056, "3": 17.71698113207547, "4": 21.032467532467532, "5": 23.362385321100916, "6": 28.39846743295019, "7": 29.427083333333332, "8": 28.886153846153846, "9": 30.395424836601308, "10": 31.68125, "11": 30.316715542521994, "12": 31.110367892976587, "13": 32.1985294117647, "14": 30.404929577464788, "15": 29.762820512820515, "16": 30.18027210884354, "17": 32.03007518796993, "18": 30.067857142857143, "19": 32.13671875, "20": 31.330827067669173, "21": 31.397849462365592, "22": 32.770992366412216, "23": 33.337164750957854, "24": 32.25806451612903, "25": 33.15151515151515, "26": 31.992727272727272, "27": 31.550387596899224, "28": 30.695167286245354, "29": 31.996031746031747, "30": 33.64782608695652, "31": 33.233333333333334, "32": 36.38934426229508, "33": 34.582644628099175, "34": 34.83898305084746, "35": 33.62698412698413, "36": 33.41818181818182, "37": 35.30801687763713, "38": 34.782442748091604, "39": 34.46443514644351, "40": 34.36051502145923, "41": 34.591928251121075, "42": 35.10671936758893, "43": 34.12765957446808, "44": 33.798449612403104, "45": 35.21052631578947, "46": 35.86607142857143, "47": 34.83116883116883, "48": 34.11555555555555, "49": 35.83700440528634, "50": 35.43497757847533, "51": 36.048034934497814, "52": 35.87665198237885, "53": 35.06896551724138, "54": 35.73658536585366, "55": 35.371428571428574, "56": 37.260416666666664, "57": 34.85909090909091, "58": 36.15348837209302, "59": 35.601941747572816, "60": 36.12352941176471, "61": 36.455497382198956, "62": 36.81437125748503, "63": 35.47586206896552, "64": 35.608938547486034, "65": 33.37222222222222, "66": 33.93333333333333, "67": 35.52777777777778, "68": 37.182432432432435, "69": 35.10958904109589, "70": 38.91011235955056, "71": 40.39007092198582}, "p3": {"0": 36.07190062624909, "1": 36.07190062624909, "2": 36.07190062624909, "3": 36.16380655226209, "4": 35.98904538341158, "5": 36.10671256454389, "6": 35.848080133555925, "7": 35.87396351575456, "8": 35.97568881685575, "9": 35.84700315457413, "10": 35.837712519319936, "11": 35.83385093167702, "12": 35.91904047976012, "13": 35.84073506891271, "14": 35.83048211508554, "15": 36.10776545166402, "16": 35.90708661417323, "17": 35.99173553719008, "18": 36.20723684210526, "19": 36.089285714285715, "20": 36.10645161290323, "21": 36.16725352112676, "22": 36.13184931506849, "23": 36.16354344122657, "24": 36.08205128205128, "25": 36.053173241852484, "26": 36.31506849315068, "27": 36.12410071942446, "28": 36.413080895008605, "29": 36.37542662116041, "30": 36.290050590219224, "31": 36.182282793867124, "32": 35.99125874125874, "33": 35.75306479859895, "34": 35.86531365313653, "35": 36.28411214953271, "36": 36.14545454545455, "37": 36.16984732824427, "38": 35.87332053742802, "39": 36.08801498127341, "40": 36.03984819734345, "41": 36.09461966604824, "42": 36.179159049360145, "43": 35.78483245149912, "44": 35.826848249027236, "45": 36.01529636711281, "46": 36.00567107750473, "47": 35.88117001828154, "48": 35.92870201096892, "49": 35.88286713286713, "50": 36.048442906574394, "51": 35.96121416526138, "52": 35.92939244663383, "53": 36.048986486486484, "54": 36.317535545023695, "55": 36.44013490725126, "56": 36.375987361769354, "57": 36.36431784107946, "58": 36.25856164383562, "59": 36.22203947368421, "60": 36.35227272727273, "61": 36.14625850340136, "62": 36.241610738255034, "63": 36.1389337641357, "64": 36.12227805695142, "65": 36.29563812600969, "66": 36.06972789115646, "67": 36.10948905109489, "68": 36.056798623063685, "69": 35.844919786096256, "70": 35.8698752228164, "71": 36.163763066202094}}