{"p0": {"0": 10.0, "1": 10.0, "2": 10.0, "3": 10.0, "4": 10.0, "5": 10.0, "6": 10.0, "7": 10.0, "8": 10.0, "9": 10.0, "10": 10.0, "11": 10.0, "12": 10.0, "13": 10.0, "14": 10.0, "15": 10.0, "16": 10.0, "17": 10.0, "18": 10.0, "19": 10.0, "20": 10.0, "21": 10.0, "22": 10.0, "23": 10.0, "24": 10.0, "25": 10.0, "26": 10.0, "27": 10.0, "28": 10.0, "29": 10.0, "30": 10.0, "31": 10.0, "32": 10.0, "33": 10.0, "34": 10.0, "35": 10.0, "36": 10.0, "37": 10.0, "38": 10.0, "39": 10.0, "40": 10.0, "41": 10.0, "42": 10.0, "43": 10.0, "44": 10.0, "45": 10.0, "46": 10.0, "47": 10.0, "48": 10.0, "49": 10.0, "50": 10.0, "51": 10.0, "52": 99999.0, "53": 99999.0, "54": 99999.0, "55": 99999.0, "56": 99999.0}, "p1": {"0": 21.270663709951236, "1": 7.071428571428571, "2": 12.894736842105264, "3": 13.2, "4": 17.08421052631579, "5": 21.28813559322034, "6": 22.26126126126126, "7": 24.64516129032258, "8": 23.77027027027027, "9": 20.027027027027028, "10": 20.623376623376622, "11": 21.788235294117648, "12": 22.613636363636363, "13": 25.339449541284402, "14": 23.125984251968504, "15": 22.928571428571427, "16": 22.966666666666665, "17": 23.852631578947367, "18": 23.353535353535353, "19": 22.295238095238094, "20": 20.798076923076923, "21": 23.72897196261682, "22": 21.19090909090909, "23": 22.362903225806452, "24": 23.055555555555557, "25": 22.028846153846153, "26": 21.115384615384617, "27": 22.88679245283019, "28": 24.739583333333332, "29": 22.475247524752476, "30": 22.224137931034484, "31": 22.486238532110093, "32": 23.08433734939759, "33": 22.877777777777776, "34": 21.48148148148148, "35": 22.221153846153847, "36": 22.14814814814815, "37": 23.802083333333332, "38": 20.490384615384617, "39": 19.451612903225808, "40": 21.9625, "41": 20.734177215189874, "42": 20.80246913580247, "43": 21.376470588235293, "44": 21.36842105263158, "45": 20.21590909090909, "46": 19.56179775280899, "47": 20.135135135135137, "48": 20.18888888888889, "49": 19.41269841269841, "50": 17.662337662337663, "51": 20.153846153846153, "52": 18.6, "53": 20.32, "54": 21.8, "55": 25.083333333333332, "56": 26.0}, "p2": {"0": 32.069327663803016, "1": 8.108108108108109, "2": 8.96551724137931, "3": 16.05, "4": 19.559322033898304, "5": 22.5, "6": 28.337662337662337, "7": 35.029411764705884, "8": 33.8046875, "9": 35.15384615384615, "10": 32.09166666666667, "11": 36.2, "12": 33.0375, "13": 31.895833333333332, "14": 32.526315789473685, "15": 28.022988505747126, "16": 32.79347826086956, "17": 32.9375, "18": 31.50943396226415, "19": 33.819148936170215, "20": 35.757009345794394, "21": 33.46666666666667, "22": 31.477777777777778, "23": 31.011363636363637, "24": 29.123456790123456, "25": 35.855421686746986, "26": 34.03191489361702, "27": 31.744444444444444, "28": 34.763888888888886, "29": 31.814814814814813, "30": 31.321428571428573, "31": 33.27272727272727, "32": 36.86363636363637, "33": 36.305882352941175, "34": 33.38202247191011, "35": 36.25609756097561, "36": 33.78823529411765, "37": 36.75581395348837, "38": 35.95652173913044, "39": 36.5945945945946, "40": 36.486111111111114, "41": 33.49295774647887, "42": 29.635135135135137, "43": 32.15384615384615, "44": 32.859154929577464, "45": 33.49295774647887, "46": 31.40277777777778, "47": 36.273972602739725, "48": 35.10126582278481, "49": 36.58730158730159, "50": 32.24285714285714, "51": 36.14035087719298, "52": 32.32608695652174, "53": 29.705882352941178, "54": 30.930232558139537, "55": 41.523809523809526, "56": 43.64150943396226}, "p3": {"0": 44.97350603578542, "1": 19.482758620689655, "2": 26.644444444444446, "3": 29.40740740740741, "4": 33.68421052631579, "5": 39.38834951456311, "6": 48.29770992366412, "7": 47.705882352941174, "8": 46.103896103896105, "9": 49.01470588235294, "10": 45.875, "11": 51.05882352941177, "12": 47.33606557377049, "13": 44.607142857142854, "14": 45.79012345679013, "15": 45.86915887850467, "16": 45.981308411214954, "17": 44.283185840707965, "18": 48.258426966292134, "19": 45.979166666666664, "20": 43.177083333333336, "21": 44.87341772151899, "22": 44.33783783783784, "23": 42.8021978021978, "24": 45.255319148936174, "25": 43.747252747252745, "26": 53.48529411764706, "27": 49.388888888888886, "28": 49.38823529411765, "29": 46.720588235294116, "30": 42.72727272727273, "31": 38.236111111111114, "32": 39.76923076923077, "33": 41.27777777777778, "34": 40.61038961038961, "35": 44.34615384615385, "36": 46.703125, "37": 46.15151515151515, "38": 46.28846153846154, "39": 45.05263157894737, "40": 46.128571428571426, "41": 47.333333333333336, "42": 49.57142857142857, "43": 46.08955223880597, "44": 49.28333333333333, "45": 43.72222222222222, "46": 41.92307692307692, "47": 49.719298245614034, "48": 48.04, "49": 49.12, "50": 48.285714285714285, "51": 48.577777777777776, "52": 49.23529411764706, "53": 46.8, "54": 48.45161290322581, "55": 54.2, "56": 52.92857142857143}, "p4": {"0": 60.41674806188111, "1": 30.24137931034483, "2": 28.7972972972973, "3": 28.50632911392405, "4": 37.48421052631579, "5": 48.45283018867924, "6": 49.65217391304348, "7": 52.33974358974359, "8": 53.91616766467066, "9": 59.57333333333333, "10": 53.53125, "11": 52.55905511811024, "12": 50.75167785234899, "13": 48.7410071942446, "14": 49.46825396825397, "15": 49.76865671641791, "16": 51.888888888888886, "17": 50.03597122302158, "18": 55.8503937007874, "19": 58.862385321100916, "20": 57.71186440677966, "21": 58.407407407407405, "22": 56.42553191489362, "23": 62.51578947368421, "24": 61.91509433962264, "25": 62.2803738317757, "26": 61.88, "27": 62.99074074074074, "28": 60.13186813186813, "29": 64.54878048780488, "30": 62.29807692307692, "31": 63.35294117647059, "32": 72.07446808510639, "33": 62.42574257425743, "34": 70.03370786516854, "35": 66.70967741935483, "36": 62.09574468085106, "37": 62.64367816091954, "38": 65.69, "39": 70.08988764044943, "40": 66.50561797752809, "41": 66.44565217391305, "42": 67.16279069767442, "43": 68.39285714285714, "44": 68.0, "45": 66.77777777777777, "46": 65.98684210526316, "47": 70.81333333333333, "48": 68.32142857142857, "49": 71.775, "50": 70.42857142857143, "51": 73.74025974025975, "52": 72.26229508196721, "53": 73.30263157894737, "54": 78.70967741935483, "55": 80.16666666666667, "56": 77.9041095890411}, "p5": {"0": 60.6871767649637, "1": 60.6871767649637, "2": 60.6871767649637, "3": 60.6871767649637, "4": 60.6871767649637, "5": 60.657627118644065, "6": 60.70175438596491, "7": 60.257425742574256, "8": 60.32876712328767, "9": 60.085034013605444, "10": 60.0953947368421, "11": 60.450980392156865, "12": 60.250803858520904, "13": 60.285714285714285, "14": 60.78181818181818, "15": 59.650375939849624, "16": 60.19921875, "17": 60.469298245614034, "18": 60.294372294372295, "19": 60.650205761316876, "20": 60.831932773109244, "21": 60.868852459016395, "22": 60.62331838565022, "23": 60.66390041493776, "24": 60.54054054054054, "25": 60.13930348258707, "26": 60.63, "27": 60.42934782608695, "28": 60.50847457627118, "29": 60.7989417989418, "30": 61.11702127659574, "31": 61.64367816091954, "32": 61.41935483870968, "33": 60.85128205128205, "34": 61.187845303867405, "35": 61.733333333333334, "36": 62.34285714285714, "37": 61.72432432432432, "38": 60.755102040816325, "39": 61.432432432432435, "40": 61.16597510373444, "41": 61.92307692307692, "42": 62.0184331797235, "43": 61.888888888888886, "44": 62.02978723404255, "45": 61.58653846153846, "46": 61.48066298342541, "47": 60.95412844036697, "48": 60.54838709677419, "49": 60.663636363636364, "50": 60.12871287128713, "51": 59.46363636363636, "52": 59.41711229946524, "53": 58.966183574879224, "54": 59.19672131147541, "55": 59.21761658031088, "56": 59.68306010928962}}