{"p0": {"0": 10.0, "1": 10.0, "2": 10.0, "3": 10.0, "4": 10.0, "5": 10.0, "6": 10.0, "7": 10.0, "8": 10.0, "9": 10.0, "10": 10.0, "11": 10.0, "12": 10.0, "13": 10.0, "14": 10.0, "15": 10.0, "16": 10.0, "17": 10.0, "18": 10.0, "19": 10.0, "20": 10.0, "21": 10.0, "22": 10.0, "23": 10.0, "24": 10.0, "25": 10.0, "26": 10.0, "27": 10.0, "28": 10.0, "29": 10.0, "30": 10.0, "31": 10.0, "32": 10.0, "33": 10.0, "34": 10.0, "35": 10.0, "36": 10.0, "37": 10.0, "38": 10.0, "39": 10.0, "40": 10.0, "41": 10.0, "42": 10.0, "43": 10.0, "44": 10.0, "45": 10.0, "46": 10.0, "47": 10.0, "48": 10.0, "49": 10.0, "50": 10.0, "51": 10.0, "52": 10.0, "53": 10.0, "54": 10.0, "55": 10.0, "56": 10.0, "57": 10.0, "58": 10.0, "59": 10.0, "60": 10.0, "61": 10.0, "62": 10.0, "63": 10.0, "64": 10.0, "65": 10.0, "66": 10.0, "67": 10.0, "68": 99999.0, "69": 99999.0, "70": 99999.0, "71": 99999.0}, "p1": {"0": 24.544852303873874, "1": 15.428571428571429, "2": 13.446428571428571, "3": 13.963503649635037, "4": 17.424657534246574, "5": 21.02777777777778, "6": 24.181347150259068, "7": 25.408536585365855, "8": 23.80327868852459, "9": 25.241573033707866, "10": 25.520231213872833, "11": 26.260663507109005, "12": 24.285714285714285, "13": 25.639593908629443, "14": 25.148717948717948, "15": 25.69142857142857, "16": 27.771428571428572, "17": 26.217877094972067, "18": 26.660377358490567, "19": 26.29936305732484, "20": 26.235668789808916, "21": 28.04794520547945, "22": 26.955882352941178, "23": 27.034965034965033, "24": 28.032, "25": 27.28846153846154, "26": 27.416666666666668, "27": 26.945454545454545, "28": 26.324137931034482, "29": 27.03846153846154, "30": 25.828220858895705, "31": 27.54140127388535, "32": 27.55639097744361, "33": 27.70769230769231, "34": 26.902097902097903, "35": 26.3768115942029, "36": 25.722972972972972, "37": 25.386206896551723, "38": 25.483443708609272, "39": 24.155555555555555, "40": 26.094202898550726, "41": 25.714285714285715, "42": 23.67479674796748, "43": 25.69747899159664, "44": 25.858585858585858, "45": 25.795081967213115, "46": 24.640350877192983, "47": 23.816666666666666, "48": 25.235772357723576, "49": 25.2, "50": 22.8411214953271, "51": 23.448, "52": 24.17, "53": 23.14423076923077, "54": 23.115044247787612, "55": 23.636363636363637, "56": 24.11214953271028, "57": 24.79591836734694, "58": 22.4, "59": 22.565217391304348, "60": 22.838709677419356, "61": 23.830985915492956, "62": 24.75294117647059, "63": 23.097826086956523, "64": 23.260416666666668, "65": 24.862068965517242, "66": 22.03448275862069, "67": 20.514285714285716, "68": 24.866666666666667, "69": 23.1, "70": 25.419354838709676, "71": 24.75}, "p2": {"0": 26.142247014355252, "1": 13.661538461538461, "2": 17.576190476190476, "3": 16.92982456140351, "4": 17.469767441860466, "5": 18.925311203319502, "6": 20.347490347490346, "7": 25.043795620437955, "8": 25.772563176895307, "9": 25.922794117647058, "10": 26.605166051660518, "11": 26.048979591836734, "12": 22.979674796747968, "13": 23.186147186147185, "14": 23.96788990825688, "15": 21.70408163265306, "16": 25.214285714285715, "17": 24.83957219251337, "18": 27.624365482233504, "19": 26.93220338983051, "20": 26.923076923076923, "21": 28.11904761904762, "22": 28.521472392638035, "23": 26.273333333333333, "24": 26.22962962962963, "25": 27.25735294117647, "26": 26.48051948051948, "27": 27.837209302325583, "28": 27.844444444444445, "29": 28.0, "30": 26.314285714285713, "31": 27.418439716312058, "32": 27.409448818897637, "33": 27.510791366906474, "34": 27.065217391304348, "35": 28.644444444444446, "36": 28.607407407407408, "37": 27.104, "38": 27.576923076923077, "39": 27.45736434108527, "40": 27.18320610687023, "41": 25.357142857142858, "42": 28.22222222222222, "43": 24.514705882352942, "44": 25.008196721311474, "45": 29.884297520661157, "46": 28.708955223880597, "47": 28.728813559322035, "48": 27.295081967213115, "49": 26.11881188118812, "50": 25.6171875, "51": 29.366666666666667, "52": 28.296, "53": 27.826771653543307, "54": 28.787610619469028, "55": 30.333333333333332, "56": 26.597826086956523, "57": 26.295238095238094, "58": 26.89430894308943, "59": 25.78048780487805, "60": 22.964601769911503, "61": 26.419354838709676, "62": 28.666666666666668, "63": 26.78, "64": 25.23076923076923, "65": 24.11111111111111, "66": 25.97752808988764, "67": 22.106666666666666, "68": 25.352941176470587, "69": 24.755555555555556, "70": 36.57142857142857, "71": 41.0}, "p3": {"0": 37.2985967136611, "1": 22.836858006042295, "2": 21.90566037735849, "3": 22.684684684684683, "4": 25.612334801762113, "5": 28.822222222222223, "6": 31.604575163398692, "7": 31.594855305466236, "8": 33.526785714285715, "9": 32.385113268608414, "10": 34.26013513513514, "11": 32.26984126984127, "12": 32.73162939297124, "13": 31.716171617161717, "14": 31.895238095238096, "15": 29.687719298245614, "16": 33.58955223880597, "17": 31.779605263157894, "18": 30.972318339100347, "19": 32.407407407407405, "20": 33.554621848739494, "21": 33.922448979591834, "22": 31.842105263157894, "23": 33.2140221402214, "24": 33.81203007518797, "25": 34.15348837209302, "26": 31.66812227074236, "27": 34.676, "28": 36.6359649122807, "29": 35.1948051948052, "30": 35.86407766990291, "31": 34.63849765258216, "32": 34.53703703703704, "33": 39.703539823008846, "34": 38.69430051813472, "35": 37.229268292682924, "36": 40.44230769230769, "37": 38.34517766497462, "38": 38.4059829059829, "39": 39.160377358490564, "40": 41.1747572815534, "41": 39.85253456221198, "42": 39.125, "43": 39.53403141361257, "44": 37.97969543147208, "45": 39.2994923857868, "46": 38.744791666666664, "47": 37.74226804123711, "48": 39.18556701030928, "49": 41.84653465346535, "50": 41.184357541899445, "51": 38.94642857142857, "52": 42.619791666666664, "53": 40.38834951456311, "54": 41.40782122905028, "55": 42.10778443113772, "56": 41.088050314465406, "57": 38.63758389261745, "58": 39.81065088757396, "59": 43.241610738255034, "60": 42.4375, "61": 40.49704142011834, "62": 43.77564102564103, "63": 40.55263157894737, "64": 42.00625, "65": 44.09395973154363, "66": 41.36496350364963, "67": 45.739837398373986, "68": 46.50925925925926, "69": 48.719298245614034, "70": 59.5, "71": 61.11}, "p4": {"0": 48.06176396572954, "1": 48.06176396572954, "2": 48.06176396572954, "3": 48.06176396572954, "4": 48.21700879765396, "5": 47.96142857142857, "6": 48.03484848484848, "7": 47.87732919254658, "8": 47.85645161290323, "9": 47.7625786163522, "10": 47.73717948717949, "11": 47.819488817891376, "12": 48.13430420711974, "13": 48.17307692307692, "14": 47.976, "15": 48.00958466453674, "16": 47.775374376039935, "17": 47.791808873720136, "18": 47.76724137931034, "19": 47.96797153024911, "20": 47.93739130434783, "21": 48.055865921787706, "22": 47.977152899824254, "23": 48.06151142355009, "24": 48.07142857142857, "25": 47.85204081632653, "26": 48.257894736842104, "27": 48.595588235294116, "28": 48.50925925925926, "29": 48.44565217391305, "30": 48.42772277227723, "31": 48.361702127659576, "32": 48.44885177453027, "33": 48.23427331887202, "34": 47.90736842105263, "35": 48.37837837837838, "36": 48.15644820295983, "37": 48.302083333333336, "38": 47.91383219954648, "39": 48.394067796610166, "40": 48.35841584158416, "41": 48.12326043737575, "42": 47.966990291262135, "43": 47.50380228136882, "44": 48.030828516377646, "45": 47.960502692998205, "46": 47.775735294117645, "47": 47.644067796610166, "48": 47.99443413729128, "49": 48.38728323699422, "50": 47.89575971731449, "51": 48.07610619469027, "52": 48.14468864468864, "53": 47.622262773722625, "54": 47.46228239845261, "55": 47.825210084033614, "56": 47.82998171846435, "57": 47.93636363636364, "58": 48.185639229422065, "59": 47.909574468085104, "60": 48.37931034482759, "61": 48.139616055846425, "62": 48.36050724637681, "63": 47.814236111111114, "64": 47.91768826619965, "65": 47.957597173144876, "66": 48.20557491289198, "67": 48.13089005235602, "68": 48.213178294573645, "69": 48.32692307692308, "70": 48.18060836501901, "71": 48.79044117647059}}