{"p0": {"0": 10.0, "1": 10.0, "2": 10.0, "3": 10.0, "4": 10.0, "5": 10.0, "6": 10.0, "7": 10.0, "8": 10.0, "9": 10.0, "10": 10.0, "11": 10.0, "12": 10.0, "13": 10.0, "14": 10.0, "15": 10.0, "16": 10.0, "17": 10.0, "18": 10.0, "19": 10.0, "20": 10.0, "21": 10.0, "22": 10.0, "23": 10.0, "24": 10.0, "25": 10.0, "26": 10.0, "27": 10.0, "28": 10.0, "29": 10.0, "30": 10.0, "31": 10.0, "32": 10.0, "33": 10.0, "34": 10.0, "35": 10.0, "36": 10.0, "37": 10.0, "38": 10.0, "39": 10.0, "40": 10.0, "41": 10.0, "42": 10.0, "43": 10.0, "44": 10.0, "45": 10.0, "46": 10.0, "47": 10.0, "48": 10.0, "49": 10.0, "50": 10.0, "51": 10.0, "52": 10.0, "53": 10.0, "54": 10.0, "55": 10.0, "56": 10.0, "57": 10.0, "58": 10.0, "59": 10.0, "60": 10.0, "61": 10.0, "62": 10.0, "63": 10.0, "64": 10.0, "65": 10.0, "66": 10.0, "67": 10.0, "68": 10.0, "69": 10.0, "70": 10.0, "71": 10.0, "72": 10.0, "73": 10.0, "74": 10.0, "75": 10.0, "76": 10.0, "77": 10.0, "78": 10.0, "79": 10.0, "80": 10.0, "81": 10.0, "82": 10.0, "83": 10.0, "84": 10.0, "85": 10.0, "86": 10.0, "87": 10.0, "88": 10.0, "89": 10.0, "90": 10.0, "91": 10.0, "92": 10.0, "93": 10.0, "94": 10.0, "95": 10.0, "96": 10.0, "97": 99999.0, "98": 99999.0, "99": 99999.0}, "p1": {"0": 20.442264139946005, "1": 9.862068965517242, "2": 11.607142857142858, "3": 13.916030534351146, "4": 17.418439716312058, "5": 19.61904761904762, "6": 23.348101265822784, "7": 21.57894736842105, "8": 21.0, "9": 19.81290322580645, "10": 21.553030303030305, "11": 21.140939597315437, "12": 20.96470588235294, "13": 19.0472972972973, "14": 21.895061728395063, "15": 20.993055555555557, "16": 19.725609756097562, "17": 20.801652892561982, "18": 21.385185185185186, "19": 21.11888111888112, "20": 22.226027397260275, "21": 20.579710144927535, "22": 19.73381294964029, "23": 20.136690647482013, "24": 20.755555555555556, "25": 22.918032786885245, "26": 21.27857142857143, "27": 21.23076923076923, "28": 20.36521739130435, "29": 19.463414634146343, "30": 21.521008403361346, "31": 19.918032786885245, "32": 20.369565217391305, "33": 19.90066225165563, "34": 19.16176470588235, "35": 22.218309859154928, "36": 20.46456692913386, "37": 20.272727272727273, "38": 21.18421052631579, "39": 20.338345864661655, "40": 20.13907284768212, "41": 20.32089552238806, "42": 21.064, "43": 20.651162790697676, "44": 21.24203821656051, "45": 21.56756756756757, "46": 19.66386554621849, "47": 20.830882352941178, "48": 20.115384615384617, "49": 20.85820895522388, "50": 20.491666666666667, "51": 21.735537190082646, "52": 21.336363636363636, "53": 21.19327731092437, "54": 22.074074074074073, "55": 22.10236220472441, "56": 21.46456692913386, "57": 21.424778761061948, "58": 22.176, "59": 21.419642857142858, "60": 21.237623762376238, "61": 20.363636363636363, "62": 21.12037037037037, "63": 21.45967741935484, "64": 20.431372549019606, "65": 21.778846153846153, "66": 18.965217391304346, "67": 20.973913043478262, "68": 19.19148936170213, "69": 20.504950495049506, "70": 20.41860465116279, "71": 21.024793388429753, "72": 21.654867256637168, "73": 20.252336448598133, "74": 21.146067415730336, "75": 20.188524590163933, "76": 20.11904761904762, "77": 20.33653846153846, "78": 21.007751937984494, "79": 21.72222222222222, "80": 21.106060606060606, "81": 20.93859649122807, "82": 21.309278350515463, "83": 21.16470588235294, "84": 22.048192771084338, "85": 22.93877551020408, "86": 21.172727272727272, "87": 22.5609756097561, "88": 21.05952380952381, "89": 22.134615384615383, "90": 21.426829268292682, "91": 19.82608695652174, "92": 20.73404255319149, "93": 20.838983050847457, "94": 20.783505154639176, "95": 17.12727272727273, "96": 15.054545454545455, "97": 15.26923076923077, "98": 16.473684210526315, "99": 23.22222222222222}, "p2": {"0": 33.9307328589277, "1": 24.196969696969695, "2": 24.5609756097561, "3": 25.75, "4": 30.91891891891892, "5": 31.3265306122449, "6": 33.05882352941177, "7": 34.69879518072289, "8": 34.616279069767444, "9": 35.89325842696629, "10": 34.57303370786517, "11": 34.903225806451616, "12": 33.713235294117645, "13": 33.12413793103448, "14": 33.62111801242236, "15": 32.57615894039735, "16": 31.53125, "17": 30.66860465116279, "18": 30.236842105263158, "19": 31.111842105263158, "20": 31.15568862275449, "21": 30.97041420118343, "22": 33.97986577181208, "23": 31.37579617834395, "24": 29.929411764705883, "25": 30.748571428571427, "26": 30.473684210526315, "27": 31.551020408163264, "28": 34.1744966442953, "29": 32.18881118881119, "30": 31.632911392405063, "31": 33.696774193548386, "32": 32.99290780141844, "33": 31.928571428571427, "34": 31.096296296296295, "35": 32.08275862068965, "36": 30.953333333333333, "37": 33.043010752688176, "38": 30.41358024691358, "39": 33.73053892215569, "40": 34.101351351351354, "41": 32.22222222222222, "42": 33.42446043165467, "43": 33.57575757575758, "44": 33.45255474452555, "45": 31.801369863013697, "46": 34.527027027027025, "47": 34.088050314465406, "48": 33.61437908496732, "49": 33.48993288590604, "50": 36.7, "51": 33.97385620915033, "52": 36.29220779220779, "53": 35.45945945945946, "54": 36.99159663865546, "55": 36.23780487804878, "56": 34.62721893491124, "57": 32.7888198757764, "58": 36.52105263157895, "59": 35.63758389261745, "60": 32.79333333333334, "61": 36.636986301369866, "62": 35.17687074829932, "63": 35.23943661971831, "64": 35.2814371257485, "65": 34.859154929577464, "66": 37.88235294117647, "67": 35.850746268656714, "68": 36.14492753623188, "69": 35.165217391304346, "70": 34.76377952755905, "71": 36.277372262773724, "72": 35.614754098360656, "73": 34.37579617834395, "74": 34.63120567375886, "75": 36.08029197080292, "76": 36.85344827586207, "77": 36.666666666666664, "78": 38.43801652892562, "79": 31.943548387096776, "80": 36.26712328767123, "81": 32.142857142857146, "82": 36.31707317073171, "83": 35.78030303030303, "84": 33.44827586206897, "85": 34.252100840336134, "86": 36.65853658536585, "87": 35.8859649122807, "88": 34.29126213592233, "89": 34.935483870967744, "90": 34.319327731092436, "91": 32.06666666666667, "92": 33.21848739495798, "93": 36.92631578947368, "94": 34.15596330275229, "95": 31.635514018691588, "96": 36.11538461538461, "97": 39.27368421052632, "98": 45.515151515151516, "99": 46.53658536585366}, "p3": {"0": 36.482984186755886, "1": 36.482984186755886, "2": 36.482984186755886, "3": 36.51084337349398, "4": 36.65068493150685, "5": 36.408071748878925, "6": 36.214285714285715, "7": 36.723356009070294, "8": 36.948660714285715, "9": 36.73706896551724, "10": 36.23360655737705, "11": 36.478, "12": 36.43687374749499, "13": 36.537525354969574, "14": 36.59538784067086, "15": 36.50931677018634, "16": 36.31055900621118, "17": 36.32251521298174, "18": 36.310204081632655, "19": 36.335429769392036, "20": 36.36666666666667, "21": 36.36645962732919, "22": 36.484472049689444, "23": 36.32385120350109, "24": 36.44700460829493, "25": 36.46895074946467, "26": 36.4635761589404, "27": 36.534831460674155, "28": 36.32461873638344, "29": 36.44444444444444, "30": 36.31591448931116, "31": 36.646766169154226, "32": 36.61630695443645, "33": 36.427872860635695, "34": 36.70332480818414, "35": 36.78477690288714, "36": 36.52896725440806, "37": 36.61904761904762, "38": 36.81967213114754, "39": 36.76453488372093, "40": 36.62603878116344, "41": 36.88235294117647, "42": 36.78272980501393, "43": 37.07954545454545, "44": 36.40860215053763, "45": 36.74193548387097, "46": 36.42032967032967, "47": 36.31043956043956, "48": 36.61919504643963, "49": 36.53448275862069, "50": 36.812865497076025, "51": 36.61813186813187, "52": 36.25555555555555, "53": 36.31142857142857, "54": 36.394666666666666, "55": 36.37669376693767, "56": 35.9281914893617, "57": 36.41952506596306, "58": 36.17553191489362, "59": 36.213740458015266, "60": 36.291777188328915, "61": 36.73834196891192, "62": 36.62337662337662, "63": 36.79197994987469, "64": 36.4525, "65": 36.651162790697676, "66": 36.792792792792795, "67": 36.46875, "68": 36.62619047619047, "69": 36.54237288135593, "70": 36.826789838337184,