{"p0": {"0": 10.0, "1": 10.0, "2": 10.0, "3": 10.0, "4": 10.0, "5": 10.0, "6": 10.0, "7": 10.0, "8": 10.0, "9": 10.0, "10": 10.0, "11": 10.0, "12": 10.0, "13": 10.0, "14": 10.0, "15": 10.0, "16": 10.0, "17": 10.0, "18": 10.0, "19": 10.0, "20": 10.0, "21": 10.0, "22": 10.0, "23": 10.0, "24": 10.0, "25": 10.0, "26": 10.0, "27": 10.0, "28": 10.0, "29": 10.0, "30": 10.0, "31": 10.0, "32": 10.0, "33": 10.0, "34": 10.0, "35": 10.0, "36": 10.0, "37": 10.0, "38": 10.0, "39": 10.0, "40": 10.0, "41": 10.0, "42": 10.0, "43": 10.0, "44": 10.0, "45": 10.0, "46": 10.0, "47": 10.0, "48": 10.0, "49": 10.0, "50": 10.0, "51": 10.0, "52": 10.0, "53": 10.0, "54": 10.0, "55": 10.0, "56": 10.0, "57": 10.0, "58": 10.0, "59": 10.0, "60": 10.0, "61": 10.0, "62": 10.0, "63": 10.0, "64": 10.0, "65": 99999.0, "66": 99999.0, "67": 99999.0}, "p1": {"0": 21.136974918577575, "1": 8.923076923076923, "2": 13.166666666666666, "3": 15.529411764705882, "4": 19.0188679245283, "5": 21.969924812030076, "6": 24.791666666666668, "7": 25.881818181818183, "8": 23.38235294117647, "9": 24.444444444444443, "10": 25.18421052631579, "11": 24.427350427350426, "12": 23.535087719298247, "13": 25.078014184397162, "14": 24.304, "15": 24.026785714285715, "16": 23.940594059405942, "17": 25.542168674698797, "18": 24.924050632911392, "19": 25.66315789473684, "20": 23.66355140186916, "21": 23.775280898876403, "22": 24.303370786516854, "23": 23.65625, "24": 22.415730337078653, "25": 23.49425287356322, "26": 21.867469879518072, "27": 21.860759493670887, "28": 20.97752808988764, "29": 20.175824175824175, "30": 19.329787234042552, "31": 21.6, "32": 20.131147540983605, "33": 21.958904109589042, "34": 20.10989010989011, "35": 21.72972972972973, "36": 21.864864864864863, "37": 20.876923076923077, "38": 19.36842105263158, "39": 19.421875, "40": 19.394736842105264, "41": 22.13157894736842, "42": 20.37735849056604, "43": 21.868852459016395, "44": 20.835616438356166, "45": 20.961038961038962, "46": 20.484848484848484, "47": 21.44776119402985, "48": 22.2972972972973, "49": 21.79032258064516, "50": 19.169811320754718, "51": 21.357142857142858, "52": 20.324324324324323, "53": 22.9, "54": 22.79032258064516, "55": 21.41891891891892, "56": 22.80263157894737, "57": 21.18032786885246, "58": 19.859154929577464, "59": 21.64179104477612, "60": 19.830985915492956, "61": 17.582278481012658, "62": 18.51948051948052, "63": 15.927272727272728, "64": 15.857142857142858, "65": 16.666666666666668, "66": 15.222222222222221, "67": 15.222222222222221}, "p2": {"0": 34.091362022167225, "1": 24.280172413793103, "2": 24.157894736842106, "3": 26.27173913043478, "4": 26.934782608695652, "5": 28.194690265486727, "6": 30.405797101449274, "7": 29.15568862275449, "8": 33.067632850241544, "9": 31.593908629441625, "10": 32.61764705882353, "11": 32.20792079207921, "12": 30.403846153846153, "13": 29.846153846153847, "14": 29.48936170212766, "15": 30.443243243243245, "16": 28.896907216494846, "17": 29.668539325842698, "18": 32.01156069364162, "19": 31.471264367816094, "20": 31.07638888888889, "21": 31.601503759398497, "22": 33.5655737704918, "23": 32.171875, "24": 32.57342657342657, "25": 34.45112781954887, "26": 33.792, "27": 35.26923076923077, "28": 34.34453781512605, "29": 36.367924528301884, "30": 36.2, "31": 34.648, "32": 34.67796610169491, "33": 37.068627450980394, "34": 36.44444444444444, "35": 35.12, "36": 36.29838709677419, "37": 37.14912280701754, "38": 36.28440366972477, "39": 35.0, "40": 36.90721649484536, "41": 36.32941176470588, "42": 36.01652892561984, "43": 36.13513513513514, "44": 36.982142857142854, "45": 35.29133858267716, "46": 36.911764705882355, "47": 34.58139534883721, "48": 37.02247191011236, "49": 36.108333333333334, "50": 35.76190476190476, "51": 37.04716981132076, "52": 38.345454545454544, "53": 35.126315789473686, "54": 36.758620689655174, "55": 36.22330097087379, "56": 34.88297872340426, "57": 34.21186440677966, "58": 35.088235294117645, "59": 36.992063492063494, "60": 36.11504424778761, "61": 35.72727272727273, "62": 35.42424242424242, "63": 38.19387755102041, "64": 37.840425531914896, "65": 41.13186813186813, "66": 41.018181818181816, "67": 40.723404255319146}, "p3": {"0": 36.37841686385415, "1": 36.37841686385415, "2": 36.37841686385415, "3": 37.06501547987616, "4": 36.81458966565349, "5": 36.51190476190476, "6": 36.1927374301676, "7": 36.455263157894734, "8": 36.62690355329949, "9": 36.646310432569976, "10": 36.6144578313253, "11": 36.236009732360095, "12": 35.963235294117645, "13": 36.25740318906606, "14": 36.22144522144522, "15": 36.37939110070258, "16": 36.262910798122064, "17": 36.38317757009346, "18": 36.60981308411215, "19": 36.52278177458034, "20": 36.9025, "21": 36.94225721784777, "22": 36.7598944591029, "23": 36.66755319148936, "24": 36.462724935732645, "25": 36.51168831168831, "26": 36.24484536082474, "27": 36.551319648093845, "28": 36.24216524216524, "29": 35.83076923076923, "30": 35.79874213836478, "31": 35.78343949044586, "32": 36.0921052631579, "33": 36.040880503144656, "34": 36.52739726027397, "35": 36.31152647975078, "36": 36.50498338870432, "37": 36.40418118466899, "38": 35.94603174603174, "39": 36.26923076923077, "40": 36.377300613496935, "41": 36.384393063583815, "42": 36.71147540983606, "43": 36.86153846153846, "44": 36.30791788856305, "45": 36.546827794561935, "46": 36.31578947368421, "47": 36.59620596205962, "48": 36.78409090909091, "49": 36.48, "50": 36.30102040816327, "51": 36.54521963824289, "52": 36.202564102564104, "53": 36.325268817204304, "54": 36.00837988826816, "55": 36.01381215469613, "56": 35.72576177285318, "57": 35.807162534435264, "58": 35.96236559139785, "59": 36.58456973293769, "60": 36.39202657807309, "61": 36.09785932721712, "62": 36.429003021148034, "63": 36.514619883040936, "64": 36.823691460055095, "65": 36.37313432835821, "66": 36.49844236760124, "67": 36.069069069069066}}