{"p0": {"0": 10.0, "1": 10.0, "2": 10.0, "3": 10.0, "4": 10.0, "5": 10.0, "6": 10.0, "7": 10.0, "8": 10.0, "9": 10.0, "10": 10.0, "11": 10.0, "12": 10.0, "13": 10.0, "14": 10.0, "15": 10.0, "16": 10.0, "17": 10.0, "18": 10.0, "19": 10.0, "20": 10.0, "21": 10.0, "22": 10.0, "23": 10.0, "24": 10.0, "25": 10.0, "26": 10.0, "27": 10.0, "28": 10.0, "29": 10.0, "30": 10.0, "31": 10.0, "32": 10.0, "33": 10.0, "34": 10.0, "35": 10.0, "36": 10.0, "37": 10.0, "38": 10.0, "39": 10.0, "40": 10.0, "41": 10.0, "42": 10.0, "43": 10.0, "44": 10.0, "45": 10.0, "46": 10.0, "47": 10.0, "48": 10.0, "49": 10.0, "50": 10.0, "51": 10.0, "52": 10.0, "53": 10.0, "54": 10.0, "55": 10.0, "56": 10.0, "57": 10.0, "58": 10.0, "59": 10.0, "60": 10.0, "61": 10.0, "62": 10.0, "63": 10.0, "64": 10.0, "65": 10.0, "66": 10.0, "67": 10.0, "68": 10.0, "69": 10.0, "70": 10.0, "71": 10.0, "72": 10.0, "73": 10.0, "74": 10.0, "75": 10.0, "76": 10.0, "77": 10.0, "78": 10.0, "79": 10.0, "80": 10.0, "81": 10.0, "82": 10.0, "83": 10.0, "84": 10.0, "85": 10.0, "86": 10.0, "87": 99999.0, "88": 99999.0, "89": 99999.0, "90": 99999.0, "91": 99999.0}, "p1": {"0": 18.216543714324715, "1": 9.016, "2": 10.861386138613861, "3": 13.027586206896551, "4": 14.393103448275863, "5": 17.34246575342466, "6": 18.398936170212767, "7": 17.16931216931217, "8": 17.027027027027028, "9": 17.492385786802032, "10": 15.864321608040202, "11": 17.088082901554404, "12": 16.984536082474225, "13": 17.590425531914892, "14": 18.516746411483254, "15": 19.130434782608695, "16": 16.81645569620253, "17": 18.96078431372549, "18": 18.821656050955415, "19": 17.420731707317074, "20": 16.214285714285715, "21": 17.85, "22": 17.24848484848485, "23": 18.09090909090909, "24": 17.959302325581394, "25": 18.393333333333334, "26": 18.20125786163522, "27": 16.94578313253012, "28": 18.724358974358974, "29": 17.714285714285715, "30": 18.71523178807947, "31": 16.883561643835616, "32": 15.986394557823129, "33": 18.591836734693878, "34": 14.86861313868613, "35": 16.304597701149426, "36": 18.420454545454547, "37": 19.347560975609756, "38": 19.891156462585034, "39": 18.674418604651162, "40": 18.207142857142856, "41": 18.84931506849315, "42": 17.923976608187136, "43": 18.59748427672956, "44": 20.354609929078013, "45": 18.630769230769232, "46": 19.92248062015504, "47": 20.055118110236222, "48": 18.94776119402985, "49": 18.81578947368421, "50": 18.830188679245282, "51": 19.410714285714285, "52": 18.318181818181817, "53": 17.968992248062015, "54": 18.310344827586206, "55": 17.578125, "56": 18.118055555555557, "57": 17.716129032258063, "58": 20.171641791044777, "59": 19.754545454545454, "60": 19.36842105263158, "61": 19.007407407407406, "62": 20.755905511811022, "63": 18.139344262295083, "64": 17.796610169491526, "65": 18.061946902654867, "66": 19.32330827067669, "67": 19.405594405594407, "68": 17.94074074074074, "69": 19.18978102189781, "70": 18.774436090225564, "71": 19.896551724137932, "72": 19.753968253968253, "73": 17.772357723577237, "74": 17.893129770992367, "75": 19.926605504587155, "76": 19.70689655172414, "77": 19.401360544217688, "78": 19.337662337662337, "79": 18.31304347826087, "80": 19.286821705426355, "81": 20.328125, "82": 19.229508196721312, "83": 19.162790697674417, "84": 19.724409448818896, "85": 20.069565217391304, "86": 17.943548387096776, "87": 19.339285714285715, "88": 19.02803738317757, "89": 19.79268292682927, "90": 18.606060606060606, "91": 22.0}, "p2": {"0": 35.773908772792, "1": 11.0, "2": 16.948275862068964, "3": 23.38372093023256, "4": 24.891304347826086, "5": 27.444444444444443, "6": 32.64473684210526, "7": 34.138888888888886, "8": 35.92820512820513, "9": 34.13235294117647, "10": 36.11734693877551, "11": 35.278688524590166, "12": 34.68888888888889, "13": 35.66129032258065, "14": 36.81818181818182, "15": 32.874251497005986, "16": 35.80246913580247, "17": 35.78034682080925, "18": 36.73575129533679, "19": 36.148809523809526, "20": 37.130434782608695, "21": 34.87837837837838, "22": 35.6044776119403, "23": 35.11392405063291, "24": 37.151315789473685, "25": 36.94078947368421, "26": 36.05487804878049, "27": 38.130434782608695, "28": 37.24264705882353, "29": 36.193333333333335, "30": 36.0, "31": 36.16417910447761, "32": 36.738461538461536, "33": 37.29496402877698, "34": 36.91304347826087, "35": 35.12751677852349, "36": 38.38620689655173, "37": 37.93388429752066, "38": 35.43333333333333, "39": 37.61068702290076, "40": 38.45378151260504, "41": 36.6015625, "42": 38.8448275862069, "43": 37.162393162393165, "44": 33.77884615384615, "45": 36.291666666666664, "46": 36.283018867924525, "47": 35.554545454545455, "48": 35.320754716981135, "49": 36.736363636363635, "50": 34.11805555555556, "51": 36.80952380952381, "52": 38.97391304347826, "53": 33.93388429752066, "54": 35.13333333333333, "55": 36.21848739495798, "56": 37.293103448275865, "57": 35.76, "58": 36.801587301587304, "59": 35.564516129032256, "60": 35.657407407407405, "61": 37.52, "62": 35.06185567010309, "63": 36.22222222222222, "64": 38.53465346534654, "65": 35.47727272727273, "66": 37.72727272727273, "67": 37.40677966101695, "68": 37.92553191489362, "69": 37.35294117647059, "70": 35.99130434782609, "71": 36.197916666666664, "72": 36.48888888888889, "73": 36.626168224299064, "74": 36.67741935483871, "75": 36.98913043478261, "76": 37.76923076923077, "77": 37.717171717171716, "78": 34.55769230769231, "79": 37.734042553191486, "80": 38.49038461538461, "81": 36.09782608695652, "82": 38.741176470588236, "83": 37.839506172839506, "84": 38.119565217391305, "85": 38.9125, "86": 37.65384615384615, "87": 38.035714285714285, "88": 40.34020618556701, "89": 39.752941176470586, "90": 41.333333333333336, "91": 40.378787878787875}, "p3": {"0": 40.482282879465146, "1": 19.367924528301888, "2": 22.391304347826086, "3": 26.83221476510067, "4": 31.09036144578313, "5": 34.08181818181818, "6": 38.71966527196653, "7": 42.44649446494465, "8": 43.22014925373134, "9": 41.39655172413793, "10": 39.4367816091954, "11": 37.74074074074074, "12": 40.04, "13": 38.47404844290657, "14": 40.66265060240964, "15": 39.547511312217196, "16": 40.333333333333336, "17": 38.76219512195122, "18": 34.547486033519554, "19": 38.69767441860465, "20": 41.292682926829265, "21": 36.40449438202247, "22": 42.36649214659686, "23": 39.15816326530612, "24": 37.3494623655914, "25": 39.03517587939699, "26": 38.906666666666666, "27": 43.746753246753244, "28": 40.15822784810127, "29": 38.98675496688742, "30": 41.588235294117645, "31": 42.25903614457831, "32": 41.08588957055215, "33": 40.38732394366197, "34": 42.78448275862069, "35": 42.552845528455286, "36": 43.03846153846154, "37": 45.15625, "38": 42.151785714285715, "39": 41.74561403508772, "40": 41.31578947368421, "41": 39.95161290322581, "42": 40.316901408450704, "43": 39.767857142857146, "44": 41.93650793650794, "45": 43.888888888888886, "46": 42.18260869565217, "47": 42.095652173913045, "48": 39.86206896551724, "49": 42.31428571428572, "50": 40.32743362831859, "51": 38.432203389830505, "52": 41.66, "53": 40.61206896551724, "54": 39.69, "55": 36.65094339622642, "56": 45.312, "57": 42.84615384615385, "58": 41.11224489795919, "59": 40.875, "60": 44.294117647058826, "61": 44.916666666666664, "62": 41.92307692307692, "63": 41.76470588235294, "64": 47.177083333333336, "65": 42.689655172413794, "66": 43.22222222222222, "67": 44.84615384615385, "68": 42.0, "69": 43.892857142857146, "70": 41.58108108108108, "71": 42.630434782608695, "72": 44.7875, "73": 40.81927710843374, "74": 41.05494505494506, "75": 39.44871794871795, "76": 42.892857142857146, "77": 42.46153846153846, "78": 42.19178082191781, "79": 47.6, "80": 41.97530864197531, "81": 41.070422535211264, "82": 43.70967741935484, "83": 44.6231884057971, "84": 46.482142857142854, "85": 43.732142857142854, "86": 40.55555555555556, "87": 34.61764705882353, "88": 39.256410256410255, "89": 35.76315789473684, "90": 34.77777777777778, "91": 46.035714285714285}, "p4": {"0": 60.107710331774264, "1": 25.549382716049383, "2": 25.154411764705884,