{"p0": {"0": 10.0, "1": 10.0, "2": 10.0, "3": 10.0, "4": 10.0, "5": 10.0, "6": 10.0, "7": 10.0, "8": 10.0, "9": 10.0, "10": 10.0, "11": 10.0, "12": 10.0, "13": 10.0, "14": 10.0, "15": 10.0, "16": 10.0, "17": 10.0, "18": 10.0, "19": 10.0, "20": 10.0, "21": 10.0, "22": 10.0, "23": 10.0, "24": 10.0, "25": 10.0, "26": 10.0, "27": 10.0, "28": 10.0, "29": 10.0, "30": 10.0, "31": 10.0, "32": 10.0, "33": 10.0, "34": 10.0, "35": 10.0, "36": 10.0, "37": 10.0, "38": 10.0, "39": 10.0, "40": 10.0, "41": 10.0, "42": 10.0, "43": 10.0, "44": 10.0, "45": 10.0, "46": 10.0, "47": 10.0, "48": 10.0, "49": 10.0, "50": 10.0, "51": 10.0, "52": 10.0, "53": 10.0, "54": 10.0, "55": 10.0, "56": 10.0, "57": 10.0, "58": 99999.0, "59": 99999.0, "60": 99999.0, "61": 99999.0}, "p1": {"0": 19.87580722515834, "1": 9.325581395348838, "2": 11.627272727272727, "3": 11.817518248175183, "4": 15.743421052631579, "5": 18.497041420118343, "6": 21.733333333333334, "7": 21.502702702702702, "8": 21.89080459770115, "9": 21.476190476190474, "10": 20.02409638554217, "11": 20.401129943502823, "12": 21.00588235294118, "13": 20.145833333333332, "14": 21.141104294478527, "15": 21.190217391304348, "16": 20.44578313253012, "17": 19.88235294117647, "18": 20.938650306748468, "19": 19.571428571428573, "20": 20.09271523178808, "21": 20.3757225433526, "22": 20.857142857142858, "23": 20.42948717948718, "24": 20.351063829787233, "25": 19.11842105263158, "26": 21.0875, "27": 21.359550561797754, "28": 19.60135135135135, "29": 20.25465838509317, "30": 19.819444444444443, "31": 20.098684210526315, "32": 19.1203007518797, "33": 20.068493150684933, "34": 21.666666666666668, "35": 21.25625, "36": 20.683098591549296, "37": 18.708333333333332, "38": 19.141843971631207, "39": 19.496350364963504, "40": 19.058823529411764, "41": 20.91390728476821, "42": 20.575539568345324, "43": 18.71323529411765, "44": 19.341463414634145, "45": 19.9645390070922, "46": 19.928571428571427, "47": 21.912408759124087, "48": 20.674074074074074, "49": 18.907563025210084, "50": 20.17391304347826, "51": 20.01388888888889, "52": 19.5531914893617, "53": 20.04237288135593, "54": 20.03076923076923, "55": 18.325757575757574, "56": 19.258992805755394, "57": 19.545454545454547, "58": 19.524271844660195, "59": 22.142857142857142, "60": 26.09090909090909, "61": 25.784313725490197}, "p2": {"0": 29.93134820359902, "1": 13.075471698113208, "2": 13.283783783783784, "3": 15.520833333333334, "4": 17.492537313432837, "5": 18.04191616766467, "6": 25.898477157360407, "7": 29.75897435897436, "8": 29.984126984126984, "9": 31.423728813559322, "10": 33.231818181818184, "11": 32.35944700460829, "12": 30.71505376344086, "13": 31.869565217391305, "14": 30.89308176100629, "15": 28.78723404255319, "16": 28.926174496644297, "17": 30.693989071038253, "18": 32.027522935779814, "19": 32.81151832460733, "20": 33.666666666666664, "21": 32.2, "22": 32.92941176470588, "23": 31.12925170068027, "24": 33.05194805194805, "25": 32.7030303030303, "26": 32.734693877551024, "27": 31.134078212290504, "28": 32.40721649484536, "29": 31.355029585798817, "30": 30.789772727272727, "31": 32.12307692307692, "32": 33.17142857142857, "33": 32.13008130081301, "34": 33.0, "35": 32.61194029850746, "36": 31.434782608695652, "37": 31.586206896551722, "38": 30.39568345323741, "39": 32.34426229508197, "40": 29.296875, "41": 31.392857142857142, "42": 30.868217054263567, "43": 29.614864864864863, "44": 28.125925925925927, "45": 31.56779661016949, "46": 31.768, "47": 30.327868852459016, "48": 32.0, "49": 31.6, "50": 32.43055555555556, "51": 29.928571428571427, "52": 31.368055555555557, "53": 31.587786259541986, "54": 32.32432432432432, "55": 28.5, "56": 30.81111111111111, "57": 30.541176470588237, "58": 28.64864864864865, "59": 27.56578947368421, "60": 32.0, "61": 33.85}, "p3": {"0": 43.56470541607281, "1": 13.85, "2": 13.73913043478261, "3": 20.193548387096776, "4": 27.613496932515336, "5": 33.029761904761905, "6": 39.50454545454546, "7": 38.93076923076923, "8": 40.463035019455255, "9": 40.641891891891895, "10": 38.631768953068594, "11": 39.806338028169016, "12": 40.53103448275862, "13": 41.86524822695036, "14": 36.85818181818182, "15": 40.694244604316545, "16": 38.58, "17": 37.78688524590164, "18": 41.275590551181104, "19": 40.79838709677419, "20": 40.68217054263566, "21": 41.33720930232558, "22": 40.3125, "23": 44.98828125, "24": 45.19924812030075, "25": 45.34090909090909, "26": 46.524, "27": 46.17695473251029, "28": 46.41035856573705, "29": 45.04494382022472, "30": 45.09931506849315, "31": 47.12992125984252, "32": 47.88929889298893, "33": 46.22406639004149, "34": 48.9051724137931, "35": 45.15833333333333, "36": 47.21862348178138, "37": 48.30612244897959, "38": 47.75, "39": 45.60538116591928, "40": 47.3640350877193, "41": 47.01716738197425, "42": 45.73221757322176, "43": 46.391304347826086, "44": 45.54504504504504, "45": 44.594339622641506, "46": 42.616379310344826, "47": 42.970338983050844, "48": 46.8, "49": 46.70646766169154, "50": 49.14351851851852, "51": 49.595, "52": 46.603960396039604, "53": 45.35616438356164, "54": 47.03982300884956, "55": 48.81818181818182, "56": 53.739583333333336, "57": 52.14054054054054, "58": 52.035928143712574, "59": 56.59863945578231, "60": 62.70253164556962, "61": 61.8391959798995}, "p4": {"0": 47.97255219936407, "1": 47.97255219936407, "2": 47.97255219936407, "3": 47.97255219936407, "4": 47.888888888888886, "5": 47.8937875751503, "6": 47.906890130353815, "7": 48.015810276679844, "8": 48.16023166023166, "9": 48.271186440677965, "10": 48.17527675276753, "11": 48.04477611940298, "12": 48.24821428571428, "13": 48.26691042047532, "14": 48.42829076620825, "15": 48.41260162601626, "16": 48.2815734989648, "17": 48.1531914893617, "18": 48.190669371196755, "19": 48.23014256619145, "20": 48.198019801980195, "21": 48.10546875, "22": 48.48619957537155, "23": 48.3982683982684, "24": 47.839243498817964, "25": 48.28703703703704, "26": 47.53076923076923, "27": 48.08, "28": 47.42493638676845, "29": 47.80845070422535, "30": 47.98123324396783, "31": 47.15512465373961, "32": 48.00731707317073, "33": 47.64439140811456, "34": 47.5, "35": 48.14420803782506, "36": 48.03597122302158, "37": 48.07488986784141, "38": 48.13392857142857, "39": 47.52217741935484, "40": 47.725806451612904, "41": 47.86257928118393, "42": 48.062231759656655, "43": 48.00431034482759, "44": 47.148068669527895, "45": 47.31991525423729, "46": 47.691275167785236, "47": 47.01152073732719, "48": 47.61590909090909, "49": 48.1609977324263, "50": 47.99311926605505, "51": 48.17162471395881, "52": 48.30788177339902, "53": 48.22117647058823, "54": 48.08040201005025, "55": 47.85616438356164, "56": 47.76959619952494, "57": 47.87892376681614, "58": 47.978922716627636, "59": 48.38340807174888, "60": 47.898648648648646, "61": 48.33946830265849}}