{"p0": {"0": 10.0, "1": 10.0, "2": 10.0, "3": 10.0, "4": 10.0, "5": 10.0, "6": 10.0, "7": 10.0, "8": 10.0, "9": 10.0, "10": 10.0, "11": 10.0, "12": 10.0, "13": 10.0, "14": 10.0, "15": 10.0, "16": 10.0, "17": 10.0, "18": 10.0, "19": 10.0, "20": 10.0, "21": 10.0, "22": 10.0, "23": 10.0, "24": 10.0, "25": 10.0, "26": 10.0, "27": 10.0, "28": 10.0, "29": 10.0, "30": 10.0, "31": 10.0, "32": 10.0, "33": 10.0, "34": 10.0, "35": 10.0, "36": 10.0, "37": 10.0, "38": 10.0, "39": 10.0, "40": 10.0, "41": 10.0, "42": 10.0, "43": 10.0, "44": 10.0, "45": 10.0, "46": 10.0, "47": 10.0, "48": 10.0, "49": 10.0, "50": 10.0, "51": 10.0, "52": 10.0, "53": 10.0, "54": 10.0, "55": 10.0, "56": 10.0, "57": 10.0, "58": 10.0, "59": 10.0, "60": 10.0, "61": 10.0, "62": 10.0, "63": 10.0, "64": 10.0, "65": 10.0, "66": 10.0, "67": 10.0, "68": 10.0, "69": 10.0, "70": 10.0, "71": 10.0, "72": 10.0, "73": 10.0, "74": 10.0, "75": 10.0, "76": 10.0, "77": 10.0, "78": 10.0, "79": 10.0, "80": 10.0, "81": 10.0, "82": 99999.0, "83": 99999.0, "84": 99999.0, "85": 99999.0, "86": 99999.0}, "p1": {"0": 24.041826651842605, "1": 12.3, "2": 16.28, "3": 16.0, "4": 22.133333333333333, "5": 25.037974683544302, "6": 25.564705882352943, "7": 25.424242424242426, "8": 25.333333333333332, "9": 25.5625, "10": 24.346666666666668, "11": 24.897058823529413, "12": 24.821428571428573, "13": 25.079545454545453, "14": 26.205607476635514, "15": 25.24390243902439, "16": 25.728395061728396, "17": 26.08235294117647, "18": 25.03409090909091, "19": 25.414634146341463, "20": 26.08235294117647, "21": 25.074074074074073, "22": 24.9625, "23": 26.53061224489796, "24": 24.4, "25": 24.444444444444443, "26": 26.20618556701031, "27": 24.333333333333332, "28": 25.07608695652174, "29": 26.181818181818183, "30": 24.46315789473684, "31": 24.914285714285715, "32": 25.0531914893617, "33": 25.686746987951807, "34": 24.744444444444444, "35": 25.464285714285715, "36": 25.010752688172044, "37": 25.53684210526316, "38": 24.071428571428573, "39": 24.294871794871796, "40": 25.574257425742573, "41": 25.135416666666668, "42": 26.211764705882352, "43": 25.5, "44": 24.75, "45": 24.28, "46": 25.689655172413794, "47": 24.843373493975903, "48": 25.6, "49": 24.294117647058822, "50": 24.597701149425287, "51": 24.149425287356323, "52": 23.956521739130434, "53": 24.53409090909091, "54": 22.92222222222222, "55": 23.826666666666668, "56": 23.662337662337663, "57": 23.737373737373737, "58": 22.978947368421053, "59": 23.51923076923077, "60": 23.59722222222222, "61": 23.25925925925926, "62": 23.225806451612904, "63": 22.696629213483146, "64": 24.5, "65": 23.0, "66": 24.63157894736842, "67": 23.72222222222222, "68": 23.288888888888888, "69": 23.422535211267604, "70": 22.772151898734176, "71": 22.84536082474227, "72": 22.208333333333332, "73": 23.42622950819672, "74": 24.5, "75": 24.0126582278481, "76": 25.233333333333334, "77": 24.12280701754386, "78": 22.76595744680851, "79": 21.2, "80": 22.928571428571427, "81": 21.2, "82": 22.22222222222222, "83": 23.43103448275862, "84": 22.75, "85": 23.85, "86": 24.0}, "p2": {"0": 42.37921869697106, "1": 39.666666666666664, "2": 30.0, "3": 37.78947368421053, "4": 25.68, "5": 40.142857142857146, "6": 38.85454545454545, "7": 42.8421052631579, "8": 45.855421686746986, "9": 45.05555555555556, "10": 43.666666666666664, "11": 45.73809523809524, "12": 43.17460317460318, "13": 45.123456790123456, "14": 42.869565217391305, "15": 43.41558441558441, "16": 41.507246376811594, "17": 45.333333333333336, "18": 44.123456790123456, "19": 42.701149425287355, "20": 39.48101265822785, "21": 44.41538461538462, "22": 44.794520547945204, "23": 44.22727272727273, "24": 44.48837209302326, "25": 36.58461538461538, "26": 43.64705882352941, "27": 43.220588235294116, "28": 43.83870967741935, "29": 43.476190476190474, "30": 42.98717948717949, "31": 42.214285714285715, "32": 41.160714285714285, "33": 44.285714285714285, "34": 43.301587301587304, "35": 41.13559322033898, "36": 44.056338028169016, "37": 42.378787878787875, "38": 42.76470588235294, "39": 44.06410256410256, "40": 45.028985507246375, "41": 41.0, "42": 39.291666666666664, "43": 40.3235294117647, "44": 41.42622950819672, "45": 42.19047619047619, "46": 41.59375, "47": 43.30555555555556, "48": 44.76, "49": 42.96078431372549, "50": 43.2, "51": 38.214285714285715, "52": 43.17567567567568, "53": 41.94642857142857, "54": 42.3125, "55": 41.62, "56": 43.766666666666666, "57": 44.23728813559322, "58": 42.810810810810814, "59": 38.44444444444444, "60": 42.75675675675676, "61": 39.01639344262295, "62": 44.20338983050848, "63": 41.46666666666667, "64": 39.69230769230769, "65": 42.62068965517241, "66": 43.301886792452834, "67": 42.61538461538461, "68": 45.127272727272725, "69": 41.839285714285715, "70": 40.28333333333333, "71": 41.625, "72": 38.06666666666667, "73": 45.24, "74": 45.95238095238095, "75": 42.170731707317074, "76": 40.36363636363637, "77": 43.301886792452834, "78": 40.867924528301884, "79": 43.90384615384615, "80": 42.705882352941174, "81": 47.34615384615385, "82": 41.21739130434783, "83": 42.86363636363637, "84": 47.049180327868854, "85": 48.52, "86": 48.8235294117647}, "p3": {"0": 26.66861848956554, "1": 12.397260273972602, "2": 10.11111111111111, "3": 13.325581395348838, "4": 18.114285714285714, "5": 22.024193548387096, "6": 28.82608695652174, "7": 29.063492063492063, "8": 28.675324675324674, "9": 28.53543307086614, "10": 26.580645161290324, "11": 29.241610738255034, "12": 32.0431654676259, "13": 30.473684210526315, "14": 29.868217054263567, "15": 25.14516129032258, "16": 28.41176470588235, "17": 27.37795275590551, "18": 29.391666666666666, "19": 28.02542372881356, "20": 26.791666666666668, "21": 27.926829268292682, "22": 29.05504587155963, "23": 24.406015037593985, "24": 22.928571428571427, "25": 23.953703703703702, "26": 21.691666666666666, "27": 24.354166666666668, "28": 24.65, "29": 23.82075471698113, "30": 28.272727272727273, "31": 23.50574712643678, "32": 25.73913043478261, "33": 29.645454545454545, "34": 32.85858585858586, "35": 33.714285714285715, "36": 26.65686274509804, "37": 26.73076923076923, "38": 26.817391304347826, "39": 25.695238095238096, "40": 26.282828282828284, "41": 26.056818181818183, "42": 26.46067415730337, "43": 27.92222222222222, "44": 25.612903225806452, "45": 26.33, "46": 23.204301075268816, "47": 27.892473118279568, "48": 21.568421052631578, "49": 27.602272727272727, "50": 26.574257425742573, "51": 27.06741573033708, "52": 25.021505376344088, "53": 24.0125, "54": 25.054545454545455, "55": 23.828282828282827, "56": 30.11111111111111, "57": 23.95, "58": 27.16470588235294, "59": 26.302083333333332, "60": 27.57281553398058, "61": 30.070588235294117, "62": 28.576923076923077, "63": 26.11764705882353, "64": 28.267441860465116, "65": 21.97029702970297, "66": 24.89622641509434, "67": 21.4125, "68": 27.292134831460675, "69": 25.231578947368423, "70": 24.21904761904762, "71": 26.641975308641975, "72": 23.622448979591837, "73": 24.142857142857142, "74": 24.47945205479452, "75": 26.292134831460675, "76": 24.846153846153847, "77": 24.207792207792206, "78": 23.287128712871286, "79": 28.4, "80": 26.4025974025974, "81": 23.625, "82": 32.191489361702125, "83": 28.8, "84": 18.06896551724138, "85": 67.5, "86": 60.5}, "p4": {"0": 54.96511649303661, "1": 25.867924528301888, "2": 27.233333333333334, "3": 26.618181818181817, "4": 32.67910447761194, "5": 36.16083916083916, "6": 43.84924623115578, "7": 44.31140350877193, "8": 45.0, "9": 44.2453531598513, "10": 44.810077519379846, "11": 48.389380530973455, "12": 44.31578947368421, "13": 42.722727272727276, "14": 46.83248730964467, "15": 43.14525139664804, "16": 45.78865979381443, "17": 46.85964912280702, "18": 48.22929936305732, "19": 50.674285714285716, "20": 45.78947368421053, "21": 48.77777777777778, "22": 49.583333333333336, "23": 45.48717948717949, "24": 51.105633802816904, "25": 49.12056737588652, "26": 50.57692307692308, "27": 51.93630573248408, "28": 53.02040816326531, "29": 52.792857142857144, "30": 53.27891156462585,