{"p0": {"0": 10.0, "1": 10.0, "2": 10.0, "3": 10.0, "4": 10.0, "5": 10.0, "6": 10.0, "7": 10.0, "8": 10.0, "9": 10.0, "10": 10.0, "11": 10.0, "12": 10.0, "13": 10.0, "14": 10.0, "15": 10.0, "16": 10.0, "17": 10.0, "18": 10.0, "19": 10.0, "20": 10.0, "21": 10.0, "22": 10.0, "23": 10.0, "24": 10.0, "25": 10.0, "26": 10.0, "27": 10.0, "28": 10.0, "29": 10.0, "30": 10.0, "31": 10.0, "32": 10.0, "33": 10.0, "34": 10.0, "35": 10.0, "36": 10.0, "37": 10.0, "38": 10.0, "39": 10.0, "40": 10.0, "41": 10.0, "42": 10.0, "43": 10.0, "44": 10.0, "45": 10.0, "46": 10.0, "47": 10.0, "48": 10.0, "49": 10.0, "50": 10.0, "51": 10.0, "52": 10.0, "53": 10.0, "54": 10.0, "55": 10.0, "56": 10.0, "57": 99999.0, "58": 99999.0, "59": 99999.0, "60": 99999.0, "61": 99999.0}, "p1": {"0": 24.716612166346764, "1": 9.208333333333334, "2": 12.030303030303031, "3": 15.1875, "4": 20.089285714285715, "5": 24.089887640449437, "6": 27.05, "7": 26.02777777777778, "8": 24.607142857142858, "9": 24.466666666666665, "10": 25.72222222222222, "11": 27.043478260869566, "12": 23.8, "13": 26.25, "14": 26.723076923076924, "15": 27.203389830508474, "16": 25.470588235294116, "17": 27.916666666666668, "18": 24.576271186440678, "19": 27.693877551020407, "20": 27.36764705882353, "21": 26.389830508474578, "22": 24.851063829787233, "23": 24.30909090909091, "24": 22.5, "25": 23.953488372093023, "26": 24.4, "27": 23.720588235294116, "28": 26.10144927536232, "29": 24.075757575757574, "30": 24.883333333333333, "31": 23.97142857142857, "32": 23.634920634920636, "33": 26.189655172413794, "34": 24.08450704225352, "35": 24.973684210526315, "36": 24.28813559322034, "37": 27.15686274509804, "38": 24.953125, "39": 26.0625, "40": 23.513157894736842, "41": 26.210526315789473, "42": 25.68421052631579, "43": 26.051724137931036, "44": 24.02173913043478, "45": 23.869565217391305, "46": 26.61111111111111, "47": 26.81132075471698, "48": 26.291666666666668, "49": 26.238805970149254, "50": 23.385964912280702, "51": 30.41509433962264, "52": 27.548387096774192, "53": 27.387096774193548, "54": 24.46969696969697, "55": 22.0625, "56": 24.51851851851852, "57": 23.285714285714285, "58": 22.32608695652174, "59": 24.674418604651162, "60": 26.3125, "61": 33.0}, "p2": {"0": 36.44105043160543, "1": 8.875, "2": 17.0, "3": 25.06451612903226, "4": 29.54385964912281, "5": 29.857142857142858, "6": 35.92929292929293, "7": 37.108333333333334, "8": 39.648648648648646, "9": 37.796460176991154, "10": 39.08943089430894, "11": 37.93518518518518, "12": 38.504950495049506, "13": 39.032967032967036, "14": 37.325842696629216, "15": 36.27777777777778, "16": 34.680851063829785, "17": 39.47191011235955, "18": 36.20175438596491, "19": 38.93269230769231, "20": 38.271844660194176, "21": 39.51851851851852, "22": 36.78350515463917, "23": 37.785714285714285, "24": 36.28846153846154, "25": 38.43, "26": 36.8235294117647, "27": 40.794117647058826, "28": 35.670731707317074, "29": 34.864197530864196, "30": 38.68316831683168, "31": 36.38095238095238, "32": 34.544444444444444, "33": 36.01204819277108, "34": 37.118811881188115, "35": 37.535714285714285, "36": 36.229166666666664, "37": 38.797872340425535, "38": 39.76470588235294, "39": 34.833333333333336, "40": 35.35526315789474, "41": 38.54054054054054, "42": 36.433734939759034, "43": 36.53086419753087, "44": 38.8235294117647, "45": 39.80232558139535, "46": 38.714285714285715, "47": 36.93975903614458, "48": 36.605633802816904, "49": 35.265306122448976, "50": 37.9041095890411, "51": 38.166666666666664, "52": 36.96875, "53": 39.45783132530121, "54": 36.51807228915663, "55": 34.42391304347826, "56": 36.432432432432435, "57": 40.33802816901409, "58": 38.053763440860216, "59": 40.682539682539684, "60": 45.07462686567164, "61": 42.464646464646464}, "p3": {"0": 40.340686300494355, "1": 5.333333333333333, "2": 11.166666666666666, "3": 23.340425531914892, "4": 33.407407407407405, "5": 32.93258426966292, "6": 44.208955223880594, "7": 45.973684210526315, "8": 48.4954128440367, "9": 43.39047619047619, "10": 41.84615384615385, "11": 40.26890756302521, "12": 40.43636363636364, "13": 40.44144144144144, "14": 42.873684210526314, "15": 35.282828282828284, "16": 39.1078431372549, "17": 39.5, "18": 39.104651162790695, "19": 40.9, "20": 34.276595744680854, "21": 38.96341463414634, "22": 40.58571428571429, "23": 38.214285714285715, "24": 40.66197183098591, "25": 46.166666666666664, "26": 37.842696629213485, "27": 44.55555555555556, "28": 41.45205479452055, "29": 40.38028169014085, "30": 43.19512195121951, "31": 49.9, "32": 44.55555555555556, "33": 41.73529411764706, "34": 43.6578947368421, "35": 45.18072289156626, "36": 43.21951219512195, "37": 44.413333333333334, "38": 44.58510638297872, "39": 42.067567567567565, "40": 42.95522388059702, "41": 41.96052631578947, "42": 38.36507936507937, "43": 38.93333333333333, "44": 44.85964912280702, "45": 45.08474576271186, "46": 43.50847457627118, "47": 42.824561403508774, "48": 45.15942028985507, "49": 45.34920634920635, "50": 44.23076923076923, "51": 43.690140845070424, "52": 41.42028985507246, "53": 42.54666666666667, "54": 44.588235294117645, "55": 36.02040816326531, "56": 42.91304347826087, "57": 37.04651162790697, "58": 41.23684210526316, "59": 39.64, "60": 41.4, "61": 43.42857142857143}, "p4": {"0": 60.83706280881356, "1": 20.893617021276597, "2": 24.363636363636363, "3": 30.363636363636363, "4": 31.547169811320753, "5": 46.963855421686745, "6": 54.21875, "7": 49.33, "8": 55.0, "9": 55.00769230769231, "10": 52.351851851851855, "11": 58.242990654205606, "12": 46.81481481481482, "13": 47.39622641509434, "14": 48.05882352941177, "15": 55.56349206349206, "16": 58.7962962962963, "17": 58.395348837209305, "18": 62.29577464788732, "19": 60.436619718309856, "20": 59.21739130434783, "21": 53.52173913043478, "22": 61.258620689655174, "23": 65.71794871794872, "24": 60.07936507936508, "25": 61.31868131868132, "26": 57.63380281690141, "27": 66.72289156626506, "28": 64.85, "29": 65.72368421052632, "30": 68.63513513513513, "31": 66.84883720930233, "32": 68.54255319148936, "33": 68.46551724137932, "34": 66.671875, "35": 60.60655737704918, "36": 68.21111111111111, "37": 65.53684210526316, "38": 66.82222222222222, "39": 63.958333333333336, "40": 68.34117647058824, "41": 67.8082191780822, "42": 63.34285714285714, "43": 60.41269841269841, "44": 70.14285714285714, "45": 62.46969696969697, "46": 64.75, "47": 68.01204819277109, "48": 65.4494382022472, "49": 70.33720930232558, "50": 65.42622950819673, "51": 66.37142857142857, "52": 68.18518518518519, "53": 67.83720930232558, "54": 64.51428571428572, "55": 66.95348837209302, "56": 70.11111111111111, "57": 71.6, "58": 75.0, "59": 76.12857142857143, "60": 79.72222222222223, "61": 81.76119402985074}, "p5": {"0": 60.87449175053963, "1": 60.87449175053963, "2": 60.87449175053963, "3": 60.87449175053963, "4": 60.87449175053963, "5": 61.73063973063973, "6": 60.95904436860068, "7": 61.43055555555556, "8": 61.328813559322036, "9": 61.36392405063291, "10": 60.59933774834437, "11": 60.8445945945946, "12": 61.572390572390574, "13": 61.41635687732342, "14": 61.30212765957447, "15": 59.95, "16": 60.953917050691246, "17": 59.39320388349515, "18": 60.06701030927835, "19": 59.985645933014354, "20": 60.02, "21": 60.568627450980394, "22": 60.22439024390244, "23": 61.03092783505155, "24": 60.6353591160221, "25": 60.87567567567567, "26": 61.41361256544503, "27": 60.72081218274111, "28": 62.63414634146341, "29": 60.888888888888886, "30": 57.982142857142854, "31": 56.6, "32": 57.776119402985074, "33": 59.83571428571429, "34": 61.479729729729726, "35": 61.6978021978022, "36": 61.359550561797754, "37": 62.398963730569946, "38": 62.10204081632653, "39": 62.37356321839081, "40": 62.034285714285716, "41": 62.94708994708995, "42": 62.28712871287129, "43": 61.40394088669951, "44": 63.11764705882353, "45": 61.642857142857146, "46": 60.1063829787234, "47": 58.62903225806452, "48": 59.89714285714286, "49": 60.00851063829787, "50": 60.39903846153846, "51": 59.49751243781095, "52": 61.54326923076923,