{"p0": {"0": 10.0, "1": 10.0, "2": 10.0, "3": 10.0, "4": 10.0, "5": 10.0, "6": 10.0, "7": 10.0, "8": 10.0, "9": 10.0, "10": 10.0, "11": 10.0, "12": 10.0, "13": 10.0, "14": 10.0, "15": 10.0, "16": 10.0, "17": 10.0, "18": 10.0, "19": 10.0, "20": 10.0, "21": 10.0, "22": 10.0, "23": 10.0, "24": 10.0, "25": 10.0, "26": 10.0, "27": 10.0, "28": 10.0, "29": 10.0, "30": 10.0, "31": 10.0, "32": 10.0, "33": 10.0, "34": 10.0, "35": 10.0, "36": 10.0, "37": 10.0, "38": 10.0, "39": 10.0, "40": 10.0, "41": 10.0, "42": 10.0, "43": 10.0, "44": 10.0, "45": 10.0, "46": 10.0, "47": 10.0, "48": 10.0, "49": 10.0, "50": 10.0, "51": 10.0, "52": 10.0, "53": 10.0, "54": 10.0, "55": 10.0, "56": 10.0, "57": 10.0, "58": 10.0, "59": 10.0, "60": 10.0, "61": 10.0, "62": 10.0, "63": 10.0, "64": 10.0, "65": 10.0, "66": 10.0, "67": 10.0, "68": 10.0, "69": 10.0, "70": 10.0, "71": 10.0, "72": 10.0, "73": 10.0, "74": 10.0, "75": 10.0, "76": 10.0, "77": 10.0, "78": 10.0, "79": 10.0, "80": 10.0, "81": 10.0, "82": 10.0, "83": 10.0, "84": 10.0, "85": 10.0, "86": 10.0, "87": 10.0, "88": 10.0, "89": 10.0, "90": 10.0, "91": 10.0, "92": 99999.0, "93": 99999.0, "94": 99999.0, "95": 99999.0}, "p1": {"0": 21.920742336875893, "1": 8.428571428571429, "2": 12.125, "3": 14.138211382113822, "4": 20.100775193798448, "5": 21.407894736842106, "6": 24.0609756097561, "7": 23.22543352601156, "8": 24.087209302325583, "9": 24.384146341463413, "10": 23.849397590361445, "11": 24.10857142857143, "12": 22.867816091954023, "13": 23.44508670520231, "14": 22.573604060913706, "15": 22.91860465116279, "16": 22.31055900621118, "17": 22.361256544502616, "18": 21.354037267080745, "19": 21.487951807228917, "20": 25.326633165829147, "21": 21.652173913043477, "22": 23.18716577540107, "23": 22.496969696969696, "24": 23.586206896551722, "25": 24.50574712643678, "26": 22.654545454545456, "27": 21.939393939393938, "28": 22.89887640449438, "29": 21.71764705882353, "30": 21.903954802259886, "31": 22.29824561403509, "32": 22.31446540880503, "33": 23.514619883040936, "34": 21.924137931034483, "35": 22.91875, "36": 21.792349726775956, "37": 21.526666666666667, "38": 22.575, "39": 24.676646706586826, "40": 22.244604316546763, "41": 23.596273291925467, "42": 22.492957746478872, "43": 20.774390243902438, "44": 22.436241610738254, "45": 22.614814814814814, "46": 23.952380952380953, "47": 21.923076923076923, "48": 21.22, "49": 22.90728476821192, "50": 20.533980582524272, "51": 21.597014925373134, "52": 22.096774193548388, "53": 21.208333333333332, "54": 22.977099236641223, "55": 23.050359712230215, "56": 23.824, "57": 22.53448275862069, "58": 22.32116788321168, "59": 21.476190476190474, "60": 20.844827586206897, "61": 22.088709677419356, "62": 21.462809917355372, "63": 21.804878048780488, "64": 23.16216216216216, "65": 21.9009009009009, "66": 21.293577981651374, "67": 22.218487394957982, "68": 23.650793650793652, "69": 22.203883495145632, "70": 22.83, "71": 22.46153846153846, "72": 23.660714285714285, "73": 22.735294117647058, "74": 21.73404255319149, "75": 22.34188034188034, "76": 19.07843137254902, "77": 23.242424242424242, "78": 21.91346153846154, "79": 23.990654205607477, "80": 22.46728971962617, "81": 19.867346938775512, "82": 22.4672131147541, "83": 20.74468085106383, "84": 21.617391304347827, "85": 19.731182795698924, "86": 19.277227722772277, "87": 19.357894736842105, "88": 19.867924528301888, "89": 20.739583333333332, "90": 21.620689655172413, "91": 20.63157894736842, "92": 18.641975308641975, "93": 18.526315789473685, "94": 25.68421052631579, "95": 26.181818181818183}, "p2": {"0": 29.133000666816034, "1": 7.162790697674419, "2": 13.402597402597403, "3": 19.456521739130434, "4": 20.065420560747665, "5": 20.480916030534353, "6": 27.319444444444443, "7": 29.66470588235294, "8": 27.84020618556701, "9": 29.065656565656564, "10": 28.871559633027523, "11": 27.75263157894737, "12": 28.497354497354497, "13": 25.807909604519775, "14": 28.649717514124294, "15": 27.779141104294478, "16": 25.587209302325583, "17": 27.010309278350515, "18": 27.911242603550296, "19": 28.915730337078653, "20": 27.71764705882353, "21": 29.1875, "22": 27.666666666666668, "23": 26.103448275862068, "24": 28.4472049689441, "25": 31.83431952662722, "26": 29.129032258064516, "27": 29.92, "28": 28.84722222222222, "29": 28.06153846153846, "30": 30.413533834586467, "31": 29.76991150442478, "32": 31.035211267605632, "33": 29.717391304347824, "34": 29.4251968503937, "35": 30.289256198347108, "36": 27.166666666666668, "37": 27.572649572649574, "38": 28.6, "39": 30.705357142857142, "40": 31.34234234234234, "41": 33.05050505050505, "42": 30.19047619047619, "43": 28.97087378640777, "44": 30.341269841269842, "45": 29.74576271186441, "46": 29.11320754716981, "47": 28.980198019801982, "48": 28.723809523809525, "49": 30.605504587155963, "50": 30.61904761904762, "51": 31.058823529411764, "52": 29.805825242718445, "53": 28.436893203883496, "54": 29.0875, "55": 30.359550561797754, "56": 30.70873786407767, "57": 28.22340425531915, "58": 29.055555555555557, "59": 29.256410256410255, "60": 30.622222222222224, "61": 30.67948717948718, "62": 29.72, "63": 30.435294117647057, "64": 31.0375, "65": 34.64383561643836, "66": 30.5, "67": 31.166666666666668, "68": 28.7875, "69": 31.142857142857142, "70": 30.22077922077922, "71": 30.193181818181817, "72": 32.306666666666665, "73": 32.3968253968254, "74": 31.96969696969697, "75": 30.56756756756757, "76": 30.46268656716418, "77": 31.579710144927535, "78": 33.80555555555556, "79": 31.01388888888889, "80": 31.85333333333333, "81": 32.027027027027025, "82": 31.765625, "83": 32.19298245614035, "84": 31.492753623188406, "85": 31.027397260273972, "86": 29.083333333333332, "87": 30.048387096774192, "88": 30.109375, "89": 29.0, "90": 30.547619047619047, "91": 30.41176470588235, "92": 29.314814814814813, "93": 31.736842105263158, "94": 25.541666666666668, "95": 37.7037037037037}, "p3": {"0": 43.069807434019694, "1": 21.877005347593585, "2": 21.7109375, "3": 22.937007874015748, "4": 27.662576687116566, "5": 31.719298245614034, "6": 40.87564766839378, "7": 34.382222222222225, "8": 38.82403433476395, "9": 38.68722466960352, "10": 38.40886699507389, "11": 35.657407407407405, "12": 37.94166666666667, "13": 37.6, "14": 38.96396396396396, "15": 36.771844660194176, "16": 36.68341708542714, "17": 36.155080213903744, "18": 34.246231155778894, "19": 38.56053811659193, "20": 35.678733031674206, "21": 36.90853658536585, "22": 38.30113636363637, "23": 38.62686567164179, "24": 37.224137931034484, "25": 38.78857142857143, "26": 39.876344086021504, "27": 38.71111111111111, "28": 40.70676691729323, "29": 39.851351351351354, "30": 40.2, "31": 39.25443786982248, "32": 39.140243902439025, "33": 39.669064748201436, "34": 39.671140939597315, "35": 37.87898089171974, "36": 39.953125, "37": 39.72670807453416, "38": 44.7639751552795, "39": 39.21768707482993, "40": 43.270967741935486, "41": 41.21641791044776, "42": 42.17910447761194, "43": 40.99290780141844, "44": 43.971014492753625, "45": 46.49264705882353, "46": 47.223021582733814, "47": 42.9485294117647, "48": 46.12903225806452, "49": 41.77272727272727, "50": 42.15217391304348, "51": 45.79865771812081, "52": 43.5187969924812, "53": 45.84466019417476, "54": 45.7, "55": 50.51470588235294, "56": 46.42635658914729, "57": 48.568, "58": 45.544, "59": 44.014925373134325, "60": 45.70909090909091, "61": 46.666666666666664, "62": 47.50877192982456, "63": 47.18840579710145, "64": 46.509433962264154, "65": 45.51578947368421, "66": 46.11764705882353, "67": 46.526785714285715, "68": 47.19642857142857, "69": 43.75892857142857, "70": 48.83505154639175, "71": 47.357142857142854, "72": 46.96808510638298, "73": 46.62637362637363, "74": 48.47115384615385, "75": 50.05825242718446, "76": 48.41414141414141, "77": 49.252631578947366, "78": 45.98913043478261, "79": 47.935064935064936, "80": 47.976190476190474, "81": 46.0353982300885, "82": 46.21875, "83": 50.61538461538461, "84": 51.385416666666664, "85": 52.257425742574256, "86": 49.903614457831324,