{"p0": {"0": 10.0, "1": 10.0, "2": 10.0, "3": 10.0, "4": 10.0, "5": 10.0, "6": 10.0, "7": 10.0, "8": 10.0, "9": 10.0, "10": 10.0, "11": 10.0, "12": 10.0, "13": 10.0, "14": 10.0, "15": 10.0, "16": 10.0, "17": 10.0, "18": 10.0, "19": 10.0, "20": 10.0, "21": 10.0, "22": 10.0, "23": 10.0, "24": 10.0, "25": 10.0, "26": 10.0, "27": 10.0, "28": 10.0, "29": 10.0, "30": 10.0, "31": 10.0, "32": 10.0, "33": 10.0, "34": 10.0, "35": 10.0, "36": 10.0, "37": 10.0, "38": 10.0, "39": 10.0, "40": 10.0, "41": 10.0, "42": 10.0, "43": 10.0, "44": 10.0, "45": 10.0, "46": 10.0, "47": 10.0, "48": 10.0, "49": 10.0, "50": 10.0, "51": 10.0, "52": 10.0, "53": 10.0, "54": 10.0, "55": 10.0, "56": 10.0, "57": 10.0, "58": 10.0, "59": 10.0, "60": 10.0, "61": 10.0, "62": 99999.0, "63": 99999.0, "64": 99999.0}, "p1": {"0": 18.302420774845963, "1": 5.736, "2": 9.222222222222221, "3": 11.255924170616113, "4": 14.933649289099526, "5": 18.205882352941178, "6": 20.179372197309416, "7": 21.278388278388277, "8": 21.45985401459854, "9": 19.44322344322344, "10": 20.814035087719297, "11": 19.420353982300885, "12": 17.75862068965517, "13": 19.10843373493976, "14": 21.608490566037737, "15": 19.629787234042553, "16": 18.549107142857142, "17": 17.85576923076923, "18": 19.393305439330543, "19": 19.35909090909091, "20": 18.33649289099526, "21": 18.967741935483872, "22": 17.83076923076923, "23": 17.064814814814813, "24": 16.436548223350254, "25": 18.572222222222223, "26": 16.816091954022987, "27": 16.572115384615383, "28": 19.14720812182741, "29": 17.99441340782123, "30": 17.36627906976744, "31": 18.19047619047619, "32": 18.360655737704917, "33": 18.67914438502674, "34": 18.7103825136612, "35": 18.54193548387097, "36": 18.059880239520957, "37": 19.357142857142858, "38": 18.77358490566038, "39": 18.3546511627907, "40": 20.13664596273292, "41": 16.578231292517007, "42": 19.625850340136054, "43": 20.226190476190474, "44": 18.451219512195124, "45": 18.814814814814813, "46": 19.25657894736842, "47": 19.22159090909091, "48": 18.225352112676056, "49": 19.34857142857143, "50": 19.20125786163522, "51": 18.149068322981368, "52": 19.97986577181208, "53": 21.39887640449438, "54": 19.645569620253166, "55": 20.358974358974358, "56": 21.022900763358777, "57": 18.307142857142857, "58": 18.37, "59": 17.46153846153846, "60": 17.11842105263158, "61": 16.12280701754386, "62": 13.229166666666666, "63": 20.31578947368421, "64": 23.444444444444443}, "p2": {"0": 32.5349373505982, "1": 11.207317073170731, "2": 8.635416666666666, "3": 13.225, "4": 16.536363636363635, "5": 18.62962962962963, "6": 23.936781609195403, "7": 26.106060606060606, "8": 26.905311778290994, "9": 29.647331786542924, "10": 29.204741379310345, "11": 30.28132387706856, "12": 27.85682326621924, "13": 28.02097902097902, "14": 28.832151300236408, "15": 29.02185792349727, "16": 28.179419525065963, "17": 28.430079155672825, "18": 30.28301886792453, "19": 30.497237569060772, "20": 30.905714285714286, "21": 31.011661807580175, "22": 29.4683908045977, "23": 32.81666666666667, "24": 30.82295081967213, "25": 31.39871382636656, "26": 31.6, "27": 34.523809523809526, "28": 34.897350993377486, "29": 33.99324324324324, "30": 35.45928338762215, "31": 37.20066889632107, "32": 35.70607028753994, "33": 35.78145695364238, "34": 35.552542372881355, "35": 36.384905660377356, "36": 37.16417910447761, "37": 35.120141342756185, "38": 36.325581395348834, "39": 36.61254612546126, "40": 37.38461538461539, "41": 37.14736842105263, "42": 35.91320754716981, "43": 36.67088607594937, "44": 35.630188679245286, "45": 35.66412213740458, "46": 35.878542510121456, "47": 36.66135458167331, "48": 34.432432432432435, "49": 36.942477876106196, "50": 36.601694915254235, "51": 36.64502164502164, "52": 35.819047619047616, "53": 35.33816425120773, "54": 35.97129186602871, "55": 36.18834080717489, "56": 37.11711711711712, "57": 35.118226600985224, "58": 36.342696629213485, "59": 37.52197802197802, "60": 40.34228187919463, "61": 38.24175824175824, "62": 40.81456953642384, "63": 46.422764227642276, "64": 43.24311926605505}, "p3": {"0": 36.7181405180584, "1": 36.7181405180584, "2": 36.7181405180584, "3": 36.375, "4": 36.495810055865924, "5": 36.81304347826087, "6": 36.695461200585655, "7": 36.682072829131656, "8": 36.90997229916898, "9": 36.71892655367232, "10": 36.766862170087975, "11": 36.793447293447294, "12": 36.772853185595565, "13": 36.70735090152566, "14": 36.90646492434663, "15": 36.879136690647485, "16": 36.813314037626625, "17": 36.87833827893175, "18": 36.757433489827854, "19": 36.646268656716416, "20": 36.94760479041916, "21": 36.95294117647059, "22": 37.059435364041605, "23": 37.04733727810651, "24": 36.88098918083462, "25": 37.08400646203554, "26": 37.031007751937985, "27": 36.819148936170215, "28": 36.72669826224329, "29": 36.683153013910356, "30": 36.57937806873977, "31": 36.73941368078176, "32": 36.65016501650165, "33": 36.53476821192053, "34": 36.79315707620529, "35": 36.618975903614455, "36": 36.31859756097561, "37": 36.60149253731343, "38": 36.43687707641196, "39": 36.36217948717949, "40": 36.6828125, "41": 36.68203497615262, "42": 36.47723704866562, "43": 36.6236722306525, "44": 36.65181518151815, "45": 36.53481012658228, "46": 36.64032258064516, "47": 36.5933014354067, "48": 36.72583201267829, "49": 36.67651632970451, "50": 36.53344481605351, "51": 36.588976377952754, "52": 36.609250398724086, "53": 36.51696284329564, "54": 36.894909688013136, "55": 36.56666666666667, "56": 36.52902155887231, "57": 36.4696223316913, "58": 36.7602862254025, "59": 36.880907372400756, "60": 36.56284153005465, "61": 36.99289520426288, "62": 36.838181818181816, "63": 37.01330798479088, "64": 37.0}}