{"p0": {"0": 10.0, "1": 10.0, "2": 10.0, "3": 10.0, "4": 10.0, "5": 10.0, "6": 10.0, "7": 10.0, "8": 10.0, "9": 10.0, "10": 10.0, "11": 10.0, "12": 10.0, "13": 10.0, "14": 10.0, "15": 10.0, "16": 10.0, "17": 10.0, "18": 10.0, "19": 10.0, "20": 10.0, "21": 10.0, "22": 10.0, "23": 10.0, "24": 10.0, "25": 10.0, "26": 10.0, "27": 10.0, "28": 10.0, "29": 10.0, "30": 10.0, "31": 10.0, "32": 10.0, "33": 10.0, "34": 10.0, "35": 10.0, "36": 10.0, "37": 10.0, "38": 10.0, "39": 10.0, "40": 10.0, "41": 10.0, "42": 10.0, "43": 10.0, "44": 10.0, "45": 10.0, "46": 10.0, "47": 10.0, "48": 10.0, "49": 99999.0, "50": 99999.0, "51": 99999.0, "52": 99999.0}, "p1": {"0": 15.59394855637741, "1": 8.263736263736265, "2": 9.347457627118644, "3": 11.175675675675675, "4": 14.006849315068493, "5": 15.597402597402597, "6": 16.53174603174603, "7": 14.348484848484848, "8": 16.055555555555557, "9": 14.923076923076923, "10": 15.271317829457365, "11": 15.088235294117647, "12": 16.60958904109589, "13": 16.896551724137932, "14": 16.846153846153847, "15": 16.283464566929133, "16": 16.28813559322034, "17": 15.943548387096774, "18": 15.80952380952381, "19": 16.19298245614035, "20": 15.743589743589743, "21": 15.704, "22": 15.64102564102564, "23": 16.022222222222222, "24": 15.532786885245901, "25": 15.241666666666667, "26": 15.96694214876033, "27": 15.503937007874017, "28": 15.293650793650794, "29": 17.509090909090908, "30": 15.972727272727273, "31": 16.67, "32": 15.39047619047619, "33": 13.866666666666667, "34": 15.11214953271028, "35": 14.640449438202246, "36": 14.872549019607844, "37": 15.045454545454545, "38": 13.455445544554456, "39": 16.81967213114754, "40": 14.642857142857142, "41": 14.8125, "42": 15.520408163265307, "43": 15.419354838709678, "44": 15.440860215053764, "45": 14.977272727272727, "46": 15.494845360824742, "47": 15.553191489361701, "48": 15.985294117647058, "49": 16.153846153846153, "50": 15.6, "51": 23.153846153846153, "52": 26.647058823529413}, "p2": {"0": 29.291510149134584, "1": 10.0, "2": 10.403225806451612, "3": 13.438202247191011, "4": 19.830357142857142, "5": 21.481012658227847, "6": 27.49404761904762, "7": 30.32512315270936, "8": 29.914141414141415, "9": 31.47596153846154, "10": 30.068627450980394, "11": 31.26923076923077, "12": 32.20945945945946, "13": 31.23015873015873, "14": 30.36, "15": 30.558139534883722, "16": 30.476923076923075, "17": 32.32727272727273, "18": 31.686666666666667, "19": 30.598540145985403, "20": 30.46896551724138, "21": 31.846774193548388, "22": 30.263157894736842, "23": 28.60169491525424, "24": 29.566037735849058, "25": 29.36697247706422, "26": 29.36190476190476, "27": 32.00869565217391, "28": 30.05, "29": 30.25, "30": 31.617977528089888, "31": 31.75, "32": 31.51948051948052, "33": 30.43010752688172, "34": 30.517241379310345, "35": 29.98901098901099, "36": 29.180722891566266, "37": 32.02127659574468, "38": 32.1505376344086, "39": 28.383561643835616, "40": 28.75, "41": 29.840579710144926, "42": 30.04255319148936, "43": 30.53846153846154, "44": 31.558139534883722, "45": 31.458333333333332, "46": 30.384615384615383, "47": 29.584615384615386, "48": 26.06382978723404, "49": 32.294117647058826, "50": 27.9811320754717, "51": 36.55555555555556, "52": 43.61538461538461}, "p3": {"0": 45.57480888172513, "1": 23.367924528301888, "2": 22.801470588235293, "3": 23.793893129770993, "4": 27.975757575757576, "5": 32.02512562814071, "6": 35.97008547008547, "7": 36.0, "8": 38.24513618677043, "9": 38.371308016877634, "10": 36.15750915750916, "11": 35.84132841328413, "12": 38.623931623931625, "13": 38.755, "14": 40.23834196891192, "15": 42.0, "16": 43.4320987654321, "17": 41.72774869109948, "18": 44.847133757961785, "19": 41.59668508287293, "20": 44.01149425287356, "21": 44.121212121212125, "22": 44.905797101449274, "23": 45.423611111111114, "24": 46.624, "25": 47.859375, "26": 51.128571428571426, "27": 48.55, "28": 47.69172932330827, "29": 49.4812030075188, "30": 51.96, "31": 51.68421052631579, "32": 51.098684210526315, "33": 51.06870229007634, "34": 52.3716814159292, "35": 52.717948717948715, "36": 48.738853503184714, "37": 49.766917293233085, "38": 50.333333333333336, "39": 51.33076923076923, "40": 53.10596026490066, "41": 54.65079365079365, "42": 54.55944055944056, "43": 53.825, "44": 49.138297872340424, "45": 50.17857142857143, "46": 51.701388888888886, "47": 54.40909090909091, "48": 53.95652173913044, "49": 54.37623762376238, "50": 58.19827586206897, "51": 60.33684210526316, "52": 58.81506849315068}, "p4": {"0": 47.042106123987416, "1": 47.042106123987416, "2": 47.042106123987416, "3": 47.042106123987416, "4": 46.902857142857144, "5": 47.030651340996165, "6": 47.12645914396887, "7": 46.982283464566926, "8": 46.588235294117645, "9": 46.923679060665364, "10": 46.87372708757638, "11": 46.8443579766537, "12": 47.016194331983804, "13": 47.11973392461197, "14": 47.04139433551198, "15": 47.32087912087912, "16": 47.033482142857146, "17": 47.29047619047619, "18": 47.61611374407583, "19": 47.77481840193705, "20": 47.49363867684478, "21": 47.31758530183727, "22": 47.55064935064935, "23": 46.42265193370166, "24": 46.57063711911357, "25": 46.35889570552147, "26": 45.89032258064516, "27": 46.242537313432834, "28": 46.42857142857143, "29": 46.053333333333335, "30": 46.36585365853659, "31": 46.4874213836478, "32": 46.699367088607595, "33": 47.0058651026393, "34": 47.200557103064064, "35": 47.14328358208955, "36": 47.225519287833826, "37": 47.56287425149701, "38": 47.4390243902439, "39": 47.35087719298246, "40": 47.95652173913044, "41": 47.286908077994426, "42": 47.38793103448276, "43": 46.91511936339523, "44": 47.37078651685393, "45": 47.378531073446325, "46": 47.37709497206704, "47": 47.46064139941691, "48": 46.84153005464481, "49": 47.5207756232687, "50": 47.0575, "51": 46.98209718670077, "52": 47.23295454545455}}