{"p0": {"0": 10.0, "1": 10.0, "2": 10.0, "3": 10.0, "4": 10.0, "5": 10.0, "6": 10.0, "7": 10.0, "8": 10.0, "9": 10.0, "10": 10.0, "11": 10.0, "12": 10.0, "13": 10.0, "14": 10.0, "15": 10.0, "16": 10.0, "17": 10.0, "18": 10.0, "19": 10.0, "20": 10.0, "21": 10.0, "22": 10.0, "23": 10.0, "24": 10.0, "25": 10.0, "26": 10.0, "27": 10.0, "28": 10.0, "29": 10.0, "30": 10.0, "31": 10.0, "32": 10.0, "33": 10.0, "34": 10.0, "35": 10.0, "36": 10.0, "37": 10.0, "38": 10.0, "39": 10.0, "40": 10.0, "41": 10.0, "42": 10.0, "43": 10.0, "44": 10.0, "45": 10.0, "46": 10.0, "47": 10.0, "48": 10.0, "49": 10.0, "50": 10.0, "51": 10.0, "52": 99999.0, "53": 99999.0, "54": 99999.0, "55": 99999.0}, "p1": {"0": 23.431745119869795, "1": 8.666666666666666, "2": 12.030303030303031, "3": 14.25, "4": 21.641025641025642, "5": 22.936842105263157, "6": 26.93877551020408, "7": 26.795180722891565, "8": 26.0, "9": 23.9672131147541, "10": 23.433333333333334, "11": 24.623529411764707, "12": 24.04123711340206, "13": 25.191011235955056, "14": 24.862068965517242, "15": 26.666666666666668, "16": 28.0, "17": 25.5531914893617, "18": 25.325, "19": 25.896551724137932, "20": 25.576923076923077, "21": 25.297619047619047, "22": 26.129032258064516, "23": 26.59090909090909, "24": 24.164556962025316, "25": 23.852631578947367, "26": 24.261904761904763, "27": 25.666666666666668, "28": 24.378048780487806, "29": 23.573170731707318, "30": 23.591549295774648, "31": 23.870588235294118, "32": 23.934065934065934, "33": 22.95945945945946, "34": 24.545454545454547, "35": 24.066666666666666, "36": 23.864864864864863, "37": 25.33783783783784, "38": 24.154929577464788, "39": 24.974358974358974, "40": 24.304878048780488, "41": 23.608695652173914, "42": 25.26829268292683, "43": 25.672131147540984, "44": 24.036585365853657, "45": 24.08450704225352, "46": 22.24, "47": 21.8, "48": 22.584415584415584, "49": 20.95, "50": 20.161290322580644, "51": 22.042857142857144, "52": 19.16, "53": 21.22641509433962, "54": 22.466666666666665, "55": 21.529411764705884}, "p2": {"0": 33.788057624257874, "1": 1.0, "2": 24.666666666666668, "3": 17.96, "4": 22.41860465116279, "5": 25.74, "6": 32.57971014492754, "7": 35.82432432432432, "8": 39.641975308641975, "9": 38.28, "10": 38.17391304347826, "11": 37.98863636363637, "12": 35.816901408450704, "13": 35.828125, "14": 37.22950819672131, "15": 34.943661971830984, "16": 35.0, "17": 36.44047619047619, "18": 34.62820512820513, "19": 39.949367088607595, "20": 36.6578947368421, "21": 37.31460674157304, "22": 39.486111111111114, "23": 34.0, "24": 35.0722891566265, "25": 35.75342465753425, "26": 36.24390243902439, "27": 35.70886075949367, "28": 36.455882352941174, "29": 38.66101694915254, "30": 32.75925925925926, "31": 33.43939393939394, "32": 36.31147540983606, "33": 38.4, "34": 36.067796610169495, "35": 37.90769230769231, "36": 34.724137931034484, "37": 36.303030303030305, "38": 33.42028985507246, "39": 31.66176470588235, "40": 31.866666666666667, "41": 34.13559322033898, "42": 31.381818181818183, "43": 33.95918367346939, "44": 35.78260869565217, "45": 33.54545454545455, "46": 32.224137931034484, "47": 34.90243902439025, "48": 33.2, "49": 32.51162790697674, "50": 31.88135593220339, "51": 31.47222222222222, "52": 30.288888888888888, "53": 33.61538461538461, "54": 34.54545454545455, "55": 42.57142857142857}, "p3": {"0": 45.8696509838058, "1": 16.42105263157895, "2": 13.434782608695652, "3": 22.074074074074073, "4": 34.84444444444444, "5": 36.411764705882355, "6": 46.442477876106196, "7": 44.80869565217391, "8": 49.11864406779661, "9": 46.737226277372265, "10": 45.09243697478992, "11": 47.48717948717949, "12": 41.08730158730159, "13": 43.839416058394164, "14": 45.510791366906474, "15": 49.666666666666664, "16": 41.568, "17": 43.25396825396825, "18": 42.38461538461539, "19": 42.74782608695652, "20": 41.78294573643411, "21": 42.56716417910448, "22": 46.87755102040816, "23": 46.490566037735846, "24": 50.429752066115704, "25": 46.47727272727273, "26": 45.30232558139535, "27": 46.67272727272727, "28": 47.10236220472441, "29": 44.57251908396947, "30": 51.26168224299065, "31": 47.5959595959596, "32": 49.24324324324324, "33": 46.40659340659341, "34": 43.822916666666664, "35": 47.91304347826087, "36": 43.0188679245283, "37": 44.691489361702125, "38": 50.64957264957265, "39": 51.111111111111114, "40": 51.97979797979798, "41": 51.207317073170735, "42": 48.96551724137931, "43": 50.604166666666664, "44": 49.46, "45": 47.354166666666664, "46": 48.72, "47": 52.95652173913044, "48": 53.724489795918366, "49": 51.01010101010101, "50": 52.84444444444444, "51": 51.666666666666664, "52": 53.77906976744186, "53": 50.0, "54": 60.03174603174603, "55": 61.60576923076923}, "p4": {"0": 46.943776526004754, "1": 46.943776526004754, "2": 46.943776526004754, "3": 46.943776526004754, "4": 47.75, "5": 47.31195335276968, "6": 47.596541786743515, "7": 47.22191011235955, "8": 47.612994350282484, "9": 47.42458100558659, "10": 47.54117647058823, "11": 47.24355300859599, "12": 47.3, "13": 47.36871508379888, "14": 47.56891495601173, "15": 47.88753799392097, "16": 47.55714285714286, "17": 47.135802469135804, "18": 46.684647302904565, "19": 46.37229437229437, "20": 46.05990783410138, "21": 46.558375634517766, "22": 46.43956043956044, "23": 45.52486187845304, "24": 46.21787709497207, "25": 46.99, "26": 47.167539267015705, "27": 46.53125, "28": 46.990243902439026, "29": 47.38725490196079, "30": 47.60648148148148, "31": 46.83257918552036, "32": 45.898477157360404, "33": 46.142131979695435, "34": 46.74054054054054, "35": 46.90350877192982, "36": 45.97540983606557, "37": 46.30241935483871, "38": 47.0722433460076, "39": 46.29761904761905, "40": 46.881147540983605, "41": 47.153284671532845, "42": 47.25631768953068, "43": 47.28158844765343, "44": 47.68600682593857, "45": 47.17482517482517, "46": 47.12915129151291, "47": 48.06896551724138, "48": 47.626506024096386, "49": 46.330357142857146, "50": 46.69019607843137, "51": 46.40944881889764, "52": 46.581497797356825, "53": 46.1608040201005, "54": 47.06912442396313, "55": 46.361111111111114}}