{"p0": {"0": 10.0, "1": 10.0, "2": 10.0, "3": 10.0, "4": 10.0, "5": 10.0, "6": 10.0, "7": 10.0, "8": 10.0, "9": 10.0, "10": 10.0, "11": 10.0, "12": 10.0, "13": 10.0, "14": 10.0, "15": 10.0, "16": 10.0, "17": 10.0, "18": 10.0, "19": 10.0, "20": 10.0, "21": 10.0, "22": 10.0, "23": 10.0, "24": 10.0, "25": 10.0, "26": 10.0, "27": 10.0, "28": 10.0, "29": 10.0, "30": 10.0, "31": 10.0, "32": 10.0, "33": 10.0, "34": 10.0, "35": 10.0, "36": 10.0, "37": 10.0, "38": 10.0, "39": 10.0, "40": 10.0, "41": 10.0, "42": 10.0, "43": 10.0, "44": 10.0, "45": 10.0, "46": 10.0, "47": 10.0, "48": 10.0, "49": 10.0, "50": 10.0, "51": 10.0, "52": 10.0, "53": 10.0, "54": 10.0, "55": 10.0, "56": 10.0, "57": 10.0, "58": 10.0, "59": 10.0, "60": 10.0, "61": 10.0, "62": 10.0, "63": 10.0, "64": 10.0, "65": 10.0, "66": 10.0, "67": 10.0, "68": 10.0, "69": 10.0, "70": 10.0, "71": 10.0, "72": 10.0, "73": 10.0, "74": 10.0, "75": 10.0, "76": 10.0, "77": 10.0, "78": 10.0, "79": 10.0, "80": 10.0, "81": 10.0, "82": 10.0, "83": 10.0, "84": 10.0, "85": 10.0, "86": 10.0, "87": 10.0, "88": 99999.0, "89": 99999.0, "90": 99999.0}, "p1": {"0": 21.020595365918282, "1": 9.568181818181818, "2": 13.098039215686274, "3": 14.798816568047338, "4": 17.620689655172413, "5": 20.46808510638298, "6": 24.475285171102662, "7": 23.745535714285715, "8": 24.065217391304348, "9": 24.012448132780083, "10": 22.34453781512605, "11": 21.79741379310345, "12": 21.67094017094017, "13": 22.544061302681992, "14": 22.634615384615383, "15": 22.08130081300813, "16": 22.530973451327434, "17": 22.768595041322314, "18": 22.773662551440328, "19": 21.69747899159664, "20": 22.0, "21": 22.11764705882353, "22": 21.518828451882847, "23": 22.29787234042553, "24": 22.626126126126128, "25": 22.35573122529644, "26": 22.216216216216218, "27": 21.389558232931726, "28": 21.991189427312776, "29": 21.805429864253394, "30": 21.705357142857142, "31": 22.17622950819672, "32": 21.650406504065042, "33": 22.415584415584416, "34": 21.924050632911392, "35": 22.21794871794872, "36": 21.775229357798164, "37": 21.822660098522167, "38": 22.130801687763714, "39": 21.544502617801047, "40": 22.422727272727272, "41": 22.42982456140351, "42": 21.58173076923077, "43": 21.599118942731277, "44": 20.63425925925926, "45": 20.25943396226415, "46": 20.2, "47": 22.230046948356808, "48": 21.814814814814813, "49": 21.87192118226601, "50": 21.413145539906104, "51": 21.454545454545453, "52": 22.738095238095237, "53": 21.463054187192117, "54": 20.85929648241206, "55": 21.160714285714285, "56": 21.167487684729064, "57": 21.013636363636362, "58": 21.14903846153846, "59": 22.390374331550802, "60": 21.37, "61": 20.8128078817734, "62": 21.360576923076923, "63": 21.116751269035532, "64": 20.54787234042553, "65": 20.59605911330049, "66": 20.930348258706466, "67": 21.847826086956523, "68": 20.923529411764704, "69": 20.56451612903226, "70": 20.53416149068323, "71": 21.723958333333332, "72": 21.236686390532544, "73": 20.431818181818183, "74": 21.091397849462364, "75": 22.490909090909092, "76": 21.341836734693878, "77": 21.231182795698924, "78": 20.808917197452228, "79": 20.490322580645163, "80": 20.90963855421687, "81": 20.841772151898734, "82": 20.7027027027027, "83": 20.51685393258427, "84": 18.2, "85": 18.76271186440678, "86": 18.21818181818182, "87": 15.96875, "88": 16.433333333333334, "89": 17.970588235294116, "90": 17.647058823529413}, "p2": {"0": 33.33690123080061, "1": 10.052980132450331, "2": 10.766355140186915, "3": 15.695364238410596, "4": 21.881720430107528, "5": 25.488584474885844, "6": 30.504347826086956, "7": 31.782467532467532, "8": 33.240356083086056, "9": 32.90828402366864, "10": 33.64010989010989, "11": 33.6814404432133, "12": 32.80294117647059, "13": 31.147540983606557, "14": 31.346801346801346, "15": 30.116438356164384, "16": 30.25566343042071, "17": 31.688271604938272, "18": 30.178041543026705, "19": 31.689855072463768, "20": 30.206303724928368, "21": 31.831858407079647, "22": 32.584158415841586, "23": 32.23125, "24": 32.06578947368421, "25": 30.589506172839506, "26": 30.74534161490683, "27": 32.81288343558282, "28": 32.96319018404908, "29": 34.643962848297214, "30": 33.7602523659306, "31": 31.904929577464788, "32": 33.66773162939297, "33": 33.519867549668874, "34": 34.29141104294479, "35": 32.93790849673203, "36": 33.88724035608308, "37": 32.13333333333333, "38": 33.91167192429022, "39": 35.42508710801394, "40": 35.51839464882943, "41": 35.343859649122805, "42": 36.875838926174495, "43": 34.407407407407405, "44": 34.7921146953405, "45": 35.01683501683502, "46": 34.767175572519086, "47": 34.36666666666667, "48": 37.096085409252666, "49": 36.20973782771536, "50": 34.05514705882353, "51": 36.72761194029851, "52": 34.241721854304636, "53": 35.596296296296295, "54": 35.64052287581699, "55": 33.73046875, "56": 33.861224489795916, "57": 34.58536585365854, "58": 34.22784810126582, "59": 35.34642857142857, "60": 33.762845849802375, "61": 35.558232931726906, "62": 36.666666666666664, "63": 35.481632653061226, "64": 35.132, "65": 34.900862068965516, "66": 36.109243697478995, "67": 35.343396226415095, "68": 35.86363636363637, "69": 35.754629629629626, "70": 35.28251121076233, "71": 35.047210300429185, "72": 34.959798994974875, "73": 34.74107142857143, "74": 35.48936170212766, "75": 35.2027027027027, "76": 36.492, "77": 35.275862068965516, "78": 36.6051282051282, "79": 35.22631578947368, "80": 36.950450450450454, "81": 34.232142857142854, "82": 35.01063829787234, "83": 36.08490566037736, "84": 35.33490566037736, "85": 35.4, "86": 33.34090909090909, "87": 36.038167938931295, "88": 37.25233644859813, "89": 41.83673469387755, "90": 42.55681818181818}, "p3": {"0": 36.95412161103241, "1": 36.95412161103241, "2": 36.95412161103241, "3": 37.18181818181818, "4": 37.08711656441718, "5": 36.864754098360656, "6": 37.06509695290859, "7": 36.9427374301676, "8": 36.93724966622163, "9": 36.890957446808514, "10": 36.810526315789474, "11": 36.71238348868176, "12": 37.02157360406091, "13": 36.77368421052632, "14": 36.81647940074907, "15": 36.82367758186398, "16": 36.67705735660848, "17": 36.87789203084833, "18": 37.044973544973544, "19": 36.99864498644986, "20": 36.95366795366795, "21": 36.87550200803213, "22": 36.810810810810814, "23": 36.61825192802056, "24": 36.58980891719745, "25": 36.72068511198946, "26": 36.799446749654216, "27": 37.08548168249661, "28": 37.1112582781457, "29": 36.96378830083565, "30": 36.83287671232877, "31": 36.99442119944212, "32": 36.81224489795918, "33": 36.75495750708215, "34": 36.84074605451937, "35": 36.90787518573551, "36": 36.732658959537574, "37": 36.851851851851855, "38": 37.18035190615836, "39": 37.149096385542165, "40": 37.02654867256637, "41": 37.09323308270677, "42": 36.9882005899705, "43": 37.03245749613601, "44": 37.363777089783284, "45": 37.385103011093506, "46": 37.3488, "47": 37.52020202020202, "48": 37.3859649122807, "49": 37.08319467554077, "50": 36.804597701149426, "51": 37.26696832579186, "52": 37.18989280245023, "53": 36.86177715091679, "54": 37.083333333333336, "55": 37.249651324965136, "56": 37.107734806629836, "57": 37.2, "58": 37.63790446841294, "59": 37.82480620155039, "60": 37.42962962962963, "61": 37.31165311653117, "62": 36.61009817671809, "63": 36.733695652173914, "64": 36.847074468085104, "65": 37.12596401028278, "66": 37.12231182795699, "67": 36.975130890052355, "68": 36.619492656875835, "69": 36.8041095890411, "70": 36.71976401179941, "71": 36.7, "72": 36.37936046511628, "73": 36.52038043478261, "74": 36.43001443001443, "75": 36.73748308525034, "76": 36.80684931506849, "77": 36.58760107816712, "78": 36.42836468885673, "79": 36.79290780141844, "80": 36.85342465753425, "81": 36.59351988217968, "82": 36.73812949640288, "83": 36.962666666666664, "84": 37.05383580080753, "85": 36.67109144542773, "86": 36.976022566995766, "87": 37.28693181818182, "88": 37.138032305433185, "89": 37.106293706293705, "90": 37.33431516936672}}