{"p0": {"0": 10.0, "1": 10.0, "2": 10.0, "3": 10.0, "4": 10.0, "5": 10.0, "6": 10.0, "7": 10.0, "8": 10.0, "9": 10.0, "10": 10.0, "11": 10.0, "12": 10.0, "13": 10.0, "14": 10.0, "15": 10.0, "16": 10.0, "17": 10.0, "18": 10.0, "19": 10.0, "20": 10.0, "21": 10.0, "22": 10.0, "23": 10.0, "24": 10.0, "25": 10.0, "26": 10.0, "27": 10.0, "28": 10.0, "29": 10.0, "30": 10.0, "31": 10.0, "32": 10.0, "33": 10.0, "34": 10.0, "35": 10.0, "36": 10.0, "37": 10.0, "38": 10.0, "39": 10.0, "40": 10.0, "41": 10.0, "42": 10.0, "43": 10.0, "44": 10.0, "45": 10.0, "46": 10.0, "47": 10.0, "48": 10.0, "49": 99999.0, "50": 99999.0, "51": 99999.0}, "p1": {"0": 16.496009557603262, "1": 5.565217391304348, "2": 8.709897610921502, "3": 10.356536502546689, "4": 12.956521739130435, "5": 16.337016574585636, "6": 17.155363748458694, "7": 18.80880503144654, "8": 19.70212765957447, "9": 20.78471337579618, "10": 21.11301859799714, "11": 20.93371757925072, "12": 20.9375, "13": 20.038051750380518, "14": 20.487676056338028, "15": 20.554438860971523, "16": 18.270833333333332, "17": 19.34285714285714, "18": 18.573055028463, "19": 18.242616033755276, "20": 19.02314814814815, "21": 17.33739837398374, "22": 18.272727272727273, "23": 17.062639821029084, "24": 16.498783454987834, "25": 17.239534883720932, "26": 18.268765133171915, "27": 17.87440758293839, "28": 15.704714640198512, "29": 17.458333333333332, "30": 15.978552278820375, "31": 16.88082901554404, "32": 16.333333333333332, "33": 16.18354430379747, "34": 16.803797468354432, "35": 16.47741935483871, "36": 17.314285714285713, "37": 17.79936305732484, "38": 15.614147909967846, "39": 16.137184115523464, "40": 16.705882352941178, "41": 15.940298507462687, "42": 16.128617363344052, "43": 16.596091205211728, "44": 15.696245733788396, "45": 13.686440677966102, "46": 13.348360655737705, "47": 11.147619047619047, "48": 10.488505747126437, "49": 9.35036496350365, "50": 13.789473684210526, "51": 19.285714285714285}, "p2": {"0": 27.293643305025746, "1": 4.001106194690266, "2": 4.848448687350835, "3": 6.4646074646074645, "4": 8.872913992297818, "5": 10.65128205128205, "6": 14.745475113122172, "7": 14.761633428300096, "8": 17.488138686131386, "9": 18.759332023575638, "10": 19.117813383600378, "11": 19.36281407035176, "12": 18.564603691639523, "13": 19.211853720050442, "14": 18.94132334581773, "15": 20.374201787994892, "16": 20.477690288713912, "17": 24.029850746268657, "18": 24.442396313364057, "19": 25.605610561056107, "20": 27.685185185185187, "21": 27.671179883945843, "22": 29.194444444444443, "23": 29.224444444444444, "24": 30.290870488322717, "25": 31.916483516483517, "26": 31.7242206235012, "27": 30.612048192771084, "28": 33.84019370460049, "29": 32.448362720403026, "30": 32.61845386533666, "31": 32.112, "32": 33.43882978723404, "33": 34.45373134328358, "34": 35.76881720430107, "35": 35.39823008849557, "36": 34.85674157303371, "37": 34.76438356164383, "38": 35.8141592920354, "39": 35.17777777777778, "40": 35.17846153846154, "41": 35.04950495049505, "42": 35.829861111111114, "43": 34.46534653465346, "44": 34.052287581699346, "45": 35.48745519713262, "46": 35.32746478873239, "47": 34.441767068273094, "48": 35.71493212669683, "49": 37.40686274509804, "50": 39.69655172413793, "51": 39.59365994236311}, "p3": {"0": 37.9271077108857, "1": 37.9271077108857, "2": 37.9271077108857, "3": 38.02101576182137, "4": 37.89559444779722, "5": 37.960796915167094, "6": 37.926767676767675, "7": 37.85832274459975, "8": 37.9035846724351, "9": 37.89431887599267, "10": 37.84804804804805, "11": 37.96479308214948, "12": 37.86578449905482, "13": 37.751282051282054, "14": 37.62425447316103, "15": 37.63164983164983, "16": 37.777565328234544, "17": 37.696129032258064, "18": 37.907860824742265, "19": 37.99348109517601, "20": 38.038709677419355, "21": 37.91922563417891, "22": 38.10280373831776, "23": 38.184696569920845, "24": 38.166337935568706, "25": 38.025948103792416, "26": 38.02429149797571, "27": 38.088829071332434, "28": 38.04869913275517, "29": 37.89760638297872, "30": 38.0, "31": 37.94113712374582, "32": 38.01803051317614, "33": 38.11691884456671, "34": 38.224350205198355, "35": 37.80264900662252, "36": 37.95438838977194, "37": 37.79866666666667, "38": 38.125973106864826, "39": 38.01154891304348, "40": 37.807245386192754, "41": 37.689280868385346, "42": 37.83761276891048, "43": 37.85968514715948, "44": 37.8077975376197, "45": 37.8547832071576, "46": 37.98351648351648, "47": 37.92360633172746, "48": 37.96519886363637, "49": 37.88780487804878, "50": 37.92954708842559, "51": 37.870139398385916}}