{"p0": {"0": 10.0, "1": 10.0, "2": 10.0, "3": 10.0, "4": 10.0, "5": 10.0, "6": 10.0, "7": 10.0, "8": 10.0, "9": 10.0, "10": 10.0, "11": 10.0, "12": 10.0, "13": 10.0, "14": 10.0, "15": 10.0, "16": 10.0, "17": 10.0, "18": 10.0, "19": 10.0, "20": 10.0, "21": 10.0, "22": 10.0, "23": 10.0, "24": 10.0, "25": 10.0, "26": 10.0, "27": 10.0, "28": 10.0, "29": 10.0, "30": 10.0, "31": 10.0, "32": 10.0, "33": 10.0, "34": 10.0, "35": 10.0, "36": 10.0, "37": 10.0, "38": 10.0, "39": 10.0, "40": 10.0, "41": 10.0, "42": 10.0, "43": 10.0, "44": 10.0, "45": 10.0, "46": 10.0, "47": 10.0, "48": 10.0, "49": 10.0, "50": 10.0, "51": 10.0, "52": 10.0, "53": 10.0, "54": 10.0, "55": 10.0, "56": 10.0, "57": 10.0, "58": 10.0, "59": 99999.0, "60": 99999.0, "61": 99999.0, "62": 99999.0, "63": 99999.0}, "p1": {"0": 22.67230004508055, "1": 9.891891891891891, "2": 12.44186046511628, "3": 13.936170212765957, "4": 16.225, "5": 20.062893081761008, "6": 23.301020408163264, "7": 22.0622009569378, "8": 21.595833333333335, "9": 23.327354260089685, "10": 21.214689265536723, "11": 23.502304147465438, "12": 23.472906403940886, "13": 22.94535519125683, "14": 23.477707006369428, "15": 24.137254901960784, "16": 24.258064516129032, "17": 25.01219512195122, "18": 23.205128205128204, "19": 22.640449438202246, "20": 23.48125, "21": 24.55263157894737, "22": 25.76923076923077, "23": 23.655172413793103, "24": 22.01923076923077, "25": 22.09039548022599, "26": 22.192307692307693, "27": 21.496894409937887, "28": 21.519553072625698, "29": 22.514285714285716, "30": 22.805128205128206, "31": 23.133333333333333, "32": 23.48701298701299, "33": 23.63975155279503, "34": 22.54375, "35": 23.8109756097561, "36": 24.527272727272727, "37": 23.87074829931973, "38": 23.868965517241378, "39": 23.47222222222222, "40": 24.438356164383563, "41": 24.102739726027398, "42": 23.45625, "43": 24.85333333333333, "44": 22.934640522875817, "45": 23.26027397260274, "46": 23.292207792207794, "47": 23.1640625, "48": 25.914728682170544, "49": 23.029411764705884, "50": 22.488888888888887, "51": 24.496124031007753, "52": 23.323529411764707, "53": 24.318181818181817, "54": 21.9375, "55": 22.666666666666668, "56": 21.18918918918919, "57": 22.475728155339805, "58": 22.471544715447155, "59": 22.852941176470587, "60": 25.149425287356323, "61": 23.142857142857142, "62": 27.045454545454547, "63": 25.19047619047619}, "p2": {"0": 27.60911441008352, "1": 9.503311258278146, "2": 10.440366972477063, "3": 16.496815286624205, "4": 17.835106382978722, "5": 22.03240740740741, "6": 26.21875, "7": 28.016528925619834, "8": 31.51750972762646, "9": 30.503424657534246, "10": 29.055555555555557, "11": 32.62698412698413, "12": 29.03125, "13": 29.464114832535884, "14": 29.307692307692307, "15": 26.396039603960396, "16": 26.72685185185185, "17": 28.491620111731844, "18": 28.397196261682243, "19": 29.05909090909091, "20": 30.77314814814815, "21": 28.39269406392694, "22": 28.2964824120603, "23": 27.56930693069307, "24": 25.130890052356023, "25": 26.708571428571428, "26": 25.25, "27": 27.70744680851064, "28": 30.260416666666668, "29": 28.338461538461537, "30": 29.68, "31": 28.601190476190474, "32": 26.884422110552762, "33": 27.789473684210527, "34": 29.915151515151514, "35": 33.05917159763314, "36": 28.502762430939228, "37": 26.971098265895954, "38": 27.70391061452514, "39": 26.567073170731707, "40": 26.179775280898877, "41": 25.42408376963351, "42": 27.472049689440993, "43": 28.852272727272727, "44": 24.91812865497076, "45": 26.72316384180791, "46": 27.43069306930693, "47": 27.382857142857144, "48": 27.18452380952381, "49": 26.593548387096774, "50": 28.54248366013072, "51": 25.82248520710059, "52": 25.08139534883721, "53": 24.63372093023256, "54": 29.96212121212121, "55": 29.08695652173913, "56": 26.446927374301676, "57": 24.42281879194631, "58": 28.11111111111111, "59": 30.195121951219512, "60": 27.80188679245283, "61": 31.956521739130434, "62": 46.92727272727273, "63": 47.0}, "p3": {"0": 42.80823224662181, "1": 9.88888888888889, "2": 19.234234234234233, "3": 25.072580645161292, "4": 34.88659793814433, "5": 40.55652173913043, "6": 48.234657039711195, "7": 47.52424242424242, "8": 49.380116959064324, "9": 46.69705882352941, "10": 46.17627118644068, "11": 49.570570570570574, "12": 49.31615120274914, "13": 48.772893772893774, "14": 47.95850622406639, "15": 49.96995708154506, "16": 47.8018018018018, "17": 45.258620689655174, "18": 47.70319634703196, "19": 51.359375, "20": 50.94685990338164, "21": 48.401041666666664, "22": 46.41477272727273, "23": 49.379120879120876, "24": 48.84795321637427, "25": 44.68345323741007, "26": 44.1140350877193, "27": 45.436619718309856, "28": 44.57258064516129, "29": 43.795081967213115, "30": 41.51908396946565, "31": 43.75213675213675, "32": 41.28846153846154, "33": 44.2, "34": 44.055045871559635, "35": 41.324561403508774, "36": 42.235849056603776, "37": 43.017699115044245, "38": 43.65555555555556, "39": 44.774193548387096, "40": 43.72380952380952, "41": 42.628571428571426, "42": 44.795698924731184, "43": 43.056179775280896, "44": 40.166666666666664, "45": 41.5875, "46": 39.59722222222222, "47": 43.544444444444444, "48": 39.653333333333336, "49": 40.24444444444445, "50": 37.95945945945946, "51": 44.7027027027027, "52": 39.5, "53": 39.962025316455694, "54": 42.61538461538461, "55": 41.58108108108108, "56": 36.88709677419355, "57": 38.015151515151516, "58": 39.05, "59": 42.43859649122807, "60": 38.49180327868852, "61": 40.861111111111114, "62": 42.8, "63": 51.28}, "p4": {"0": 47.05829171393989, "1": 17.39945652173913, "2": 16.728125, "3": 17.156156156156158, "4": 21.60248447204969, "5": 24.777464788732395, "6": 31.528846153846153, "7": 30.81795511221945, "8": 31.974537037037038, "9": 30.453846153846154, "10": 32.997549019607845, "11": 30.46153846153846, "12": 32.36944444444445, "13": 32.092957746478874, "14": 31.942643391521198, "15": 32.93121693121693, "16": 31.191176470588236, "17": 31.515151515151516, "18": 33.671186440677964, "19": 35.43167701863354, "20": 37.946236559139784, "21": 40.225255972696246, "22": 36.13253012048193, "23": 40.701195219123505, "24": 37.10232558139535, "25": 38.2654028436019, "26": 42.203791469194314, "27": 45.2962962962963, "28": 48.36898395721925, "29": 50.39247311827957, "30": 49.92045454545455, "31": 54.635416666666664, "32": 47.66834170854271, "33": 48.4277108433735, "34": 51.31413612565445, "35": 56.22527472527472, "36": 51.220338983050844, "37": 54.95625, "38": 56.24444444444445, "39": 57.43023255813954, "40": 53.37735849056604, "41": 53.850931677018636, "42": 54.40136054421769, "43": 57.264044943820224, "44": 57.23837209302326, "45": 57.109756097560975, "46": 59.11042944785276, "47": 61.61842105263158, "48": 60.666666666666664, "49": 59.905797101449274, "50": 58.641379310344824, "51": 60.68, "52": 55.57142857142857, "53": 59.57364341085271, "54": 62.63636363636363, "55": 64.02307692307693, "56": 66.69565217391305, "57": 61.43609022556391, "58": 64.37614678899082, "59": 64.05263157894737, "60": 65.96969696969697, "61": 65.91578947368421, "62": 72.46268656716418, "63": 76.37414965986395}, "p5": {"0": 61.743823015498876, "1": 61.743823015498876, "2": 61.743823015498876, "3": 61.743823015498876, "4": 61.743823015498876, "5": 61.763852242744065, "6": 61.58115183246073, "7": 61.59455958549223, "8": 61.515151515151516, "9": 61.45968882602546, "10": 61.55878084179971, "11": 61.443977591036415, "12": 61.6376604850214, "13": 61.60671140939597, "14": 61.53116147308782, "15": 61.54545454545455, "16": 61.09379727685325, "17": 61.4006309148265, "18": 61.26086956521739, "19": 61.53004622496148, "20": 61.404761904761905, "21": 61.51669316375199, "22": 61.86335403726708, "23": 61.228070175438596, "24": 61.51328903654485, "25": 62.18600682593857, "26": 61.77606837606837, "27": 62.27633851468048, "28": 62.7214953271028, "29": 62.35849056603774, "30": 62.014084507042256, "31": 62.20238095238095, "32": 61.79059829059829, "33": 61.95372233400403, "34": 62.03877551020408, "35": 61.75936883629191, "36": 61.78076923076923,