{"p0": {"0": 10.0, "1": 10.0, "2": 10.0, "3": 10.0, "4": 10.0, "5": 10.0, "6": 10.0, "7": 10.0, "8": 10.0, "9": 10.0, "10": 10.0, "11": 10.0, "12": 10.0, "13": 10.0, "14": 10.0, "15": 10.0, "16": 10.0, "17": 10.0, "18": 10.0, "19": 10.0, "20": 10.0, "21": 10.0, "22": 10.0, "23": 10.0, "24": 10.0, "25": 10.0, "26": 10.0, "27": 10.0, "28": 10.0, "29": 10.0, "30": 10.0, "31": 10.0, "32": 10.0, "33": 10.0, "34": 10.0, "35": 10.0, "36": 10.0, "37": 10.0, "38": 10.0, "39": 10.0, "40": 10.0, "41": 10.0, "42": 10.0, "43": 10.0, "44": 10.0, "45": 10.0, "46": 10.0, "47": 10.0, "48": 10.0, "49": 10.0, "50": 10.0, "51": 10.0, "52": 10.0, "53": 10.0, "54": 10.0, "55": 10.0, "56": 10.0, "57": 10.0, "58": 10.0, "59": 10.0, "60": 10.0, "61": 10.0, "62": 10.0, "63": 10.0, "64": 10.0, "65": 10.0, "66": 10.0, "67": 10.0, "68": 10.0, "69": 10.0, "70": 10.0, "71": 10.0, "72": 10.0, "73": 99999.0, "74": 99999.0, "75": 99999.0, "76": 99999.0}, "p1": {"0": 19.296417632542067, "1": 7.913043478260869, "2": 10.105263157894736, "3": 13.23469387755102, "4": 15.36, "5": 18.60144927536232, "6": 20.895833333333332, "7": 19.63157894736842, "8": 19.875968992248062, "9": 20.11023622047244, "10": 20.009174311926607, "11": 19.47328244274809, "12": 19.565217391304348, "13": 19.858064516129033, "14": 19.027972027972027, "15": 19.421965317919074, "16": 21.142857142857142, "17": 20.156028368794328, "18": 20.640625, "19": 20.106382978723403, "20": 18.815068493150687, "21": 19.546762589928058, "22": 19.94871794871795, "23": 21.291666666666668, "24": 20.53846153846154, "25": 19.73728813559322, "26": 21.103896103896105, "27": 21.40366972477064, "28": 21.742268041237114, "29": 20.37391304347826, "30": 20.133333333333333, "31": 20.241935483870968, "32": 19.423076923076923, "33": 20.297101449275363, "34": 20.638297872340427, "35": 19.89430894308943, "36": 21.344, "37": 20.490909090909092, "38": 17.984126984126984, "39": 19.573426573426573, "40": 20.861702127659573, "41": 19.033783783783782, "42": 18.706349206349206, "43": 18.826923076923077, "44": 18.68, "45": 18.756302521008404, "46": 20.228070175438596, "47": 18.9438202247191, "48": 19.11111111111111, "49": 18.61061946902655, "50": 20.196428571428573, "51": 19.178571428571427, "52": 20.048, "53": 20.581196581196583, "54": 18.127906976744185, "55": 20.17, "56": 17.86868686868687, "57": 20.120689655172413, "58": 20.3302752293578, "59": 19.25531914893617, "60": 18.92622950819672, "61": 19.770642201834864, "62": 18.4, "63": 19.581818181818182, "64": 18.541284403669724, "65": 18.641221374045802, "66": 18.3135593220339, "67": 18.724137931034484, "68": 19.570093457943926, "69": 19.28301886792453, "70": 18.23076923076923, "71": 21.159574468085108, "72": 18.53, "73": 19.894736842105264, "74": 19.265625, "75": 20.296296296296298, "76": 22.11111111111111}, "p2": {"0": 24.313171240270965, "1": 10.829268292682928, "2": 15.9375, "3": 14.987179487179487, "4": 18.7027027027027, "5": 21.918518518518518, "6": 25.435897435897434, "7": 26.484848484848484, "8": 26.016666666666666, "9": 27.375, "10": 27.67295597484277, "11": 27.04494382022472, "12": 26.74820143884892, "13": 25.794117647058822, "14": 24.364285714285714, "15": 26.986928104575163, "16": 24.347826086956523, "17": 24.572289156626507, "18": 29.014814814814816, "19": 25.91176470588235, "20": 27.176, "21": 27.92063492063492, "22": 25.6, "23": 25.416058394160583, "24": 24.47787610619469, "25": 22.776699029126213, "26": 24.225806451612904, "27": 25.9375, "28": 24.13274336283186, "29": 24.608, "30": 25.025862068965516, "31": 25.663366336633665, "32": 23.470588235294116, "33": 26.869565217391305, "34": 24.119565217391305, "35": 23.50467289719626, "36": 25.041666666666668, "37": 26.383928571428573, "38": 23.009345794392523, "39": 23.770642201834864, "40": 25.078740157480315, "41": 21.846846846846848, "42": 21.604166666666668, "43": 25.3, "44": 24.278350515463917, "45": 24.152, "46": 25.50485436893204, "47": 23.0, "48": 23.414414414414413, "49": 22.5, "50": 25.875, "51": 25.541176470588237, "52": 22.747826086956522, "53": 23.319148936170212, "54": 25.37142857142857, "55": 25.574257425742573, "56": 25.625, "57": 22.79268292682927, "58": 24.90909090909091, "59": 21.328767123287673, "60": 22.91764705882353, "61": 23.195402298850574, "62": 25.402173913043477, "63": 25.77, "64": 24.31645569620253, "65": 22.730337078651687, "66": 19.878048780487806, "67": 23.31111111111111, "68": 21.833333333333332, "69": 24.454545454545453, "70": 23.60810810810811, "71": 22.896551724137932, "72": 23.25, "73": 22.507462686567163, "74": 28.542857142857144, "75": 30.956521739130434, "76": 33.19047619047619}, "p3": {"0": 41.7897410871159, "1": 7.340909090909091, "2": 9.504950495049505, "3": 12.886363636363637, "4": 20.04424778761062, "5": 27.66412213740458, "6": 31.930635838150287, "7": 37.76315789473684, "8": 33.31550802139037, "9": 37.174157303370784, "10": 34.832460732984295, "11": 33.24888888888889, "12": 34.209580838323355, "13": 31.88425925925926, "14": 32.141304347826086, "15": 30.974093264248705, "16": 32.35, "17": 35.13529411764706, "18": 35.03921568627451, "19": 36.2, "20": 34.00613496932515, "21": 33.49659863945578, "22": 38.05194805194805, "23": 40.947712418300654, "24": 38.723076923076924, "25": 41.732283464566926, "26": 38.306666666666665, "27": 39.436619718309856, "28": 36.96, "29": 36.50381679389313, "30": 39.07586206896552, "31": 40.0258064516129, "32": 40.8719512195122, "33": 38.95862068965517, "34": 38.10077519379845, "35": 43.81132075471698, "36": 46.85981308411215, "37": 44.67175572519084, "38": 47.36290322580645, "39": 43.842424242424244, "40": 43.916666666666664, "41": 47.59130434782609, "42": 45.34959349593496, "43": 47.74590163934426, "44": 44.21186440677966, "45": 48.653333333333336, "46": 50.225352112676056, "47": 46.83739837398374, "48": 50.35398230088496, "49": 47.847457627118644, "50": 49.15094339622642, "51": 49.52892561983471, "52": 48.05982905982906, "53": 46.6695652173913, "54": 49.134453781512605, "55": 48.26984126984127, "56": 46.84615384615385, "57": 48.082089552238806, "58": 48.48965517241379, "59": 48.64341085271318, "60": 47.79838709677419, "61": 49.67796610169491, "62": 48.93197278911565, "63": 48.12068965517241, "64": 49.33606557377049, "65": 52.85585585585586, "66": 44.625, "67": 51.598130841121495, "68": 48.73451327433628, "69": 49.95967741935484, "70": 49.54455445544554, "71": 49.861702127659576, "72": 53.702127659574465, "73": 50.990196078431374, "74": 54.098214285714285, "75": 57.69230769230769, "76": 57.5}, "p4": {"0": 47.326885637731614, "1": 47.326885637731614, "2": 47.326885637731614, "3": 47.326885637731614, "4": 46.93920972644377, "5": 46.914201183431956, "6": 46.85260115606936, "7": 47.151898734177216, "8": 46.94267515923567, "9": 46.83641975308642, "10": 46.969418960244646, "11": 46.94670846394985, "12": 46.657407407407405, "13": 47.07165109034268, "14": 46.753246753246756, "15": 47.08517350157729, "16": 47.05128205128205, "17": 46.96389891696751, "18": 46.659919028340084, "19": 46.3399209486166, "20": 46.208333333333336, "21": 46.68803418803419, "22": 46.992592592592594, "23": 47.23481781376518, "24": 46.53448275862069, "25": 46.864541832669325, "26": 46.81297709923664, "27": 46.55, "28": 47.128571428571426, "29": 47.24444444444445, "30": 47.3155737704918, "31": 47.83050847457627, "32": 47.798122065727696, "33": 47.683035714285715, "34": 48.32876712328767, "35": 48.44090909090909, "36": 47.867924528301884, "37": 46.97422680412371, "38": 46.52403846153846, "39": 47.37229437229437, "40": 47.68544600938967, "41": 48.14468085106383, "42": 48.082191780821915, "43": 48.09836065573771, "44": 48.1359649122807, "45": 47.62, "46": 47.53688524590164, "47": 47.25833333333333, "48": 47.95348837209303, "49": 46.723880597014926, "50": 47.1156462585034, "51": 47.74226804123711, "52": 47.55913978494624, "53": 48.0, "54": 48.25448028673835, "55": 46.84265734265734, "56": 46.788, "57": 46.895348837209305, "58": 47.05555555555556, "59": 47.21367521367522, "60": 46.64732142857143,