{"p0": {"0": 10.0, "1": 10.0, "2": 10.0, "3": 10.0, "4": 10.0, "5": 10.0, "6": 10.0, "7": 10.0, "8": 10.0, "9": 10.0, "10": 10.0, "11": 10.0, "12": 10.0, "13": 10.0, "14": 10.0, "15": 10.0, "16": 10.0, "17": 10.0, "18": 10.0, "19": 10.0, "20": 10.0, "21": 10.0, "22": 10.0, "23": 10.0, "24": 10.0, "25": 10.0, "26": 10.0, "27": 10.0, "28": 10.0, "29": 10.0, "30": 10.0, "31": 10.0, "32": 10.0, "33": 10.0, "34": 10.0, "35": 10.0, "36": 10.0, "37": 10.0, "38": 10.0, "39": 10.0, "40": 10.0, "41": 10.0, "42": 10.0, "43": 10.0, "44": 10.0, "45": 10.0, "46": 10.0, "47": 10.0, "48": 10.0, "49": 10.0, "50": 10.0, "51": 10.0, "52": 10.0, "53": 10.0, "54": 10.0, "55": 10.0, "56": 10.0, "57": 10.0, "58": 10.0, "59": 10.0, "60": 10.0, "61": 10.0, "62": 10.0, "63": 10.0, "64": 10.0, "65": 10.0, "66": 10.0, "67": 10.0, "68": 10.0, "69": 10.0, "70": 10.0, "71": 10.0, "72": 99999.0, "73": 99999.0, "74": 99999.0, "75": 99999.0}, "p1": {"0": 21.022564469995434, "1": 9.13953488372093, "2": 11.213333333333333, "3": 12.758620689655173, "4": 16.307692307692307, "5": 19.923664122137403, "6": 21.64189189189189, "7": 20.2012987012987, "8": 21.66417910447761, "9": 21.493055555555557, "10": 21.016129032258064, "11": 20.280254777070063, "12": 21.8125, "13": 22.80851063829787, "14": 22.943661971830984, "15": 21.48854961832061, "16": 20.4921875, "17": 20.1900826446281, "18": 22.45045045045045, "19": 19.544117647058822, "20": 20.646153846153847, "21": 20.450819672131146, "22": 21.360655737704917, "23": 21.578512396694215, "24": 23.416666666666668, "25": 20.88095238095238, "26": 20.62043795620438, "27": 21.418439716312058, "28": 19.674418604651162, "29": 19.725806451612904, "30": 21.090225563909776, "31": 21.11888111888112, "32": 19.572580645161292, "33": 21.41496598639456, "34": 21.13888888888889, "35": 21.442857142857143, "36": 20.66386554621849, "37": 19.635714285714286, "38": 20.990825688073393, "39": 23.715384615384615, "40": 21.913793103448278, "41": 20.458333333333332, "42": 21.541284403669724, "43": 20.46153846153846, "44": 21.490384615384617, "45": 21.78048780487805, "46": 21.415254237288135, "47": 21.380165289256198, "48": 20.912280701754387, "49": 22.28440366972477, "50": 22.0, "51": 20.946236559139784, "52": 23.48314606741573, "53": 24.04901960784314, "54": 23.21551724137931, "55": 23.402173913043477, "56": 23.32456140350877, "57": 23.174311926605505, "58": 24.23913043478261, "59": 22.440860215053764, "60": 23.81081081081081, "61": 23.491071428571427, "62": 23.693693693693692, "63": 22.73913043478261, "64": 21.847826086956523, "65": 23.305263157894736, "66": 22.073170731707318, "67": 22.278350515463917, "68": 21.16822429906542, "69": 22.345454545454544, "70": 21.81512605042017, "71": 20.164835164835164, "72": 17.34259259259259, "73": 16.658536585365855, "74": 18.571428571428573, "75": 23.547169811320753}, "p2": {"0": 33.377554587594595, "1": 11.08695652173913, "2": 14.222222222222221, "3": 22.295081967213115, "4": 24.160493827160494, "5": 29.40740740740741, "6": 33.079268292682926, "7": 33.69398907103825, "8": 34.76303317535545, "9": 35.714285714285715, "10": 37.14, "11": 34.22043010752688, "12": 33.0, "13": 34.68888888888889, "14": 35.5, "15": 35.475903614457835, "16": 31.61935483870968, "17": 33.445086705202314, "18": 34.08965517241379, "19": 33.32142857142857, "20": 37.49624060150376, "21": 36.63636363636363, "22": 36.44444444444444, "23": 34.027027027027025, "24": 35.52892561983471, "25": 33.81818181818182, "26": 34.69465648854962, "27": 34.08108108108108, "28": 35.0, "29": 36.13725490196079, "30": 35.01063829787234, "31": 33.80909090909091, "32": 34.24390243902439, "33": 35.255319148936174, "34": 32.98947368421052, "35": 36.76190476190476, "36": 35.101010101010104, "37": 34.88172043010753, "38": 34.78823529411765, "39": 37.049019607843135, "40": 33.92391304347826, "41": 34.82857142857143, "42": 34.92307692307692, "43": 32.7037037037037, "44": 33.8780487804878, "45": 35.416666666666664, "46": 33.11494252873563, "47": 33.2, "48": 33.27710843373494, "49": 33.61904761904762, "50": 34.33766233766234, "51": 34.244680851063826, "52": 33.243589743589745, "53": 35.0, "54": 34.01190476190476, "55": 32.89041095890411, "56": 32.50704225352113, "57": 34.36363636363637, "58": 33.48235294117647, "59": 31.818181818181817, "60": 33.61538461538461, "61": 34.55263157894737, "62": 32.73134328358209, "63": 35.325301204819276, "64": 32.04, "65": 33.34375, "66": 36.4375, "67": 34.2125, "68": 32.859375, "69": 32.720588235294116, "70": 33.53333333333333, "71": 32.08196721311475, "72": 33.23376623376623, "73": 35.205128205128204, "74": 34.310344827586206, "75": 37.651162790697676}, "p3": {"0": 42.69053336110935, "1": 25.096045197740114, "2": 23.728506787330318, "3": 24.563725490196077, "4": 24.685567010309278, "5": 28.297520661157026, "6": 30.056224899598394, "7": 33.38846153846154, "8": 33.80392156862745, "9": 32.651340996168585, "10": 34.09243697478992, "11": 32.84805653710247, "12": 33.06810035842294, "13": 34.08745247148289, "14": 31.07017543859649, "15": 34.52173913043478, "16": 33.13703703703704, "17": 33.33216783216783, "18": 32.68122270742358, "19": 33.40384615384615, "20": 33.234848484848484, "21": 32.544186046511626, "22": 32.90731707317073, "23": 34.025, "24": 36.27777777777778, "25": 35.86740331491713, "26": 35.61702127659574, "27": 34.67379679144385, "28": 35.577639751552795, "29": 39.49305555555556, "30": 38.04, "31": 39.582417582417584, "32": 40.68456375838926, "33": 44.51111111111111, "34": 41.91428571428571, "35": 42.888888888888886, "36": 44.774436090225564, "37": 45.1948051948052, "38": 43.86614173228347, "39": 46.775862068965516, "40": 46.81196581196581, "41": 48.92700729927007, "42": 46.17557251908397, "43": 44.41269841269841, "44": 46.1037037037037, "45": 47.04, "46": 48.44094488188976, "47": 48.67326732673267, "48": 45.54368932038835, "49": 49.35087719298246, "50": 46.94736842105263, "51": 49.40163934426229, "52": 50.78947368421053, "53": 52.621848739495796, "54": 50.68041237113402, "55": 50.91150442477876, "56": 53.27835051546392, "57": 51.171171171171174, "58": 49.79381443298969, "59": 47.98989898989899, "60": 48.88421052631579, "61": 50.213592233009706, "62": 48.38532110091743, "63": 52.956989247311824, "64": 51.66315789473684, "65": 53.51685393258427, "66": 50.0, "67": 55.661764705882355, "68": 51.2093023255814, "69": 52.138888888888886, "70": 50.053763440860216, "71": 57.06849315068493, "72": 55.955882352941174, "73": 59.11666666666667, "74": 58.37735849056604, "75": 64.55844155844156}, "p4": {"0": 48.06113654851079, "1": 48.06113654851079, "2": 48.06113654851079, "3": 48.06113654851079, "4": 47.80580357142857, "5": 48.164859002169194, "6": 48.17880794701987, "7": 48.44615384615385, "8": 48.05227272727273, "9": 47.47240618101545, "10": 47.90909090909091, "11": 48.09255079006772, "12": 47.757894736842104, "13": 47.91648351648352, "14": 47.69716775599129, "15": 47.747368421052634, "16": 47.31627906976744, "17": 47.386946386946384, "18": 47.49282296650718, "19": 47.378571428571426, "20": 47.680589680589684, "21": 48.00826446280992, "22": 48.249350649350646, "23": 48.55897435897436, "24": 48.61498708010336, "25": 48.67258883248731, "26": 48.62599469496021, "27": 49.04922279792746, "28": 48.65601965601966, "29": 48.535626535626534, "30": 48.924433249370274, "31": 48.51639344262295, "32": 48.2094395280236, "33": 47.822857142857146, "34": 48.04731861198738, "35": 47.566153846153846, "36": 47.64548494983278, "37": 47.398753894081, "38": 47.13291139240506, "39": 46.910216718266255, "40": 47.46987951807229, "41": 47.223837209302324, "42": 47.94940476190476, "43": 48.11484593837535, "44": 48.25588235294118, "45": 48.35103244837758, "46": 48.752161383285305, "47": 48.43013698630137, "48": 48.41860465116279, "49": 47.89306358381503, "50": 48.54617414248021, "51": 47.754430379746836, "52": 47.801587301587304, "53": 47.857868020304565, "54": 47.771844660194176, "55": 47.47142857142857, "56": 48.26342710997442, "57": 47.68433734939759, "58": 47.69417475728155,