{"p0": {"0": 10.0, "1": 10.0, "2": 10.0, "3": 10.0, "4": 10.0, "5": 10.0, "6": 10.0, "7": 10.0, "8": 10.0, "9": 10.0, "10": 10.0, "11": 10.0, "12": 10.0, "13": 10.0, "14": 10.0, "15": 10.0, "16": 10.0, "17": 10.0, "18": 10.0, "19": 10.0, "20": 10.0, "21": 10.0, "22": 10.0, "23": 10.0, "24": 10.0, "25": 10.0, "26": 10.0, "27": 10.0, "28": 10.0, "29": 10.0, "30": 10.0, "31": 10.0, "32": 10.0, "33": 10.0, "34": 10.0, "35": 10.0, "36": 10.0, "37": 10.0, "38": 10.0, "39": 10.0, "40": 10.0, "41": 10.0, "42": 10.0, "43": 10.0, "44": 10.0, "45": 10.0, "46": 10.0, "47": 10.0, "48": 10.0, "49": 10.0, "50": 10.0, "51": 10.0, "52": 10.0, "53": 10.0, "54": 10.0, "55": 10.0, "56": 10.0, "57": 10.0, "58": 10.0, "59": 10.0, "60": 99999.0, "61": 99999.0, "62": 99999.0, "63": 99999.0}, "p1": {"0": 23.078719222676643, "1": 6.5, "2": 10.782051282051283, "3": 13.889830508474576, "4": 18.149532710280372, "5": 23.41717791411043, "6": 25.658227848101266, "7": 25.845070422535212, "8": 27.317460317460316, "9": 25.578125, "10": 25.776, "11": 24.604166666666668, "12": 26.286666666666665, "13": 26.410852713178294, "14": 25.15032679738562, "15": 25.294117647058822, "16": 25.49137931034483, "17": 25.173553719008265, "18": 25.382608695652173, "19": 25.516666666666666, "20": 24.19327731092437, "21": 24.908333333333335, "22": 22.608333333333334, "23": 23.923728813559322, "24": 22.405797101449274, "25": 23.232142857142858, "26": 24.5, "27": 21.533783783783782, "28": 22.694214876033058, "29": 22.323809523809523, "30": 22.350877192982455, "31": 23.537735849056602, "32": 22.533333333333335, "33": 24.526315789473685, "34": 22.720338983050848, "35": 24.333333333333332, "36": 23.77, "37": 20.707070707070706, "38": 23.2803738317757, "39": 22.333333333333332, "40": 22.768421052631577, "41": 23.3, "42": 22.762886597938145, "43": 23.186046511627907, "44": 23.398230088495577, "45": 22.628865979381445, "46": 22.892473118279568, "47": 24.061855670103093, "48": 22.447619047619046, "49": 23.518987341772153, "50": 24.041666666666668, "51": 22.59036144578313, "52": 23.15, "53": 21.866666666666667, "54": 22.714285714285715, "55": 21.537634408602152, "56": 22.43421052631579, "57": 20.304347826086957, "58": 20.455882352941178, "59": 21.149253731343283, "60": 20.22222222222222, "61": 24.523809523809526, "62": 30.181818181818183, "63": 33.18181818181818}, "p2": {"0": 28.246611750540847, "1": 7.841121495327103, "2": 11.2, "3": 14.057377049180328, "4": 15.57615894039735, "5": 19.322916666666668, "6": 25.044534412955464, "7": 27.80544747081712, "8": 27.697580645161292, "9": 28.980392156862745, "10": 29.62453531598513, "11": 28.669291338582678, "12": 28.171717171717173, "13": 28.575129533678755, "14": 26.76923076923077, "15": 25.71794871794872, "16": 27.51572327044025, "17": 28.535353535353536, "18": 28.609756097560975, "19": 28.367021276595743, "20": 26.339080459770116, "21": 27.664804469273744, "22": 27.28846153846154, "23": 27.479166666666668, "24": 23.583333333333332, "25": 29.608695652173914, "26": 26.5, "27": 26.73469387755102, "28": 26.526315789473685, "29": 29.632, "30": 30.59090909090909, "31": 29.795081967213115, "32": 28.713043478260868, "33": 26.103448275862068, "34": 29.34375, "35": 27.902439024390244, "36": 32.06603773584906, "37": 31.020833333333332, "38": 31.038095238095238, "39": 31.52577319587629, "40": 31.65625, "41": 32.09, "42": 30.03125, "43": 31.067307692307693, "44": 28.802325581395348, "45": 31.382978723404257, "46": 31.857142857142858, "47": 31.059322033898304, "48": 32.19607843137255, "49": 31.419354838709676, "50": 30.864077669902912, "51": 30.824742268041238, "52": 31.045454545454547, "53": 31.64423076923077, "54": 30.88235294117647, "55": 30.74390243902439, "56": 33.01162790697674, "57": 30.939393939393938, "58": 29.8, "59": 28.14814814814815, "60": 26.53448275862069, "61": 26.606060606060606, "62": 42.25, "63": 37.142857142857146}, "p3": {"0": 45.88022983070592, "1": 16.77956989247312, "2": 17.067961165048544, "3": 21.098360655737704, "4": 25.451612903225808, "5": 32.943661971830984, "6": 37.72222222222222, "7": 39.50970873786408, "8": 40.30241935483871, "9": 40.440329218106996, "10": 40.608163265306125, "11": 38.99180327868852, "12": 41.582375478927204, "13": 39.94468085106383, "14": 39.13973799126637, "15": 36.57142857142857, "16": 41.71774193548387, "17": 39.052132701421804, "18": 37.24778761061947, "19": 43.56111111111111, "20": 41.47938144329897, "21": 44.55263157894737, "22": 43.223404255319146, "23": 46.194117647058825, "24": 46.70454545454545, "25": 48.490566037735846, "26": 45.84615384615385, "27": 49.86986301369863, "28": 51.83832335329341, "29": 48.81976744186046, "30": 51.74025974025974, "31": 51.08522727272727, "32": 50.63841807909605, "33": 51.76331360946745, "34": 50.31159420289855, "35": 50.41549295774648, "36": 50.46060606060606, "37": 52.23353293413174, "38": 53.63803680981595, "39": 49.3416149068323, "40": 50.682432432432435, "41": 51.25179856115108, "42": 52.932432432432435, "43": 53.19047619047619, "44": 50.226027397260275, "45": 50.42948717948718, "46": 49.09090909090909, "47": 51.65909090909091, "48": 51.142857142857146, "49": 51.60504201680672, "50": 49.57983193277311, "51": 49.348214285714285, "52": 51.61194029850746, "53": 49.03252032520325, "54": 53.25196850393701, "55": 52.216, "56": 49.84166666666667, "57": 50.0875, "58": 49.36190476190476, "59": 53.5609756097561, "60": 52.765957446808514, "61": 55.989010989010985, "62": 56.98529411764706, "63": 56.23148148148148}, "p4": {"0": 49.04690989934184, "1": 49.04690989934184, "2": 49.04690989934184, "3": 49.04690989934184, "4": 49.17584745762712, "5": 49.22745901639344, "6": 49.03333333333333, "7": 48.84426229508197, "8": 49.17819706498952, "9": 48.79843444227006, "10": 48.77245508982036, "11": 48.709981167608284, "12": 48.849236641221374, "13": 48.877629063097515, "14": 49.052192066805844, "15": 49.20173535791757, "16": 49.89791183294663, "17": 49.908872901678656, "18": 49.74941995359629, "19": 49.84634146341463, "20": 49.297872340425535, "21": 49.40049751243781, "22": 49.141809290953546, "23": 48.76442307692308, "24": 49.180952380952384, "25": 48.85, "26": 49.04545454545455, "27": 49.21827411167513, "28": 48.994778067885115, "29": 49.146131805157594, "30": 48.967930029154516, "31": 50.176829268292686, "32": 50.79225352112676, "33": 50.91467576791809, "34": 50.5045871559633, "35": 50.546031746031744, "36": 49.86280487804878, "37": 49.73446327683616, "38": 49.515243902439025, "39": 49.94034090909091, "40": 49.50267379679144, "41": 49.76819407008086, "42": 49.26315789473684, "43": 49.55492957746479, "44": 49.66027397260274, "45": 49.22613065326633, "46": 49.0775623268698, "47": 49.17974683544304, "48": 49.14861460957179, "49": 49.02820512820513, "50": 48.69060773480663, "51": 47.98314606741573, "52": 48.86585365853659, "53": 48.585507246376814, "54": 49.14803625377643, "55": 48.48208469055375, "56": 48.59105431309904, "57": 47.847457627118644, "58": 47.22147651006711, "59": 46.9046052631579, "60": 46.642361111111114, "61": 47.054794520547944, "62": 47.44, "63": 46.82945736434109}}