{"p0": {"0": 10.0, "1": 10.0, "2": 10.0, "3": 10.0, "4": 10.0, "5": 10.0, "6": 10.0, "7": 10.0, "8": 10.0, "9": 10.0, "10": 10.0, "11": 10.0, "12": 10.0, "13": 10.0, "14": 10.0, "15": 10.0, "16": 10.0, "17": 10.0, "18": 10.0, "19": 10.0, "20": 10.0, "21": 10.0, "22": 10.0, "23": 10.0, "24": 10.0, "25": 10.0, "26": 10.0, "27": 10.0, "28": 10.0, "29": 10.0, "30": 10.0, "31": 10.0, "32": 10.0, "33": 10.0, "34": 10.0, "35": 10.0, "36": 10.0, "37": 10.0, "38": 10.0, "39": 10.0, "40": 10.0, "41": 10.0, "42": 10.0, "43": 10.0, "44": 10.0, "45": 10.0, "46": 10.0, "47": 10.0, "48": 10.0, "49": 10.0, "50": 10.0, "51": 10.0, "52": 10.0, "53": 10.0, "54": 10.0, "55": 10.0, "56": 10.0, "57": 10.0, "58": 10.0, "59": 10.0, "60": 10.0, "61": 10.0, "62": 10.0, "63": 10.0, "64": 10.0, "65": 10.0, "66": 10.0, "67": 10.0, "68": 10.0, "69": 10.0, "70": 10.0, "71": 10.0, "72": 10.0, "73": 10.0, "74": 10.0, "75": 10.0, "76": 10.0, "77": 10.0, "78": 10.0, "79": 10.0, "80": 10.0, "81": 10.0, "82": 10.0, "83": 10.0, "84": 10.0, "85": 10.0, "86": 10.0, "87": 10.0, "88": 10.0, "89": 10.0, "90": 10.0, "91": 10.0, "92": 10.0, "93": 10.0, "94": 99999.0, "95": 99999.0, "96": 99999.0, "97": 99999.0}, "p1": {"0": 25.200440093130215, "1": 10.5, "2": 14.19047619047619, "3": 18.093023255813954, "4": 21.796610169491526, "5": 24.260162601626018, "6": 26.841379310344827, "7": 26.705882352941178, "8": 26.604938271604937, "9": 26.61038961038961, "10": 26.04950495049505, "11": 25.28846153846154, "12": 25.992248062015506, "13": 26.798319327731093, "14": 26.06201550387597, "15": 25.983333333333334, "16": 26.61111111111111, "17": 26.261363636363637, "18": 25.846938775510203, "19": 28.385416666666668, "20": 25.373493975903614, "21": 25.34188034188034, "22": 26.089285714285715, "23": 26.776699029126213, "24": 27.176470588235293, "25": 28.134615384615383, "26": 27.365591397849464, "27": 27.49532710280374, "28": 24.75221238938053, "29": 26.572727272727274, "30": 26.39814814814815, "31": 27.58252427184466, "32": 27.120481927710845, "33": 26.725274725274726, "34": 26.758928571428573, "35": 25.88679245283019, "36": 26.063636363636363, "37": 26.383838383838384, "38": 26.457943925233646, "39": 26.09375, "40": 26.572727272727274, "41": 26.77777777777778, "42": 25.043010752688172, "43": 24.775510204081634, "44": 26.306930693069308, "45": 25.27777777777778, "46": 26.08490566037736, "47": 25.074468085106382, "48": 27.376470588235293, "49": 27.0, "50": 25.75728155339806, "51": 26.892473118279568, "52": 26.75, "53": 27.202380952380953, "54": 25.52173913043478, "55": 26.666666666666668, "56": 24.647727272727273, "57": 25.402439024390244, "58": 24.384615384615383, "59": 26.320987654320987, "60": 25.151785714285715, "61": 27.7125, "62": 24.441176470588236, "63": 26.63888888888889, "64": 26.377777777777776, "65": 25.09278350515464, "66": 26.010526315789473, "67": 26.65, "68": 27.48314606741573, "69": 27.054054054054053, "70": 27.108695652173914, "71": 25.869565217391305, "72": 26.13978494623656, "73": 25.13888888888889, "74": 26.0, "75": 25.84158415841584, "76": 26.022988505747126, "77": 24.783132530120483, "78": 24.75, "79": 23.762376237623762, "80": 24.295652173913044, "81": 23.858585858585858, "82": 23.46808510638298, "83": 24.03370786516854, "84": 23.9375, "85": 22.640776699029125, "86": 23.333333333333332, "87": 24.204545454545453, "88": 24.159574468085108, "89": 23.430232558139537, "90": 22.39, "91": 22.158536585365855, "92": 22.493827160493826, "93": 21.541176470588237, "94": 22.236842105263158, "95": 21.137931034482758, "96": 23.633333333333333, "97": 24.192307692307693}, "p2": {"0": 33.793055105832785, "1": 16.0, "2": 11.631578947368421, "3": 20.91176470588235, "4": 22.057692307692307, "5": 31.32051282051282, "6": 31.978494623655912, "7": 35.45378151260504, "8": 40.015625, "9": 34.780141843971634, "10": 36.388489208633096, "11": 33.4551724137931, "12": 34.074766355140184, "13": 37.798449612403104, "14": 34.00952380952381, "15": 31.680672268907564, "16": 33.06666666666667, "17": 34.258620689655174, "18": 35.99145299145299, "19": 36.42622950819672, "20": 34.905660377358494, "21": 33.64705882352941, "22": 35.026315789473685, "23": 37.07692307692308, "24": 33.735632183908045, "25": 36.9080459770115, "26": 33.56043956043956, "27": 35.89156626506024, "28": 37.309859154929576, "29": 36.67058823529412, "30": 34.67948717948718, "31": 33.36842105263158, "32": 34.285714285714285, "33": 34.28, "34": 34.261538461538464, "35": 36.98809523809524, "36": 35.3134328358209, "37": 36.151898734177216, "38": 39.54545454545455, "39": 36.144578313253014, "40": 32.736111111111114, "41": 33.94444444444444, "42": 34.90277777777778, "43": 36.310810810810814, "44": 37.71264367816092, "45": 36.15151515151515, "46": 32.77049180327869, "47": 36.65151515151515, "48": 39.129629629629626, "49": 35.37096774193548, "50": 32.132075471698116, "51": 39.5, "52": 37.13636363636363, "53": 37.85964912280702, "54": 32.436619718309856, "55": 34.8448275862069, "56": 36.77142857142857, "57": 36.70909090909091, "58": 36.26470588235294, "59": 34.44871794871795, "60": 34.39393939393939, "61": 32.148148148148145, "62": 36.22857142857143, "63": 38.85454545454545, "64": 36.75, "65": 37.97260273972603, "66": 34.66153846153846, "67": 34.763636363636365, "68": 36.08, "69": 34.48717948717949, "70": 33.89393939393939, "71": 34.03125, "72": 35.57692307692308, "73": 32.23728813559322, "74": 34.92727272727273, "75": 31.015384615384615, "76": 32.89473684210526, "77": 34.12307692307692, "78": 33.660377358490564, "79": 34.81818181818182, "80": 34.26865671641791, "81": 33.273972602739725, "82": 35.311688311688314, "83": 32.89230769230769, "84": 31.105263157894736, "85": 31.044117647058822, "86": 32.20338983050848, "87": 35.18666666666667, "88": 34.455882352941174, "89": 32.135802469135804, "90": 30.87878787878788, "91": 32.38181818181818, "92": 29.25, "93": 26.087719298245613, "94": 25.574074074074073, "95": 26.23076923076923, "96": 32.8421052631579, "97": 34.45}, "p3": {"0": 45.536698373902496, "1": 12.619402985074627, "2": 11.093457943925234, "3": 15.163636363636364, "4": 15.978947368421053, "5": 20.5327868852459, "6": 27.32867132867133, "7": 33.15079365079365, "8": 33.333333333333336, "9": 31.926380368098158, "10": 34.2375, "11": 31.969325153374232, "12": 36.794701986754966, "13": 35.12837837837838, "14": 35.8448275862069, "15": 32.13013698630137, "16": 34.81818181818182, "17": 30.980645161290322, "18": 31.03846153846154, "19": 33.30344827586207, "20": 30.41780821917808, "21": 34.7007299270073, "22": 30.064285714285713, "23": 34.48837209302326, "24": 36.68807339449541, "25": 35.08849557522124, "26": 36.972727272727276, "27": 38.81884057971015, "28": 42.16161616161616, "29": 40.598591549295776, "30": 38.31531531531532, "31": 34.716814159292035, "32": 40.71739130434783, "33": 41.096774193548384, "34": 41.10989010989011, "35": 45.853658536585364, "36": 47.66315789473684, "37": 49.9277108433735, "38": 52.70886075949367, "39": 53.0, "40": 47.4, "41": 51.98823529411764, "42": 49.467532467532465, "43": 54.05882352941177, "44": 48.87096774193548, "45": 53.16, "46": 55.35, "47": 52.61764705882353, "48": 49.72727272727273, "49": 50.504950495049506, "50": 52.89473684210526, "51": 50.71052631578947, "52": 50.310810810810814, "53": 55.18987341772152, "54": 51.265957446808514, "55": 53.07058823529412, "56": 51.37362637362637, "57": 52.68888888888889, "58": 51.96470588235294, "59": 51.55696202531646, "60": 53.773809523809526, "61": 54.382716049382715, "62": 51.68604651162791, "63": 51.10112359550562, "64": 50.02564102564103, "65": 50.42553191489362, "66": 53.2, "67": 48.724137931034484, "68": 57.01136363636363, "69": 55.726190476190474, "70": 52.68292682926829, "71": 52.026666666666664, "72": 51.31884057971015, "73": 52.01234567901235, "74": 51.31818181818182, "75": 54.95161290322581, "76": 55.56382978723404, "77": 52.375, "78": 50.97727272727273, "79": 54.554054054054056, "80": 50.875, "81": 53.357894736842105, "82": 54.285714285714285, "83": 54.18390804597701,