{"p0": {"0": 10.0, "1": 10.0, "2": 10.0, "3": 10.0, "4": 10.0, "5": 10.0, "6": 10.0, "7": 10.0, "8": 10.0, "9": 10.0, "10": 10.0, "11": 10.0, "12": 10.0, "13": 10.0, "14": 10.0, "15": 10.0, "16": 10.0, "17": 10.0, "18": 10.0, "19": 10.0, "20": 10.0, "21": 10.0, "22": 10.0, "23": 10.0, "24": 10.0, "25": 10.0, "26": 10.0, "27": 10.0, "28": 10.0, "29": 10.0, "30": 10.0, "31": 10.0, "32": 10.0, "33": 10.0, "34": 10.0, "35": 10.0, "36": 10.0, "37": 10.0, "38": 10.0, "39": 10.0, "40": 10.0, "41": 10.0, "42": 10.0, "43": 10.0, "44": 10.0, "45": 10.0, "46": 10.0, "47": 10.0, "48": 10.0, "49": 10.0, "50": 10.0, "51": 10.0, "52": 10.0, "53": 10.0, "54": 10.0, "55": 10.0, "56": 10.0, "57": 10.0, "58": 10.0, "59": 10.0, "60": 10.0, "61": 10.0, "62": 10.0, "63": 10.0, "64": 10.0, "65": 10.0, "66": 10.0, "67": 10.0, "68": 10.0, "69": 10.0, "70": 10.0, "71": 10.0, "72": 10.0, "73": 10.0, "74": 10.0, "75": 10.0, "76": 10.0, "77": 10.0, "78": 10.0, "79": 99999.0, "80": 99999.0, "81": 99999.0, "82": 99999.0}, "p1": {"0": 23.396314058966045, "1": 10.074074074074074, "2": 12.45, "3": 14.317073170731707, "4": 20.4, "5": 23.203007518796994, "6": 26.01764705882353, "7": 25.450819672131146, "8": 24.536082474226806, "9": 23.1953125, "10": 23.174242424242426, "11": 22.921259842519685, "12": 22.36986301369863, "13": 24.770186335403725, "14": 23.79605263157895, "15": 25.085889570552148, "16": 23.772727272727273, "17": 24.852941176470587, "18": 24.359154929577464, "19": 25.35211267605634, "20": 24.349693251533743, "21": 24.627450980392158, "22": 25.068493150684933, "23": 24.34722222222222, "24": 25.404580152671755, "25": 25.35251798561151, "26": 24.40625, "27": 24.5578231292517, "28": 23.420731707317074, "29": 23.427586206896553, "30": 22.89855072463768, "31": 22.097744360902254, "32": 23.953488372093023, "33": 24.556338028169016, "34": 22.7248322147651, "35": 24.014388489208635, "36": 24.007462686567163, "37": 25.333333333333332, "38": 24.885906040268456, "39": 25.551724137931036, "40": 24.251612903225805, "41": 25.80672268907563, "42": 25.923076923076923, "43": 23.369230769230768, "44": 25.032, "45": 23.976744186046513, "46": 24.917355371900825, "47": 24.653333333333332, "48": 24.835714285714285, "49": 23.009090909090908, "50": 24.62037037037037, "51": 25.704918032786885, "52": 22.873015873015873, "53": 23.536363636363635, "54": 23.66187050359712, "55": 25.153284671532848, "56": 24.05504587155963, "57": 22.875, "58": 23.782178217821784, "59": 24.86466165413534, "60": 21.9375, "61": 23.03361344537815, "62": 24.755725190839694, "63": 23.63478260869565, "64": 23.448275862068964, "65": 25.09009009009009, "66": 24.170731707317074, "67": 22.366336633663366, "68": 24.183333333333334, "69": 23.775280898876403, "70": 22.8125, "71": 23.282608695652176, "72": 23.49473684210526, "73": 23.77570093457944, "74": 21.9, "75": 22.152, "76": 22.65765765765766, "77": 20.879032258064516, "78": 20.755102040816325, "79": 18.975206611570247, "80": 19.76530612244898, "81": 21.57377049180328, "82": 28.092307692307692}, "p2": {"0": 35.520662416874806, "1": 16.0, "2": 39.5, "3": 29.416666666666668, "4": 27.813953488372093, "5": 24.876923076923077, "6": 35.144329896907216, "7": 36.932330827067666, "8": 33.92028985507246, "9": 39.17365269461078, "10": 38.29710144927536, "11": 39.8768115942029, "12": 38.8099173553719, "13": 37.4051724137931, "14": 38.81818181818182, "15": 38.6764705882353, "16": 38.11965811965812, "17": 39.7557251908397, "18": 37.422818791946305, "19": 38.18487394957983, "20": 36.35042735042735, "21": 36.76470588235294, "22": 41.13821138211382, "23": 36.52252252252252, "24": 37.991379310344826, "25": 38.61538461538461, "26": 38.11570247933884, "27": 35.41044776119403, "28": 34.20792079207921, "29": 37.728070175438596, "30": 36.86538461538461, "31": 36.07692307692308, "32": 37.416666666666664, "33": 35.2803738317757, "34": 36.73076923076923, "35": 39.219298245614034, "36": 38.34065934065934, "37": 36.03125, "38": 35.97, "39": 36.31182795698925, "40": 34.69767441860465, "41": 35.977777777777774, "42": 37.577777777777776, "43": 37.58024691358025, "44": 35.640449438202246, "45": 37.2183908045977, "46": 35.54545454545455, "47": 37.529411764705884, "48": 32.87951807228916, "49": 34.151898734177216, "50": 36.62921348314607, "51": 35.9873417721519, "52": 34.98837209302326, "53": 36.0, "54": 34.608695652173914, "55": 34.234042553191486, "56": 33.35897435897436, "57": 34.73684210526316, "58": 35.16393442622951, "59": 31.89041095890411, "60": 35.689189189189186, "61": 34.91803278688525, "62": 35.5, "63": 34.66, "64": 34.67123287671233, "65": 34.10526315789474, "66": 34.52173913043478, "67": 34.701298701298704, "68": 34.140845070422536, "69": 35.92857142857143, "70": 30.8, "71": 33.54929577464789, "72": 33.17910447761194, "73": 35.48, "74": 35.357142857142854, "75": 34.07575757575758, "76": 31.833333333333332, "77": 30.704918032786885, "78": 33.679245283018865, "79": 33.592592592592595, "80": 37.225, "81": 37.86363636363637, "82": 40.888888888888886}, "p3": {"0": 31.869158727366973, "1": 10.124087591240876, "2": 8.502702702702702, "3": 11.084033613445378, "4": 13.1171875, "5": 16.93975903614458, "6": 26.5, "7": 24.10967741935484, "8": 30.627329192546583, "9": 23.488235294117647, "10": 23.636871508379887, "11": 27.03012048192771, "12": 24.238636363636363, "13": 26.661458333333332, "14": 24.53448275862069, "15": 27.1453488372093, "16": 25.549668874172184, "17": 21.91194968553459, "18": 20.11949685534591, "19": 22.142857142857142, "20": 18.10948905109489, "21": 23.146198830409357, "22": 25.068292682926828, "23": 23.337278106508876, "24": 23.433526011560694, "25": 28.830985915492956, "26": 23.74829931972789, "27": 21.673202614379086, "28": 27.34193548387097, "29": 25.66860465116279, "30": 24.48447204968944, "31": 29.344370860927153, "32": 28.834532374100718, "33": 28.933333333333334, "34": 24.450331125827816, "35": 31.27659574468085, "36": 32.25984251968504, "37": 31.22142857142857, "38": 33.197278911564624, "39": 31.6, "40": 34.45112781954887, "41": 31.24778761061947, "42": 31.549295774647888, "43": 35.31159420289855, "44": 32.70229007633588, "45": 30.29787234042553, "46": 31.403225806451612, "47": 35.610169491525426, "48": 31.051470588235293, "49": 32.9, "50": 33.84782608695652, "51": 36.65040650406504, "52": 39.03361344537815, "53": 37.04, "54": 34.40650406504065, "55": 39.24576271186441, "56": 34.39655172413793, "57": 38.39090909090909, "58": 37.02325581395349, "59": 33.96261682242991, "60": 33.97222222222222, "61": 41.48412698412698, "62": 38.077586206896555, "63": 42.61682242990654, "64": 40.764150943396224, "65": 39.415929203539825, "66": 34.275862068965516, "67": 40.87378640776699, "68": 40.706422018348626, "69": 36.32786885245902, "70": 39.48, "71": 42.91111111111111, "72": 42.31578947368421, "73": 36.830357142857146, "74": 42.0, "75": 44.1219512195122, "76": 44.127450980392155, "77": 39.76635514018692, "78": 44.32183908045977, "79": 45.23157894736842, "80": 52.07462686567164, "81": 58.113207547169814, "82": 59.51578947368421}, "p4": {"0": 48.64334992116261, "1": 48.64334992116261, "2": 48.64334992116261, "3": 48.64334992116261, "4": 48.77593360995851, "5": 48.98347107438016, "6": 48.83050847457627, "7": 49.111111111111114, "8": 49.00221238938053, "9": 48.57601713062098, "10": 48.785234899328856, "11": 48.495670995671, "12": 48.83160083160083, "13": 48.72842105263158, "14": 48.73605150214592, "15": 48.77196652719665, "16": 49.00854700854701, "17": 48.98329853862213, "18": 49.09502262443439, "19": 48.97471264367816, "20": 49.254901960784316, "21": 48.92248062015504, "22": 48.958333333333336, "23": 49.11363636363637, "24": 49.592, "25": 49.134078212290504, "26": 48.84084084084084, "27": 48.955357142857146, "28": 48.93624161073826, "29": 48.717532467532465, "30": 48.40449438202247, "31": 48.1328903654485, "32": 48.22402597402598, "33": 47.34065934065934, "34": 47.66153846153846, "35": 47.47528517110266, "36": 47.90706319702602, "37": 47.604395604395606, "38": 48.03886925795053,