{"p0": {"0": 10.0, "1": 10.0, "2": 10.0, "3": 10.0, "4": 10.0, "5": 10.0, "6": 10.0, "7": 10.0, "8": 10.0, "9": 10.0, "10": 10.0, "11": 10.0, "12": 10.0, "13": 10.0, "14": 10.0, "15": 10.0, "16": 10.0, "17": 10.0, "18": 10.0, "19": 10.0, "20": 10.0, "21": 10.0, "22": 10.0, "23": 10.0, "24": 10.0, "25": 10.0, "26": 10.0, "27": 10.0, "28": 10.0, "29": 10.0, "30": 10.0, "31": 10.0, "32": 10.0, "33": 10.0, "34": 10.0, "35": 10.0, "36": 10.0, "37": 10.0, "38": 10.0, "39": 10.0, "40": 10.0, "41": 10.0, "42": 10.0, "43": 10.0, "44": 10.0, "45": 10.0, "46": 10.0, "47": 10.0, "48": 99999.0, "49": 99999.0, "50": 99999.0, "51": 99999.0}, "p1": {"0": 25.388592666453906, "1": 11.545454545454545, "2": 11.84, "3": 16.16, "4": 20.14, "5": 24.15625, "6": 27.902097902097903, "7": 28.615384615384617, "8": 28.376344086021504, "9": 27.77777777777778, "10": 29.253164556962027, "11": 26.66315789473684, "12": 27.78640776699029, "13": 25.47826086956522, "14": 26.416666666666668, "15": 27.73846153846154, "16": 27.92156862745098, "17": 26.61, "18": 26.757009345794394, "19": 26.453703703703702, "20": 26.47457627118644, "21": 27.4609375, "22": 26.25, "23": 26.949152542372882, "24": 27.14, "25": 27.62727272727273, "26": 28.589285714285715, "27": 26.68103448275862, "28": 26.285714285714285, "29": 26.48076923076923, "30": 28.239583333333332, "31": 27.0, "32": 27.026315789473685, "33": 25.57894736842105, "34": 24.887755102040817, "35": 26.854368932038835, "36": 24.444444444444443, "37": 24.698795180722893, "38": 26.1734693877551, "39": 26.564814814814813, "40": 26.145631067961165, "41": 25.75, "42": 23.58490566037736, "43": 25.730337078651687, "44": 24.74468085106383, "45": 24.271186440677965, "46": 22.89873417721519, "47": 22.166666666666668, "48": 23.208955223880597, "49": 23.615384615384617, "50": 25.818181818181817, "51": 27.884615384615383}, "p2": {"0": 33.44213508651608, "1": 13.31578947368421, "2": 9.772727272727273, "3": 15.962962962962964, "4": 25.46590909090909, "5": 27.26271186440678, "6": 34.795918367346935, "7": 40.37267080745342, "8": 39.644171779141104, "9": 37.879746835443036, "10": 38.141891891891895, "11": 37.7, "12": 38.68181818181818, "13": 37.6078431372549, "14": 37.440366972477065, "15": 35.292929292929294, "16": 36.74576271186441, "17": 33.710743801652896, "18": 37.165217391304346, "19": 33.7037037037037, "20": 35.25961538461539, "21": 35.009803921568626, "22": 36.84615384615385, "23": 36.5, "24": 35.55769230769231, "25": 34.24742268041237, "26": 34.11578947368421, "27": 34.522222222222226, "28": 35.56122448979592, "29": 33.614583333333336, "30": 34.45544554455446, "31": 34.010416666666664, "32": 35.82051282051282, "33": 36.44444444444444, "34": 34.67857142857143, "35": 36.12359550561798, "36": 32.666666666666664, "37": 31.366666666666667, "38": 35.13253012048193, "39": 34.641304347826086, "40": 33.59493670886076, "41": 31.940594059405942, "42": 31.205128205128204, "43": 31.602040816326532, "44": 31.842105263157894, "45": 34.53968253968254, "46": 30.6125, "47": 33.57142857142857, "48": 36.813559322033896, "49": 34.94230769230769, "50": 33.64705882352941, "51": 34.0}, "p3": {"0": 43.12551599440449, "1": 15.044776119402986, "2": 15.0, "3": 23.555555555555557, "4": 28.87837837837838, "5": 37.61764705882353, "6": 40.05921052631579, "7": 42.780141843971634, "8": 38.164556962025316, "9": 40.72189349112426, "10": 36.68518518518518, "11": 41.369127516778526, "12": 43.41549295774648, "13": 39.62820512820513, "14": 42.26623376623377, "15": 42.4014598540146, "16": 43.976, "17": 44.45161290322581, "18": 41.575, "19": 44.2751677852349, "20": 40.67407407407408, "21": 40.57017543859649, "22": 43.992592592592594, "23": 40.95918367346939, "24": 44.26605504587156, "25": 46.30909090909091, "26": 43.446280991735534, "27": 46.79831932773109, "28": 47.5655737704918, "29": 45.181102362204726, "30": 46.42016806722689, "31": 46.640776699029125, "32": 45.30275229357798, "33": 45.48360655737705, "34": 43.981818181818184, "35": 47.03883495145631, "36": 44.472, "37": 46.813559322033896, "38": 46.63703703703704, "39": 46.110169491525426, "40": 48.83471074380165, "41": 50.54639175257732, "42": 49.91588785046729, "43": 46.291666666666664, "44": 45.64754098360656, "45": 44.8921568627451, "46": 48.17, "47": 48.601851851851855, "48": 50.04109589041096, "49": 51.357142857142854, "50": 58.15942028985507, "51": 56.41463414634146}, "p4": {"0": 48.122056335718305, "1": 48.122056335718305, "2": 48.122056335718305, "3": 48.122056335718305, "4": 47.68459657701712, "5": 48.01937046004843, "6": 48.19024390243902, "7": 47.9236276849642, "8": 48.4218009478673, "9": 47.68075117370892, "10": 48.09049773755656, "11": 47.93427230046948, "12": 48.16136919315404, "13": 48.151898734177216, "14": 48.559895833333336, "15": 48.42897727272727, "16": 48.75308641975309, "17": 48.5565749235474, "18": 48.73134328358209, "19": 47.125850340136054, "20": 47.388888888888886, "21": 46.9, "22": 47.17482517482517, "23": 46.784, "24": 47.301115241635685, "25": 47.91324200913242, "26": 48.71300448430493, "27": 48.465587044534416, "28": 48.74152542372882, "29": 48.65612648221344, "30": 48.85770750988142, "31": 49.72075471698113, "32": 48.779411764705884, "33": 49.7773851590106, "34": 49.848591549295776, "35": 48.739583333333336, "36": 48.14238410596027, "37": 48.204301075268816, "38": 48.198170731707314, "39": 47.644444444444446, "40": 47.51775147928994, "41": 47.06413994169096, "42": 47.63939393939394, "43": 47.301829268292686, "44": 47.40557275541796, "45": 47.025396825396825, "46": 47.76119402985075, "47": 47.17567567567568, "48": 48.50877192982456, "49": 48.26573426573427, "50": 48.65836298932384, "51": 49.16967509025271}}