{"p0": {"0": 10.0, "1": 10.0, "2": 10.0, "3": 10.0, "4": 10.0, "5": 10.0, "6": 10.0, "7": 10.0, "8": 10.0, "9": 10.0, "10": 10.0, "11": 10.0, "12": 10.0, "13": 10.0, "14": 10.0, "15": 10.0, "16": 10.0, "17": 10.0, "18": 10.0, "19": 10.0, "20": 10.0, "21": 10.0, "22": 10.0, "23": 10.0, "24": 10.0, "25": 10.0, "26": 10.0, "27": 10.0, "28": 10.0, "29": 10.0, "30": 10.0, "31": 10.0, "32": 10.0, "33": 10.0, "34": 10.0, "35": 10.0, "36": 10.0, "37": 10.0, "38": 10.0, "39": 10.0, "40": 10.0, "41": 10.0, "42": 10.0, "43": 10.0, "44": 10.0, "45": 10.0, "46": 10.0, "47": 10.0, "48": 10.0, "49": 10.0, "50": 10.0, "51": 10.0, "52": 10.0, "53": 10.0, "54": 10.0, "55": 10.0, "56": 10.0, "57": 10.0, "58": 10.0, "59": 99999.0, "60": 99999.0, "61": 99999.0}, "p1": {"0": 22.157315881408174, "1": 12.23076923076923, "2": 12.741935483870968, "3": 14.868686868686869, "4": 18.389705882352942, "5": 22.463414634146343, "6": 26.01840490797546, "7": 25.05217391304348, "8": 24.717171717171716, "9": 23.035398230088497, "10": 26.774774774774773, "11": 24.059322033898304, "12": 22.253968253968253, "13": 25.027027027027028, "14": 25.174603174603174, "15": 24.570247933884296, "16": 25.96153846153846, "17": 25.035714285714285, "18": 25.18, "19": 25.703703703703702, "20": 25.115384615384617, "21": 23.02654867256637, "22": 22.73728813559322, "23": 23.55140186915888, "24": 23.79591836734694, "25": 23.613861386138613, "26": 22.95744680851064, "27": 26.157894736842106, "28": 22.434782608695652, "29": 22.838709677419356, "30": 22.56179775280899, "31": 23.759493670886076, "32": 22.03370786516854, "33": 22.579545454545453, "34": 23.532467532467532, "35": 21.471264367816094, "36": 24.36046511627907, "37": 23.433333333333334, "38": 22.880597014925375, "39": 20.757575757575758, "40": 21.397260273972602, "41": 22.83582089552239, "42": 20.466666666666665, "43": 22.191176470588236, "44": 21.186046511627907, "45": 23.40625, "46": 23.62121212121212, "47": 20.405797101449274, "48": 22.064102564102566, "49": 21.98701298701299, "50": 22.142857142857142, "51": 21.75, "52": 20.972602739726028, "53": 20.266666666666666, "54": 21.36231884057971, "55": 17.775862068965516, "56": 16.11764705882353, "57": 14.714285714285714, "58": 15.083333333333334, "59": 15.391304347826088, "60": 26.6, "61": 27.0}, "p2": {"0": 33.645535430007804, "1": 13.48936170212766, "2": 15.827586206896552, "3": 16.404761904761905, "4": 22.625, "5": 23.914634146341463, "6": 25.141304347826086, "7": 28.104575163398692, "8": 30.076923076923077, "9": 30.698979591836736, "10": 34.30128205128205, "11": 34.3875, "12": 32.36363636363637, "13": 31.758064516129032, "14": 31.75, "15": 28.125, "16": 31.022556390977442, "17": 30.553333333333335, "18": 30.165562913907284, "19": 34.013888888888886, "20": 31.723880597014926, "21": 32.60294117647059, "22": 33.41353383458647, "23": 32.902654867256636, "24": 34.01587301587302, "25": 34.86046511627907, "26": 32.27067669172932, "27": 35.669064748201436, "28": 35.8099173553719, "29": 34.317460317460316, "30": 35.76106194690266, "31": 34.95238095238095, "32": 37.85344827586207, "33": 36.19672131147541, "34": 36.30172413793103, "35": 36.3984375, "36": 35.27906976744186, "37": 35.626168224299064, "38": 36.72115384615385, "39": 35.074074074074076, "40": 35.43478260869565, "41": 36.850467289719624, "42": 33.47826086956522, "43": 35.87301587301587, "44": 37.862385321100916, "45": 36.685483870967744, "46": 36.82692307692308, "47": 35.96031746031746, "48": 36.03669724770642, "49": 36.05084745762712, "50": 35.66981132075472, "51": 36.176, "52": 36.75213675213675, "53": 37.36752136752137, "54": 38.75, "55": 39.44094488188976, "56": 36.97196261682243, "57": 38.29245283018868, "58": 37.0945945945946, "59": 40.43589743589744, "60": 46.8125, "61": 45.08}, "p3": {"0": 37.00336877193379, "1": 37.00336877193379, "2": 37.00336877193379, "3": 36.974137931034484, "4": 36.8575, "5": 37.157248157248155, "6": 37.11779448621554, "7": 37.140589569160994, "8": 37.16591928251121, "9": 37.37060041407867, "10": 36.95141700404859, "11": 37.17485265225933, "12": 37.0889748549323, "13": 37.120315581854044, "14": 37.098765432098766, "15": 36.99585921325052, "16": 36.92617449664429, "17": 37.015765765765764, "18": 36.735802469135805, "19": 37.0166270783848, "20": 36.90526315789474, "21": 36.99246231155779, "22": 37.245569620253164, "23": 37.439153439153436, "24": 37.83098591549296, "25": 37.43154761904762, "26": 37.35568513119534, "27": 36.82102272727273, "28": 37.2, "29": 36.40384615384615, "30": 37.097165991902834, "31": 36.88205128205128, "32": 36.28708133971292, "33": 36.421052631578945, "34": 36.52995391705069, "35": 36.94396551724138, "36": 36.69527896995708, "37": 36.756972111553786, "38": 36.47222222222222, "39": 37.07720588235294, "40": 36.88778877887789, "41": 37.65527950310559, "42": 37.366279069767444, "43": 37.44054054054054, "44": 37.26943005181347, "45": 37.08454810495627, "46": 36.756038647343, "47": 37.21760391198044, "48": 37.01719901719902, "49": 36.90298507462686, "50": 36.97674418604651, "51": 36.241134751773046, "52": 37.07823960880196, "53": 36.77667493796526, "54": 37.70175438596491, "55": 37.10650887573964, "56": 36.74202898550725, "57": 36.725, "58": 36.79608938547486, "59": 36.672413793103445, "60": 36.972477064220186, "61": 37.11516853932584}}