{"p0": {"0": 10.0, "1": 10.0, "2": 10.0, "3": 10.0, "4": 10.0, "5": 10.0, "6": 10.0, "7": 10.0, "8": 10.0, "9": 10.0, "10": 10.0, "11": 10.0, "12": 10.0, "13": 10.0, "14": 10.0, "15": 10.0, "16": 10.0, "17": 10.0, "18": 10.0, "19": 10.0, "20": 10.0, "21": 10.0, "22": 10.0, "23": 10.0, "24": 10.0, "25": 10.0, "26": 10.0, "27": 10.0, "28": 10.0, "29": 10.0, "30": 10.0, "31": 10.0, "32": 10.0, "33": 10.0, "34": 10.0, "35": 10.0, "36": 10.0, "37": 10.0, "38": 10.0, "39": 10.0, "40": 10.0, "41": 10.0, "42": 10.0, "43": 10.0, "44": 10.0, "45": 10.0, "46": 10.0, "47": 10.0, "48": 10.0, "49": 10.0, "50": 10.0, "51": 10.0, "52": 10.0, "53": 10.0, "54": 10.0, "55": 10.0, "56": 10.0, "57": 10.0, "58": 99999.0, "59": 99999.0, "60": 99999.0, "61": 99999.0, "62": 99999.0}, "p1": {"0": 22.27602257008441, "1": 7.482142857142857, "2": 10.721518987341772, "3": 12.039370078740157, "4": 16.88111888111888, "5": 20.703703703703702, "6": 23.208588957055216, "7": 23.491017964071855, "8": 24.10759493670886, "9": 23.373333333333335, "10": 23.647435897435898, "11": 22.746192893401016, "12": 23.565217391304348, "13": 22.755681818181817, "14": 22.593406593406595, "15": 22.86092715231788, "16": 22.451851851851853, "17": 23.634146341463413, "18": 24.464052287581698, "19": 21.653179190751445, "20": 23.15340909090909, "21": 23.789473684210527, "22": 23.244444444444444, "23": 23.744565217391305, "24": 24.841176470588234, "25": 26.422619047619047, "26": 24.056962025316455, "27": 23.890243902439025, "28": 22.49044585987261, "29": 24.56081081081081, "30": 21.746376811594203, "31": 22.395833333333332, "32": 22.868613138686133, "33": 23.657342657342657, "34": 22.112676056338028, "35": 22.282608695652176, "36": 21.589403973509935, "37": 22.72027972027972, "38": 23.802547770700638, "39": 22.43846153846154, "40": 21.515151515151516, "41": 22.90066225165563, "42": 21.94214876033058, "43": 22.933823529411764, "44": 22.111888111888113, "45": 24.116788321167885, "46": 22.44144144144144, "47": 23.66417910447761, "48": 23.59349593495935, "49": 22.568421052631578, "50": 22.487603305785125, "51": 20.07751937984496, "52": 23.59375, "53": 22.4, "54": 21.6, "55": 21.575757575757574, "56": 19.811965811965813, "57": 20.619834710743802, "58": 19.254716981132077, "59": 19.566666666666666, "60": 24.125, "61": 30.107142857142858, "62": 29.916666666666668}, "p2": {"0": 25.599132649031514, "1": 9.265734265734265, "2": 11.446969696969697, "3": 11.950310559006212, "4": 14.016666666666667, "5": 16.247663551401867, "6": 22.548780487804876, "7": 26.09765625, "8": 26.510460251046027, "9": 25.983471074380166, "10": 27.428044280442805, "11": 26.467532467532468, "12": 23.58222222222222, "13": 25.066079295154186, "14": 24.34170854271357, "15": 24.88425925925926, "16": 23.985507246376812, "17": 24.40772532188841, "18": 28.21212121212121, "19": 23.365758754863812, "20": 24.105042016806724, "21": 24.942477876106196, "22": 25.864864864864863, "23": 23.63157894736842, "24": 24.370044052863435, "25": 24.781094527363184, "26": 24.08695652173913, "27": 25.958904109589042, "28": 28.4247311827957, "29": 24.96788990825688, "30": 25.22051282051282, "31": 26.03960396039604, "32": 26.135135135135137, "33": 27.225988700564972, "34": 25.99468085106383, "35": 25.102702702702704, "36": 26.7396449704142, "37": 28.402116402116402, "38": 25.120218579234972, "39": 25.36470588235294, "40": 25.828220858895705, "41": 25.838709677419356, "42": 22.944055944055943, "43": 24.113333333333333, "44": 28.304597701149426, "45": 26.02, "46": 25.32846715328467, "47": 27.865384615384617, "48": 27.514492753623188, "49": 26.35135135135135, "50": 27.18320610687023, "51": 23.944444444444443, "52": 23.858974358974358, "53": 27.756944444444443, "54": 25.81118881118881, "55": 25.72992700729927, "56": 25.495049504950494, "57": 28.00877192982456, "58": 30.03370786516854, "59": 30.127659574468087, "60": 34.21590909090909, "61": 48.24, "62": 48.34426229508197}, "p3": {"0": 43.283688878727006, "1": 17.52991452991453, "2": 20.83653846153846, "3": 23.69291338582677, "4": 31.738095238095237, "5": 35.69892473118279, "6": 43.21875, "7": 41.15444015444015, "8": 42.492537313432834, "9": 41.767790262172284, "10": 44.10600706713781, "11": 42.48242811501598, "12": 39.45925925925926, "13": 43.42338709677419, "14": 43.108108108108105, "15": 43.90041493775934, "16": 43.806603773584904, "17": 41.10313901345292, "18": 39.47222222222222, "19": 44.32178217821782, "20": 40.890052356020945, "21": 42.44571428571429, "22": 44.40449438202247, "23": 46.532934131736525, "24": 44.395604395604394, "25": 45.16470588235294, "26": 42.111111111111114, "27": 44.56578947368421, "28": 42.97041420118343, "29": 43.00666666666667, "30": 45.78846153846154, "31": 45.71337579617835, "32": 43.6231884057971, "33": 44.944, "34": 42.38931297709924, "35": 44.595588235294116, "36": 46.26923076923077, "37": 44.74603174603175, "38": 44.91044776119403, "39": 48.36974789915966, "40": 48.9051724137931, "41": 47.21568627450981, "42": 44.56842105263158, "43": 43.24166666666667, "44": 44.00970873786408, "45": 47.07692307692308, "46": 45.30769230769231, "47": 47.18691588785047, "48": 42.40350877192982, "49": 46.63636363636363, "50": 45.13513513513514, "51": 47.529411764705884, "52": 49.4375, "53": 44.46153846153846, "54": 45.625, "55": 50.22222222222222, "56": 43.66216216216216, "57": 47.26881720430107, "58": 44.89473684210526, "59": 41.044444444444444, "60": 47.361111111111114, "61": 42.44444444444444, "62": 66.8}, "p4": {"0": 55.44708668772901, "1": 17.261146496815286, "2": 18.053030303030305, "3": 22.096153846153847, "4": 27.602272727272727, "5": 30.810185185185187, "6": 45.402877697841724, "7": 46.241610738255034, "8": 47.93493150684932, "9": 50.16774193548387, "10": 47.732484076433124, "11": 46.940983606557374, "12": 44.57281553398058, "13": 46.65964912280702, "14": 46.16216216216216, "15": 49.10740740740741, "16": 47.16544117647059, "17": 42.07266435986159, "18": 49.135849056603774, "19": 47.383720930232556, "20": 51.6695652173913, "21": 52.44255319148936, "22": 51.67932489451477, "23": 53.10204081632653, "24": 54.83568075117371, "25": 56.04545454545455, "26": 58.95020746887967, "27": 57.339622641509436, "28": 59.799065420560744, "29": 60.90163934426229, "30": 57.83163265306123, "31": 61.167567567567566, "32": 61.973404255319146, "33": 61.963541666666664, "34": 57.67701863354037, "35": 61.336633663366335, "36": 62.90395480225989, "37": 59.337278106508876, "38": 59.51322751322751, "39": 61.570621468926554, "40": 61.76136363636363, "41": 56.05921052631579, "42": 61.913333333333334, "43": 57.054054054054056, "44": 54.6797385620915, "45": 61.97142857142857, "46": 62.17763157894737, "47": 61.21290322580645, "48": 63.79333333333334, "49": 64.3970588235294, "50": 62.28472222222222, "51": 63.723684210526315, "52": 64.02222222222223, "53": 63.94166666666667, "54": 67.2520325203252, "55": 66.616, "56": 65.90517241379311, "57": 67.91588785046729, "58": 67.21111111111111, "59": 67.49514563106796, "60": 76.78021978021978, "61": 80.11940298507463, "62": 84.88888888888889}, "p5": {"0": 61.66788806537417, "1": 61.66788806537417, "2": 61.66788806537417, "3": 61.66788806537417, "4": 61.66788806537417, "5": 61.40674955595026, "6": 61.38178633975482, "7": 61.72791519434629, "8": 61.67837338262477, "9": 61.74313725490196, "10": 61.87698412698413, "11": 61.72989690721649, "12": 61.51859099804305, "13": 61.51587301587302, "14": 61.952848722986246, "15": 61.754756871035944, "16": 61.935344827586206, "17": 61.81859410430839, "18": 62.16203703703704, "19": 61.769406392694066, "20": 61.95227272727273, "21": 61.782222222222224, "22": 61.725, "23": 61.66525423728814, "24": 61.939189189189186, "25": 61.73118279569893, "26": 62.04535637149028, "27": 61.92872570194385, "28": 61.65573770491803, "29": 62.106728538283065, "30": 61.54892601431981, "31": 61.57960199004975, "32": 60.958005249343834, "33": 61.401041666666664, "34": 61.625, "35": 61.282828282828284, "36": 61.44041450777202, "37": 61.635467980295566, "38": 61.18372093023256,