{"p0": {"0": 10.0, "1": 10.0, "2": 10.0, "3": 10.0, "4": 10.0, "5": 10.0, "6": 10.0, "7": 10.0, "8": 10.0, "9": 10.0, "10": 10.0, "11": 10.0, "12": 10.0, "13": 10.0, "14": 10.0, "15": 10.0, "16": 10.0, "17": 10.0, "18": 10.0, "19": 10.0, "20": 10.0, "21": 10.0, "22": 10.0, "23": 10.0, "24": 10.0, "25": 10.0, "26": 10.0, "27": 10.0, "28": 10.0, "29": 10.0, "30": 10.0, "31": 10.0, "32": 10.0, "33": 10.0, "34": 10.0, "35": 10.0, "36": 10.0, "37": 10.0, "38": 10.0, "39": 10.0, "40": 10.0, "41": 10.0, "42": 10.0, "43": 10.0, "44": 10.0, "45": 10.0, "46": 10.0, "47": 10.0, "48": 10.0, "49": 10.0, "50": 10.0, "51": 10.0, "52": 10.0, "53": 10.0, "54": 10.0, "55": 10.0, "56": 10.0, "57": 10.0, "58": 10.0, "59": 10.0, "60": 10.0, "61": 10.0, "62": 10.0, "63": 99999.0, "64": 99999.0, "65": 99999.0, "66": 99999.0}, "p1": {"0": 25.896458419679764, "1": 17.25, "2": 12.358490566037736, "3": 18.329545454545453, "4": 24.417721518987342, "5": 25.458015267175572, "6": 28.78030303030303, "7": 31.434108527131784, "8": 30.803418803418804, "9": 30.55140186915888, "10": 28.965811965811966, "11": 28.047169811320753, "12": 27.625, "13": 28.122448979591837, "14": 28.7890625, "15": 28.15671641791045, "16": 28.392, "17": 28.888, "18": 28.70909090909091, "19": 29.66355140186916, "20": 27.28448275862069, "21": 28.51937984496124, "22": 26.560606060606062, "23": 27.546296296296298, "24": 27.220689655172414, "25": 25.940298507462686, "26": 26.105263157894736, "27": 29.705882352941178, "28": 27.054054054054053, "29": 27.752475247524753, "30": 26.09433962264151, "31": 26.62608695652174, "32": 25.6875, "33": 26.854368932038835, "34": 27.048076923076923, "35": 26.366412213740457, "36": 26.628318584070797, "37": 27.02173913043478, "38": 26.864, "39": 27.686046511627907, "40": 27.357142857142858, "41": 26.79245283018868, "42": 24.852941176470587, "43": 26.044444444444444, "44": 24.989583333333332, "45": 27.476190476190474, "46": 26.754901960784313, "47": 23.986842105263158, "48": 24.141414141414142, "49": 24.344086021505376, "50": 25.068627450980394, "51": 25.2, "52": 25.849462365591396, "53": 26.493827160493826, "54": 23.542857142857144, "55": 24.774193548387096, "56": 23.733333333333334, "57": 25.580952380952382, "58": 24.604166666666668, "59": 23.896551724137932, "60": 23.43, "61": 22.842105263157894, "62": 20.0873786407767, "63": 20.2972972972973, "64": 21.96969696969697, "65": 23.671875, "66": 26.075757575757574}, "p2": {"0": 26.31786911572648, "1": 5.05, "2": 8.638297872340425, "3": 13.241758241758241, "4": 16.78125, "5": 19.365853658536587, "6": 26.830645161290324, "7": 26.212903225806453, "8": 29.00518134715026, "9": 28.481308411214954, "10": 28.28, "11": 26.220588235294116, "12": 27.98507462686567, "13": 26.41176470588235, "14": 23.40277777777778, "15": 27.910958904109588, "16": 24.066265060240966, "17": 23.97422680412371, "18": 27.18867924528302, "19": 27.493333333333332, "20": 29.073333333333334, "21": 26.847560975609756, "22": 30.20567375886525, "23": 25.27777777777778, "24": 25.98581560283688, "25": 25.33050847457627, "26": 26.34351145038168, "27": 26.808, "28": 24.953125, "29": 28.695652173913043, "30": 28.26771653543307, "31": 27.830357142857142, "32": 29.66393442622951, "33": 27.580357142857142, "34": 27.050847457627118, "35": 24.73109243697479, "36": 25.58273381294964, "37": 26.650793650793652, "38": 28.37962962962963, "39": 26.441176470588236, "40": 25.696969696969695, "41": 26.183333333333334, "42": 27.196428571428573, "43": 29.56382978723404, "44": 25.774193548387096, "45": 28.04424778761062, "46": 28.02654867256637, "47": 27.961904761904762, "48": 30.651162790697676, "49": 32.51111111111111, "50": 30.224489795918366, "51": 28.954545454545453, "52": 26.4, "53": 30.091743119266056, "54": 27.460526315789473, "55": 29.72641509433962, "56": 29.2625, "57": 26.989583333333332, "58": 26.441860465116278, "59": 27.89156626506024, "60": 25.585365853658537, "61": 30.2, "62": 26.582278481012658, "63": 25.714285714285715, "64": 26.633333333333333, "65": 26.516129032258064, "66": 32.45454545454545}, "p3": {"0": 44.838911259720724, "1": 12.255813953488373, "2": 16.14814814814815, "3": 22.065217391304348, "4": 30.245283018867923, "5": 36.25974025974026, "6": 44.21739130434783, "7": 45.317460317460316, "8": 47.697841726618705, "9": 43.86231884057971, "10": 42.255639097744364, "11": 42.06382978723404, "12": 42.196850393700785, "13": 44.39259259259259, "14": 45.77852348993289, "15": 45.67669172932331, "16": 46.32743362831859, "17": 42.47761194029851, "18": 41.95967741935484, "19": 42.12403100775194, "20": 40.84848484848485, "21": 40.778625954198475, "22": 44.12698412698413, "23": 43.489208633093526, "24": 47.344, "25": 41.285714285714285, "26": 41.182432432432435, "27": 41.609756097560975, "28": 41.45945945945946, "29": 44.9271523178808, "30": 47.60952380952381, "31": 50.741379310344826, "32": 50.88073394495413, "33": 49.84426229508197, "34": 48.48672566371681, "35": 45.85, "36": 44.09166666666667, "37": 45.55813953488372, "38": 44.56666666666667, "39": 45.75675675675676, "40": 46.74528301886792, "41": 47.5, "42": 47.95798319327731, "43": 48.42857142857143, "44": 46.72649572649573, "45": 46.737864077669904, "46": 47.86915887850467, "47": 47.14728682170543, "48": 47.56730769230769, "49": 50.62, "50": 46.836363636363636, "51": 51.5377358490566, "52": 51.21739130434783, "53": 46.62015503875969, "54": 47.36363636363637, "55": 46.922330097087375, "56": 46.28688524590164, "57": 49.39473684210526, "58": 49.594339622641506, "59": 47.62385321100918, "60": 46.981308411214954, "61": 48.768, "62": 49.009803921568626, "63": 53.83132530120482, "64": 57.44615384615385, "65": 51.76190476190476, "66": 57.1125}, "p4": {"0": 48.096838010168284, "1": 48.096838010168284, "2": 48.096838010168284, "3": 48.096838010168284, "4": 48.4, "5": 48.349557522123895, "6": 48.31065759637188, "7": 47.96470588235294, "8": 48.13216957605985, "9": 47.87313432835821, "10": 48.14987714987715, "11": 48.03807106598985, "12": 47.96543209876543, "13": 47.69007263922518, "14": 47.669099756691, "15": 47.93715846994535, "16": 48.19642857142857, "17": 47.84084880636605, "18": 48.313390313390315, "19": 47.80346820809248, "20": 47.813031161473084, "21": 47.689655172413794, "22": 47.566757493188014, "23": 47.68926553672316, "24": 47.61834319526627, "25": 47.44207317073171, "26": 46.56112852664577, "27": 47.72, "28": 48.325, "29": 47.98939929328622, "30": 47.968051118210866, "31": 48.03525641025641, "32": 47.95302013422819, "33": 48.60536398467433, "34": 48.55972696245734, "35": 48.94656488549618, "36": 48.46534653465346, "37": 48.57093425605537, "38": 48.79370629370629, "39": 49.30035335689046, "40": 49.26072607260726, "41": 48.896103896103895, "42": 47.98101265822785, "43": 47.63106796116505, "44": 47.89728096676737, "45": 48.80712166172107, "46": 48.19016393442623, "47": 48.71559633027523, "48": 48.05161290322581, "49": 47.91158536585366, "50": 47.713467048710605, "51": 47.68292682926829, "52": 47.93239436619718, "53": 48.248538011695906, "54": 47.56268221574344, "55": 48.45652173913044, "56": 49.089020771513354, "57": 48.838509316770185, "58": 48.62190812720848, "59": 48.329824561403505, "60": 48.23452768729641, "61": 47.75149700598802, "62": 47.541916167664674, "63": 47.96656534954408, "64": 47.52647975077882, "65": 47.66453674121406, "66": 47.35015772870663}}