{"p0": {"0": 10.0, "1": 10.0, "2": 10.0, "3": 10.0, "4": 10.0, "5": 10.0, "6": 10.0, "7": 10.0, "8": 10.0, "9": 10.0, "10": 10.0, "11": 10.0, "12": 10.0, "13": 10.0, "14": 10.0, "15": 10.0, "16": 10.0, "17": 10.0, "18": 10.0, "19": 10.0, "20": 10.0, "21": 10.0, "22": 10.0, "23": 10.0, "24": 10.0, "25": 10.0, "26": 10.0, "27": 10.0, "28": 10.0, "29": 10.0, "30": 10.0, "31": 10.0, "32": 10.0, "33": 10.0, "34": 10.0, "35": 10.0, "36": 10.0, "37": 10.0, "38": 10.0, "39": 10.0, "40": 10.0, "41": 10.0, "42": 10.0, "43": 10.0, "44": 10.0, "45": 10.0, "46": 10.0, "47": 10.0, "48": 10.0, "49": 10.0, "50": 10.0, "51": 10.0, "52": 10.0, "53": 10.0, "54": 10.0, "55": 10.0, "56": 10.0, "57": 10.0, "58": 10.0, "59": 10.0, "60": 10.0, "61": 10.0, "62": 10.0, "63": 10.0, "64": 10.0, "65": 10.0, "66": 10.0, "67": 10.0, "68": 10.0, "69": 10.0, "70": 10.0, "71": 10.0, "72": 10.0, "73": 10.0, "74": 10.0, "75": 10.0, "76": 10.0, "77": 10.0, "78": 10.0, "79": 10.0, "80": 10.0, "81": 10.0, "82": 99999.0, "83": 99999.0, "84": 99999.0}, "p1": {"0": 18.22833897395589, "1": 6.927083333333333, "2": 9.664285714285715, "3": 12.905027932960893, "4": 16.180232558139537, "5": 18.139737991266376, "6": 19.684684684684683, "7": 19.153465346534652, "8": 19.016393442622952, "9": 18.95054945054945, "10": 18.6751269035533, "11": 18.973684210526315, "12": 19.305825242718445, "13": 18.85427135678392, "14": 19.936363636363637, "15": 19.280423280423282, "16": 19.322580645161292, "17": 20.015384615384615, "18": 19.593406593406595, "19": 19.901639344262296, "20": 19.219251336898395, "21": 18.892045454545453, "22": 18.670454545454547, "23": 18.235576923076923, "24": 18.737623762376238, "25": 18.931578947368422, "26": 19.129943502824858, "27": 18.604026845637584, "28": 16.753246753246753, "29": 17.75609756097561, "30": 18.33695652173913, "31": 18.92391304347826, "32": 18.88622754491018, "33": 17.158227848101266, "34": 18.69832402234637, "35": 16.95364238410596, "36": 18.201058201058203, "37": 17.707865168539325, "38": 17.13157894736842, "39": 17.38125, "40": 16.65644171779141, "41": 17.850299401197606, "42": 19.626315789473683, "43": 17.748427672955973, "44": 17.886666666666667, "45": 18.237762237762237, "46": 18.104166666666668, "47": 18.1055900621118, "48": 17.86875, "49": 18.64788732394366, "50": 19.45945945945946, "51": 17.612244897959183, "52": 17.31654676258993, "53": 18.83783783783784, "54": 19.794285714285714, "55": 19.11111111111111, "56": 18.377622377622377, "57": 18.537815126050422, "58": 18.623287671232877, "59": 18.70731707317073, "60": 18.834355828220858, "61": 18.402985074626866, "62": 17.728682170542637, "63": 18.159420289855074, "64": 18.958041958041957, "65": 19.578125, "66": 18.117117117117118, "67": 18.816, "68": 19.562043795620436, "69": 19.297101449275363, "70": 18.88135593220339, "71": 17.41269841269841, "72": 18.921259842519685, "73": 18.680555555555557, "74": 18.197080291970803, "75": 19.737704918032787, "76": 17.22047244094488, "77": 18.204918032786885, "78": 17.25, "79": 16.901785714285715, "80": 15.785714285714286, "81": 13.376811594202898, "82": 16.215686274509803, "83": 25.375, "84": 25.666666666666668}, "p2": {"0": 28.61145679636192, "1": 6.917808219178082, "2": 10.191176470588236, "3": 11.153846153846153, "4": 17.804123711340207, "5": 21.68702290076336, "6": 25.98404255319149, "7": 26.962790697674418, "8": 28.307971014492754, "9": 27.747404844290656, "10": 30.818505338078293, "11": 29.480286738351253, "12": 27.567099567099568, "13": 27.696969696969695, "14": 25.438095238095237, "15": 24.74235807860262, "16": 25.8, "17": 23.685446009389672, "18": 25.009302325581395, "19": 26.208333333333332, "20": 28.53305785123967, "21": 27.40358744394619, "22": 25.985436893203882, "23": 26.00507614213198, "24": 27.253731343283583, "25": 25.58649789029536, "26": 27.370535714285715, "27": 27.959183673469386, "28": 26.208163265306123, "29": 27.813333333333333, "30": 27.31140350877193, "31": 27.717821782178216, "32": 29.086206896551722, "33": 29.17241379310345, "34": 28.682242990654206, "35": 27.647058823529413, "36": 30.217021276595744, "37": 30.118483412322274, "38": 28.127450980392158, "39": 29.397849462365592, "40": 29.83050847457627, "41": 29.106976744186046, "42": 31.952173913043477, "43": 29.796875, "44": 30.42391304347826, "45": 30.914285714285715, "46": 29.902564102564103, "47": 31.72888888888889, "48": 30.827102803738317, "49": 29.95098039215686, "50": 30.953846153846154, "51": 31.845070422535212, "52": 31.043010752688172, "53": 31.941964285714285, "54": 33.010471204188484, "55": 30.43127962085308, "56": 30.221649484536083, "57": 30.7487922705314, "58": 29.391304347826086, "59": 31.171597633136095, "60": 30.255208333333332, "61": 29.73936170212766, "62": 31.975, "63": 30.893617021276597, "64": 28.761111111111113, "65": 29.57894736842105, "66": 29.93617021276596, "67": 30.95336787564767, "68": 30.990384615384617, "69": 31.55276381909548, "70": 30.776119402985074, "71": 30.919786096256683, "72": 30.108695652173914, "73": 29.724324324324325, "74": 33.32432432432432, "75": 29.16568047337278, "76": 30.59893048128342, "77": 31.076142131979694, "78": 28.37579617834395, "79": 32.298701298701296, "80": 29.70138888888889, "81": 33.048, "82": 33.00826446280992, "83": 39.629629629629626, "84": 40.97826086956522}, "p3": {"0": 37.076873054837804, "1": 37.076873054837804, "2": 37.076873054837804, "3": 37.08940852819807, "4": 37.26580459770115, "5": 37.547413793103445, "6": 37.44687045123727, "7": 37.47598253275109, "8": 37.44765840220386, "9": 37.27296937416778, "10": 37.3734610123119, "11": 37.2442645074224, "12": 37.30686406460296, "13": 37.398384925975776, "14": 37.38030095759234, "15": 37.34510869565217, "16": 37.26720647773279, "17": 37.35838926174497, "18": 37.3029490616622, "19": 37.12784090909091, "20": 37.27650429799427, "21": 37.131964809384165, "22": 37.17878787878788, "23": 37.0516717325228, "24": 37.30211480362538, "25": 37.17527386541471, "26": 36.951367781155014, "27": 37.020833333333336, "28": 36.976452119309265, "29": 36.78120184899846, "30": 37.06688417618271, "31": 36.93418940609952, "32": 36.786184210526315, "33": 36.80424143556281, "34": 36.952782462057336, "35": 36.79092382495948, "36": 37.156414762741655, "37": 37.01686340640809, "38": 36.89965986394558, "39": 37.040139616055846, "40": 36.84296028880866, "41": 36.84267631103074, "42": 36.958333333333336, "43": 36.66254416961131, "44": 36.883760683760684, "45": 36.92568659127625, "46": 36.96383647798742, "47": 37.159609120521175, "48": 36.98522167487685, "49": 36.899317406143346, "50": 36.86326194398682, "51": 37.06765676567657, "52": 36.97385620915033, "53": 36.6417445482866, "54": 36.8421052631579, "55": 36.867834394904456, "56": 37.02411575562701, "57": 36.9578125, "58": 36.79347826086956, "59": 37.142857142857146, "60": 37.16279069767442, "61": 37.0484375, "62": 36.67477203647417, "63": 37.03403565640195, "64": 36.92056074766355, "65": 37.042586750788644, "66": 36.894171779141104, "67": 36.98198198198198, "68": 37.14556962025316, "69": 37.16745655608215, "70": 37.3152, "71": 37.024096385542165, "72": 37.18882175226586, "73": 37.18168168168168, "74": 37.10452418096724, "75": 37.2662440570523, "76": 37.07606973058637, "77": 37.30903328050713, "78": 37.2775974025974, "79": 37.26107594936709, "80": 36.955479452054796, "81": 36.80069324090121, "82": 36.96373056994819, "83": 36.88383838383838, "84": 37.379139072847686}}