{"p0": {"0": 10.0, "1": 10.0, "2": 10.0, "3": 10.0, "4": 10.0, "5": 10.0, "6": 10.0, "7": 10.0, "8": 10.0, "9": 10.0, "10": 10.0, "11": 10.0, "12": 10.0, "13": 10.0, "14": 10.0, "15": 10.0, "16": 10.0, "17": 10.0, "18": 10.0, "19": 10.0, "20": 10.0, "21": 10.0, "22": 10.0, "23": 10.0, "24": 10.0, "25": 10.0, "26": 10.0, "27": 10.0, "28": 10.0, "29": 10.0, "30": 10.0, "31": 10.0, "32": 10.0, "33": 10.0, "34": 10.0, "35": 10.0, "36": 10.0, "37": 10.0, "38": 10.0, "39": 10.0, "40": 10.0, "41": 10.0, "42": 10.0, "43": 10.0, "44": 10.0, "45": 10.0, "46": 10.0, "47": 10.0, "48": 10.0, "49": 10.0, "50": 10.0, "51": 10.0, "52": 10.0, "53": 10.0, "54": 10.0, "55": 10.0, "56": 10.0, "57": 10.0, "58": 10.0, "59": 10.0, "60": 10.0, "61": 10.0, "62": 10.0, "63": 10.0, "64": 10.0, "65": 10.0, "66": 10.0, "67": 10.0, "68": 10.0, "69": 10.0, "70": 10.0, "71": 10.0, "72": 10.0, "73": 10.0, "74": 10.0, "75": 10.0, "76": 10.0, "77": 10.0, "78": 10.0, "79": 10.0, "80": 10.0, "81": 10.0, "82": 10.0, "83": 10.0, "84": 99999.0, "85": 99999.0, "86": 99999.0}, "p1": {"0": 18.326126318867423, "1": 10.50561797752809, "2": 12.050761421319796, "3": 13.638297872340425, "4": 16.414790996784564, "5": 17.353689567430024, "6": 19.908866995073893, "7": 20.33731343283582, "8": 20.03988603988604, "9": 19.267002518891687, "10": 18.635443037974685, "11": 18.472477064220183, "12": 18.745222929936304, "13": 19.31654676258993, "14": 18.985294117647058, "15": 18.49648711943794, "16": 18.346246973365616, "17": 18.35391923990499, "18": 19.354922279792746, "19": 19.48918918918919, "20": 18.58490566037736, "21": 18.817941952506597, "22": 18.928571428571427, "23": 19.05, "24": 19.79494382022472, "25": 18.343163538873995, "26": 19.024590163934427, "27": 18.62924281984334, "28": 18.95505617977528, "29": 19.32777777777778, "30": 19.181058495821727, "31": 19.514285714285716, "32": 19.18882978723404, "33": 18.600558659217878, "34": 19.432795698924732, "35": 19.478658536585368, "36": 19.0919881305638, "37": 19.273255813953487, "38": 19.287531806615775, "39": 18.1875, "40": 18.53846153846154, "41": 18.994350282485875, "42": 19.377245508982035, "43": 20.0062893081761, "44": 19.536873156342182, "45": 19.15702479338843, "46": 19.2292817679558, "47": 19.317220543806645, "48": 18.96894409937888, "49": 19.003021148036254, "50": 18.772036474164135, "51": 18.505434782608695, "52": 19.250704225352113, "53": 18.85987261146497, "54": 18.713355048859935, "55": 18.58513931888545, "56": 18.445103857566764, "57": 18.724795640326974, "58": 18.0, "59": 19.123893805309734, "60": 18.696531791907514, "61": 18.32957746478873, "62": 17.926966292134832, "63": 18.203655352480418, "64": 18.316860465116278, "65": 18.290858725761773, "66": 18.508474576271187, "67": 18.48802395209581, "68": 18.750788643533124, "69": 18.583333333333332, "70": 18.278551532033426, "71": 18.379310344827587, "72": 17.803977272727273, "73": 18.5640243902439, "74": 17.54237288135593, "75": 18.066225165562916, "76": 18.21142857142857, "77": 17.375, "78": 18.0, "79": 17.65625, "80": 16.68421052631579, "81": 16.887272727272727, "82": 17.26984126984127, "83": 15.253807106598984, "84": 15.059782608695652, "85": 15.915492957746478, "86": 17.49056603773585}, "p2": {"0": 29.52097386611163, "1": 13.04147465437788, "2": 16.782608695652176, "3": 20.333333333333332, "4": 22.008230452674898, "5": 23.569444444444443, "6": 28.110803324099724, "7": 28.297820823244553, "8": 28.611650485436893, "9": 28.500907441016334, "10": 28.973958333333332, "11": 28.575238095238095, "12": 28.980314960629922, "13": 29.09128630705394, "14": 27.266247379454928, "15": 26.920258620689655, "16": 26.3399209486166, "17": 27.174180327868854, "18": 27.926470588235293, "19": 27.80293501048218, "20": 29.021929824561404, "21": 28.95816733067729, "22": 28.44963144963145, "23": 28.171296296296298, "24": 28.43187066974596, "25": 27.72826086956522, "26": 27.997752808988764, "27": 29.80522565320665, "28": 29.028169014084508, "29": 28.47596153846154, "30": 29.55764705882353, "31": 30.30295566502463, "32": 28.610966057441253, "33": 29.62531017369727, "34": 29.53191489361702, "35": 29.89873417721519, "36": 28.90556900726392, "37": 29.78481012658228, "38": 30.13216957605985, "39": 30.1187648456057, "40": 31.037220843672458, "41": 31.04232804232804, "42": 30.536231884057973, "43": 30.741514360313317, "44": 29.598997493734334, "45": 29.932394366197183, "46": 30.776649746192895, "47": 30.245231607629428, "48": 30.37673130193906, "49": 30.838790931989923, "50": 31.72845953002611, "51": 30.72876712328767, "52": 30.991847826086957, "53": 31.080428954423592, "54": 30.64095744680851, "55": 30.2183908045977, "56": 32.299479166666664, "57": 30.627565982404693, "58": 30.972972972972972, "59": 31.94326241134752, "60": 30.795454545454547, "61": 30.971181556195965, "62": 31.083815028901736, "63": 31.53021978021978, "64": 30.239669421487605, "65": 31.1887323943662, "66": 31.952380952380953, "67": 32.323699421965316, "68": 31.59942363112392, "69": 32.04494382022472, "70": 31.02121212121212, "71": 31.126470588235293, "72": 30.86908077994429, "73": 31.842406876790832, "74": 32.502857142857145, "75": 30.319884726224785, "76": 30.80068728522337, "77": 30.77777777777778, "78": 32.32710280373832, "79": 31.70774647887324, "80": 30.595419847328245, "81": 30.289795918367346, "82": 29.882113821138212, "83": 30.677419354838708, "84": 31.117346938775512, "85": 34.39449541284404, "86": 37.62}, "p3": {"0": 36.07504020737889, "1": 36.07504020737889, "2": 36.07504020737889, "3": 35.81915654038599, "4": 36.024252223120456, "5": 36.15217391304348, "6": 36.09397810218978, "7": 36.24025974025974, "8": 36.26194852941177, "9": 36.13934426229508, "10": 36.31638913234005, "11": 36.19268510258698, "12": 36.05855855855856, "13": 36.28747795414462, "14": 36.213463241806906, "15": 36.09242957746479, "16": 36.09465381244522, "17": 35.99910474485228, "18": 35.95557570262919, "19": 36.09343200740056, "20": 35.972693032015066, "21": 36.31652661064426, "22": 36.46635071090047, "23": 36.24379432624114, "24": 36.15159817351598, "25": 36.211645101663585, "26": 36.33513513513513, "27": 36.28209934395501, "28": 36.317669172932334, "29": 36.20629047178539, "30": 35.89367552703941, "31": 35.8235294117647, "32": 35.84166666666667, "33": 36.06739526411658, "34": 35.87873134328358, "35": 35.84873188405797, "36": 35.85326086956522, "37": 35.90298507462686, "38": 35.83038210624417, "39": 35.96435100548446, "40": 35.99522900763359, "41": 36.16205910390848, "42": 36.16880552813426, "43": 36.25, "44": 36.11333333333334, "45": 36.2602478551001, "46": 36.149684400360684, "47": 36.333333333333336, "48": 36.094795539033456, "49": 36.236363636363635, "50": 36.3129123468426, "51": 36.279027902790276, "52": 36.24405850091408, "53": 36.291402714932126, "54": 36.184761904761906, "55": 35.929378531073446, "56": 35.693308550185876, "57": 35.78855032317636, "58": 36.035714285714285, "59": 35.85201793721973, "60": 36.1190036900369, "61": 36.13296903460838, "62": 35.98871119473189, "63": 35.89036251105217, "64": 35.91228070175438, "65": 36.12699822380107, "66": 36.015165031222125, "67": 35.76220053238687, "68": 36.116402116402114, "69": 36.074239713774595, "70": 36.15269196822595, "71": 36.15004492362983, "72": 36.1486013986014, "73": 36.21157495256167, "74": 36.18609022556391, "75": 36.14761476147615, "76": 36.292402826855124, "77": 36.21447963800905, "78": 36.17348754448398, "79": 36.16742081447964, "80": 35.92674315975287, "81": 35.709502262443436, "82": 35.647382920110196, "83": 35.851118760757316, "84": 35.93103448275862, "85": 35.67655236329935, "86": 35.75992255566312}}