{"p0": {"0": 10.0, "1": 10.0, "2": 10.0, "3": 10.0, "4": 10.0, "5": 10.0, "6": 10.0, "7": 10.0, "8": 10.0, "9": 10.0, "10": 10.0, "11": 10.0, "12": 10.0, "13": 10.0, "14": 10.0, "15": 10.0, "16": 10.0, "17": 10.0, "18": 10.0, "19": 10.0, "20": 10.0, "21": 10.0, "22": 10.0, "23": 10.0, "24": 10.0, "25": 10.0, "26": 10.0, "27": 10.0, "28": 10.0, "29": 10.0, "30": 10.0, "31": 10.0, "32": 10.0, "33": 10.0, "34": 10.0, "35": 10.0, "36": 10.0, "37": 10.0, "38": 10.0, "39": 10.0, "40": 10.0, "41": 10.0, "42": 10.0, "43": 10.0, "44": 10.0, "45": 10.0, "46": 10.0, "47": 10.0, "48": 10.0, "49": 10.0, "50": 10.0, "51": 10.0, "52": 10.0, "53": 99999.0, "54": 99999.0, "55": 99999.0, "56": 99999.0, "57": 99999.0}, "p1": {"0": 25.611064753554942, "1": 11.2, "2": 14.175, "3": 18.976190476190474, "4": 22.5875, "5": 24.010526315789473, "6": 27.110169491525422, "7": 27.883495145631066, "8": 28.565217391304348, "9": 29.417721518987342, "10": 27.114942528735632, "11": 26.700934579439252, "12": 26.09090909090909, "13": 26.03061224489796, "14": 26.672268907563026, "15": 27.460176991150444, "16": 26.796610169491526, "17": 25.807339449541285, "18": 25.84536082474227, "19": 24.98165137614679, "20": 27.080459770114942, "21": 25.525252525252526, "22": 26.801980198019802, "23": 26.5, "24": 25.694214876033058, "25": 27.348314606741575, "26": 26.905882352941177, "27": 26.72826086956522, "28": 26.72826086956522, "29": 25.26923076923077, "30": 27.926315789473684, "31": 26.71590909090909, "32": 24.81188118811881, "33": 26.5, "34": 26.073529411764707, "35": 25.511363636363637, "36": 25.627906976744185, "37": 26.30263157894737, "38": 26.071428571428573, "39": 24.842105263157894, "40": 26.666666666666668, "41": 27.45, "42": 26.83116883116883, "43": 26.721311475409838, "44": 26.984126984126984, "45": 24.352941176470587, "46": 25.784615384615385, "47": 22.779411764705884, "48": 24.896103896103895, "49": 27.14666666666667, "50": 25.48076923076923, "51": 23.96385542168675, "52": 24.43243243243243, "53": 23.37142857142857, "54": 26.56896551724138, "55": 24.11111111111111, "56": 28.8, "57": 31.097560975609756}, "p2": {"0": 30.6177131592111, "1": 10.26923076923077, "2": 7.458333333333333, "3": 13.394736842105264, "4": 18.210526315789473, "5": 20.121495327102803, "6": 23.86111111111111, "7": 25.738095238095237, "8": 32.38095238095238, "9": 29.488888888888887, "10": 29.073529411764707, "11": 30.155339805825243, "12": 28.063063063063062, "13": 27.340425531914892, "14": 25.745283018867923, "15": 26.48854961832061, "16": 27.44144144144144, "17": 28.115384615384617, "18": 26.20689655172414, "19": 29.82442748091603, "20": 27.5929203539823, "21": 31.689655172413794, "22": 26.941666666666666, "23": 29.719298245614034, "24": 29.77173913043478, "25": 28.794117647058822, "26": 29.129032258064516, "27": 32.056603773584904, "28": 32.628571428571426, "29": 30.11340206185567, "30": 32.578947368421055, "31": 30.0625, "32": 34.348837209302324, "33": 32.78651685393258, "34": 37.674157303370784, "35": 34.416666666666664, "36": 33.397590361445786, "37": 35.625, "38": 34.691588785046726, "39": 34.89473684210526, "40": 38.25333333333333, "41": 33.02777777777778, "42": 32.675, "43": 35.479166666666664, "44": 33.204301075268816, "45": 36.13414634146341, "46": 34.025, "47": 35.348837209302324, "48": 33.31506849315068, "49": 28.666666666666668, "50": 37.55681818181818, "51": 31.666666666666668, "52": 34.43283582089552, "53": 37.50666666666667, "54": 37.18867924528302, "55": 38.28846153846154, "56": 45.58, "57": 44.56896551724138}, "p3": {"0": 39.78040170713432, "1": 10.068965517241379, "2": 11.571428571428571, "3": 23.571428571428573, "4": 29.263157894736842, "5": 30.5, "6": 40.527027027027025, "7": 39.54225352112676, "8": 44.48062015503876, "9": 46.351724137931036, "10": 45.76428571428571, "11": 40.34108527131783, "12": 45.8974358974359, "13": 45.48623853211009, "14": 42.30172413793103, "15": 45.29824561403509, "16": 42.79831932773109, "17": 44.88785046728972, "18": 41.675438596491226, "19": 45.816, "20": 45.94392523364486, "21": 42.07954545454545, "22": 42.407766990291265, "23": 44.990990990990994, "24": 39.56976744186046, "25": 45.90625, "26": 41.90909090909091, "27": 43.63809523809524, "28": 39.490566037735846, "29": 41.698113207547166, "30": 35.193548387096776, "31": 39.5625, "32": 37.4, "33": 38.7037037037037, "34": 42.86904761904762, "35": 42.473684210526315, "36": 38.6125, "37": 41.39325842696629, "38": 39.10112359550562, "39": 40.013333333333335, "40": 37.77142857142857, "41": 37.607142857142854, "42": 38.025, "43": 38.36904761904762, "44": 38.31818181818182, "45": 38.95454545454545, "46": 43.66265060240964, "47": 40.2093023255814, "48": 41.07462686567164, "49": 41.61538461538461, "50": 41.666666666666664, "51": 38.710144927536234, "52": 36.92307692307692, "53": 36.80952380952381, "54": 36.51219512195122, "55": 38.76, "56": 51.666666666666664, "57": 51.72727272727273}, "p4": {"0": 57.683900805880775, "1": 13.3, "2": 11.36923076923077, "3": 21.22972972972973, "4": 30.0, "5": 37.056, "6": 47.35502958579882, "7": 52.0, "8": 48.56111111111111, "9": 49.92391304347826, "10": 46.132183908045974, "11": 51.917647058823526, "12": 51.945945945945944, "13": 47.892857142857146, "14": 47.028901734104046, "15": 52.31073446327684, "16": 48.422360248447205, "17": 43.127167630057805, "18": 45.609271523178805, "19": 49.31875, "20": 48.45695364238411, "21": 50.66025641025641, "22": 61.94059405940594, "23": 62.54205607476636, "24": 63.77669902912621, "25": 62.47191011235955, "26": 64.49514563106796, "27": 64.27433628318585, "28": 63.256637168141594, "29": 64.82142857142857, "30": 61.768115942028984, "31": 61.88034188034188, "32": 64.45977011494253, "33": 61.8125, "34": 65.03157894736842, "35": 63.80672268907563, "36": 66.2909090909091, "37": 65.39393939393939, "38": 68.59550561797752, "39": 61.1875, "40": 67.01052631578948, "41": 66.06422018348624, "42": 64.34453781512605, "43": 70.05825242718447, "44": 67.90425531914893, "45": 70.29906542056075, "46": 68.73684210526316, "47": 65.26373626373626, "48": 66.23958333333333, "49": 67.95049504950495, "50": 66.22340425531915, "51": 69.02912621359224, "52": 69.05376344086021, "53": 70.12359550561797, "54": 68.62222222222222, "55": 69.75903614457832, "56": 79.8, "57": 80.07594936708861}, "p5": {"0": 60.532435756729114, "1": 60.532435756729114, "2": 60.532435756729114, "3": 60.532435756729114, "4": 60.532435756729114, "5": 60.18632075471698, "6": 60.069377990430624, "7": 60.36817102137767, "8": 60.321951219512194, "9": 60.333333333333336, "10": 60.23866348448687, "11": 60.33676092544987, "12": 59.99009900990099, "13": 60.258397932816536, "14": 60.050139275766014, "15": 59.95142857142857, "16": 60.38801261829653, "17": 60.54320987654321, "18": 60.691029900332225, "19": 60.71103896103896, "20": 60.43968871595331, "21": 60.898039215686275, "22": 61.73913043478261, "23": 61.16083916083916, "24": 61.57198443579767, "25": 60.334600760456276, "26": 61.026905829596416, "27": 60.7125, "28": 60.46987951807229, "29": 59.904761904761905, "30": 60.15584415584416, "31": 59.95528455284553, "32": 60.1390977443609, "33": 60.74273858921162, "34": 60.238461538461536, "35": 59.87867647058823, "36": 60.18531468531469, "37": 60.243445692883896, "38": 61.0631970260223, "39": 60.43283582089552, "40": 60.21455938697318, "41": 59.927868852459014, "42": 60.30888030888031, "43": 60.842911877394634, "44": 60.76923076923077, "45": 61.43478260869565, "46": 60.847583643122675, "47": 61.023809523809526, "48": 60.8550185873606, "49": 60.15185185185185, "50": 60.89568345323741, "51": 60.182432432432435, "52": 60.65436241610738, "53": 60.66542750929368, "54": 60.40764331210191, "55": 61.02922077922078, "56": 60.99333333333333, "57": 61.28333333333333}}