{"p0": {"0": 10.0, "1": 10.0, "2": 10.0, "3": 10.0, "4": 10.0, "5": 10.0, "6": 10.0, "7": 10.0, "8": 10.0, "9": 10.0, "10": 10.0, "11": 10.0, "12": 10.0, "13": 10.0, "14": 10.0, "15": 10.0, "16": 10.0, "17": 10.0, "18": 10.0, "19": 10.0, "20": 10.0, "21": 10.0, "22": 10.0, "23": 10.0, "24": 10.0, "25": 10.0, "26": 10.0, "27": 10.0, "28": 10.0, "29": 10.0, "30": 10.0, "31": 10.0, "32": 10.0, "33": 10.0, "34": 10.0, "35": 10.0, "36": 10.0, "37": 10.0, "38": 10.0, "39": 10.0, "40": 10.0, "41": 10.0, "42": 10.0, "43": 10.0, "44": 10.0, "45": 10.0, "46": 10.0, "47": 99999.0, "48": 99999.0, "49": 99999.0}, "p1": {"0": 22.32309827006498, "1": 7.166666666666667, "2": 12.118, "3": 16.306060606060605, "4": 20.182873730043543, "5": 22.9293059125964, "6": 25.283474065138723, "7": 26.80029368575624, "8": 26.088695652173914, "9": 25.435087719298245, "10": 25.345283018867924, "11": 25.356884057971016, "12": 24.785611510791366, "13": 25.025993883792047, "14": 25.88027210884354, "15": 26.233024691358025, "16": 25.37542662116041, "17": 25.088082901554404, "18": 23.898387096774194, "19": 24.185185185185187, "20": 23.932692307692307, "21": 23.868167202572348, "22": 23.706666666666667, "23": 22.90420168067227, "24": 22.79268292682927, "25": 23.616326530612245, "26": 23.512867647058822, "27": 22.764705882352942, "28": 23.43708609271523, "29": 22.93103448275862, "30": 23.267857142857142, "31": 23.149819494584836, "32": 22.286538461538463, "33": 21.586206896551722, "34": 22.570962479608482, "35": 21.78917910447761, "36": 21.897579143389198, "37": 20.924098671726757, "38": 21.779116465863453, "39": 22.017467248908297, "40": 21.87878787878788, "41": 20.03784860557769, "42": 20.520231213872833, "43": 19.57319587628866, "44": 18.57792207792208, "45": 17.94033412887828, "46": 17.553030303030305, "47": 19.68075117370892, "48": 25.652173913043477, "49": 24.197674418604652}, "p2": {"0": 33.95800459875255, "1": 13.285714285714286, "2": 14.35, "3": 22.269565217391303, "4": 26.84, "5": 28.879213483146067, "6": 28.360957642725598, "7": 31.68639053254438, "8": 32.091503267973856, "9": 35.30277442702051, "10": 35.76447876447877, "11": 34.81046676096181, "12": 33.24121405750799, "13": 33.94809688581315, "14": 33.66199649737303, "15": 33.02368866328257, "16": 32.352739726027394, "17": 32.52488687782805, "18": 33.16820987654321, "19": 33.2575976845152, "20": 34.6140625, "21": 37.0207336523126, "22": 35.722972972972975, "23": 35.88993710691824, "24": 36.0990099009901, "25": 34.4559748427673, "26": 36.404399323181046, "27": 35.306089743589745, "28": 35.76315789473684, "29": 34.26934984520124, "30": 36.08540372670807, "31": 35.767080745341616, "32": 36.87480916030535, "33": 35.62599049128368, "34": 35.006493506493506, "35": 35.659937888198755, "36": 36.61145510835913, "37": 35.897084048027445, "38": 35.732223903177, "39": 34.1328125, "40": 35.34615384615385, "41": 35.93527508090615, "42": 35.6625386996904, "43": 34.875, "44": 36.33099824868651, "45": 37.243781094527364, "46": 37.73996509598604, "47": 39.854330708661415, "48": 45.45578231292517, "49": 43.73992673992674}, "p3": {"0": 36.61554153905532, "1": 36.61554153905532, "2": 36.61554153905532, "3": 36.36317321688501, "4": 36.367737948084056, "5": 36.17956290608387, "6": 36.57096774193548, "7": 36.29107752315944, "8": 36.64408443789887, "9": 36.507321681624944, "10": 36.66125394677492, "11": 36.78371982962612, "12": 36.70261780104712, "13": 36.54471101417666, "14": 36.33966480446927, "15": 36.61698440207972, "16": 36.83652694610778, "17": 36.807112718505124, "18": 36.62987012987013, "19": 36.98689138576779, "20": 36.56618156618157, "21": 36.67531556802244, "22": 36.42109314857583, "23": 36.45275267050123, "24": 36.668837209302325, "25": 36.853889943074, "26": 36.7047047047047, "27": 36.20756547041707, "28": 36.1188486536676, "29": 36.27303754266212, "30": 36.403614457831324, "31": 36.162369337979094, "32": 36.530249110320284, "33": 36.693213296398895, "34": 37.01440329218107, "35": 36.94390581717452, "36": 36.81704918032787, "37": 37.01619170984456, "38": 37.20746887966805, "39": 37.00500625782228, "40": 36.814882032667875, "41": 36.7141041931385, "42": 36.59842519685039, "43": 36.41723202170964, "44": 36.87323037323037, "45": 36.67654986522911, "46": 36.57865557865558, "47": 36.928519328956966, "48": 36.404902789518175, "49": 36.35497470489039}}