{"p0": {"0": 10.0, "1": 10.0, "2": 10.0, "3": 10.0, "4": 10.0, "5": 10.0, "6": 10.0, "7": 10.0, "8": 10.0, "9": 10.0, "10": 10.0, "11": 10.0, "12": 10.0, "13": 10.0, "14": 10.0, "15": 10.0, "16": 10.0, "17": 10.0, "18": 10.0, "19": 10.0, "20": 10.0, "21": 10.0, "22": 10.0, "23": 10.0, "24": 10.0, "25": 10.0, "26": 10.0, "27": 10.0, "28": 10.0, "29": 10.0, "30": 10.0, "31": 10.0, "32": 10.0, "33": 10.0, "34": 10.0, "35": 10.0, "36": 10.0, "37": 10.0, "38": 10.0, "39": 10.0, "40": 10.0, "41": 10.0, "42": 10.0, "43": 10.0, "44": 10.0, "45": 10.0, "46": 10.0, "47": 10.0, "48": 10.0, "49": 10.0, "50": 10.0, "51": 99999.0, "52": 99999.0, "53": 99999.0}, "p1": {"0": 19.6609780635664, "1": 10.0, "2": 12.344827586206897, "3": 15.857142857142858, "4": 17.4811320754717, "5": 21.286821705426355, "6": 25.985507246376812, "7": 24.64864864864865, "8": 24.237113402061855, "9": 24.666666666666668, "10": 23.068181818181817, "11": 22.19191919191919, "12": 21.41176470588235, "13": 23.476190476190474, "14": 24.01010101010101, "15": 23.37837837837838, "16": 22.066666666666666, "17": 21.10091743119266, "18": 19.229007633587788, "19": 20.242424242424242, "20": 19.973913043478262, "21": 21.277227722772277, "22": 20.511363636363637, "23": 20.329113924050635, "24": 18.586206896551722, "25": 18.411214953271028, "26": 21.056603773584907, "27": 19.742574257425744, "28": 18.182692307692307, "29": 20.391752577319586, "30": 20.14, "31": 20.204545454545453, "32": 19.688172043010752, "33": 17.91, "34": 19.548387096774192, "35": 21.03370786516854, "36": 19.9125, "37": 20.28409090909091, "38": 18.544444444444444, "39": 21.0, "40": 21.177777777777777, "41": 17.512820512820515, "42": 20.835616438356166, "43": 19.77922077922078, "44": 19.47872340425532, "45": 18.6, "46": 19.246575342465754, "47": 19.253333333333334, "48": 18.95, "49": 14.133333333333333, "50": 13.23913043478261, "51": 10.439024390243903, "52": 7.3076923076923075, "53": 28.666666666666668}, "p2": {"0": 31.519303328320653, "1": 12.037735849056604, "2": 11.620689655172415, "3": 15.533333333333333, "4": 16.772727272727273, "5": 20.420289855072465, "6": 23.349514563106798, "7": 27.283464566929133, "8": 26.095890410958905, "9": 30.08187134502924, "10": 31.236363636363638, "11": 28.360759493670887, "12": 28.363013698630137, "13": 28.765765765765767, "14": 26.24590163934426, "15": 25.822222222222223, "16": 25.30708661417323, "17": 27.953125, "18": 28.450819672131146, "19": 30.842105263157894, "20": 30.58125, "21": 33.0, "22": 31.75, "23": 31.669421487603305, "24": 36.93129770992366, "25": 34.02985074626866, "26": 33.58, "27": 35.03076923076923, "28": 36.0, "29": 36.31111111111111, "30": 35.394904458598724, "31": 37.0703125, "32": 34.896, "33": 34.083333333333336, "34": 34.8968253968254, "35": 33.370370370370374, "36": 34.30232558139535, "37": 37.00917431192661, "38": 34.21238938053097, "39": 31.39090909090909, "40": 32.083333333333336, "41": 32.384, "42": 33.333333333333336, "43": 35.51145038167939, "44": 36.52542372881356, "45": 35.02654867256637, "46": 34.9327731092437, "47": 36.59055118110236, "48": 37.157407407407405, "49": 36.339622641509436, "50": 40.25, "51": 39.92079207920792, "52": 46.89705882352941, "53": 43.517857142857146}, "p3": {"0": 36.36295089907693, "1": 36.36295089907693, "2": 36.36295089907693, "3": 36.12608695652174, "4": 36.28968253968254, "5": 36.2, "6": 36.64575645756457, "7": 36.840677966101694, "8": 36.382456140350875, "9": 36.45, "10": 36.41880341880342, "11": 36.41618497109827, "12": 35.87315634218289, "13": 36.62080536912752, "14": 36.34013605442177, "15": 37.206896551724135, "16": 36.70631970260223, "17": 37.0355871886121, "18": 36.865612648221344, "19": 37.08571428571429, "20": 36.64957264957265, "21": 36.03636363636364, "22": 35.876106194690266, "23": 36.13973799126637, "24": 36.117924528301884, "25": 35.62871287128713, "26": 36.560509554140125, "27": 36.41489361702128, "28": 36.260355029585796, "29": 35.43333333333333, "30": 36.255, "31": 36.235897435897435, "32": 36.5, "33": 36.036199095022624, "34": 36.15668202764977, "35": 37.20502092050209, "36": 36.35655737704918, "37": 36.537254901960786, "38": 36.884169884169886, "39": 36.12916666666667, "40": 36.30612244897959, "41": 36.34389140271493, "42": 36.196911196911195, "43": 36.08267716535433, "44": 36.46909090909091, "45": 36.96503496503497, "46": 36.25390625, "47": 36.15658362989324, "48": 36.515151515151516, "49": 36.0796812749004, "50": 35.70479704797048, "51": 36.01075268817204, "52": 35.775510204081634, "53": 36.733050847457626}}