{"p0": {"0": 10.0, "1": 10.0, "2": 10.0, "3": 10.0, "4": 10.0, "5": 10.0, "6": 10.0, "7": 10.0, "8": 10.0, "9": 10.0, "10": 10.0, "11": 10.0, "12": 10.0, "13": 10.0, "14": 10.0, "15": 10.0, "16": 10.0, "17": 10.0, "18": 10.0, "19": 10.0, "20": 10.0, "21": 10.0, "22": 10.0, "23": 10.0, "24": 10.0, "25": 10.0, "26": 10.0, "27": 10.0, "28": 10.0, "29": 10.0, "30": 10.0, "31": 10.0, "32": 10.0, "33": 10.0, "34": 10.0, "35": 10.0, "36": 10.0, "37": 10.0, "38": 10.0, "39": 10.0, "40": 10.0, "41": 10.0, "42": 10.0, "43": 10.0, "44": 10.0, "45": 10.0, "46": 10.0, "47": 10.0, "48": 10.0, "49": 10.0, "50": 10.0, "51": 10.0, "52": 10.0, "53": 10.0, "54": 10.0, "55": 10.0, "56": 10.0, "57": 10.0, "58": 10.0, "59": 10.0, "60": 10.0, "61": 10.0, "62": 10.0, "63": 10.0, "64": 10.0, "65": 10.0, "66": 10.0, "67": 10.0, "68": 10.0, "69": 10.0, "70": 10.0, "71": 10.0, "72": 10.0, "73": 10.0, "74": 10.0, "75": 10.0, "76": 10.0, "77": 10.0, "78": 10.0, "79": 10.0, "80": 10.0, "81": 10.0, "82": 10.0, "83": 10.0, "84": 10.0, "85": 10.0, "86": 10.0, "87": 10.0, "88": 99999.0, "89": 99999.0, "90": 99999.0, "91": 99999.0, "92": 99999.0}, "p1": {"0": 21.75789349765392, "1": 7.775862068965517, "2": 11.942528735632184, "3": 12.901785714285714, "4": 17.152, "5": 20.235955056179776, "6": 21.386363636363637, "7": 24.327485380116958, "8": 24.164893617021278, "9": 22.694444444444443, "10": 23.680473372781066, "11": 21.857894736842105, "12": 23.092307692307692, "13": 22.63594470046083, "14": 23.949748743718594, "15": 23.47342995169082, "16": 21.66842105263158, "17": 23.50625, "18": 23.10810810810811, "19": 23.698795180722893, "20": 23.854922279792746, "21": 24.34319526627219, "22": 23.72043010752688, "23": 23.03370786516854, "24": 24.14857142857143, "25": 23.68243243243243, "26": 23.551136363636363, "27": 22.00574712643678, "28": 23.224852071005916, "29": 22.914285714285715, "30": 24.0, "31": 23.549382716049383, "32": 21.358024691358025, "33": 23.35672514619883, "34": 22.125714285714285, "35": 23.222826086956523, "36": 22.64968152866242, "37": 22.56875, "38": 22.91616766467066, "39": 22.45294117647059, "40": 22.651612903225807, "41": 22.75449101796407, "42": 21.99404761904762, "43": 21.662650602409638, "44": 23.76795580110497, "45": 21.797101449275363, "46": 24.18045112781955, "47": 21.22151898734177, "48": 21.755102040816325, "49": 20.649006622516556, "50": 23.084615384615386, "51": 21.99342105263158, "52": 23.61935483870968, "53": 21.64, "54": 21.83941605839416, "55": 21.966442953020135, "56": 21.60759493670886, "57": 23.164383561643834, "58": 23.702290076335878, "59": 22.361842105263158, "60": 21.77124183006536, "61": 21.7, "62": 20.493333333333332, "63": 21.986928104575163, "64": 21.29943502824859, "65": 21.04705882352941, "66": 20.137254901960784, "67": 22.477941176470587, "68": 20.773972602739725, "69": 23.04022988505747, "70": 18.76510067114094, "71": 19.823863636363637, "72": 22.070967741935483, "73": 20.938356164383563, "74": 19.666666666666668, "75": 22.898809523809526, "76": 21.316770186335404, "77": 20.105882352941176, "78": 21.90909090909091, "79": 21.421768707482993, "80": 22.114864864864863, "81": 20.230215827338128, "82": 21.1144578313253, "83": 20.73469387755102, "84": 21.473684210526315, "85": 21.859154929577464, "86": 19.932835820895523, "87": 19.901785714285715, "88": 19.453846153846154, "89": 20.345132743362832, "90": 21.07246376811594, "91": 24.322580645161292, "92": 22.18032786885246}, "p2": {"0": 32.61535654203661, "1": 12.632911392405063, "2": 17.689655172413794, "3": 19.474747474747474, "4": 23.0, "5": 22.413978494623656, "6": 29.547619047619047, "7": 31.727272727272727, "8": 32.71062271062271, "9": 31.915441176470587, "10": 31.498338870431894, "11": 29.263374485596707, "12": 30.08050847457627, "13": 30.962025316455698, "14": 32.068548387096776, "15": 29.065727699530516, "16": 30.038834951456312, "17": 33.1, "18": 31.64566929133858, "19": 32.37354085603113, "20": 32.29816513761468, "21": 31.329113924050635, "22": 32.8391959798995, "23": 32.14537444933921, "24": 32.55, "25": 33.9051724137931, "26": 30.904545454545456, "27": 33.144329896907216, "28": 33.19718309859155, "29": 32.037234042553195, "30": 30.335078534031414, "31": 31.223809523809525, "32": 33.1413612565445, "33": 34.429951690821255, "34": 32.47802197802198, "35": 35.33516483516483, "36": 33.54696132596685, "37": 31.502890173410403, "38": 30.54871794871795, "39": 33.21910112359551, "40": 31.821428571428573, "41": 33.44632768361582, "42": 34.15555555555556, "43": 32.64779874213836, "44": 34.64327485380117, "45": 33.77358490566038, "46": 32.58169934640523, "47": 32.479729729729726, "48": 32.32716049382716, "49": 33.054545454545455, "50": 33.26285714285714, "51": 31.865248226950353, "52": 33.72222222222222, "53": 32.96951219512195, "54": 32.262068965517244, "55": 31.88607594936709, "56": 34.633136094674555, "57": 33.323170731707314, "58": 35.49032258064516, "59": 34.303225806451614, "60": 32.06586826347306, "61": 32.51677852348993, "62": 33.76623376623377, "63": 35.611111111111114, "64": 35.453947368421055, "65": 33.986111111111114, "66": 35.139240506329116, "67": 32.5521472392638, "68": 32.354166666666664, "69": 32.806451612903224, "70": 34.72549019607843, "71": 34.35251798561151, "72": 35.891304347826086, "73": 33.49285714285714, "74": 36.37241379310345, "75": 34.23931623931624, "76": 35.8515625, "77": 33.54545454545455, "78": 35.32592592592592, "79": 34.15555555555556, "80": 35.6031746031746, "81": 37.17006802721088, "82": 35.17857142857143, "83": 34.7906976744186, "84": 34.9327731092437, "85": 33.8014705882353, "86": 36.55140186915888, "87": 30.837606837606838, "88": 33.623655913978496, "89": 35.86407766990291, "90": 36.54117647058823, "91": 43.43478260869565, "92": 42.109756097560975}, "p3": {"0": 42.78995430296381, "1": 16.03061224489796, "2": 22.255474452554743, "3": 27.37313432835821, "4": 27.905882352941177, "5": 34.52450980392157, "6": 37.33744855967078, "7": 43.558232931726906, "8": 40.366533864541836, "9": 40.149377593360995, "10": 43.00865800865801, "11": 40.38211382113821, "12": 38.0985401459854, "13": 40.677536231884055, "14": 43.286274509803924, "15": 40.4954954954955, "16": 40.49514563106796, "17": 40.14572864321608, "18": 42.461187214611876, "19": 41.41904761904762, "20": 43.366379310344826, "21": 44.437185929648244, "22": 41.67821782178218, "23": 45.53846153846154, "24": 41.80128205128205, "25": 42.541935483870965, "26": 39.486666666666665, "27": 39.726618705035975, "28": 40.18012422360248, "29": 43.08510638297872, "30": 43.88235294117647, "31": 44.0, "32": 46.72072072072072, "33": 42.888, "34": 41.963235294117645, "35": 41.25568181818182, "36": 44.72992700729927, "37": 45.33582089552239, "38": 45.53174603174603, "39": 44.3828125, "40": 42.24242424242424, "41": 45.16260162601626, "42": 43.333333333333336, "43": 42.76428571428571, "44": 40.865671641791046, "45": 46.14503816793893, "46": 45.96938775510204, "47": 42.38095238095238, "48": 44.47787610619469, "49": 48.734375, "50": 45.30201342281879, "51": 43.475, "52": 43.56521739130435, "53": 45.610619469026545, "54": 43.81372549019608, "55": 49.34782608695652, "56": 45.822429906542055, "57": 43.23853211009175, "58": 47.44705882352941, "59": 45.73684210526316, "60": 44.80909090909091, "61": 48.77319587628866, "62": 45.1764705882353, "63": 43.43333333333333, "64": 45.97142857142857, "65": 45.825581395348834, "66": 43.41463414634146, "67": 48.21978021978022, "68": 38.5, "69": 43.119565217391305, "70": 39.32183908045977, "71": 45.57303370786517, "72": 43.81333333333333, "73": 45.83529411764706, "74": 43.957142857142856, "75": 43.78481012658228, "76": 43.85294117647059, "77": 45.13157894736842, "78": 42.58108108108108, "79": 41.84146341463415, "80": 42.273809523809526, "81": 42.85454545454545, "82": 43.056338028169016, "83": 43.602739726027394, "84": 45.522222222222226, "85": 38.885714285714286, "86": 47.39473684210526, "87": 45.15094339622642, "88": 49.69230769230769, "89": 45.75, "90": 46.0, "91": 51.25, "92": 54.36842105263158},