{"p0": {"0": 10.0, "1": 10.0, "2": 10.0, "3": 10.0, "4": 10.0, "5": 10.0, "6": 10.0, "7": 10.0, "8": 10.0, "9": 10.0, "10": 10.0, "11": 10.0, "12": 10.0, "13": 10.0, "14": 10.0, "15": 10.0, "16": 10.0, "17": 10.0, "18": 10.0, "19": 10.0, "20": 10.0, "21": 10.0, "22": 10.0, "23": 10.0, "24": 10.0, "25": 10.0, "26": 10.0, "27": 10.0, "28": 10.0, "29": 10.0, "30": 10.0, "31": 10.0, "32": 10.0, "33": 10.0, "34": 10.0, "35": 10.0, "36": 10.0, "37": 10.0, "38": 10.0, "39": 10.0, "40": 10.0, "41": 10.0, "42": 10.0, "43": 10.0, "44": 10.0, "45": 10.0, "46": 10.0, "47": 99999.0, "48": 99999.0, "49": 99999.0, "50": 99999.0}, "p1": {"0": 23.515364601257726, "1": 10.341067285382831, "2": 135.8341968911917, "3": 19.42962962962963, "4": 18.333333333333332, "5": 19.882440476190474, "6": 22.66245259165613, "7": 23.712807244501942, "8": 23.081441922563418, "9": 21.711640211640212, "10": 21.366715758468334, "11": 21.19290780141844, "12": 21.985443959243085, "13": 21.838192419825074, "14": 24.1875, "15": 21.69174041297935, "16": 21.656432748538013, "17": 21.79480164158687, "18": 21.285505124450953, "19": 21.89660056657224, "20": 21.600282485875706, "21": 22.54201680672269, "22": 21.85546875, "23": 21.896640826873384, "24": 21.853316326530614, "25": 21.958923512747877, "26": 22.024242424242424, "27": 21.69090909090909, "28": 21.086614173228348, "29": 22.154605263157894, "30": 21.835798816568047, "31": 21.764705882352942, "32": 21.461663947797717, "33": 21.144444444444446, "34": 21.351395730706077, "35": 20.903052064631957, "36": 21.32982456140351, "37": 23.727272727272727, "38": 21.34804753820034, "39": 21.38475836431227, "40": 24.964285714285715, "41": 21.968, "42": 21.207207207207208, "43": 21.26305609284333, "44": 20.86192468619247, "45": 19.946700507614214, "46": 18.097421203438394, "47": 18.183856502242154, "48": 18.890173410404625, "49": 19.7972972972973, "50": 21.789473684210527}, "p2": {"0": 39.01166558890843, "1": 16.997237569060772, "2": 244.09868421052633, "3": 84.20479302832244, "4": 30.651079136690647, "5": 31.319121447028422, "6": 35.82699619771863, "7": 38.51855670103093, "8": 42.282467532467535, "9": 38.2032032032032, "10": 37.555673382820785, "11": 37.490625, "12": 35.54960091220068, "13": 35.05399061032864, "14": 35.80193236714976, "15": 32.71900826446281, "16": 34.348837209302324, "17": 33.168612191958495, "18": 34.04050925925926, "19": 33.446172248803826, "20": 34.232727272727274, "21": 34.347328244274806, "22": 33.98019801980198, "23": 33.27306733167082, "24": 32.57035175879397, "25": 33.00247524752475, "26": 33.388297872340424, "27": 34.050064184852374, "28": 33.19946091644205, "29": 34.005532503457815, "30": 33.32786885245902, "31": 33.850622406639005, "32": 33.655913978494624, "33": 35.495104895104895, "34": 33.38728323699422, "35": 32.48090523338048, "36": 32.87928221859706, "37": 33.666666666666664, "38": 32.626182965299684, "39": 32.585139318885446, "40": 32.305057096247964, "41": 34.491638795986624, "42": 33.865107913669064, "43": 32.56746765249538, "44": 32.35685483870968, "45": 32.75184275184275, "46": 30.969945355191257, "47": 31.76231884057971, "48": 32.18120805369127, "49": 38.24074074074074, "50": 37.80952380952381}, "p3": {"0": 60.26315182727583, "1": 19.38976377952756, "2": 487.56485355648533, "3": 116.13429256594725, "4": 40.465890183028286, "5": 41.41185185185185, "6": 46.49454905847374, "7": 48.39134524929445, "8": 50.224074074074075, "9": 50.23062015503876, "10": 50.532544378698226, "11": 53.168260038240916, "12": 59.534501642935375, "13": 56.81059063136456, "14": 75.27545551982851, "15": 58.9236641221374, "16": 56.44444444444444, "17": 54.083333333333336, "18": 59.86295005807201, "19": 48.05156950672646, "20": 53.118110236220474, "21": 52.74335260115607, "22": 50.753757225433525, "23": 49.17307692307692, "24": 50.89120879120879, "25": 55.01447661469933, "26": 56.38963963963964, "27": 46.265135699373694, "28": 53.92290502793296, "29": 46.79792147806005, "30": 47.39776536312849, "31": 49.89195148842337, "32": 50.533742331288344, "33": 48.64580725907384, "34": 46.511792452830186, "35": 46.929802955665025, "36": 47.08489388264669, "37": 46.57108140947752, "38": 46.641689373297005, "39": 46.538978494623656, "40": 47.19328859060403, "41": 47.08476821192053, "42": 48.1436170212766, "43": 48.40555555555556, "44": 47.76798561151079, "45": 48.98210735586481, "46": 48.78125, "47": 47.543956043956044, "48": 49.655913978494624, "49": 57.08620689655172, "50": 57.701298701298704}, "p4": {"0": 46.932992049079886, "1": 46.932992049079886, "2": 46.932992049079886, "3": 46.932992049079886, "4": 47.00852819807428, "5": 47.062882582081244, "6": 46.987639060568604, "7": 46.99308839578028, "8": 47.04799370574351, "9": 47.016109544905355, "10": 46.99265605875153, "11": 46.99881093935791, "12": 47.04942208051016, "13": 46.88692434210526, "14": 47.052202283849915, "15": 47.0248496993988, "16": 47.029092319627615, "17": 46.833858267716536, "18": 46.91100882240123, "19": 46.94721189591078, "20": 46.74457121825543, "21": 46.93765410355759, "22": 46.771255780860905, "23": 46.790738776952985, "24": 46.89371309482459, "25": 46.889240506329116, "26": 46.91038214406493, "27": 46.89854065323141, "28": 46.790205162144275, "29": 46.94889779559118, "30": 46.8114674441205, "31": 46.82777961068954, "32": 46.98093359631821, "33": 46.891, "34": 47.09762711864407, "35": 46.94891266827753, "36": 46.83495145631068, "37": 46.89519197509512, "38": 47.02780674313521, "39": 46.9081944916695, "40": 46.922360248447205, "41": 46.90780399274047, "42": 46.72417542587894, "43": 46.81795422031473, "44": 47.01231960577262, "45": 46.95125500181884, "46": 47.01027275947573, "47": 46.8759204712813, "48": 46.89826119126896, "49": 47.02933626696003, "50": 47.05962458594038}}