{"p0": {"0": 10.0, "1": 10.0, "2": 10.0, "3": 10.0, "4": 10.0, "5": 10.0, "6": 10.0, "7": 10.0, "8": 10.0, "9": 10.0, "10": 10.0, "11": 10.0, "12": 10.0, "13": 10.0, "14": 10.0, "15": 10.0, "16": 10.0, "17": 10.0, "18": 10.0, "19": 10.0, "20": 10.0, "21": 10.0, "22": 10.0, "23": 10.0, "24": 10.0, "25": 10.0, "26": 10.0, "27": 10.0, "28": 10.0, "29": 10.0, "30": 10.0, "31": 10.0, "32": 10.0, "33": 10.0, "34": 10.0, "35": 10.0, "36": 10.0, "37": 10.0, "38": 10.0, "39": 10.0, "40": 10.0, "41": 10.0, "42": 10.0, "43": 10.0, "44": 10.0, "45": 10.0, "46": 10.0, "47": 10.0, "48": 10.0, "49": 10.0, "50": 10.0, "51": 10.0, "52": 10.0, "53": 10.0, "54": 10.0, "55": 10.0, "56": 10.0, "57": 10.0, "58": 10.0, "59": 10.0, "60": 10.0, "61": 10.0, "62": 10.0, "63": 10.0, "64": 10.0, "65": 10.0, "66": 10.0, "67": 10.0, "68": 10.0, "69": 10.0, "70": 10.0, "71": 10.0, "72": 99999.0, "73": 99999.0, "74": 99999.0}, "p1": {"0": 9.033660154962142, "1": 6.0476190476190474, "2": 4.910256410256411, "3": 5.382857142857143, "4": 6.368421052631579, "5": 8.222826086956522, "6": 8.741758241758241, "7": 6.647058823529412, "8": 6.623529411764705, "9": 6.448275862068965, "10": 7.23841059602649, "11": 7.571428571428571, "12": 8.565217391304348, "13": 8.198581560283689, "14": 11.16875, "15": 8.14864864864865, "16": 8.410852713178295, "17": 9.205128205128204, "18": 10.975, "19": 7.951219512195122, "20": 9.390625, "21": 11.18018018018018, "22": 8.950495049504951, "23": 8.675675675675675, "24": 8.346534653465346, "25": 7.099009900990099, "26": 8.543103448275861, "27": 9.1, "28": 10.28, "29": 11.670212765957446, "30": 8.405405405405405, "31": 8.328947368421053, "32": 8.409090909090908, "33": 10.24731182795699, "34": 9.608695652173912, "35": 7.4021739130434785, "36": 8.010309278350515, "37": 9.454545454545455, "38": 7.903614457831325, "39": 9.487804878048781, "40": 10.633802816901408, "41": 11.656862745098039, "42": 9.642857142857142, "43": 12.126984126984127, "44": 7.140625, "45": 10.426666666666666, "46": 12.847222222222221, "47": 8.849315068493151, "48": 8.675, "49": 7.739130434782608, "50": 9.294117647058824, "51": 8.411764705882353, "52": 10.645569620253164, "53": 8.710526315789474, "54": 9.516666666666667, "55": 11.6875, "56": 12.274193548387096, "57": 11.014285714285714, "58": 7.9324324324324325, "59": 10.508196721311476, "60": 7.927272727272728, "61": 8.418181818181818, "62": 8.575342465753424, "63": 10.416666666666666, "64": 11.85483870967742, "65": 11.49056603773585, "66": 10.98076923076923, "67": 13.48, "68": 10.887096774193548, "69": 9.183333333333334, "70": 10.0625, "71": 7.15, "72": 3.4285714285714284, "73": 6.428571428571429, "74": 11.153846153846153}, "p2": {"0": 32.93009233771277, "1": 20.08108108108108, "2": 22.086206896551722, "3": 21.31858407079646, "4": 22.666666666666668, "5": 24.6328125, "6": 26.184931506849313, "7": 28.226027397260275, "8": 29.504950495049506, "9": 31.041884816753928, "10": 30.364102564102563, "11": 30.221621621621622, "12": 29.188235294117646, "13": 27.943396226415093, "14": 27.73780487804878, "15": 30.470238095238095, "16": 29.326923076923077, "17": 29.602272727272727, "18": 28.49112426035503, "19": 29.275, "20": 30.80851063829787, "21": 29.548571428571428, "22": 29.87272727272727, "23": 28.698863636363637, "24": 29.415204678362574, "25": 29.641618497109828, "26": 30.825301204819276, "27": 31.264705882352942, "28": 29.712418300653596, "29": 30.3943661971831, "30": 32.05594405594405, "31": 30.328358208955223, "32": 32.97872340425532, "33": 32.88392857142857, "34": 35.776595744680854, "35": 35.7037037037037, "36": 36.66206896551724, "37": 34.211920529801326, "38": 33.9485294117647, "39": 35.51428571428571, "40": 33.890625, "41": 36.03875968992248, "42": 35.6, "43": 36.98979591836735, "44": 37.19117647058823, "45": 34.97014925373134, "46": 34.46363636363636, "47": 35.765151515151516, "48": 36.49579831932773, "49": 35.614754098360656, "50": 34.80357142857143, "51": 37.35344827586207, "52": 35.17204301075269, "53": 35.11764705882353, "54": 34.5, "55": 36.059322033898304, "56": 36.92248062015504, "57": 34.05263157894737, "58": 33.647619047619045, "59": 34.29824561403509, "60": 35.4639175257732, "61": 35.78703703703704, "62": 35.75471698113208, "63": 38.1651376146789, "64": 37.18867924528302, "65": 34.289256198347104, "66": 35.37614678899082, "67": 36.675213675213676, "68": 33.694736842105264, "69": 36.494623655913976, "70": 36.76086956521739, "71": 38.78313253012048, "72": 41.94805194805195, "73": 46.955555555555556, "74": 45.93269230769231}, "p3": {"0": 37.28699066200741, "1": 37.28699066200741, "2": 37.28699066200741, "3": 36.93939393939394, "4": 37.303125, "5": 37.05621301775148, "6": 37.212034383954155, "7": 37.016806722689076, "8": 37.307479224376735, "9": 37.49076517150396, "10": 37.526315789473685, "11": 37.509803921568626, "12": 37.3989501312336, "13": 37.713157894736845, "14": 37.60301507537689, "15": 37.76010101010101, "16": 37.589005235602095, "17": 37.74123989218329, "18": 37.839142091152816, "19": 37.85, "20": 37.97014925373134, "21": 37.82051282051282, "22": 37.924119241192415, "23": 37.812865497076025, "24": 37.910364145658264, "25": 37.93154761904762, "26": 37.880239520958085, "27": 37.06845238095238, "28": 37.21148036253776, "29": 36.81518151815182, "30": 36.74834437086093, "31": 36.837037037037035, "32": 36.32014388489208, "33": 36.503846153846155, "34": 37.20912547528517, "35": 36.96470588235294, "36": 36.566964285714285, "37": 36.42796610169491, "38": 36.56896551724138, "39": 36.617283950617285, "40": 36.62240663900415, "41": 36.77454545454545, "42": 36.908424908424905, "43": 36.792, "44": 37.23076923076923, "45": 37.387900355871885, "46": 37.63793103448276, "47": 37.38095238095238, "48": 37.44244604316547, "49": 37.77022653721683, "50": 37.522491349480966, "51": 37.188925081433226, "52": 37.286184210526315, "53": 37.21107266435986, "54": 37.29351535836177, "55": 37.24915824915825, "56": 37.07817589576547, "57": 37.351190476190474, "58": 37.50814332247557, "59": 37.26829268292683, "60": 37.32716049382716, "61": 37.76758409785933, "62": 37.271844660194176, "63": 37.28431372549019, "64": 36.99298245614035, "65": 36.88581314878893, "66": 37.03934426229508, "67": 37.16551724137931, "68": 37.401433691756274, "69": 37.619565217391305, "70": 37.26996197718631, "71": 37.330935251798564, "72": 37.39051094890511, "73": 37.58108108108108, "74": 37.46468401486989}}