{"p0": {"0": 10.0, "1": 10.0, "2": 10.0, "3": 10.0, "4": 10.0, "5": 10.0, "6": 10.0, "7": 10.0, "8": 10.0, "9": 10.0, "10": 10.0, "11": 10.0, "12": 10.0, "13": 10.0, "14": 10.0, "15": 10.0, "16": 10.0, "17": 10.0, "18": 10.0, "19": 10.0, "20": 10.0, "21": 10.0, "22": 10.0, "23": 10.0, "24": 10.0, "25": 10.0, "26": 10.0, "27": 10.0, "28": 10.0, "29": 10.0, "30": 10.0, "31": 10.0, "32": 10.0, "33": 10.0, "34": 10.0, "35": 10.0, "36": 10.0, "37": 10.0, "38": 10.0, "39": 10.0, "40": 10.0, "41": 10.0, "42": 10.0, "43": 10.0, "44": 10.0, "45": 10.0, "46": 10.0, "47": 10.0, "48": 10.0, "49": 10.0, "50": 10.0, "51": 10.0, "52": 10.0, "53": 10.0, "54": 10.0, "55": 99999.0, "56": 99999.0, "57": 99999.0, "58": 99999.0, "59": 99999.0}, "p1": {"0": 20.349163990890066, "1": 4.830508474576271, "2": 8.313131313131313, "3": 12.656716417910447, "4": 16.15573770491803, "5": 18.806060606060605, "6": 23.193548387096776, "7": 22.100591715976332, "8": 23.183431952662723, "9": 22.953488372093023, "10": 22.5752688172043, "11": 22.89142857142857, "12": 23.526011560693643, "13": 23.030674846625768, "14": 22.827380952380953, "15": 22.446236559139784, "16": 21.142011834319526, "17": 22.72108843537415, "18": 22.3953488372093, "19": 21.725, "20": 19.355263157894736, "21": 18.64467005076142, "22": 19.936046511627907, "23": 21.410112359550563, "24": 21.207100591715978, "25": 20.058479532163744, "26": 20.416666666666668, "27": 20.082278481012658, "28": 19.257861635220127, "29": 19.45774647887324, "30": 19.741935483870968, "31": 21.134146341463413, "32": 21.02469135802469, "33": 20.316129032258065, "34": 21.761904761904763, "35": 21.213740458015266, "36": 20.79824561403509, "37": 20.947712418300654, "38": 22.422535211267604, "39": 20.68, "40": 21.404761904761905, "41": 22.526315789473685, "42": 22.452173913043477, "43": 22.552, "44": 23.680672268907564, "45": 22.426470588235293, "46": 22.354545454545455, "47": 20.86178861788618, "48": 19.950819672131146, "49": 21.05217391304348, "50": 19.13274336283186, "51": 19.875912408759124, "52": 20.694214876033058, "53": 18.992805755395683, "54": 19.257425742574256, "55": 16.643564356435643, "56": 16.66216216216216, "57": 19.760563380281692, "58": 19.513513513513512, "59": 23.46511627906977}, "p2": {"0": 32.88942749611909, "1": 15.232876712328768, "2": 17.12962962962963, "3": 20.318681318681318, "4": 23.0327868852459, "5": 25.65909090909091, "6": 32.86470588235294, "7": 31.55072463768116, "8": 33.932367149758456, "9": 32.52849740932643, "10": 33.81395348837209, "11": 31.120192307692307, "12": 32.50289017341041, "13": 33.36158192090395, "14": 32.55978260869565, "15": 32.56153846153846, "16": 34.3312101910828, "17": 35.23837209302326, "18": 35.05, "19": 33.5026455026455, "20": 34.08837209302325, "21": 32.651612903225804, "22": 34.588235294117645, "23": 33.74666666666667, "24": 32.63125, "25": 32.96470588235294, "26": 33.77272727272727, "27": 31.86, "28": 31.32075471698113, "29": 34.03448275862069, "30": 35.10588235294118, "31": 33.81547619047619, "32": 36.074829931972786, "33": 35.079470198675494, "34": 34.471014492753625, "35": 33.40972222222222, "36": 35.21969696969697, "37": 33.763888888888886, "38": 35.10958904109589, "39": 35.2, "40": 32.098591549295776, "41": 32.629139072847686, "42": 32.88333333333333, "43": 33.8859649122807, "44": 34.817460317460316, "45": 36.12931034482759, "46": 33.91525423728814, "47": 34.09615384615385, "48": 36.8780487804878, "49": 33.095652173913045, "50": 34.391666666666666, "51": 35.29565217391304, "52": 34.92307692307692, "53": 34.65979381443299, "54": 33.369565217391305, "55": 34.043956043956044, "56": 33.85263157894737, "57": 34.67948717948718, "58": 37.0, "59": 42.63157894736842}, "p3": {"0": 42.41950488795599, "1": 16.57894736842105, "2": 25.666666666666668, "3": 29.34246575342466, "4": 38.023529411764706, "5": 34.013698630136986, "6": 44.17777777777778, "7": 44.035714285714285, "8": 45.17751479289941, "9": 43.774358974358975, "10": 45.65408805031446, "11": 44.138888888888886, "12": 43.394285714285715, "13": 45.36423841059602, "14": 47.85806451612903, "15": 44.78231292517007, "16": 44.41358024691358, "17": 43.94444444444444, "18": 45.5735294117647, "19": 43.40151515151515, "20": 40.30718954248366, "21": 43.24409448818898, "22": 46.416666666666664, "23": 43.785714285714285, "24": 49.3125, "25": 40.19285714285714, "26": 43.488, "27": 41.47154471544715, "28": 42.11206896551724, "29": 42.96694214876033, "30": 39.2803738317757, "31": 43.482142857142854, "32": 43.488188976377955, "33": 44.77777777777778, "34": 39.711711711711715, "35": 41.60655737704918, "36": 43.71578947368421, "37": 40.93, "38": 43.86, "39": 42.362637362637365, "40": 44.443396226415096, "41": 43.81188118811881, "42": 44.04347826086956, "43": 40.608247422680414, "44": 43.1530612244898, "45": 44.65094339622642, "46": 46.92134831460674, "47": 41.95959595959596, "48": 43.075268817204304, "49": 45.44897959183673, "50": 43.93396226415094, "51": 44.352380952380955, "52": 44.94949494949495, "53": 45.835443037974684, "54": 44.83582089552239, "55": 44.15625, "56": 45.128571428571426, "57": 41.983333333333334, "58": 35.25, "59": 48.38095238095238}, "p4": {"0": 62.03409242473421, "1": 11.926605504587156, "2": 20.362068965517242, "3": 29.236842105263158, "4": 32.35632183908046, "5": 42.46875, "6": 49.524324324324326, "7": 55.984455958549226, "8": 56.44711538461539, "9": 55.614583333333336, "10": 58.64736842105263, "11": 55.8, "12": 56.81875, "13": 52.73376623376623, "14": 57.189542483660134, "15": 57.64772727272727, "16": 56.68345323741007, "17": 59.583941605839414, "18": 63.01242236024845, "19": 65.5, "20": 58.576388888888886, "21": 60.45454545454545, "22": 63.58730158730159, "23": 63.18571428571428, "24": 59.105633802816904, "25": 65.75182481751825, "26": 67.11864406779661, "27": 69.88805970149254, "28": 66.68382352941177, "29": 67.28472222222223, "30": 65.3125, "31": 67.98412698412699, "32": 64.18032786885246, "33": 68.31782945736434, "34": 65.4251968503937, "35": 70.08695652173913, "36": 63.52845528455285, "37": 70.2536231884058, "38": 65.912, "39": 69.77064220183486, "40": 69.23214285714286, "41": 68.05785123966942, "42": 64.96460176991151, "43": 66.72222222222223, "44": 68.89075630252101, "45": 67.52884615384616, "46": 72.68939393939394, "47": 69.56637168141593, "48": 68.30172413793103, "49": 70.01574803149606, "50": 67.24087591240875, "51": 67.56716417910448, "52": 66.34677419354838, "53": 71.59836065573771, "54": 70.65546218487395, "55": 71.6701030927835, "56": 73.87096774193549, "57": 77.87341772151899, "58": 79.44444444444444, "59": 77.82786885245902}, "p5": {"0": 61.66717475572154, "1": 61.66717475572154, "2": 61.66717475572154, "3": 61.66717475572154, "4": 61.66717475572154, "5": 61.396341463414636, "6": 61.51890756302521, "7": 61.84449244060475, "8": 61.49778761061947, "9": 61.46341463414634, "10": 61.34553775743707, "11": 61.21252796420582, "12": 61.177105831533474, "13": 61.392857142857146, "14": 61.46746987951807, "15": 61.94444444444444, "16": 62.0443864229765, "17": 61.584210526315786, "18": 61.03217158176944, "19": 61.278645833333336, "20": 61.58510638297872, "21": 60.940054495912804, "22": 60.67191601049869, "23": 60.79255319148936, "24": 61.4367816091954, "25": 61.917582417582416, "26": 62.19484240687679, "27": 62.265306122448976, "28": 62.34201954397394, "29": 63.10625, "30": 62.406474820143885, "31": 61.825, "32": 62.483870967741936, "33": 62.45987654320987, "34": 62.28693181818182, "35": 62.14899713467049, "36": 61.28133704735376, "37": 61.27627627627628, "38": 61.19946091644205, "39": 61.34510869565217, "40": 61.401055408970976, "41": 61.099173553719005, "42": 61.06703910614525, "43": 60.53405994550409, "44": 61.420103092783506, "45": 61.6510989010989, "46": 60.830601092896174, "47": 62.05347593582888, "48": 62.00815217391305, "49": 61.74777448071217, "50": 61.58904109589041, "51": 62.15942028985507, "52": 61.822714681440445, "53": 61.964285714285715, "54": 61.92550143266476, "55": 61.41379310344828, "56": 62.391975308641975,