{"p0": {"0": 10.0, "1": 10.0, "2": 10.0, "3": 10.0, "4": 10.0, "5": 10.0, "6": 10.0, "7": 10.0, "8": 10.0, "9": 10.0, "10": 10.0, "11": 10.0, "12": 10.0, "13": 10.0, "14": 10.0, "15": 10.0, "16": 10.0, "17": 10.0, "18": 10.0, "19": 10.0, "20": 10.0, "21": 10.0, "22": 10.0, "23": 10.0, "24": 10.0, "25": 10.0, "26": 10.0, "27": 10.0, "28": 10.0, "29": 10.0, "30": 10.0, "31": 10.0, "32": 10.0, "33": 10.0, "34": 10.0, "35": 10.0, "36": 10.0, "37": 10.0, "38": 10.0, "39": 10.0, "40": 10.0, "41": 10.0, "42": 10.0, "43": 10.0, "44": 10.0, "45": 10.0, "46": 10.0, "47": 10.0, "48": 10.0, "49": 10.0, "50": 10.0, "51": 10.0, "52": 10.0, "53": 10.0, "54": 10.0, "55": 10.0, "56": 10.0, "57": 10.0, "58": 10.0, "59": 10.0, "60": 10.0, "61": 10.0, "62": 99999.0, "63": 99999.0, "64": 99999.0, "65": 99999.0, "66": 99999.0}, "p1": {"0": 22.215250041628966, "1": 6.076923076923077, "2": 9.450980392156863, "3": 11.88, "4": 15.903225806451612, "5": 21.694915254237287, "6": 23.755244755244757, "7": 24.061643835616437, "8": 21.853658536585368, "9": 22.836363636363636, "10": 21.63963963963964, "11": 24.766129032258064, "12": 22.88679245283019, "13": 24.503937007874015, "14": 23.23611111111111, "15": 23.796875, "16": 23.862903225806452, "17": 26.420289855072465, "18": 24.14814814814815, "19": 23.130081300813007, "20": 24.11627906976744, "21": 22.5, "22": 24.595238095238095, "23": 23.37037037037037, "24": 23.785185185185185, "25": 24.317073170731707, "26": 23.440677966101696, "27": 23.816, "28": 23.02, "29": 23.390070921985817, "30": 23.205298013245034, "31": 25.860655737704917, "32": 24.205357142857142, "33": 24.68217054263566, "34": 22.391666666666666, "35": 21.96124031007752, "36": 22.873873873873872, "37": 24.11382113821138, "38": 22.48780487804878, "39": 23.38938053097345, "40": 24.01834862385321, "41": 22.31132075471698, "42": 23.10576923076923, "43": 23.745098039215687, "44": 23.705882352941178, "45": 22.504424778761063, "46": 21.94392523364486, "47": 22.43103448275862, "48": 21.726315789473684, "49": 21.157894736842106, "50": 22.0989010989011, "51": 20.855555555555554, "52": 20.699029126213592, "53": 21.105263157894736, "54": 22.611764705882354, "55": 22.21917808219178, "56": 19.466666666666665, "57": 20.397590361445783, "58": 20.443298969072163, "59": 21.48148148148148, "60": 18.096774193548388, "61": 20.213333333333335, "62": 19.933333333333334, "63": 20.71186440677966, "64": 24.446428571428573, "65": 28.6, "66": 28.75}, "p2": {"0": 33.55712812569039, "1": 15.226415094339623, "2": 21.333333333333332, "3": 21.983606557377048, "4": 23.7625, "5": 29.66355140186916, "6": 32.616, "7": 35.90298507462686, "8": 34.172661870503596, "9": 37.39181286549707, "10": 34.23841059602649, "11": 34.098765432098766, "12": 34.969465648854964, "13": 33.84172661870504, "14": 35.1271186440678, "15": 33.42016806722689, "16": 33.5, "17": 35.96, "18": 37.009803921568626, "19": 32.693069306930695, "20": 36.13333333333333, "21": 34.81, "22": 34.034188034188034, "23": 32.03738317757009, "24": 31.77777777777778, "25": 30.401960784313726, "26": 31.41509433962264, "27": 33.88461538461539, "28": 33.50476190476191, "29": 29.157894736842106, "30": 31.423076923076923, "31": 33.77570093457944, "32": 33.31666666666667, "33": 34.58064516129032, "34": 35.0609756097561, "35": 33.035714285714285, "36": 34.35897435897436, "37": 33.14705882352941, "38": 34.95, "39": 33.67032967032967, "40": 30.873684210526317, "41": 31.975609756097562, "42": 33.294117647058826, "43": 33.04597701149425, "44": 34.48936170212766, "45": 33.57954545454545, "46": 33.26086956521739, "47": 34.346666666666664, "48": 35.375, "49": 38.78048780487805, "50": 32.94117647058823, "51": 34.816901408450704, "52": 35.266666666666666, "53": 36.971830985915496, "54": 34.71232876712329, "55": 35.375, "56": 37.13793103448276, "57": 39.098591549295776, "58": 33.74324324324324, "59": 33.25757575757576, "60": 36.6, "61": 32.79365079365079, "62": 36.673469387755105, "63": 36.46938775510204, "64": 35.73913043478261, "65": 40.411764705882355, "66": 42.35294117647059}, "p3": {"0": 41.166760933999534, "1": 8.88888888888889, "2": 10.64864864864865, "3": 20.083333333333332, "4": 27.756410256410255, "5": 27.726190476190474, "6": 36.13488372093023, "7": 34.338235294117645, "8": 35.98760330578512, "9": 36.28286852589641, "10": 33.991150442477874, "11": 34.086580086580085, "12": 35.04489795918367, "13": 35.118852459016395, "14": 35.62608695652174, "15": 37.38805970149254, "16": 35.25, "17": 39.45161290322581, "18": 38.97714285714286, "19": 40.152317880794705, "20": 41.0059880239521, "21": 41.520833333333336, "22": 42.69375, "23": 41.87407407407407, "24": 42.05882352941177, "25": 41.63565891472868, "26": 44.25581395348837, "27": 44.731884057971016, "28": 40.1640625, "29": 37.09166666666667, "30": 42.16923076923077, "31": 41.95049504950495, "32": 40.5959595959596, "33": 44.63247863247863, "34": 43.02985074626866, "35": 41.63793103448276, "36": 43.85470085470085, "37": 41.73118279569893, "38": 44.585585585585584, "39": 40.92857142857143, "40": 39.78, "41": 41.40196078431372, "42": 43.13725490196079, "43": 50.93, "44": 45.36842105263158, "45": 46.375, "46": 46.58585858585859, "47": 46.68131868131868, "48": 49.1948051948052, "49": 48.51764705882353, "50": 46.41379310344828, "51": 47.785714285714285, "52": 47.260416666666664, "53": 46.526315789473685, "54": 48.87755102040816, "55": 45.74747474747475, "56": 47.42857142857143, "57": 49.27777777777778, "58": 49.62337662337662, "59": 46.973333333333336, "60": 46.5, "61": 45.96296296296296, "62": 50.246153846153845, "63": 46.63636363636363, "64": 47.294117647058826, "65": 53.125, "66": 48.27272727272727}, "p4": {"0": 63.52005137455993, "1": 24.88372093023256, "2": 26.72289156626506, "3": 31.96511627906977, "4": 39.308411214953274, "5": 44.35664335664335, "6": 48.980582524271846, "7": 55.44255319148936, "8": 58.108108108108105, "9": 54.32793522267207, "10": 57.44117647058823, "11": 55.70982142857143, "12": 54.92982456140351, "13": 53.1787072243346, "14": 56.1531914893617, "15": 57.65531914893617, "16": 58.92307692307692, "17": 53.13942307692308, "18": 58.8, "19": 59.24271844660194, "20": 54.31797235023041, "21": 59.13302752293578, "22": 56.899441340782126, "23": 58.54245283018868, "24": 59.48571428571429, "25": 62.10843373493976, "26": 63.96341463414634, "27": 65.44827586206897, "28": 66.1655172413793, "29": 70.7872340425532, "30": 65.31914893617021, "31": 69.58169934640523, "32": 70.96527777777777, "33": 68.99193548387096, "34": 70.63157894736842, "35": 70.69503546099291, "36": 71.5925925925926, "37": 70.31531531531532, "38": 69.5754716981132, "39": 68.23308270676692, "40": 68.92424242424242, "41": 71.33928571428571, "42": 73.016, "43": 67.03603603603604, "44": 66.86538461538461, "45": 69.17307692307692, "46": 68.88617886178862, "47": 68.65, "48": 68.06306306306307, "49": 70.37142857142857, "50": 68.52678571428571, "51": 69.12871287128714, "52": 73.32692307692308, "53": 71.11570247933884, "54": 71.41666666666667, "55": 68.42553191489361, "56": 76.53061224489795, "57": 68.78947368421052, "58": 70.26666666666667, "59": 71.68817204301075, "60": 69.22727272727273, "61": 71.45977011494253, "62": 71.35555555555555, "63": 74.64285714285714, "64": 77.03191489361703, "65": 83.26470588235294, "66": 81.77952755905511}, "p5": {"0": 63.31398392986556, "1": 63.31398392986556, "2": 63.31398392986556, "3": 63.31398392986556, "4": 63.31398392986556, "5": 63.43778801843318, "6": 63.18313253012048, "7": 63.44416873449131, "8": 63.263959390862944, "9": 63.19121447028424, "10": 63.162962962962965, "11": 63.14683544303797, "12": 62.650124069478906, "13": 63.007462686567166, "14": 63.02116402116402, "15": 62.83783783783784, "16": 62.766129032258064, "17": 63.084468664850135, "18": 63.28443113772455, "19": 62.852760736196316, "20": 62.86350148367953, "21": 63.354354354354356, "22": 63.23101265822785, "23": 64.3558282208589, "24": 63.90584415584416, "25": 63.728125, "26": 63.94736842105263, "27": 63.976027397260275, "28": 64.29616724738676,