{"p0": {"0": 10.0, "1": 10.0, "2": 10.0, "3": 10.0, "4": 10.0, "5": 10.0, "6": 10.0, "7": 10.0, "8": 10.0, "9": 10.0, "10": 10.0, "11": 10.0, "12": 10.0, "13": 10.0, "14": 10.0, "15": 10.0, "16": 10.0, "17": 10.0, "18": 10.0, "19": 10.0, "20": 10.0, "21": 10.0, "22": 10.0, "23": 10.0, "24": 10.0, "25": 10.0, "26": 10.0, "27": 10.0, "28": 10.0, "29": 10.0, "30": 10.0, "31": 10.0, "32": 10.0, "33": 10.0, "34": 10.0, "35": 10.0, "36": 10.0, "37": 10.0, "38": 10.0, "39": 10.0, "40": 10.0, "41": 10.0, "42": 10.0, "43": 10.0, "44": 10.0, "45": 10.0, "46": 10.0, "47": 10.0, "48": 10.0, "49": 10.0, "50": 10.0, "51": 10.0, "52": 10.0, "53": 10.0, "54": 10.0, "55": 10.0, "56": 10.0, "57": 10.0, "58": 10.0, "59": 10.0, "60": 10.0, "61": 10.0, "62": 10.0, "63": 10.0, "64": 10.0, "65": 10.0, "66": 10.0, "67": 99999.0, "68": 99999.0, "69": 99999.0, "70": 99999.0, "71": 99999.0}, "p1": {"0": 23.93431325784701, "1": 8.4375, "2": 15.08695652173913, "3": 14.513157894736842, "4": 19.530864197530864, "5": 22.634615384615383, "6": 23.918518518518518, "7": 26.17699115044248, "8": 27.49618320610687, "9": 26.96923076923077, "10": 27.87769784172662, "11": 27.294117647058822, "12": 26.528985507246375, "13": 26.68421052631579, "14": 27.107142857142858, "15": 27.227642276422763, "16": 27.666666666666668, "17": 26.458333333333332, "18": 28.342105263157894, "19": 26.794392523364486, "20": 25.80188679245283, "21": 25.775, "22": 24.70175438596491, "23": 24.581632653061224, "24": 26.60185185185185, "25": 26.023255813953487, "26": 24.6, "27": 23.544303797468356, "28": 21.942528735632184, "29": 22.705882352941178, "30": 24.762886597938145, "31": 23.423529411764704, "32": 21.095890410958905, "33": 23.678571428571427, "34": 22.571428571428573, "35": 21.49206349206349, "36": 24.681159420289855, "37": 22.704225352112676, "38": 23.014084507042252, "39": 23.4875, "40": 26.139240506329113, "41": 23.28205128205128, "42": 22.153846153846153, "43": 22.16393442622951, "44": 22.08974358974359, "45": 23.74418604651163, "46": 22.546666666666667, "47": 22.65671641791045, "48": 25.844827586206897, "49": 24.640625, "50": 23.925925925925927, "51": 24.306451612903224, "52": 24.589041095890412, "53": 23.232876712328768, "54": 23.81967213114754, "55": 24.65573770491803, "56": 25.41269841269841, "57": 23.815384615384616, "58": 26.338461538461537, "59": 22.526315789473685, "60": 24.609375, "61": 24.115384615384617, "62": 25.105882352941176, "63": 24.357142857142858, "64": 25.10810810810811, "65": 24.125, "66": 23.3125, "67": 22.21794871794872, "68": 21.07843137254902, "69": 24.081632653061224, "70": 23.77777777777778, "71": 25.627906976744185}, "p2": {"0": 31.489621129644892, "1": 5.7984496124031, "2": 6.983870967741935, "3": 11.112903225806452, "4": 14.145454545454545, "5": 17.592391304347824, "6": 24.157608695652176, "7": 23.196581196581196, "8": 25.365461847389557, "9": 25.84297520661157, "10": 27.241071428571427, "11": 26.387755102040817, "12": 24.21590909090909, "13": 23.691011235955056, "14": 23.462365591397848, "15": 24.58682634730539, "16": 22.647058823529413, "17": 21.66331658291457, "18": 27.153846153846153, "19": 26.61578947368421, "20": 27.189873417721518, "21": 27.70198675496689, "22": 26.812121212121212, "23": 28.384057971014492, "24": 27.666666666666668, "25": 29.159420289855074, "26": 31.191176470588236, "27": 28.9765625, "28": 30.475, "29": 30.385826771653544, "30": 32.78991596638655, "31": 28.64, "32": 32.25892857142857, "33": 32.63, "34": 36.58620689655172, "35": 36.629629629629626, "36": 35.80952380952381, "37": 36.68571428571428, "38": 35.711711711711715, "39": 36.075268817204304, "40": 38.8728813559322, "41": 36.78761061946903, "42": 38.34313725490196, "43": 36.648936170212764, "44": 38.819148936170215, "45": 34.831460674157306, "46": 36.0, "47": 37.433734939759034, "48": 37.66981132075472, "49": 37.824175824175825, "50": 36.771186440677965, "51": 36.89473684210526, "52": 37.116504854368934, "53": 36.107142857142854, "54": 39.19318181818182, "55": 36.27777777777778, "56": 36.550561797752806, "57": 39.22330097087379, "58": 36.913978494623656, "59": 39.64102564102564, "60": 36.74074074074074, "61": 37.53488372093023, "62": 35.609756097560975, "63": 36.37614678899082, "64": 36.75925925925926, "65": 36.45070422535211, "66": 36.55357142857143, "67": 36.16949152542373, "68": 36.86363636363637, "69": 34.875, "70": 46.38461538461539, "71": 43.904761904761905}, "p3": {"0": 41.41132938291139, "1": 17.470588235294116, "2": 21.869565217391305, "3": 29.236363636363638, "4": 35.24691358024691, "5": 42.44881889763779, "6": 47.37179487179487, "7": 46.82658959537572, "8": 47.71348314606742, "9": 45.530386740331494, "10": 46.41621621621621, "11": 44.09574468085106, "12": 46.091503267973856, "13": 44.63076923076923, "14": 48.46, "15": 47.09090909090909, "16": 48.99173553719008, "17": 50.226027397260275, "18": 46.42537313432836, "19": 49.22018348623853, "20": 46.640776699029125, "21": 49.833333333333336, "22": 45.231884057971016, "23": 44.6, "24": 44.107142857142854, "25": 44.08108108108108, "26": 44.85897435897436, "27": 40.838235294117645, "28": 47.48275862068966, "29": 47.5875, "30": 45.578947368421055, "31": 42.28358208955224, "32": 43.98550724637681, "33": 47.023809523809526, "34": 43.67605633802817, "35": 42.21621621621622, "36": 36.08860759493671, "37": 36.973684210526315, "38": 38.62686567164179, "39": 47.29333333333334, "40": 43.02469135802469, "41": 39.0, "42": 34.296875, "43": 43.0, "44": 38.5, "45": 44.60655737704918, "46": 40.614285714285714, "47": 40.1625, "48": 42.885245901639344, "49": 36.734375, "50": 34.24561403508772, "51": 38.40277777777778, "52": 39.88235294117647, "53": 35.83582089552239, "54": 42.042857142857144, "55": 39.36507936507937, "56": 47.35087719298246, "57": 37.708333333333336, "58": 38.56, "59": 36.87301587301587, "60": 38.682539682539684, "61": 37.265625, "62": 39.98571428571429, "63": 39.0, "64": 37.354166666666664, "65": 36.517857142857146, "66": 35.666666666666664, "67": 41.08, "68": 41.241379310344826, "69": 37.28125, "70": 39.0, "71": 39.666666666666664}, "p4": {"0": 59.50251387409333, "1": 22.306501547987615, "2": 29.089655172413792, "3": 30.366863905325445, "4": 34.33552631578947, "5": 36.07514450867052, "6": 43.1656050955414, "7": 46.95428571428572, "8": 43.30057803468208, "9": 42.54970760233918, "10": 46.2032967032967, "11": 42.40340909090909, "12": 42.496855345911946, "13": 46.53378378378378, "14": 43.79558011049724, "15": 43.62420382165605, "16": 44.79389312977099, "17": 42.15, "18": 42.150442477876105, "19": 47.21487603305785, "20": 42.19847328244275, "21": 41.992592592592594, "22": 47.992063492063494, "23": 43.83157894736842, "24": 57.56164383561644, "25": 52.63291139240506, "26": 53.58904109589041, "27": 58.296875, "28": 62.84615384615385, "29": 62.74242424242424, "30": 61.9375, "31": 59.52, "32": 62.67796610169491, "33": 66.01470588235294, "34": 61.9344262295082, "35": 64.91891891891892, "36": 68.83561643835617, "37": 63.44871794871795, "38": 71.89393939393939, "39": 71.03846153846153, "40": 71.02631578947368, "41": 63.457142857142856, "42": 65.43055555555556, "43": 74.82191780821918, "44": 66.7, "45": 72.77272727272727, "46": 71.2, "47": 68.36842105263158, "48": 70.0506329113924, "49": 71.08791208791209, "50": 71.70422535211267, "51": 75.25396825396825, "52": 74.13432835820896, "53": 68.73015873015873, "54": 66.13846153846154, "55": 71.64179104477611, "56": 68.15384615384616, "57": 69.6125, "58": 69.54166666666667, "59": 72.76388888888889, "60": 68.72549019607843, "61": 70.71604938271605, "62": 72.15625, "63": 64.6969696969697, "64": 72.0952380952381, "65": 70.33766233766234, "66": 71.03921568627452, "67": 77.30645161290323, "68": 72.77142857142857, "69": 76.33870967741936, "70": 80.7090909090909, "71": 79.78125}, "p5": {"0": 61.66578095492137, "1": 61.66578095492137, "2": 61.66578095492137, "3": 61.66578095492137, "4": 61.66578095492137, "5": 61.90752688172043, "6": 61.64705882352941, "7": 61.970338983050844, "8": 61.90528634361233,