{"p0": {"0": 10.0, "1": 10.0, "2": 10.0, "3": 10.0, "4": 10.0, "5": 10.0, "6": 10.0, "7": 10.0, "8": 10.0, "9": 10.0, "10": 10.0, "11": 10.0, "12": 10.0, "13": 10.0, "14": 10.0, "15": 10.0, "16": 10.0, "17": 10.0, "18": 10.0, "19": 10.0, "20": 10.0, "21": 10.0, "22": 10.0, "23": 10.0, "24": 10.0, "25": 10.0, "26": 10.0, "27": 10.0, "28": 10.0, "29": 10.0, "30": 10.0, "31": 10.0, "32": 10.0, "33": 10.0, "34": 10.0, "35": 10.0, "36": 10.0, "37": 10.0, "38": 10.0, "39": 10.0, "40": 10.0, "41": 10.0, "42": 10.0, "43": 10.0, "44": 10.0, "45": 10.0, "46": 10.0, "47": 10.0, "48": 10.0, "49": 10.0, "50": 10.0, "51": 10.0, "52": 10.0, "53": 10.0, "54": 10.0, "55": 10.0, "56": 10.0, "57": 10.0, "58": 10.0, "59": 10.0, "60": 10.0, "61": 10.0, "62": 10.0, "63": 10.0, "64": 10.0, "65": 10.0, "66": 10.0, "67": 10.0, "68": 10.0, "69": 10.0, "70": 10.0, "71": 10.0, "72": 10.0, "73": 10.0, "74": 10.0, "75": 99999.0, "76": 99999.0, "77": 99999.0, "78": 99999.0, "79": 99999.0}, "p1": {"0": 18.57997186808977, "1": 5.617977528089888, "2": 7.26890756302521, "3": 10.082706766917294, "4": 13.573333333333334, "5": 15.865168539325843, "6": 17.13095238095238, "7": 19.565934065934066, "8": 20.035502958579883, "9": 18.716867469879517, "10": 20.256983240223462, "11": 19.125714285714285, "12": 18.906077348066297, "13": 19.675675675675677, "14": 20.572222222222223, "15": 18.75151515151515, "16": 20.698924731182796, "17": 19.541463414634148, "18": 20.973958333333332, "19": 20.102409638554217, "20": 19.808139534883722, "21": 17.40449438202247, "22": 18.205263157894738, "23": 20.440414507772022, "24": 20.18125, "25": 18.66891891891892, "26": 19.29375, "27": 19.466666666666665, "28": 21.136986301369863, "29": 20.575, "30": 21.11042944785276, "31": 21.00574712643678, "32": 18.724550898203592, "33": 19.99397590361446, "34": 20.205405405405404, "35": 20.166666666666668, "36": 21.61392405063291, "37": 19.769736842105264, "38": 17.20769230769231, "39": 19.05095541401274, "40": 17.6, "41": 19.462962962962962, "42": 19.44078947368421, "43": 19.834437086092716, "44": 20.8, "45": 18.904761904761905, "46": 19.350993377483444, "47": 17.784313725490197, "48": 18.107142857142858, "49": 18.830985915492956, "50": 19.016949152542374, "51": 18.524590163934427, "52": 20.11111111111111, "53": 17.43609022556391, "54": 19.63157894736842, "55": 17.387323943661972, "56": 18.42222222222222, "57": 20.241666666666667, "58": 18.709923664122137, "59": 17.892307692307693, "60": 18.033898305084747, "61": 17.716535433070867, "62": 17.25, "63": 15.456692913385826, "64": 18.18421052631579, "65": 15.363636363636363, "66": 19.71969696969697, "67": 18.36190476190476, "68": 18.936363636363637, "69": 16.971153846153847, "70": 18.392156862745097, "71": 17.92079207920792, "72": 17.94, "73": 16.805084745762713, "74": 15.64, "75": 17.142857142857142, "76": 16.507042253521128, "77": 19.056603773584907, "78": 26.885714285714286, "79": 27.551020408163264}, "p2": {"0": 28.884705468907427, "1": 10.178217821782178, "2": 13.42, "3": 16.369230769230768, "4": 18.02097902097902, "5": 18.265060240963855, "6": 23.202312138728324, "7": 24.99497487437186, "8": 28.36796536796537, "9": 28.919540229885058, "10": 31.16906474820144, "11": 29.17361111111111, "12": 27.93069306930693, "13": 26.783251231527093, "14": 26.712962962962962, "15": 27.14864864864865, "16": 25.040697674418606, "17": 24.552083333333332, "18": 28.124324324324323, "19": 30.671875, "20": 30.519774011299436, "21": 29.775956284153004, "22": 28.226744186046513, "23": 30.786516853932586, "24": 27.53614457831325, "25": 30.297142857142855, "26": 27.942307692307693, "27": 28.597633136094675, "28": 28.793939393939393, "29": 29.305084745762713, "30": 28.229411764705883, "31": 29.71345029239766, "32": 28.514792899408285, "33": 27.285714285714285, "34": 28.91304347826087, "35": 29.246753246753247, "36": 27.4421768707483, "37": 26.916083916083917, "38": 27.931506849315067, "39": 27.93548387096774, "40": 27.15277777777778, "41": 28.98611111111111, "42": 26.462585034013607, "43": 26.27906976744186, "44": 28.138157894736842, "45": 29.287769784172664, "46": 30.32, "47": 30.8843537414966, "48": 33.78260869565217, "49": 31.37984496124031, "50": 31.596774193548388, "51": 31.888, "52": 29.233333333333334, "53": 29.833333333333332, "54": 30.130434782608695, "55": 32.64393939393939, "56": 32.556451612903224, "57": 32.00877192982456, "58": 30.808333333333334, "59": 28.688524590163933, "60": 30.6734693877551, "61": 29.0, "62": 32.8130081300813, "63": 31.678571428571427, "64": 31.032258064516128, "65": 33.41747572815534, "66": 32.796460176991154, "67": 30.850467289719628, "68": 30.0, "69": 29.54385964912281, "70": 32.174311926605505, "71": 32.44094488188976, "72": 30.99137931034483, "73": 30.53684210526316, "74": 30.763440860215052, "75": 31.708333333333332, "76": 34.278481012658226, "77": 30.55, "78": 41.04545454545455, "79": 40.58064516129032}, "p3": {"0": 42.1240594497007, "1": 10.209302325581396, "2": 8.491891891891893, "3": 22.561643835616437, "4": 27.791044776119403, "5": 32.66860465116279, "6": 39.30612244897959, "7": 40.669603524229075, "8": 40.68292682926829, "9": 42.63295880149813, "10": 44.530364372469634, "11": 42.05882352941177, "12": 40.981042654028435, "13": 44.04035874439462, "14": 44.614525139664806, "15": 45.111111111111114, "16": 45.166666666666664, "17": 46.05113636363637, "18": 43.38953488372093, "19": 48.88235294117647, "20": 49.07027027027027, "21": 47.40506329113924, "22": 48.163636363636364, "23": 48.93421052631579, "24": 49.125, "25": 46.014388489208635, "26": 45.97540983606557, "27": 47.641379310344824, "28": 48.45774647887324, "29": 38.609022556390975, "30": 43.24576271186441, "31": 48.9009009009009, "32": 43.77777777777778, "33": 44.14655172413793, "34": 44.68852459016394, "35": 46.21818181818182, "36": 44.53913043478261, "37": 47.99107142857143, "38": 41.9, "39": 47.308411214953274, "40": 42.45614035087719, "41": 45.63809523809524, "42": 47.29807692307692, "43": 44.58064516129032, "44": 37.574074074074076, "45": 46.705882352941174, "46": 46.796460176991154, "47": 40.25, "48": 46.43434343434343, "49": 44.666666666666664, "50": 45.348314606741575, "51": 44.81012658227848, "52": 40.73684210526316, "53": 39.810526315789474, "54": 44.166666666666664, "55": 44.404761904761905, "56": 42.81944444444444, "57": 39.741379310344826, "58": 38.246153846153845, "59": 40.189189189189186, "60": 40.05714285714286, "61": 40.690140845070424, "62": 44.140625, "63": 43.13559322033898, "64": 39.232142857142854, "65": 42.98148148148148, "66": 38.03076923076923, "67": 38.53448275862069, "68": 36.46774193548387, "69": 40.34615384615385, "70": 39.859375, "71": 40.04109589041096, "72": 39.18181818181818, "73": 39.702127659574465, "74": 41.15151515151515, "75": 41.1, "76": 43.857142857142854, "77": 44.88461538461539, "78": 46.0, "79": 53.78048780487805}, "p4": {"0": 46.798896731829295, "1": 21.727868852459018, "2": 21.7874251497006, "3": 23.2, "4": 24.367491166077738, "5": 27.780405405405407, "6": 32.13513513513514, "7": 34.05039787798408, "8": 33.49226804123711, "9": 37.85049019607843, "10": 37.85263157894737, "11": 33.99728260869565, "12": 33.89385474860335, "13": 32.642105263157895, "14": 32.88343558282209, "15": 34.02416918429003, "16": 32.04154302670623, "17": 33.0828025477707, "18": 31.58219178082192, "19": 34.72727272727273, "20": 35.18702290076336, "21": 34.69064748201439, "22": 35.531007751937985, "23": 32.15748031496063, "24": 34.85053380782918, "25": 34.93283582089552, "26": 35.95020746887967, "27": 36.082644628099175, "28": 35.80616740088106, "29": 34.93269230769231, "30": 40.48768472906404, "31": 41.9639175257732, "32": 41.94285714285714, "33": 45.0258064516129, "34": 41.483870967741936, "35": 47.95054945054945, "36": 45.53846153846154, "37": 47.75333333333333, "38": 52.41558441558441, "39": 46.75, "40": 52.037433155080215, "41": 55.44736842105263, "42": 52.838509316770185, "43": 56.63333333333333, "44": 49.4140127388535, "45": 51.96875, "46": 53.35502958579882, "47": 51.25,