{"p0": {"0": 10.0, "1": 10.0, "2": 10.0, "3": 10.0, "4": 10.0, "5": 10.0, "6": 10.0, "7": 10.0, "8": 10.0, "9": 10.0, "10": 10.0, "11": 10.0, "12": 10.0, "13": 10.0, "14": 10.0, "15": 10.0, "16": 10.0, "17": 10.0, "18": 10.0, "19": 10.0, "20": 10.0, "21": 10.0, "22": 10.0, "23": 10.0, "24": 10.0, "25": 10.0, "26": 10.0, "27": 10.0, "28": 10.0, "29": 10.0, "30": 10.0, "31": 10.0, "32": 10.0, "33": 10.0, "34": 10.0, "35": 10.0, "36": 10.0, "37": 10.0, "38": 10.0, "39": 10.0, "40": 10.0, "41": 10.0, "42": 10.0, "43": 10.0, "44": 10.0, "45": 10.0, "46": 10.0, "47": 10.0, "48": 10.0, "49": 10.0, "50": 10.0, "51": 10.0, "52": 10.0, "53": 10.0, "54": 10.0, "55": 10.0, "56": 10.0, "57": 10.0, "58": 10.0, "59": 10.0, "60": 10.0, "61": 99999.0, "62": 99999.0, "63": 99999.0, "64": 99999.0, "65": 99999.0}, "p1": {"0": 26.99169976001845, "1": 26.99169976001845, "2": 13.852941176470589, "3": 18.02857142857143, "4": 26.043478260869566, "5": 26.459016393442624, "6": 30.507462686567163, "7": 28.48076923076923, "8": 29.24390243902439, "9": 29.757575757575758, "10": 29.634615384615383, "11": 27.561643835616437, "12": 27.014285714285716, "13": 26.727272727272727, "14": 27.96969696969697, "15": 29.510204081632654, "16": 27.854545454545455, "17": 30.085714285714285, "18": 27.4, "19": 26.934782608695652, "20": 27.93617021276596, "21": 27.350877192982455, "22": 29.693548387096776, "23": 26.688524590163933, "24": 28.254545454545454, "25": 29.314285714285713, "26": 27.377777777777776, "27": 28.583333333333332, "28": 27.87037037037037, "29": 26.9811320754717, "30": 27.22222222222222, "31": 27.833333333333332, "32": 25.45614035087719, "33": 26.322033898305083, "34": 27.40740740740741, "35": 26.52112676056338, "36": 26.536585365853657, "37": 27.2, "38": 25.892857142857142, "39": 26.959183673469386, "40": 27.177777777777777, "41": 26.80851063829787, "42": 27.39622641509434, "43": 27.830188679245282, "44": 26.28301886792453, "45": 27.775510204081634, "46": 28.866666666666667, "47": 28.0, "48": 25.46153846153846, "49": 26.15, "50": 26.5, "51": 27.32075471698113, "52": 26.569444444444443, "53": 27.815384615384616, "54": 27.566037735849058, "55": 26.491525423728813, "56": 27.410714285714285, "57": 24.483333333333334, "58": 26.666666666666668, "59": 24.7, "60": 24.970588235294116, "61": 25.11111111111111, "62": 25.175, "63": 25.974358974358974, "64": 29.17391304347826, "65": 29.322580645161292}, "p2": {"0": 37.277194422833404, "1": 37.277194422833404, "2": 9.0, "3": 25.08695652173913, "4": 23.533333333333335, "5": 30.462962962962962, "6": 40.42666666666667, "7": 37.063291139240505, "8": 38.87012987012987, "9": 40.05263157894737, "10": 36.40277777777778, "11": 40.93333333333333, "12": 36.049180327868854, "13": 38.52542372881356, "14": 41.129411764705885, "15": 37.34177215189873, "16": 39.2112676056338, "17": 38.65822784810127, "18": 39.421875, "19": 35.802083333333336, "20": 37.53947368421053, "21": 40.56164383561644, "22": 39.096385542168676, "23": 39.40845070422535, "24": 36.36363636363637, "25": 37.367816091954026, "26": 37.78481012658228, "27": 39.49411764705882, "28": 41.07692307692308, "29": 36.64102564102564, "30": 37.51948051948052, "31": 37.42391304347826, "32": 35.7887323943662, "33": 35.66279069767442, "34": 37.55434782608695, "35": 38.690140845070424, "36": 39.77049180327869, "37": 37.21978021978022, "38": 37.26315789473684, "39": 40.93478260869565, "40": 39.96629213483146, "41": 35.4875, "42": 37.946666666666665, "43": 36.925, "44": 40.98550724637681, "45": 40.62222222222222, "46": 37.0, "47": 35.0919540229885, "48": 36.97260273972603, "49": 32.770270270270274, "50": 37.37662337662338, "51": 39.43835616438356, "52": 39.67948717948718, "53": 38.22093023255814, "54": 35.90909090909091, "55": 37.27272727272727, "56": 37.666666666666664, "57": 38.465753424657535, "58": 38.2027027027027, "59": 37.648648648648646, "60": 35.91549295774648, "61": 36.224489795918366, "62": 37.51190476190476, "63": 42.06896551724138, "64": 43.714285714285715, "65": 45.52307692307692}, "p3": {"0": 41.904847308545726, "1": 10.923076923076923, "2": 10.333333333333334, "3": 26.38888888888889, "4": 40.74418604651163, "5": 40.05797101449275, "6": 47.349514563106794, "7": 42.823008849557525, "8": 46.60504201680672, "9": 49.10077519379845, "10": 46.922413793103445, "11": 45.675, "12": 47.8411214953271, "13": 47.65765765765766, "14": 44.7, "15": 45.38532110091743, "16": 48.64646464646464, "17": 46.22330097087379, "18": 40.783018867924525, "19": 45.443396226415096, "20": 38.62765957446808, "21": 39.43434343434343, "22": 44.714285714285715, "23": 45.58426966292135, "24": 44.8125, "25": 48.609756097560975, "26": 40.57142857142857, "27": 44.30487804878049, "28": 40.14705882352941, "29": 45.2, "30": 47.37662337662338, "31": 42.177215189873415, "32": 43.791666666666664, "33": 46.733333333333334, "34": 43.25333333333333, "35": 45.467532467532465, "36": 47.03703703703704, "37": 45.5, "38": 48.35294117647059, "39": 44.985915492957744, "40": 43.63636363636363, "41": 43.14492753623188, "42": 42.51063829787234, "43": 43.19672131147541, "44": 37.52054794520548, "45": 43.80821917808219, "46": 41.515625, "47": 40.28, "48": 43.25396825396825, "49": 40.36231884057971, "50": 44.11267605633803, "51": 41.32911392405063, "52": 39.6875, "53": 38.63793103448276, "54": 41.310344827586206, "55": 43.98412698412698, "56": 38.25373134328358, "57": 42.7, "58": 44.186440677966104, "59": 41.21052631578947, "60": 39.41379310344828, "61": 45.62222222222222, "62": 27.294117647058822, "63": 31.419354838709676, "64": 39.10526315789474, "65": 46.03333333333333}, "p4": {"0": 62.269034870826204, "1": 27.88888888888889, "2": 21.15625, "3": 32.642857142857146, "4": 51.2, "5": 53.5, "6": 54.729729729729726, "7": 63.60215053763441, "8": 61.166666666666664, "9": 62.65, "10": 57.47, "11": 53.733333333333334, "12": 52.89090909090909, "13": 50.9390243902439, "14": 57.375, "15": 57.25, "16": 58.46875, "17": 57.26315789473684, "18": 60.36363636363637, "19": 58.282051282051285, "20": 53.55294117647059, "21": 59.8051948051948, "22": 59.19178082191781, "23": 64.06944444444444, "24": 59.5679012345679, "25": 62.436619718309856, "26": 59.62686567164179, "27": 60.885714285714286, "28": 64.2741935483871, "29": 64.70886075949367, "30": 65.98412698412699, "31": 70.62121212121212, "32": 65.56338028169014, "33": 68.68253968253968, "34": 61.701298701298704, "35": 63.583333333333336, "36": 63.205882352941174, "37": 64.08108108108108, "38": 65.0, "39": 63.31666666666667, "40": 62.28767123287671, "41": 64.95294117647059, "42": 61.78181818181818, "43": 67.06060606060606, "44": 63.710144927536234, "45": 67.43055555555556, "46": 61.31506849315068, "47": 67.64179104477611, "48": 66.82089552238806, "49": 65.2948717948718, "50": 63.76923076923077, "51": 68.33333333333333, "52": 66.0561797752809, "53": 70.86585365853658, "54": 69.83333333333333, "55": 66.61194029850746, "56": 68.62295081967213, "57": 67.34246575342466, "58": 71.77631578947368, "59": 66.52941176470588, "60": 69.64285714285714, "61": 73.7536231884058, "62": 76.06896551724138, "63": 79.38888888888889, "64": 83.26, "65": 84.9041095890411}, "p5": {"0": 59.524187982312135, "1": 59.524187982312135, "2": 59.524187982312135, "3": 59.524187982312135, "4": 59.524187982312135, "5": 59.72533333333333, "6": 59.43390804597701, "7": 58.92777777777778, "8": 59.625, "9": 59.41847826086956, "10": 59.942622950819676, "11": 59.4027397260274, "12": 59.4791086350975, "13": 59.44204851752021, "14": 59.078590785907856, "15": 59.45454545454545, "16": 59.55714285714286, "17": 59.56782334384858, "18": 58.99404761904762, "19": 59.18333333333333, "20": 59.18543046357616, "21": 58.59363957597173, "22": 58.40878378378378, "23": 58.54074074074074, "24": 58.05797101449275, "25": 58.416030534351144, "26": 58.54618473895582, "27": 58.56175298804781, "28": 58.82327586206897, "29": 60.20627802690583, "30": 59.762135922330096, "31": 59.35175879396985, "32": 58.23936170212766, "33": 59.05298013245033, "34": 59.83684210526316,