{"p0": {"0": 10.0, "1": 10.0, "2": 10.0, "3": 10.0, "4": 10.0, "5": 10.0, "6": 10.0, "7": 10.0, "8": 10.0, "9": 10.0, "10": 10.0, "11": 10.0, "12": 10.0, "13": 10.0, "14": 10.0, "15": 10.0, "16": 10.0, "17": 10.0, "18": 10.0, "19": 10.0, "20": 10.0, "21": 10.0, "22": 10.0, "23": 10.0, "24": 10.0, "25": 10.0, "26": 10.0, "27": 10.0, "28": 10.0, "29": 10.0, "30": 10.0, "31": 10.0, "32": 10.0, "33": 10.0, "34": 10.0, "35": 10.0, "36": 10.0, "37": 10.0, "38": 10.0, "39": 10.0, "40": 10.0, "41": 10.0, "42": 10.0, "43": 10.0, "44": 10.0, "45": 10.0, "46": 10.0, "47": 10.0, "48": 10.0, "49": 10.0, "50": 10.0, "51": 10.0, "52": 10.0, "53": 10.0, "54": 10.0, "55": 10.0, "56": 10.0, "57": 10.0, "58": 10.0, "59": 10.0, "60": 10.0, "61": 10.0, "62": 10.0, "63": 10.0, "64": 10.0, "65": 10.0, "66": 99999.0, "67": 99999.0, "68": 99999.0, "69": 99999.0}, "p1": {"0": 22.695457820356804, "1": 6.806451612903226, "2": 10.280898876404494, "3": 12.81081081081081, "4": 17.647058823529413, "5": 19.514450867052023, "6": 23.57948717948718, "7": 23.113513513513514, "8": 22.657608695652176, "9": 22.26797385620915, "10": 22.988636363636363, "11": 23.511627906976745, "12": 22.528735632183906, "13": 22.88421052631579, "14": 23.017142857142858, "15": 22.16374269005848, "16": 23.865921787709496, "17": 23.203821656050955, "18": 24.29850746268657, "19": 23.335227272727273, "20": 25.29824561403509, "21": 25.380368098159508, "22": 22.158536585365855, "23": 23.402366863905325, "24": 24.369230769230768, "25": 23.43975903614458, "26": 23.209302325581394, "27": 23.761658031088082, "28": 23.129186602870814, "29": 23.829268292682926, "30": 23.829268292682926, "31": 22.586206896551722, "32": 23.017341040462426, "33": 21.349693251533743, "34": 22.552325581395348, "35": 23.45294117647059, "36": 21.47019867549669, "37": 22.65648854961832, "38": 21.26, "39": 21.091463414634145, "40": 23.813432835820894, "41": 22.51572327044025, "42": 22.881481481481483, "43": 24.433823529411764, "44": 22.22818791946309, "45": 23.22222222222222, "46": 24.30821917808219, "47": 24.75, "48": 24.738805970149254, "49": 23.21167883211679, "50": 23.54700854700855, "51": 21.850467289719628, "52": 22.974358974358974, "53": 23.603448275862068, "54": 23.838383838383837, "55": 22.237113402061855, "56": 25.473214285714285, "57": 24.788617886178862, "58": 22.663716814159294, "59": 24.247311827956988, "60": 25.82, "61": 25.01923076923077, "62": 22.239669421487605, "63": 22.354166666666668, "64": 22.228070175438596, "65": 24.54736842105263, "66": 23.655555555555555, "67": 21.35, "68": 29.513513513513512, "69": 26.21212121212121}, "p2": {"0": 32.01498501181796, "1": 14.106382978723405, "2": 18.08888888888889, "3": 19.9875, "4": 22.62162162162162, "5": 23.796610169491526, "6": 31.655844155844157, "7": 31.966101694915253, "8": 31.062857142857144, "9": 35.49726775956284, "10": 33.18518518518518, "11": 31.693989071038253, "12": 34.66428571428571, "13": 30.705882352941178, "14": 32.3046875, "15": 30.90909090909091, "16": 30.466257668711656, "17": 32.73076923076923, "18": 34.2171052631579, "19": 34.90588235294118, "20": 34.827338129496404, "21": 31.62204724409449, "22": 34.33812949640288, "23": 32.8984375, "24": 34.152, "25": 33.08450704225352, "26": 33.928, "27": 33.01315789473684, "28": 32.41860465116279, "29": 34.62015503875969, "30": 31.694915254237287, "31": 33.58267716535433, "32": 33.51449275362319, "33": 34.37903225806452, "34": 33.48148148148148, "35": 33.770992366412216, "36": 31.356589147286822, "37": 31.31192660550459, "38": 34.1484375, "39": 34.6695652173913, "40": 32.168067226890756, "41": 33.90551181102362, "42": 35.58888888888889, "43": 34.32, "44": 33.02521008403362, "45": 31.1858407079646, "46": 32.9, "47": 32.23809523809524, "48": 32.82905982905983, "49": 32.175925925925924, "50": 31.153284671532848, "51": 34.40384615384615, "52": 32.60504201680672, "53": 33.49090909090909, "54": 32.903225806451616, "55": 33.857142857142854, "56": 34.305263157894736, "57": 34.85849056603774, "58": 34.577235772357724, "59": 30.31132075471698, "60": 35.13953488372093, "61": 32.05, "62": 33.54347826086956, "63": 32.56578947368421, "64": 33.1375, "65": 28.66304347826087, "66": 25.35, "67": 28.07894736842105, "68": 30.884615384615383, "69": 45.44}, "p3": {"0": 46.910425098008474, "1": 16.494949494949495, "2": 17.69736842105263, "3": 22.528089887640448, "4": 28.478632478632477, "5": 37.26229508196721, "6": 39.64, "7": 41.005434782608695, "8": 41.388888888888886, "9": 43.112554112554115, "10": 41.34977578475336, "11": 38.70952380952381, "12": 38.045, "13": 39.1948051948052, "14": 40.320754716981135, "15": 38.83157894736842, "16": 37.98039215686274, "17": 36.38502673796791, "18": 36.47, "19": 37.62777777777778, "20": 41.0377358490566, "21": 40.822429906542055, "22": 39.24858757062147, "23": 44.168539325842694, "24": 46.6764705882353, "25": 42.92121212121212, "26": 46.08, "27": 47.318518518518516, "28": 49.82119205298013, "29": 51.40384615384615, "30": 45.48026315789474, "31": 53.02721088435374, "32": 52.666666666666664, "33": 53.25625, "34": 53.2, "35": 50.148148148148145, "36": 50.392857142857146, "37": 53.04117647058823, "38": 53.75471698113208, "39": 53.06410256410256, "40": 52.780141843971634, "41": 48.151315789473685, "42": 51.61363636363637, "43": 51.473684210526315, "44": 52.65384615384615, "45": 54.46616541353384, "46": 53.00694444444444, "47": 51.54362416107382, "48": 52.197278911564624, "49": 52.7891156462585, "50": 51.61029411764706, "51": 56.248062015503876, "52": 52.219858156028366, "53": 52.679245283018865, "54": 50.162962962962965, "55": 53.12781954887218, "56": 53.92857142857143, "57": 51.34146341463415, "58": 49.76, "59": 51.56875, "60": 48.512, "61": 52.644444444444446, "62": 55.92248062015504, "63": 52.73076923076923, "64": 53.294642857142854, "65": 55.15492957746479, "66": 53.52517985611511, "67": 56.91044776119403, "68": 63.43478260869565, "69": 61.31410256410256}, "p4": {"0": 48.254540334613694, "1": 48.254540334613694, "2": 48.254540334613694, "3": 48.254540334613694, "4": 48.139380530973455, "5": 48.054736842105264, "6": 47.6865671641791, "7": 47.5112016293279, "8": 47.76113360323887, "9": 47.66230936819172, "10": 47.83130081300813, "11": 47.857438016528924, "12": 48.207364341085274, "13": 47.80268199233716, "14": 47.928030303030305, "15": 47.96743295019157, "16": 47.860619469026545, "17": 48.377272727272725, "18": 48.235431235431236, "19": 47.77014218009479, "20": 48.21040189125296, "21": 48.96029776674938, "22": 48.30386740331492, "23": 48.69268292682927, "24": 48.294871794871796, "25": 49.00826446280992, "26": 48.60055096418733, "27": 49.180473372781066, "28": 48.880466472303205, "29": 48.93729372937294, "30": 48.26797385620915, "31": 49.49367088607595, "32": 48.71378091872791, "33": 48.11333333333334, "34": 48.087786259541986, "35": 49.01136363636363, "36": 48.42231075697211, "37": 48.44244604316547, "38": 48.62676056338028, "39": 48.40728476821192, "40": 48.061290322580646, "41": 47.83385579937304, "42": 48.182857142857145, "43": 47.77840909090909, "44": 47.6958904109589, "45": 47.6764705882353, "46": 47.43611111111111, "47": 47.598971722365036, "48": 47.01336898395722, "49": 47.07368421052632, "50": 47.64784946236559, "51": 47.729050279329606, "52": 48.35218508997429, "53": 47.90954773869347, "54": 48.864102564102566, "55": 48.10290237467019, "56": 48.5013698630137, "57": 48.99465240641711, "58": 48.26109660574413, "59": 48.774752475247524, "60": 48.91327913279133, "61": 49.00271002710027, "62": 48.81741573033708, "63": 48.570200573065904, "64": 48.84696569920845, "65": 48.66571428571429, "66": 48.57058823529412, "67": 48.32640949554896, "68": 48.002881844380404, "69": 48.286153846153844}}