{"p0": {"0": 10.0, "1": 10.0, "2": 10.0, "3": 10.0, "4": 10.0, "5": 10.0, "6": 10.0, "7": 10.0, "8": 10.0, "9": 10.0, "10": 10.0, "11": 10.0, "12": 10.0, "13": 10.0, "14": 10.0, "15": 10.0, "16": 10.0, "17": 10.0, "18": 10.0, "19": 10.0, "20": 10.0, "21": 10.0, "22": 10.0, "23": 10.0, "24": 10.0, "25": 10.0, "26": 10.0, "27": 10.0, "28": 10.0, "29": 10.0, "30": 10.0, "31": 10.0, "32": 10.0, "33": 10.0, "34": 10.0, "35": 10.0, "36": 10.0, "37": 10.0, "38": 10.0, "39": 10.0, "40": 10.0, "41": 10.0, "42": 10.0, "43": 10.0, "44": 10.0, "45": 10.0, "46": 10.0, "47": 10.0, "48": 10.0, "49": 10.0, "50": 10.0, "51": 10.0, "52": 10.0, "53": 10.0, "54": 10.0, "55": 10.0, "56": 10.0, "57": 10.0, "58": 10.0, "59": 10.0, "60": 10.0, "61": 10.0, "62": 10.0, "63": 10.0, "64": 10.0, "65": 10.0, "66": 10.0, "67": 10.0, "68": 10.0, "69": 10.0, "70": 10.0, "71": 10.0, "72": 10.0, "73": 10.0, "74": 10.0, "75": 10.0, "76": 10.0, "77": 10.0, "78": 10.0, "79": 10.0, "80": 10.0, "81": 10.0, "82": 10.0, "83": 10.0, "84": 10.0, "85": 99999.0, "86": 99999.0, "87": 99999.0, "88": 99999.0}, "p1": {"0": 18.889675531389575, "1": 7.325, "2": 9.370786516853933, "3": 12.14655172413793, "4": 14.462962962962964, "5": 17.782312925170068, "6": 19.865248226950353, "7": 19.93877551020408, "8": 19.205607476635514, "9": 16.992248062015506, "10": 19.41044776119403, "11": 20.380281690140844, "12": 18.598684210526315, "13": 20.032258064516128, "14": 20.748148148148147, "15": 20.10144927536232, "16": 20.289256198347108, "17": 21.39855072463768, "18": 20.24137931034483, "19": 20.6015625, "20": 20.96153846153846, "21": 21.446969696969695, "22": 21.828358208955223, "23": 19.33974358974359, "24": 22.080291970802918, "25": 21.466666666666665, "26": 22.363013698630137, "27": 21.664233576642335, "28": 20.104477611940297, "29": 19.25619834710744, "30": 21.617283950617285, "31": 20.51818181818182, "32": 21.781690140845072, "33": 20.220238095238095, "34": 20.5, "35": 19.9281045751634, "36": 20.968503937007874, "37": 20.4390243902439, "38": 20.485915492957748, "39": 21.15714285714286, "40": 19.664233576642335, "41": 19.868055555555557, "42": 19.853448275862068, "43": 19.51937984496124, "44": 21.985714285714284, "45": 19.233576642335766, "46": 21.259541984732824, "47": 18.126126126126128, "48": 19.985294117647058, "49": 19.776, "50": 19.25, "51": 19.897435897435898, "52": 20.517857142857142, "53": 18.52, "54": 18.084745762711865, "55": 19.188524590163933, "56": 18.92079207920792, "57": 18.6, "58": 17.47244094488189, "59": 19.79646017699115, "60": 17.983050847457626, "61": 17.526315789473685, "62": 18.256880733944953, "63": 17.640625, "64": 19.85185185185185, "65": 16.846153846153847, "66": 18.14814814814815, "67": 16.467391304347824, "68": 17.656565656565657, "69": 16.551020408163264, "70": 17.019417475728154, "71": 18.168539325842698, "72": 18.336734693877553, "73": 17.556701030927837, "74": 14.930232558139535, "75": 15.965116279069768, "76": 15.475, "77": 17.68686868686869, "78": 18.763440860215052, "79": 18.227272727272727, "80": 16.867924528301888, "81": 15.68235294117647, "82": 16.49425287356322, "83": 17.057471264367816, "84": 17.52238805970149, "85": 14.289855072463768, "86": 16.347826086956523, "87": 25.066666666666666, "88": 27.366666666666667}, "p2": {"0": 19.930488622471934, "1": 11.845714285714285, "2": 13.214689265536723, "3": 12.724867724867725, "4": 17.705882352941178, "5": 17.949748743718594, "6": 20.95258620689655, "7": 23.954918032786885, "8": 25.826612903225808, "9": 24.126923076923077, "10": 24.669117647058822, "11": 23.711206896551722, "12": 23.948497854077253, "13": 20.26222222222222, "14": 22.28440366972477, "15": 20.71818181818182, "16": 20.058035714285715, "17": 21.151658767772513, "18": 22.317535545023695, "19": 22.95614035087719, "20": 21.995951417004047, "21": 23.74493927125506, "22": 21.443946188340806, "23": 20.668181818181818, "24": 20.781395348837208, "25": 22.221719457013574, "26": 21.04524886877828, "27": 21.38812785388128, "28": 20.27038626609442, "29": 23.252475247524753, "30": 19.650793650793652, "31": 21.975, "32": 20.005405405405405, "33": 18.105263157894736, "34": 23.152631578947368, "35": 21.96590909090909, "36": 21.24550898203593, "37": 19.46470588235294, "38": 19.88586956521739, "39": 20.152439024390244, "40": 17.53179190751445, "41": 19.844559585492227, "42": 20.638743455497384, "43": 20.34193548387097, "44": 18.883435582822084, "45": 21.066666666666666, "46": 20.372093023255815, "47": 19.62264150943396, "48": 19.632183908045977, "49": 17.524064171122994, "50": 18.901960784313726, "51": 19.65868263473054, "52": 20.434782608695652, "53": 19.892045454545453, "54": 20.847560975609756, "55": 18.339181286549707, "56": 15.97887323943662, "57": 17.866666666666667, "58": 17.943396226415093, "59": 16.83823529411765, "60": 19.92517006802721, "61": 18.661016949152543, "62": 17.80246913580247, "63": 20.13907284768212, "64": 17.515337423312882, "65": 18.333333333333332, "66": 19.089171974522294, "67": 18.577464788732396, "68": 16.78832116788321, "69": 18.297101449275363, "70": 18.762962962962963, "71": 17.156028368794328, "72": 17.251968503937007, "73": 15.592857142857143, "74": 18.423076923076923, "75": 17.53793103448276, "76": 17.769784172661872, "77": 18.01834862385321, "78": 17.552447552447553, "79": 17.510791366906474, "80": 19.688, "81": 19.31496062992126, "82": 16.51063829787234, "83": 16.726315789473684, "84": 16.82051282051282, "85": 16.788732394366196, "86": 19.093023255813954, "87": 35.18181818181818, "88": 38.1}, "p3": {"0": 47.40293317318148, "1": 15.491935483870968, "2": 13.340909090909092, "3": 22.60655737704918, "4": 25.632911392405063, "5": 30.203703703703702, "6": 40.92622950819672, "7": 40.57874015748032, "8": 42.95, "9": 41.11698113207547, "10": 42.899193548387096, "11": 43.540856031128406, "12": 43.85214007782101, "13": 43.18454935622318, "14": 42.810344827586206, "15": 45.25954198473283, "16": 43.345794392523366, "17": 42.84070796460177, "18": 41.577586206896555, "19": 41.80408163265306, "20": 42.58158995815899, "21": 40.416342412451364, "22": 40.51724137931034, "23": 41.177215189873415, "24": 40.892116182572614, "25": 43.124, "26": 43.672489082969435, "27": 45.42986425339367, "28": 44.86036036036036, "29": 45.732394366197184, "30": 44.404545454545456, "31": 46.26851851851852, "32": 48.244343891402714, "33": 49.96174863387978, "34": 48.64102564102564, "35": 47.80808080808081, "36": 46.80365296803653, "37": 47.96650717703349, "38": 50.68617021276596, "39": 51.565714285714286, "40": 48.98550724637681, "41": 51.90502793296089, "42": 52.01123595505618, "43": 52.255208333333336, "44": 51.51322751322751, "45": 50.81111111111111, "46": 52.67894736842105, "47": 51.63687150837989, "48": 52.51052631578948, "49": 52.66101694915254, "50": 51.47674418604651, "51": 51.44318181818182, "52": 52.4010989010989, "53": 48.649484536082475, "54": 50.23728813559322, "55": 50.79207920792079, "56": 50.60227272727273, "57": 52.808510638297875, "58": 50.94736842105263, "59": 51.165829145728644, "60": 50.49689440993789, "61": 52.59509202453988, "62": 52.69662921348315, "63": 52.32124352331606, "64": 50.12883435582822, "65": 50.78977272727273, "66": 50.57222222222222, "67": 50.42613636363637, "68": 51.785276073619634, "69": 51.3109756097561, "70": 52.6140350877193, "71": 50.855555555555554, "72": 51.666666666666664, "73": 49.83720930232558, "74": 53.121212121212125, "75": 52.717514124293785, "76": 51.0, "77": 52.18518518518518, "78": 52.90909090909091, "79": 53.64912280701754, "80": 52.09036144578313, "81": 52.97701149425287, "82": 52.43333333333333, "83": 52.369565217391305, "84": 52.87022900763359, "85": 56.505376344086024, "86": 52.12925170068027, "87": 61.37931034482759, "88": 62.81578947368421}, "p4": {"0": 49.486360800780524, "1": 49.486360800780524, "2": 49.486360800780524, "3": 49.486360800780524, "4": 49.47157190635451, "5": 49.50330033003301, "6": 49.51433691756272, "7": 49.54738878143134, "8": 49.5921568627451, "9": 49.65868263473054, "10": 49.716831683168316,