{"p0": {"0": 10.0, "1": 10.0, "2": 10.0, "3": 10.0, "4": 10.0, "5": 10.0, "6": 10.0, "7": 10.0, "8": 10.0, "9": 10.0, "10": 10.0, "11": 10.0, "12": 10.0, "13": 10.0, "14": 10.0, "15": 10.0, "16": 10.0, "17": 10.0, "18": 10.0, "19": 10.0, "20": 10.0, "21": 10.0, "22": 10.0, "23": 10.0, "24": 10.0, "25": 10.0, "26": 10.0, "27": 10.0, "28": 10.0, "29": 10.0, "30": 10.0, "31": 10.0, "32": 10.0, "33": 10.0, "34": 10.0, "35": 10.0, "36": 10.0, "37": 10.0, "38": 10.0, "39": 10.0, "40": 10.0, "41": 10.0, "42": 10.0, "43": 10.0, "44": 10.0, "45": 10.0, "46": 10.0, "47": 10.0, "48": 99999.0, "49": 99999.0, "50": 99999.0, "51": 99999.0, "52": 99999.0}, "p1": {"0": 19.89812575827185, "1": 3.9178082191780823, "2": 7.136752136752137, "3": 10.44055944055944, "4": 15.0, "5": 17.391061452513966, "6": 19.566844919786096, "7": 18.61046511627907, "8": 17.525641025641026, "9": 18.224489795918366, "10": 19.776785714285715, "11": 18.070967741935483, "12": 19.38, "13": 19.668508287292816, "14": 18.18320610687023, "15": 19.79194630872483, "16": 19.864516129032257, "17": 19.54605263157895, "18": 22.53076923076923, "19": 19.95364238410596, "20": 20.055118110236222, "21": 21.427710843373493, "22": 19.9281045751634, "23": 18.932989690721648, "24": 21.789473684210527, "25": 20.34285714285714, "26": 20.746835443037973, "27": 20.206451612903226, "28": 20.248275862068965, "29": 19.53503184713376, "30": 18.86013986013986, "31": 18.864516129032257, "32": 21.879432624113477, "33": 19.24137931034483, "34": 19.45, "35": 22.1340206185567, "36": 21.658333333333335, "37": 21.831683168316832, "38": 21.04385964912281, "39": 23.324786324786324, "40": 22.875, "41": 22.69148936170213, "42": 22.20353982300885, "43": 23.19811320754717, "44": 22.130434782608695, "45": 20.79245283018868, "46": 20.065420560747665, "47": 20.85, "48": 20.149425287356323, "49": 25.220338983050848, "50": 22.96078431372549, "51": 27.466666666666665, "52": 28.017857142857142}, "p2": {"0": 33.0592590114339, "1": 10.709677419354838, "2": 13.625, "3": 20.22222222222222, "4": 22.753424657534246, "5": 27.341666666666665, "6": 33.47540983606557, "7": 35.533742331288344, "8": 35.27272727272727, "9": 36.40677966101695, "10": 34.622950819672134, "11": 37.41208791208791, "12": 33.24285714285714, "13": 32.57971014492754, "14": 34.714285714285715, "15": 35.232, "16": 36.1044776119403, "17": 35.26315789473684, "18": 33.97080291970803, "19": 36.40650406504065, "20": 34.294520547945204, "21": 33.95035460992908, "22": 36.08196721311475, "23": 35.29457364341085, "24": 34.48854961832061, "25": 35.529411764705884, "26": 34.07692307692308, "27": 34.60504201680672, "28": 33.22641509433962, "29": 35.403669724770644, "30": 31.714285714285715, "31": 31.980582524271846, "32": 35.28947368421053, "33": 33.17821782178218, "34": 30.293577981651374, "35": 34.56410256410256, "36": 34.666666666666664, "37": 32.458333333333336, "38": 31.764150943396228, "39": 30.64367816091954, "40": 31.051020408163264, "41": 30.693069306930692, "42": 33.19101123595506, "43": 36.136842105263156, "44": 32.98701298701299, "45": 32.0, "46": 29.902439024390244, "47": 35.78651685393258, "48": 33.65714285714286, "49": 34.458333333333336, "50": 38.0377358490566, "51": 47.75, "52": 45.03636363636364}, "p3": {"0": 47.541131971621354, "1": 19.071428571428573, "2": 22.375, "3": 26.882882882882882, "4": 36.415929203539825, "5": 40.566265060240966, "6": 46.65868263473054, "7": 44.160493827160494, "8": 46.10648148148148, "9": 45.38, "10": 43.986301369863014, "11": 48.0959595959596, "12": 49.69642857142857, "13": 46.33888888888889, "14": 47.51578947368421, "15": 49.31460674157304, "16": 48.80379746835443, "17": 48.52564102564103, "18": 47.07692307692308, "19": 51.901408450704224, "20": 49.669172932330824, "21": 48.71653543307087, "22": 52.00704225352113, "23": 51.12, "24": 51.97794117647059, "25": 50.1063829787234, "26": 50.49305555555556, "27": 50.666666666666664, "28": 51.09649122807018, "29": 49.35398230088496, "30": 51.666666666666664, "31": 49.97222222222222, "32": 47.7, "33": 50.359550561797754, "34": 50.056179775280896, "35": 48.66265060240964, "36": 49.890625, "37": 44.14492753623188, "38": 47.70422535211268, "39": 48.44285714285714, "40": 53.785714285714285, "41": 46.74025974025974, "42": 49.77777777777778, "43": 50.027027027027025, "44": 48.69230769230769, "45": 46.13461538461539, "46": 44.69565217391305, "47": 53.19607843137255, "48": 53.26923076923077, "49": 50.81578947368421, "50": 51.65853658536585, "51": 60.31578947368421, "52": 60.35}, "p4": {"0": 52.90802920683997, "1": 28.552083333333332, "2": 29.3, "3": 34.027027027027025, "4": 38.12244897959184, "5": 35.22699386503067, "6": 44.09871244635193, "7": 47.373333333333335, "8": 49.47963800904977, "9": 46.9009009009009, "10": 49.30278884462152, "11": 47.18691588785047, "12": 46.55050505050505, "13": 46.7122641509434, "14": 44.18407960199005, "15": 41.00925925925926, "16": 43.46733668341709, "17": 45.69072164948454, "18": 44.94736842105263, "19": 47.08121827411168, "20": 49.472727272727276, "21": 46.92178770949721, "22": 47.514792899408285, "23": 51.94444444444444, "24": 47.5875, "25": 46.69277108433735, "26": 51.67914438502674, "27": 56.12, "28": 50.83425414364641, "29": 56.61349693251534, "30": 50.47727272727273, "31": 50.48951048951049, "32": 53.56204379562044, "33": 51.791044776119406, "34": 59.51937984496124, "35": 56.88059701492537, "36": 60.0, "37": 59.78740157480315, "38": 59.632075471698116, "39": 59.885714285714286, "40": 61.170731707317074, "41": 59.92920353982301, "42": 65.9396551724138, "43": 63.26373626373626, "44": 65.06923076923077, "45": 63.3984375, "46": 60.94897959183673, "47": 63.752808988764045, "48": 69.225, "49": 72.1743119266055, "50": 70.42857142857143, "51": 82.54054054054055, "52": 76.75675675675676}, "p5": {"0": 61.86847643323103, "1": 61.86847643323103, "2": 61.86847643323103, "3": 61.86847643323103, "4": 61.86847643323103, "5": 62.38045738045738, "6": 62.333333333333336, "7": 61.831622176591374, "8": 62.03679653679654, "9": 62.37731481481482, "10": 61.86866359447004, "11": 62.39722863741339, "12": 62.36407766990291, "13": 62.38108108108108, "14": 62.733502538071065, "15": 62.45967741935484, "16": 62.367123287671234, "17": 61.74864864864865, "18": 63.081460674157306, "19": 63.04383561643836, "20": 62.1680216802168, "21": 61.30909090909091, "22": 61.770833333333336, "23": 61.82697947214076, "24": 60.68, "25": 60.14657980456026, "26": 60.22142857142857, "27": 61.3875968992248, "28": 61.052, "29": 61.69718309859155, "30": 61.68197879858657, "31": 61.72516556291391, "32": 62.24444444444445, "33": 63.033670033670035, "34": 62.663716814159294, "35": 61.79144385026738, "36": 61.8393351800554, "37": 62.82674772036474, "38": 61.933510638297875, "39": 61.260504201680675, "40": 60.606606606606604, "41": 61.49211356466877, "42": 61.35254237288136, "43": 60.689419795221845, "44": 61.533546325878596, "45": 61.349544072948326, "46": 61.700906344410875, "47": 62.12091503267974, "48": 63.13913043478261, "49": 61.413907284768214, "50": 61.51633986928105, "51": 61.83061889250814, "52": 62.27622377622377}}