{"p0": {"0": 10.0, "1": 10.0, "2": 10.0, "3": 10.0, "4": 10.0, "5": 10.0, "6": 10.0, "7": 10.0, "8": 10.0, "9": 10.0, "10": 10.0, "11": 10.0, "12": 10.0, "13": 10.0, "14": 10.0, "15": 10.0, "16": 10.0, "17": 10.0, "18": 10.0, "19": 10.0, "20": 10.0, "21": 10.0, "22": 10.0, "23": 10.0, "24": 10.0, "25": 10.0, "26": 10.0, "27": 10.0, "28": 10.0, "29": 10.0, "30": 10.0, "31": 10.0, "32": 10.0, "33": 10.0, "34": 10.0, "35": 10.0, "36": 10.0, "37": 10.0, "38": 10.0, "39": 10.0, "40": 10.0, "41": 10.0, "42": 10.0, "43": 10.0, "44": 10.0, "45": 10.0, "46": 10.0, "47": 10.0, "48": 10.0, "49": 99999.0, "50": 99999.0, "51": 99999.0, "52": 99999.0, "53": 99999.0}, "p1": {"0": 17.557028338404685, "1": 6.122448979591836, "2": 8.886363636363637, "3": 12.13978494623656, "4": 13.962962962962964, "5": 17.476190476190474, "6": 19.04225352112676, "7": 18.75, "8": 17.972727272727273, "9": 20.49019607843137, "10": 18.390243902439025, "11": 17.646616541353385, "12": 17.89516129032258, "13": 17.92248062015504, "14": 17.041666666666668, "15": 18.313333333333333, "16": 18.560344827586206, "17": 18.130769230769232, "18": 17.949152542372882, "19": 18.803680981595093, "20": 17.35820895522388, "21": 16.64957264957265, "22": 17.544776119402986, "23": 19.284552845528456, "24": 18.543478260869566, "25": 19.32638888888889, "26": 17.54421768707483, "27": 15.338461538461539, "28": 19.12727272727273, "29": 18.157894736842106, "30": 17.08888888888889, "31": 18.323076923076922, "32": 19.45967741935484, "33": 16.72641509433962, "34": 17.11864406779661, "35": 15.679611650485437, "36": 18.96590909090909, "37": 16.95798319327731, "38": 15.421487603305785, "39": 17.732758620689655, "40": 17.56451612903226, "41": 16.532608695652176, "42": 17.675, "43": 17.345794392523363, "44": 16.685714285714287, "45": 17.75, "46": 16.817204301075268, "47": 18.42222222222222, "48": 16.102040816326532, "49": 17.53191489361702, "50": 19.627450980392158, "51": 20.48780487804878, "52": 26.08695652173913, "53": 24.047619047619047}, "p2": {"0": 35.168407299344096, "1": 6.78125, "2": 13.490196078431373, "3": 21.653061224489797, "4": 28.481012658227847, "5": 28.224137931034484, "6": 31.79032258064516, "7": 33.913907284768214, "8": 35.69822485207101, "9": 32.70224719101124, "10": 35.082352941176474, "11": 38.25423728813559, "12": 36.16774193548387, "13": 31.5, "14": 33.06060606060606, "15": 32.496350364963504, "16": 33.79020979020979, "17": 33.7, "18": 32.13868613138686, "19": 36.5, "20": 35.33561643835616, "21": 37.350746268656714, "22": 37.706896551724135, "23": 36.71544715447155, "24": 38.99193548387097, "25": 36.81021897810219, "26": 36.32786885245902, "27": 39.666666666666664, "28": 39.47586206896552, "29": 41.19512195121951, "30": 38.083969465648856, "31": 36.8796992481203, "32": 36.40952380952381, "33": 38.69491525423729, "34": 37.885714285714286, "35": 38.090090090090094, "36": 36.42553191489362, "37": 37.878787878787875, "38": 37.46551724137931, "39": 38.3177570093458, "40": 37.48421052631579, "41": 39.38636363636363, "42": 36.83561643835616, "43": 37.90291262135922, "44": 38.8, "45": 37.242990654205606, "46": 36.02150537634409, "47": 38.12222222222222, "48": 34.828947368421055, "49": 37.56, "50": 35.626666666666665, "51": 36.04838709677419, "52": 42.666666666666664, "53": 44.266666666666666}, "p3": {"0": 38.971474169311264, "1": 9.333333333333334, "2": 11.736842105263158, "3": 29.413333333333334, "4": 28.26923076923077, "5": 38.1, "6": 46.431654676258994, "7": 42.194244604316545, "8": 43.73913043478261, "9": 44.51298701298701, "10": 45.42857142857143, "11": 40.83076923076923, "12": 46.84516129032258, "13": 49.9609375, "14": 43.60606060606061, "15": 44.3013698630137, "16": 40.84848484848485, "17": 45.69767441860465, "18": 41.65467625899281, "19": 42.95652173913044, "20": 40.93129770992366, "21": 44.38053097345133, "22": 39.443396226415096, "23": 42.3728813559322, "24": 38.7047619047619, "25": 38.097345132743364, "26": 41.54117647058823, "27": 39.93589743589744, "28": 40.32142857142857, "29": 39.493975903614455, "30": 37.18518518518518, "31": 37.973333333333336, "32": 39.81012658227848, "33": 43.625, "34": 38.30882352941177, "35": 36.12676056338028, "36": 41.3013698630137, "37": 40.11940298507463, "38": 34.589285714285715, "39": 38.763636363636365, "40": 37.7, "41": 39.109375, "42": 35.55357142857143, "43": 37.986666666666665, "44": 38.557377049180324, "45": 36.93617021276596, "46": 31.283333333333335, "47": 37.49122807017544, "48": 31.34375, "49": 34.651162790697676, "50": 38.0188679245283, "51": 40.28947368421053, "52": 42.888888888888886, "53": 54.791666666666664}, "p4": {"0": 56.62039223223423, "1": 23.66315789473684, "2": 21.176470588235293, "3": 30.91566265060241, "4": 32.56190476190476, "5": 37.831932773109244, "6": 44.32608695652174, "7": 46.918238993710695, "8": 42.63793103448276, "9": 44.07738095238095, "10": 52.97402597402598, "11": 44.42953020134228, "12": 45.104838709677416, "13": 45.47692307692308, "14": 43.7906976744186, "15": 44.71544715447155, "16": 47.42537313432836, "17": 43.666666666666664, "18": 43.72727272727273, "19": 41.17741935483871, "20": 49.73831775700935, "21": 50.28260869565217, "22": 49.8936170212766, "23": 58.355555555555554, "24": 58.313131313131315, "25": 56.87951807228916, "26": 63.427083333333336, "27": 63.7625, "28": 62.86407766990291, "29": 60.13186813186813, "30": 61.58426966292135, "31": 64.6829268292683, "32": 65.20270270270271, "33": 59.48717948717949, "34": 66.04166666666667, "35": 67.87096774193549, "36": 62.65853658536585, "37": 68.87654320987654, "38": 69.9125, "39": 61.33846153846154, "40": 66.79381443298969, "41": 69.07042253521126, "42": 68.7764705882353, "43": 70.81818181818181, "44": 70.6969696969697, "45": 70.43589743589743, "46": 71.82857142857142, "47": 67.6, "48": 70.91358024691358, "49": 71.79746835443038, "50": 71.19354838709677, "51": 73.8, "52": 82.35714285714286, "53": 76.89772727272727}, "p5": {"0": 60.04784091198929, "1": 60.04784091198929, "2": 60.04784091198929, "3": 60.04784091198929, "4": 60.04784091198929, "5": 59.703984819734345, "6": 59.50191570881226, "7": 59.48461538461538, "8": 59.22954091816367, "9": 59.13771186440678, "10": 59.50627615062761, "11": 59.85743380855397, "12": 59.67164179104478, "13": 59.06651376146789, "14": 59.745370370370374, "15": 60.20334928229665, "16": 60.145933014354064, "17": 60.04639175257732, "18": 59.769820971867006, "19": 60.87234042553192, "20": 60.83516483516483, "21": 60.66849315068493, "22": 60.56824512534819, "23": 60.25277777777778, "24": 59.498591549295774, "25": 59.53048780487805, "26": 58.87378640776699, "27": 59.705479452054796, "28": 59.79272727272727, "29": 60.96875, "30": 60.19928825622776, "31": 60.83125, "32": 60.332344213649854, "33": 61.18230563002681, "34": 60.57853403141361, "35": 60.734015345268546, "36": 60.69973190348526, "37": 59.697916666666664, "38": 59.01340482573727, "39": 59.68395061728395, "40": 59.44584382871537, "41": 60.52322738386308, "42": 59.92030848329049, "43": 60.38154613466334, "44": 59.61281337047354, "45": 59.72178477690289, "46": 60.28176795580111, "47": 60.69761273209549, "48": 60.15877437325905, "49": 60.763636363636365, "50": 61.223350253807105, "51": 60.60054347826087, "52": 60.17291066282421, "53": 59.25}}