{"p0": {"0": 10.0, "1": 10.0, "2": 10.0, "3": 10.0, "4": 10.0, "5": 10.0, "6": 10.0, "7": 10.0, "8": 10.0, "9": 10.0, "10": 10.0, "11": 10.0, "12": 10.0, "13": 10.0, "14": 10.0, "15": 10.0, "16": 10.0, "17": 10.0, "18": 10.0, "19": 10.0, "20": 10.0, "21": 10.0, "22": 10.0, "23": 10.0, "24": 10.0, "25": 10.0, "26": 10.0, "27": 10.0, "28": 10.0, "29": 10.0, "30": 10.0, "31": 10.0, "32": 10.0, "33": 10.0, "34": 10.0, "35": 10.0, "36": 10.0, "37": 10.0, "38": 10.0, "39": 10.0, "40": 10.0, "41": 10.0, "42": 10.0, "43": 10.0, "44": 10.0, "45": 10.0, "46": 10.0, "47": 10.0, "48": 10.0, "49": 10.0, "50": 10.0, "51": 10.0, "52": 10.0, "53": 10.0, "54": 10.0, "55": 10.0, "56": 10.0, "57": 10.0, "58": 10.0, "59": 10.0, "60": 10.0, "61": 10.0, "62": 10.0, "63": 10.0, "64": 10.0, "65": 10.0, "66": 10.0, "67": 10.0, "68": 10.0, "69": 10.0, "70": 10.0, "71": 10.0, "72": 10.0, "73": 10.0, "74": 10.0, "75": 10.0, "76": 10.0, "77": 10.0, "78": 10.0, "79": 10.0, "80": 10.0, "81": 10.0, "82": 10.0, "83": 10.0, "84": 10.0, "85": 10.0, "86": 10.0, "87": 10.0, "88": 10.0, "89": 10.0, "90": 10.0, "91": 10.0, "92": 99999.0, "93": 99999.0, "94": 99999.0, "95": 99999.0, "96": 99999.0}, "p1": {"0": 20.25945314766683, "1": 7.566666666666666, "2": 11.411764705882353, "3": 13.878787878787879, "4": 18.967741935483872, "5": 19.772727272727273, "6": 22.32, "7": 22.384, "8": 22.760330578512395, "9": 22.61946902654867, "10": 21.25735294117647, "11": 23.519083969465647, "12": 20.39189189189189, "13": 21.514084507042252, "14": 22.285714285714285, "15": 21.325396825396826, "16": 24.102941176470587, "17": 22.131782945736433, "18": 24.10135135135135, "19": 21.48148148148148, "20": 22.35483870967742, "21": 22.1875, "22": 23.02112676056338, "23": 22.453333333333333, "24": 20.94814814814815, "25": 20.40495867768595, "26": 21.580357142857142, "27": 21.26271186440678, "28": 22.79259259259259, "29": 19.805555555555557, "30": 22.46206896551724, "31": 22.827067669172934, "32": 19.75206611570248, "33": 20.696, "34": 22.338983050847457, "35": 22.25984251968504, "36": 22.572649572649574, "37": 22.80909090909091, "38": 23.16030534351145, "39": 22.746031746031747, "40": 20.790697674418606, "41": 19.712, "42": 20.8768115942029, "43": 19.88095238095238, "44": 20.2406015037594, "45": 21.913669064748202, "46": 20.058823529411764, "47": 19.853448275862068, "48": 20.214285714285715, "49": 17.32, "50": 19.981308411214954, "51": 20.257142857142856, "52": 19.82758620689655, "53": 20.65714285714286, "54": 20.37142857142857, "55": 18.762376237623762, "56": 18.28828828828829, "57": 18.066037735849058, "58": 18.93388429752066, "59": 18.142857142857142, "60": 18.666666666666668, "61": 17.489583333333332, "62": 17.83157894736842, "63": 19.18, "64": 16.255555555555556, "65": 17.9468085106383, "66": 20.079545454545453, "67": 16.766666666666666, "68": 21.448275862068964, "69": 19.27173913043478, "70": 19.76829268292683, "71": 18.76595744680851, "72": 18.493333333333332, "73": 21.7012987012987, "74": 20.84090909090909, "75": 19.13953488372093, "76": 17.698924731182796, "77": 18.540816326530614, "78": 20.741176470588236, "79": 21.307692307692307, "80": 19.859375, "81": 18.91304347826087, "82": 20.057471264367816, "83": 20.708333333333332, "84": 18.443037974683545, "85": 20.0, "86": 20.77659574468085, "87": 22.3, "88": 18.321428571428573, "89": 18.767123287671232, "90": 18.391304347826086, "91": 15.714285714285714, "92": 18.323529411764707, "93": 21.796875, "94": 20.0, "95": 27.571428571428573, "96": 26.652173913043477}, "p2": {"0": 33.10851988860514, "1": 9.50909090909091, "2": 12.583333333333334, "3": 16.614285714285714, "4": 18.186046511627907, "5": 20.962962962962962, "6": 27.00793650793651, "7": 34.03030303030303, "8": 32.09154929577465, "9": 30.155172413793103, "10": 32.149732620320854, "11": 34.65714285714286, "12": 31.825, "13": 30.412213740458014, "14": 32.08730158730159, "15": 31.532258064516128, "16": 32.57142857142857, "17": 32.25595238095238, "18": 33.77205882352941, "19": 32.95364238410596, "20": 33.53846153846154, "21": 30.53846153846154, "22": 32.08139534883721, "23": 32.787234042553195, "24": 34.147651006711406, "25": 32.140845070422536, "26": 34.94039735099338, "27": 33.746753246753244, "28": 32.648, "29": 34.847328244274806, "30": 34.64748201438849, "31": 37.64661654135338, "32": 34.125, "33": 30.60144927536232, "34": 33.1985294117647, "35": 33.820689655172416, "36": 33.059322033898304, "37": 34.411764705882355, "38": 36.285714285714285, "39": 36.39837398373984, "40": 34.68382352941177, "41": 35.76978417266187, "42": 31.66315789473684, "43": 33.48993288590604, "44": 32.21804511278196, "45": 33.507462686567166, "46": 33.365671641791046, "47": 34.94117647058823, "48": 33.5, "49": 35.027522935779814, "50": 33.407766990291265, "51": 34.13461538461539, "52": 32.83464566929134, "53": 36.27777777777778, "54": 33.055045871559635, "55": 36.32520325203252, "56": 35.7, "57": 36.81818181818182, "58": 37.26086956521739, "59": 33.747747747747745, "60": 35.873684210526314, "61": 35.40350877192982, "62": 33.371428571428574, "63": 34.88461538461539, "64": 36.30275229357798, "65": 35.371428571428574, "66": 37.51470588235294, "67": 36.56140350877193, "68": 34.01030927835052, "69": 35.45, "70": 35.706422018348626, "71": 33.98888888888889, "72": 34.619565217391305, "73": 37.25242718446602, "74": 31.153061224489797, "75": 34.44859813084112, "76": 35.77173913043478, "77": 34.60909090909091, "78": 33.85849056603774, "79": 36.35227272727273, "80": 33.55789473684211, "81": 34.64367816091954, "82": 33.58771929824562, "83": 32.97029702970297, "84": 34.20792079207921, "85": 35.252747252747255, "86": 32.14736842105263, "87": 31.833333333333332, "88": 32.79012345679013, "89": 34.0958904109589, "90": 33.146067415730336, "91": 32.2289156626506, "92": 33.851351351351354, "93": 34.12698412698413, "94": 31.944444444444443, "95": 41.57692307692308, "96": 45.25454545454546}, "p3": {"0": 46.20900225028015, "1": 8.444444444444445, "2": 18.444444444444443, "3": 34.476190476190474, "4": 46.89090909090909, "5": 46.895833333333336, "6": 53.509803921568626, "7": 52.91724137931035, "8": 54.45454545454545, "9": 54.90298507462686, "10": 53.3448275862069, "11": 54.03448275862069, "12": 51.28048780487805, "13": 51.263803680981596, "14": 50.671140939597315, "15": 46.94904458598726, "16": 50.18125, "17": 51.42537313432836, "18": 51.77536231884058, "19": 49.45185185185185, "20": 49.725352112676056, "21": 54.81818181818182, "22": 47.7037037037037, "23": 50.30821917808219, "24": 48.12605042016807, "25": 50.372093023255815, "26": 49.81308411214953, "27": 50.65289256198347, "28": 44.166666666666664, "29": 47.58585858585859, "30": 47.05343511450382, "31": 47.07079646017699, "32": 48.77777777777778, "33": 46.92156862745098, "34": 52.44444444444444, "35": 43.594339622641506, "36": 49.990196078431374, "37": 47.53061224489796, "38": 49.77777777777778, "39": 49.22680412371134, "40": 47.255319148936174, "41": 48.90909090909091, "42": 49.648936170212764, "43": 47.60674157303371, "44": 48.51282051282051, "45": 47.35, "46": 48.25, "47": 45.642105263157895, "48": 48.61797752808989, "49": 48.56976744186046, "50": 48.36363636363637, "51": 45.01123595505618, "52": 54.28, "53": 44.166666666666664, "54": 46.04819277108434, "55": 45.23456790123457, "56": 46.19767441860465, "57": 48.870588235294115, "58": 44.79012345679013, "59": 38.73913043478261, "60": 46.063291139240505, "61": 42.049180327868854, "62": 45.542857142857144, "63": 44.26315789473684, "64": 40.25, "65": 45.67741935483871, "66": 42.186440677966104, "67": 45.738461538461536, "68": 44.82258064516129, "69": 40.15714285714286, "70": 43.0722891566265, "71": 47.63636363636363, "72": 43.175438596491226, "73": 42.33898305084746, "74": 37.87341772151899, "75": 41.02985074626866, "76": 38.82258064516129, "77": 47.0, "78": 43.145161290322584, "79": 47.94642857142857, "80": 39.37931034482759, "81": 46.70175438596491, "82": 46.19642857142857, "83": 40.46296296296296, "84": 46.6231884057971, "85": 44.476190476190474,