{"p0": {"0": 10.0, "1": 10.0, "2": 10.0, "3": 10.0, "4": 10.0, "5": 10.0, "6": 10.0, "7": 10.0, "8": 10.0, "9": 10.0, "10": 10.0, "11": 10.0, "12": 10.0, "13": 10.0, "14": 10.0, "15": 10.0, "16": 10.0, "17": 10.0, "18": 10.0, "19": 10.0, "20": 10.0, "21": 10.0, "22": 10.0, "23": 10.0, "24": 10.0, "25": 10.0, "26": 10.0, "27": 10.0, "28": 10.0, "29": 10.0, "30": 10.0, "31": 10.0, "32": 10.0, "33": 10.0, "34": 10.0, "35": 10.0, "36": 10.0, "37": 10.0, "38": 10.0, "39": 10.0, "40": 10.0, "41": 10.0, "42": 10.0, "43": 10.0, "44": 10.0, "45": 10.0, "46": 10.0, "47": 10.0, "48": 99999.0, "49": 99999.0, "50": 99999.0}, "p1": {"0": 18.52376207229571, "1": 5.090909090909091, "2": 9.68421052631579, "3": 14.88888888888889, "4": 17.330645161290324, "5": 21.982456140350877, "6": 23.0546875, "7": 23.022222222222222, "8": 22.329113924050635, "9": 20.87837837837838, "10": 21.756410256410255, "11": 20.872340425531913, "12": 21.685714285714287, "13": 22.132075471698112, "14": 24.26829268292683, "15": 22.71590909090909, "16": 20.602564102564102, "17": 20.955555555555556, "18": 18.944444444444443, "19": 19.11578947368421, "20": 18.71951219512195, "21": 18.783783783783782, "22": 20.066666666666666, "23": 17.788732394366196, "24": 18.602409638554217, "25": 18.288888888888888, "26": 17.905405405405407, "27": 20.875, "28": 20.53012048192771, "29": 17.641025641025642, "30": 17.662650602409638, "31": 20.16923076923077, "32": 20.096774193548388, "33": 18.91025641025641, "34": 17.7012987012987, "35": 17.246376811594203, "36": 18.366197183098592, "37": 18.66176470588235, "38": 18.716216216216218, "39": 18.439393939393938, "40": 21.623529411764707, "41": 18.263736263736263, "42": 15.257142857142858, "43": 15.75, "44": 16.514285714285716, "45": 15.632911392405063, "46": 13.876712328767123, "47": 13.021739130434783, "48": 16.03846153846154, "49": 15.818181818181818, "50": 17.90909090909091}, "p2": {"0": 31.297328913365696, "1": 3.5652173913043477, "2": 10.15, "3": 13.964285714285714, "4": 20.3125, "5": 21.92105263157895, "6": 26.066666666666666, "7": 28.573529411764707, "8": 32.61349693251534, "9": 32.229729729729726, "10": 30.873417721518987, "11": 32.25949367088607, "12": 27.139344262295083, "13": 27.914529914529915, "14": 28.9672131147541, "15": 28.73949579831933, "16": 29.45736434108527, "17": 32.710344827586205, "18": 30.22463768115942, "19": 30.22047244094488, "20": 31.660550458715598, "21": 32.388429752066116, "22": 32.482142857142854, "23": 35.19834710743802, "24": 31.62992125984252, "25": 34.23357664233577, "26": 32.7787610619469, "27": 33.842465753424655, "28": 36.057377049180324, "29": 34.330935251798564, "30": 33.17557251908397, "31": 36.86029411764706, "32": 34.220338983050844, "33": 31.862903225806452, "34": 32.84444444444444, "35": 36.46341463414634, "36": 35.31818181818182, "37": 34.54128440366973, "38": 33.61904761904762, "39": 34.826388888888886, "40": 33.30434782608695, "41": 32.40425531914894, "42": 35.859375, "43": 37.13223140495868, "44": 34.078947368421055, "45": 34.357142857142854, "46": 33.266666666666666, "47": 33.869565217391305, "48": 35.15294117647059, "49": 44.94117647058823, "50": 44.26262626262626}, "p3": {"0": 36.88585440553695, "1": 36.88585440553695, "2": 36.88585440553695, "3": 36.74152542372882, "4": 37.0, "5": 36.47528517110266, "6": 36.77491961414791, "7": 36.78328173374613, "8": 36.82131661442006, "9": 36.92894736842105, "10": 36.93667546174142, "11": 36.6, "12": 36.66219839142091, "13": 36.882521489971346, "14": 36.760383386581466, "15": 36.27490039840637, "16": 37.12781954887218, "17": 37.17180616740088, "18": 37.02272727272727, "19": 37.385245901639344, "20": 37.346666666666664, "21": 37.35, "22": 37.731818181818184, "23": 38.262443438914026, "24": 37.325581395348834, "25": 36.741176470588236, "26": 36.45320197044335, "27": 36.677725118483416, "28": 36.38942307692308, "29": 36.039603960396036, "30": 36.7467248908297, "31": 36.427947598253276, "32": 37.199186991869915, "33": 36.76315789473684, "34": 37.136882129277566, "35": 36.10227272727273, "36": 36.28846153846154, "37": 37.230496453900706, "38": 37.05902777777778, "39": 37.085808580858085, "40": 37.76706827309237, "41": 36.53454545454545, "42": 36.32727272727273, "43": 36.37984496124031, "44": 36.068345323741006, "45": 37.00429184549356, "46": 36.709016393442624, "47": 36.59375, "48": 37.33846153846154, "49": 37.29457364341085, "50": 37.79668049792531}}