{"p0": {"0": 10.0, "1": 10.0, "2": 10.0, "3": 10.0, "4": 10.0, "5": 10.0, "6": 10.0, "7": 10.0, "8": 10.0, "9": 10.0, "10": 10.0, "11": 10.0, "12": 10.0, "13": 10.0, "14": 10.0, "15": 10.0, "16": 10.0, "17": 10.0, "18": 10.0, "19": 10.0, "20": 10.0, "21": 10.0, "22": 10.0, "23": 10.0, "24": 10.0, "25": 10.0, "26": 10.0, "27": 10.0, "28": 10.0, "29": 10.0, "30": 10.0, "31": 10.0, "32": 10.0, "33": 10.0, "34": 10.0, "35": 10.0, "36": 10.0, "37": 10.0, "38": 10.0, "39": 10.0, "40": 10.0, "41": 10.0, "42": 10.0, "43": 10.0, "44": 10.0, "45": 10.0, "46": 10.0, "47": 10.0, "48": 10.0, "49": 10.0, "50": 10.0, "51": 10.0, "52": 10.0, "53": 10.0, "54": 10.0, "55": 10.0, "56": 10.0, "57": 10.0, "58": 99999.0, "59": 99999.0, "60": 99999.0}, "p1": {"0": 20.61262293223083, "1": 8.416666666666666, "2": 12.435185185185185, "3": 16.306122448979593, "4": 18.75, "5": 20.397196261682243, "6": 24.179723502304146, "7": 23.623711340206185, "8": 23.56451612903226, "9": 24.19774011299435, "10": 22.594736842105263, "11": 22.84771573604061, "12": 23.744897959183675, "13": 24.7720207253886, "14": 24.273224043715846, "15": 23.44864864864865, "16": 22.435897435897434, "17": 22.083798882681563, "18": 23.830409356725145, "19": 23.39041095890411, "20": 21.81168831168831, "21": 21.566265060240966, "22": 21.96385542168675, "23": 22.141935483870967, "24": 22.015037593984964, "25": 22.802547770700638, "26": 21.601307189542485, "27": 21.571428571428573, "28": 20.420382165605094, "29": 20.692307692307693, "30": 22.037974683544302, "31": 20.704545454545453, "32": 22.07913669064748, "33": 20.59375, "34": 21.50609756097561, "35": 20.968992248062015, "36": 21.970802919708028, "37": 21.760563380281692, "38": 20.20149253731343, "39": 20.688524590163933, "40": 20.778625954198475, "41": 20.739436619718308, "42": 19.768, "43": 21.103448275862068, "44": 19.88888888888889, "45": 20.924812030075188, "46": 20.708661417322833, "47": 18.153225806451612, "48": 19.0327868852459, "49": 20.572580645161292, "50": 19.84251968503937, "51": 20.511627906976745, "52": 19.617886178861788, "53": 17.336363636363636, "54": 17.83653846153846, "55": 19.485981308411215, "56": 16.435294117647057, "57": 15.267605633802816, "58": 14.775862068965518, "59": 20.115384615384617, "60": 19.470588235294116}, "p2": {"0": 31.31401141515404, "1": 8.100840336134453, "2": 9.190217391304348, "3": 11.063157894736841, "4": 13.186868686868687, "5": 17.92578125, "6": 20.98507462686567, "7": 21.34384858044164, "8": 25.546511627906977, "9": 24.922636103151863, "10": 25.51098901098901, "11": 26.002824858757062, "12": 23.71523178807947, "13": 23.199395770392748, "14": 24.453172205438065, "15": 24.46153846153846, "16": 25.296819787985864, "17": 27.512367491166078, "18": 28.580204778156997, "19": 28.038732394366196, "20": 29.921348314606742, "21": 29.779026217228463, "22": 31.2, "23": 30.21917808219178, "24": 33.795, "25": 32.70810810810811, "26": 35.622950819672134, "27": 33.55882352941177, "28": 34.19711538461539, "29": 34.389162561576356, "30": 33.33971291866029, "31": 34.091787439613526, "32": 34.15165876777251, "33": 33.99512195121951, "34": 34.30113636363637, "35": 33.86082474226804, "36": 35.55612244897959, "37": 35.88235294117647, "38": 34.27638190954774, "39": 36.863849765258216, "40": 37.72527472527472, "41": 36.31818181818182, "42": 36.39784946236559, "43": 34.967914438502675, "44": 35.87301587301587, "45": 37.14871794871795, "46": 36.4585635359116, "47": 37.05172413793103, "48": 37.46892655367232, "49": 36.28125, "50": 34.90588235294118, "51": 36.00558659217877, "52": 35.648936170212764, "53": 35.648648648648646, "54": 34.926829268292686, "55": 38.148648648648646, "56": 41.16923076923077, "57": 41.93333333333333, "58": 40.46551724137931, "59": 47.72527472527472, "60": 45.8255033557047}, "p3": {"0": 36.68666327085281, "1": 36.68666327085281, "2": 36.68666327085281, "3": 36.749555950266426, "4": 36.62321428571428, "5": 36.521891418563925, "6": 36.520446096654275, "7": 36.34676007005254, "8": 36.31578947368421, "9": 36.65488215488215, "10": 36.43478260869565, "11": 36.41438356164384, "12": 36.6958762886598, "13": 36.56148867313916, "14": 36.753649635036496, "15": 36.82998171846435, "16": 36.588454376163874, "17": 36.502793296089386, "18": 36.47892720306513, "19": 36.45961538461538, "20": 36.59514925373134, "21": 36.52272727272727, "22": 36.837164750957854, "23": 36.7438330170778, "24": 36.81509433962264, "25": 36.753346080305924, "26": 36.90229885057471, "27": 36.761341222879686, "28": 36.87941787941788, "29": 37.19915254237288, "30": 37.2039911308204, "31": 36.99771167048055, "32": 36.86652542372882, "33": 36.57543103448276, "34": 36.56976744186046, "35": 36.50119904076739, "36": 36.60911270983213, "37": 36.3552036199095, "38": 36.45792079207921, "39": 36.40238095238095, "40": 36.38135593220339, "41": 36.42548596112311, "42": 36.9549356223176, "43": 37.199195171026155, "44": 36.73319755600814, "45": 36.78762886597938, "46": 36.641618497109825, "47": 36.72846441947566, "48": 36.84601113172542, "49": 36.79266055045871, "50": 36.66851851851852, "51": 36.29770992366412, "52": 36.63796909492274, "53": 36.506437768240346, "54": 36.98614318706697, "55": 36.80769230769231, "56": 36.917040358744394, "57": 36.68354430379747, "58": 37.083333333333336, "59": 36.823913043478264, "60": 36.92235294117647}}