{"p0": {"0": 10.0, "1": 10.0, "2": 10.0, "3": 10.0, "4": 10.0, "5": 10.0, "6": 10.0, "7": 10.0, "8": 10.0, "9": 10.0, "10": 10.0, "11": 10.0, "12": 10.0, "13": 10.0, "14": 10.0, "15": 10.0, "16": 10.0, "17": 10.0, "18": 10.0, "19": 10.0, "20": 10.0, "21": 10.0, "22": 10.0, "23": 10.0, "24": 10.0, "25": 10.0, "26": 10.0, "27": 10.0, "28": 10.0, "29": 10.0, "30": 10.0, "31": 10.0, "32": 10.0, "33": 10.0, "34": 10.0, "35": 10.0, "36": 10.0, "37": 10.0, "38": 10.0, "39": 10.0, "40": 10.0, "41": 10.0, "42": 10.0, "43": 10.0, "44": 10.0, "45": 10.0, "46": 10.0, "47": 10.0, "48": 10.0, "49": 10.0, "50": 10.0, "51": 10.0, "52": 10.0, "53": 10.0, "54": 10.0, "55": 10.0, "56": 10.0, "57": 10.0, "58": 10.0, "59": 10.0, "60": 10.0, "61": 10.0, "62": 10.0, "63": 10.0, "64": 10.0, "65": 10.0, "66": 10.0, "67": 10.0, "68": 10.0, "69": 99999.0, "70": 99999.0, "71": 99999.0, "72": 99999.0, "73": 99999.0}, "p1": {"0": 16.886510994094213, "1": 5.754716981132075, "2": 7.380597014925373, "3": 11.339080459770114, "4": 13.539267015706807, "5": 15.98, "6": 18.96590909090909, "7": 17.749003984063744, "8": 17.56779661016949, "9": 18.466666666666665, "10": 17.95571955719557, "11": 17.0875, "12": 17.019157088122604, "13": 18.661971830985916, "14": 17.24313725490196, "15": 19.229508196721312, "16": 17.715415019762847, "17": 17.162361623616235, "18": 16.93548387096774, "19": 17.505703422053234, "20": 18.649446494464943, "21": 18.47148288973384, "22": 18.460076045627375, "23": 17.084249084249084, "24": 18.46215139442231, "25": 17.987755102040815, "26": 17.702928870292887, "27": 17.64503816793893, "28": 19.15573770491803, "29": 18.215753424657535, "30": 20.21245421245421, "31": 18.432773109243698, "32": 18.611538461538462, "33": 17.71951219512195, "34": 16.876847290640395, "35": 17.401673640167363, "36": 18.665384615384614, "37": 17.924050632911392, "38": 16.75793650793651, "39": 18.744769874476987, "40": 17.115702479338843, "41": 17.03181818181818, "42": 16.461928934010153, "43": 18.514522821576765, "44": 17.376106194690266, "45": 16.9064039408867, "46": 17.57068062827225, "47": 17.660633484162897, "48": 16.61187214611872, "49": 17.22325581395349, "50": 15.595, "51": 16.403141361256544, "52": 17.298076923076923, "53": 17.306451612903224, "54": 16.223958333333332, "55": 16.93782383419689, "56": 15.939086294416244, "57": 14.807106598984772, "58": 14.851648351648352, "59": 15.647058823529411, "60": 15.819095477386934, "61": 15.586021505376344, "62": 15.241206030150753, "63": 14.407407407407407, "64": 15.679347826086957, "65": 14.942196531791907, "66": 17.557894736842105, "67": 13.988235294117647, "68": 14.208791208791208, "69": 15.208955223880597, "70": 15.278195488721805, "71": 18.52542372881356, "72": 22.17948717948718, "73": 24.170212765957448}, "p2": {"0": 34.36406494679954, "1": 10.245901639344263, "2": 13.985074626865671, "3": 20.261744966442954, "4": 20.268817204301076, "5": 25.04433497536946, "6": 29.375, "7": 28.945378151260503, "8": 27.525597269624573, "9": 30.380327868852458, "10": 32.09556313993174, "11": 31.62142857142857, "12": 32.0, "13": 33.77358490566038, "14": 32.12955465587044, "15": 31.34051724137931, "16": 30.953488372093023, "17": 31.278688524590162, "18": 34.425339366515836, "19": 35.68663594470046, "20": 35.513392857142854, "21": 34.883720930232556, "22": 35.12621359223301, "23": 30.63425925925926, "24": 35.41818181818182, "25": 33.22950819672131, "26": 34.13942307692308, "27": 35.616504854368934, "28": 35.64021164021164, "29": 33.053811659192824, "30": 34.46788990825688, "31": 36.9041095890411, "32": 34.28, "33": 35.42465753424658, "34": 34.235, "35": 35.65365853658537, "36": 33.23880597014925, "37": 33.46842105263158, "38": 34.38834951456311, "39": 37.32954545454545, "40": 36.34313725490196, "41": 35.975124378109456, "42": 38.340782122905026, "43": 33.87134502923977, "44": 34.659217877094974, "45": 37.195402298850574, "46": 35.928994082840234, "47": 35.10112359550562, "48": 36.354285714285716, "49": 35.97267759562842, "50": 36.900584795321635, "51": 36.62637362637363, "52": 37.654545454545456, "53": 38.412121212121214, "54": 37.18518518518518, "55": 35.0, "56": 38.69613259668508, "57": 37.73255813953488, "58": 38.050561797752806, "59": 40.48876404494382, "60": 38.01282051282051, "61": 36.379746835443036, "62": 41.303225806451614, "63": 36.704819277108435, "64": 39.9041095890411, "65": 37.00625, "66": 37.00714285714286, "67": 36.22549019607843, "68": 37.00819672131148, "69": 39.77272727272727, "70": 39.312, "71": 41.572649572649574, "72": 43.72826086956522, "73": 44.16774193548387}, "p3": {"0": 27.949894760825995, "1": 11.56989247311828, "2": 16.50915750915751, "3": 18.537190082644628, "4": 19.44280442804428, "5": 25.435820895522387, "6": 26.20708446866485, "7": 26.61878453038674, "8": 27.522309711286088, "9": 27.448818897637796, "10": 28.034188034188034, "11": 27.27548209366391, "12": 28.28191489361702, "13": 27.576368876080693, "14": 31.610344827586207, "15": 29.6158940397351, "16": 28.576666666666668, "17": 29.806122448979593, "18": 26.917748917748916, "19": 28.572649572649574, "20": 31.34328358208955, "21": 30.088709677419356, "22": 30.140495867768596, "23": 29.111607142857142, "24": 28.775609756097563, "25": 28.967741935483872, "26": 29.7720207253886, "27": 29.38918918918919, "28": 27.5, "29": 27.673202614379086, "30": 28.64367816091954, "31": 29.380368098159508, "32": 26.37837837837838, "33": 24.932098765432098, "34": 32.20710059171598, "35": 27.70899470899471, "36": 26.49056603773585, "37": 28.767123287671232, "38": 27.82312925170068, "39": 28.641975308641975, "40": 29.66896551724138, "41": 25.746575342465754, "42": 26.6144578313253, "43": 29.71034482758621, "44": 27.5126582278481, "45": 27.42753623188406, "46": 29.17763157894737, "47": 28.493150684931507, "48": 31.0390625, "49": 27.63758389261745, "50": 27.557142857142857, "51": 27.053333333333335, "52": 25.789473684210527, "53": 28.389312977099237, "54": 31.39072847682119, "55": 24.580357142857142, "56": 26.6231884057971, "57": 24.80392156862745, "58": 25.4765625, "59": 21.61783439490446, "60": 27.324675324675326, "61": 26.901515151515152, "62": 28.827868852459016, "63": 29.938931297709924, "64": 26.359649122807017, "65": 27.326732673267326, "66": 30.8015873015873, "67": 25.440944881889763, "68": 27.972477064220183, "69": 26.805194805194805, "70": 31.840579710144926, "71": 37.113207547169814, "72": 38.7, "73": 49.38461538461539}, "p4": {"0": 47.7644293526799, "1": 28.566084788029926, "2": 26.880597014925375, "3": 27.149253731343283, "4": 29.31764705882353, "5": 34.29261363636363, "6": 41.37214611872146, "7": 40.66893424036281, "8": 42.46861924686193, "9": 43.89929742388759, "10": 41.304250559284114, "11": 41.54106280193237, "12": 36.78761061946903, "13": 38.641330166270784, "14": 38.33177570093458, "15": 38.732142857142854, "16": 38.23444976076555, "17": 42.733333333333334, "18": 40.38363171355499, "19": 40.06842105263158, "20": 41.49030470914128, "21": 38.62532981530343, "22": 40.091603053435115, "23": 40.568, "24": 40.75133689839572, "25": 42.74233128834356, "26": 40.23795180722892, "27": 43.724550898203596, "28": 42.755627009646304, "29": 43.38066465256797, "30": 44.7208480565371, "31": 44.46712802768166, "32": 43.80161943319838, "33": 47.736434108527135, "34": 43.22, "35": 46.333333333333336, "36": 49.15827338129496, "37": 50.40860215053763, "38": 49.29482071713147, "39": 50.99596774193548, "40": 45.87265917602996, "41": 50.05514705882353, "42": 46.80952380952381, "43": 49.26953125, "44": 52.99604743083004, "45": 48.55364806866953, "46": 48.49429657794677, "47": 51.20814479638009, "48": 52.12162162162162, "49": 52.04867256637168, "50": 50.24583333333333, "51": 52.46351931330472, "52": 53.10041841004184, "53": 53.348837209302324, "54": 56.704918032786885, "55": 50.32211538461539, "56": 52.031088082901555, "57": 55.964467005076145, "58": 51.36123348017621, "59": 59.033018867924525, "60": 56.467980295566505, "61": 54.472361809045225, "62": 56.04716981132076, "63": 56.19650655021834, "64": 54.2,