{"p0": {"0": 10.0, "1": 10.0, "2": 10.0, "3": 10.0, "4": 10.0, "5": 10.0, "6": 10.0, "7": 10.0, "8": 10.0, "9": 10.0, "10": 10.0, "11": 10.0, "12": 10.0, "13": 10.0, "14": 10.0, "15": 10.0, "16": 10.0, "17": 10.0, "18": 10.0, "19": 10.0, "20": 10.0, "21": 10.0, "22": 10.0, "23": 10.0, "24": 10.0, "25": 10.0, "26": 10.0, "27": 10.0, "28": 10.0, "29": 10.0, "30": 10.0, "31": 10.0, "32": 10.0, "33": 10.0, "34": 10.0, "35": 10.0, "36": 10.0, "37": 10.0, "38": 10.0, "39": 10.0, "40": 10.0, "41": 10.0, "42": 10.0, "43": 10.0, "44": 10.0, "45": 10.0, "46": 10.0, "47": 10.0, "48": 10.0, "49": 10.0, "50": 10.0, "51": 10.0, "52": 10.0, "53": 10.0, "54": 10.0, "55": 10.0, "56": 10.0, "57": 10.0, "58": 10.0, "59": 10.0, "60": 10.0, "61": 10.0, "62": 10.0, "63": 10.0, "64": 10.0, "65": 10.0, "66": 10.0, "67": 10.0, "68": 10.0, "69": 10.0, "70": 10.0, "71": 10.0, "72": 10.0, "73": 10.0, "74": 10.0, "75": 10.0, "76": 10.0, "77": 10.0, "78": 10.0, "79": 10.0, "80": 10.0, "81": 10.0, "82": 10.0, "83": 99999.0, "84": 99999.0, "85": 99999.0, "86": 99999.0}, "p1": {"0": 16.465172866515843, "1": 5.48, "2": 7.811320754716981, "3": 11.411290322580646, "4": 15.47027027027027, "5": 16.897058823529413, "6": 19.1878453038674, "7": 16.731428571428573, "8": 18.436241610738254, "9": 17.67515923566879, "10": 15.794701986754967, "11": 15.871657754010695, "12": 16.398907103825138, "13": 18.231578947368423, "14": 18.51063829787234, "15": 18.61139896373057, "16": 18.92349726775956, "17": 16.93717277486911, "18": 17.824242424242424, "19": 18.22360248447205, "20": 15.810344827586206, "21": 18.870056497175142, "22": 16.656050955414013, "23": 18.767195767195766, "24": 18.748538011695906, "25": 15.722222222222221, "26": 18.95959595959596, "27": 16.70186335403727, "28": 17.39873417721519, "29": 17.560606060606062, "30": 17.94478527607362, "31": 16.801047120418847, "32": 17.151685393258425, "33": 17.555555555555557, "34": 15.76923076923077, "35": 17.93258426966292, "36": 17.132075471698112, "37": 15.763975155279503, "38": 15.88888888888889, "39": 15.844594594594595, "40": 18.523560209424083, "41": 16.77777777777778, "42": 18.0, "43": 17.646706586826348, "44": 17.610778443113773, "45": 15.55232558139535, "46": 15.390070921985815, "47": 15.036144578313253, "48": 17.028776978417266, "49": 16.94, "50": 15.205298013245033, "51": 15.641176470588235, "52": 16.012738853503183, "53": 17.33128834355828, "54": 17.587209302325583, "55": 17.0, "56": 15.24, "57": 15.983240223463687, "58": 13.455223880597014, "59": 15.589403973509933, "60": 16.595890410958905, "61": 14.715189873417721, "62": 15.63888888888889, "63": 17.319148936170212, "64": 15.125, "65": 16.74436090225564, "66": 16.585714285714285, "67": 15.636363636363637, "68": 16.993788819875775, "69": 17.856060606060606, "70": 13.886178861788618, "71": 14.776978417266188, "72": 17.15909090909091, "73": 15.631147540983607, "74": 15.006756756756756, "75": 13.80327868852459, "76": 14.661764705882353, "77": 16.910958904109588, "78": 15.354166666666666, "79": 14.883211678832117, "80": 17.95145631067961, "81": 15.650943396226415, "82": 16.917355371900825, "83": 12.88695652173913, "84": 16.010752688172044, "85": 25.08695652173913, "86": 21.257142857142856}, "p2": {"0": 35.048218975226014, "1": 14.724137931034482, "2": 18.15625, "3": 24.11111111111111, "4": 22.95294117647059, "5": 25.791666666666668, "6": 34.065693430656935, "7": 33.85443037974684, "8": 34.44278606965174, "9": 36.23529411764706, "10": 35.72811059907834, "11": 38.53072625698324, "12": 35.77333333333333, "13": 35.453947368421055, "14": 32.292307692307695, "15": 34.41958041958042, "16": 33.091503267973856, "17": 33.284615384615385, "18": 33.69005847953216, "19": 35.425925925925924, "20": 36.24516129032258, "21": 35.593023255813954, "22": 35.37931034482759, "23": 36.267605633802816, "24": 35.953947368421055, "25": 35.903225806451616, "26": 36.32142857142857, "27": 34.968992248062015, "28": 36.3445945945946, "29": 37.865671641791046, "30": 34.61184210526316, "31": 36.50632911392405, "32": 34.92567567567568, "33": 37.61194029850746, "34": 37.43181818181818, "35": 34.41732283464567, "36": 36.51456310679612, "37": 36.366336633663366, "38": 36.919117647058826, "39": 35.2, "40": 36.534351145038165, "41": 38.0, "42": 37.05309734513274, "43": 38.53448275862069, "44": 37.736363636363635, "45": 37.111111111111114, "46": 37.56153846153846, "47": 37.41904761904762, "48": 35.2, "49": 34.794642857142854, "50": 34.72727272727273, "51": 37.07627118644068, "52": 36.09322033898305, "53": 34.79816513761468, "54": 35.70796460176991, "55": 36.98198198198198, "56": 36.357894736842105, "57": 35.81553398058252, "58": 36.30357142857143, "59": 33.917647058823526, "60": 37.792792792792795, "61": 38.13333333333333, "62": 38.301886792452834, "63": 35.34, "64": 36.81818181818182, "65": 34.63725490196079, "66": 36.51485148514851, "67": 34.85, "68": 35.1764705882353, "69": 36.252873563218394, "70": 35.42553191489362, "71": 37.93269230769231, "72": 35.01030927835052, "73": 38.57657657657658, "74": 35.0, "75": 36.52325581395349, "76": 32.464646464646464, "77": 34.96590909090909, "78": 34.41237113402062, "79": 34.47674418604651, "80": 37.01086956521739, "81": 33.41414141414141, "82": 34.527027027027025, "83": 32.79761904761905, "84": 36.73972602739726, "85": 38.55769230769231, "86": 41.397590361445786}, "p3": {"0": 36.44786650954388, "1": 15.246376811594203, "2": 16.873015873015873, "3": 19.17142857142857, "4": 25.13953488372093, "5": 29.228915662650603, "6": 33.01324503311258, "7": 36.28846153846154, "8": 37.657303370786515, "9": 35.67213114754098, "10": 34.327586206896555, "11": 37.15151515151515, "12": 37.01829268292683, "13": 36.39766081871345, "14": 37.26451612903226, "15": 37.90298507462686, "16": 33.032679738562095, "17": 34.820689655172416, "18": 32.75776397515528, "19": 31.819875776397517, "20": 34.42011834319526, "21": 36.08571428571429, "22": 32.98159509202454, "23": 32.54216867469879, "24": 34.4593023255814, "25": 32.02013422818792, "26": 32.07534246575342, "27": 33.20754716981132, "28": 35.12587412587413, "29": 34.02614379084967, "30": 34.02777777777778, "31": 37.68421052631579, "32": 35.51700680272109, "33": 34.52903225806452, "34": 36.2027027027027, "35": 35.847682119205295, "36": 34.409356725146196, "37": 33.58389261744966, "38": 35.898305084745765, "39": 38.90625, "40": 35.48201438848921, "41": 35.197452229299365, "42": 36.8134328358209, "43": 36.013698630136986, "44": 36.0390625, "45": 37.03389830508475, "46": 35.93181818181818, "47": 35.36, "48": 38.90196078431372, "49": 36.9448275862069, "50": 36.175324675324674, "51": 37.47445255474452, "52": 35.11888111888112, "53": 34.190140845070424, "54": 38.394160583941606, "55": 38.279411764705884, "56": 38.26623376623377, "57": 37.219858156028366, "58": 37.4264705882353, "59": 38.76271186440678, "60": 41.08759124087591, "61": 39.02836879432624, "62": 37.71830985915493, "63": 38.9625, "64": 41.12328767123287, "65": 40.446969696969695, "66": 40.66129032258065, "67": 38.07299270072993, "68": 37.642857142857146, "69": 37.66935483870968, "70": 39.304964539007095, "71": 40.5, "72": 37.46715328467153, "73": 37.85507246376812, "74": 36.09756097560975, "75": 41.93939393939394, "76": 37.73873873873874, "77": 39.41463414634146, "78": 39.40157480314961, "79": 41.203125, "80": 34.349514563106794, "81": 43.414414414414416, "82": 45.14942528735632, "83": 45.297872340425535, "84": 48.48148148148148, "85": 50.015625, "86": 55.1125}, "p4": {"0": 47.190325242470216, "1": 47.190325242470216, "2": 47.190325242470216, "3": 47.190325242470216, "4": 47.706563706563706, "5": 47.39056603773585, "6": 47.313346228239844, "7": 47.371308016877634, "8": 47.450413223140494, "9": 47.270212765957446, "10": 47.490526315789474, "11": 47.4061135371179, "12": 47.32203389830509, "13": 47.62939958592133, "14": 47.2299794661191, "15": 47.61693548387097, "16": 47.3630831643002, "17": 47.5748502994012, "18": 47.59274193548387, "19": 47.420824295010846, "20": 47.431111111111115, "21": 47.13875598086124,