{"p0": {"0": 10.0, "1": 10.0, "2": 10.0, "3": 10.0, "4": 10.0, "5": 10.0, "6": 10.0, "7": 10.0, "8": 10.0, "9": 10.0, "10": 10.0, "11": 10.0, "12": 10.0, "13": 10.0, "14": 10.0, "15": 10.0, "16": 10.0, "17": 10.0, "18": 10.0, "19": 10.0, "20": 10.0, "21": 10.0, "22": 10.0, "23": 10.0, "24": 10.0, "25": 10.0, "26": 10.0, "27": 10.0, "28": 10.0, "29": 10.0, "30": 10.0, "31": 10.0, "32": 10.0, "33": 10.0, "34": 10.0, "35": 10.0, "36": 10.0, "37": 10.0, "38": 10.0, "39": 10.0, "40": 10.0, "41": 10.0, "42": 10.0, "43": 10.0, "44": 10.0, "45": 10.0, "46": 10.0, "47": 10.0, "48": 10.0, "49": 10.0, "50": 10.0, "51": 10.0, "52": 10.0, "53": 10.0, "54": 10.0, "55": 99999.0, "56": 99999.0, "57": 99999.0, "58": 99999.0}, "p1": {"0": 24.167198210846028, "1": 10.393939393939394, "2": 11.19672131147541, "3": 14.423076923076923, "4": 20.61261261261261, "5": 21.27338129496403, "6": 25.05263157894737, "7": 24.96747967479675, "8": 24.88976377952756, "9": 24.471698113207548, "10": 26.458333333333332, "11": 24.79032258064516, "12": 23.90909090909091, "13": 25.577981651376145, "14": 27.464912280701753, "15": 26.273972602739725, "16": 25.82857142857143, "17": 26.336633663366335, "18": 25.44144144144144, "19": 24.732142857142858, "20": 24.31404958677686, "21": 26.329896907216494, "22": 25.495726495726494, "23": 26.482142857142858, "24": 26.94017094017094, "25": 23.850467289719628, "26": 26.1640625, "27": 26.674418604651162, "28": 25.724489795918366, "29": 26.850574712643677, "30": 25.891666666666666, "31": 25.944444444444443, "32": 24.973684210526315, "33": 25.80672268907563, "34": 25.762886597938145, "35": 26.042105263157893, "36": 23.14814814814815, "37": 23.5875, "38": 24.4025974025974, "39": 24.0875, "40": 25.04854368932039, "41": 25.47252747252747, "42": 24.147727272727273, "43": 24.86111111111111, "44": 24.34375, "45": 25.582278481012658, "46": 24.176470588235293, "47": 24.575, "48": 23.7375, "49": 23.826666666666668, "50": 23.560439560439562, "51": 23.44, "52": 23.4, "53": 23.0, "54": 21.1125, "55": 21.897435897435898, "56": 24.93103448275862, "57": 25.88888888888889, "58": 26.127659574468087}, "p2": {"0": 32.16192424854358, "1": 13.242424242424242, "2": 13.525, "3": 18.272727272727273, "4": 18.058823529411764, "5": 23.324074074074073, "6": 32.30827067669173, "7": 33.018348623853214, "8": 37.21311475409836, "9": 36.37748344370861, "10": 35.021126760563384, "11": 37.142857142857146, "12": 35.24271844660194, "13": 36.854166666666664, "14": 32.329787234042556, "15": 34.36585365853659, "16": 34.795698924731184, "17": 37.68807339449541, "18": 34.14159292035398, "19": 33.560344827586206, "20": 35.25773195876289, "21": 33.626506024096386, "22": 36.11764705882353, "23": 35.28421052631579, "24": 35.35164835164835, "25": 35.18867924528302, "26": 34.43518518518518, "27": 33.357894736842105, "28": 32.09708737864078, "29": 34.28888888888889, "30": 32.88, "31": 32.177570093457945, "32": 32.325581395348834, "33": 32.62105263157895, "34": 33.09090909090909, "35": 31.8, "36": 30.793478260869566, "37": 33.41304347826087, "38": 32.367816091954026, "39": 29.333333333333332, "40": 34.810810810810814, "41": 32.34615384615385, "42": 33.853932584269664, "43": 33.128571428571426, "44": 30.565656565656564, "45": 30.955223880597014, "46": 32.707317073170735, "47": 32.136986301369866, "48": 33.76315789473684, "49": 34.109756097560975, "50": 32.83132530120482, "51": 30.746835443037973, "52": 31.89830508474576, "53": 28.183673469387756, "54": 30.95, "55": 30.897959183673468, "56": 30.676470588235293, "57": 39.90909090909091, "58": 38.629629629629626}, "p3": {"0": 47.70497511049891, "1": 22.63768115942029, "2": 25.20967741935484, "3": 25.70769230769231, "4": 38.93181818181818, "5": 40.11304347826087, "6": 44.90055248618785, "7": 47.68072289156626, "8": 47.3072625698324, "9": 46.26553672316384, "10": 46.189473684210526, "11": 47.0, "12": 44.526041666666664, "13": 44.3125, "14": 49.55, "15": 48.821621621621624, "16": 44.61585365853659, "17": 49.17613636363637, "18": 44.66111111111111, "19": 48.75657894736842, "20": 48.287581699346404, "21": 47.22463768115942, "22": 47.57823129251701, "23": 49.44736842105263, "24": 46.44444444444444, "25": 49.61379310344827, "26": 48.85454545454545, "27": 48.417647058823526, "28": 48.888888888888886, "29": 48.94179894179894, "30": 49.84117647058824, "31": 49.74556213017752, "32": 49.92156862745098, "33": 47.75675675675676, "34": 47.13483146067416, "35": 50.73053892215569, "36": 49.930817610062896, "37": 48.903030303030306, "38": 51.391891891891895, "39": 49.070422535211264, "40": 48.72357723577236, "41": 49.18939393939394, "42": 47.86713286713287, "43": 48.95172413793104, "44": 46.78030303030303, "45": 48.58904109589041, "46": 49.5514705882353, "47": 48.41353383458647, "48": 49.63120567375886, "49": 53.0, "50": 49.70247933884298, "51": 48.82539682539682, "52": 47.38582677165354, "53": 50.7890625, "54": 54.67796610169491, "55": 55.46938775510204, "56": 57.885714285714286, "57": 65.42857142857143, "58": 61.53793103448276}, "p4": {"0": 47.92051079981521, "1": 47.92051079981521, "2": 47.92051079981521, "3": 47.92051079981521, "4": 48.19721577726218, "5": 48.11409395973154, "6": 47.85909090909091, "7": 47.979069767441864, "8": 48.21800947867298, "9": 48.513888888888886, "10": 48.09456264775414, "11": 47.95893719806763, "12": 48.179245283018865, "13": 48.454314720812185, "14": 47.33604336043361, "15": 47.942934782608695, "16": 48.22571428571428, "17": 47.671388101983005, "18": 48.02173913043478, "19": 48.42977528089887, "20": 48.49557522123894, "21": 48.36883116883117, "22": 47.8319783197832, "23": 47.95628415300546, "24": 48.13623978201635, "25": 48.193939393939395, "26": 48.244299674267104, "27": 47.54858934169279, "28": 48.083333333333336, "29": 46.83884297520661, "30": 47.58024691358025, "31": 47.5979020979021, "32": 47.71774193548387, "33": 47.80497925311203, "34": 47.60153256704981, "35": 47.60536398467433, "36": 48.124542124542124, "37": 47.946236559139784, "38": 47.886792452830186, "39": 47.98240469208211, "40": 47.89329268292683, "41": 47.46086956521739, "42": 48.18181818181818, "43": 47.81163434903047, "44": 48.18279569892473, "45": 47.87301587301587, "46": 47.50877192982456, "47": 47.6781914893617, "48": 47.49299719887955, "49": 47.40764331210191, "50": 48.05059523809524, "51": 48.23824451410658, "52": 47.99667774086379, "53": 48.123711340206185, "54": 48.05797101449275, "55": 47.48109965635739, "56": 48.295081967213115, "57": 47.481751824817515, "58": 47.67025089605735}}