{"p0": {"0": 10.0, "1": 10.0, "2": 10.0, "3": 10.0, "4": 10.0, "5": 10.0, "6": 10.0, "7": 10.0, "8": 10.0, "9": 10.0, "10": 10.0, "11": 10.0, "12": 10.0, "13": 10.0, "14": 10.0, "15": 10.0, "16": 10.0, "17": 10.0, "18": 10.0, "19": 10.0, "20": 10.0, "21": 10.0, "22": 10.0, "23": 10.0, "24": 10.0, "25": 10.0, "26": 10.0, "27": 10.0, "28": 10.0, "29": 10.0, "30": 10.0, "31": 10.0, "32": 10.0, "33": 10.0, "34": 10.0, "35": 10.0, "36": 10.0, "37": 10.0, "38": 10.0, "39": 10.0, "40": 10.0, "41": 10.0, "42": 10.0, "43": 10.0, "44": 10.0, "45": 10.0, "46": 10.0, "47": 10.0, "48": 10.0, "49": 10.0, "50": 10.0, "51": 10.0, "52": 99999.0, "53": 99999.0, "54": 99999.0}, "p1": {"0": 19.987855063625897, "1": 8.321428571428571, "2": 10.488888888888889, "3": 15.053191489361701, "4": 18.48936170212766, "5": 19.85496183206107, "6": 23.76, "7": 22.146788990825687, "8": 22.410526315789475, "9": 21.956521739130434, "10": 22.604938271604937, "11": 23.247524752475247, "12": 22.666666666666668, "13": 21.48780487804878, "14": 22.931372549019606, "15": 23.132653061224488, "16": 25.20689655172414, "17": 22.273809523809526, "18": 23.19047619047619, "19": 21.03846153846154, "20": 21.290697674418606, "21": 21.135802469135804, "22": 22.49367088607595, "23": 21.58695652173913, "24": 19.775, "25": 20.622448979591837, "26": 21.353658536585368, "27": 21.97752808988764, "28": 20.77922077922078, "29": 19.782608695652176, "30": 20.589041095890412, "31": 22.195121951219512, "32": 20.929411764705883, "33": 19.272727272727273, "34": 19.611764705882354, "35": 19.346666666666668, "36": 18.613333333333333, "37": 20.159420289855074, "38": 18.17241379310345, "39": 19.77777777777778, "40": 21.836734693877553, "41": 21.551724137931036, "42": 21.387096774193548, "43": 21.318840579710145, "44": 20.84375, "45": 19.350877192982455, "46": 19.844827586206897, "47": 18.666666666666668, "48": 16.857142857142858, "49": 16.785714285714285, "50": 16.1864406779661, "51": 17.633333333333333, "52": 13.523809523809524, "53": 17.214285714285715, "54": 16.615384615384617}, "p2": {"0": 33.72162051026865, "1": 11.410714285714286, "2": 14.75, "3": 21.275862068965516, "4": 26.274509803921568, "5": 22.71875, "6": 30.022222222222222, "7": 31.910569105691057, "8": 33.1203007518797, "9": 32.328859060402685, "10": 32.343023255813954, "11": 33.483870967741936, "12": 30.565217391304348, "13": 32.00729927007299, "14": 30.786324786324787, "15": 31.482456140350877, "16": 33.017699115044245, "17": 31.893129770992367, "18": 34.973214285714285, "19": 33.642201834862384, "20": 36.723214285714285, "21": 38.69565217391305, "22": 36.21818181818182, "23": 37.842592592592595, "24": 35.75471698113208, "25": 37.10526315789474, "26": 34.992537313432834, "27": 36.19469026548673, "28": 35.31404958677686, "29": 36.62626262626262, "30": 38.6530612244898, "31": 36.019417475728154, "32": 37.74193548387097, "33": 35.043010752688176, "34": 35.07692307692308, "35": 37.649484536082475, "36": 32.32380952380952, "37": 34.92079207920792, "38": 34.29896907216495, "39": 34.13274336283186, "40": 34.67, "41": 37.044444444444444, "42": 34.934065934065934, "43": 34.1764705882353, "44": 34.304761904761904, "45": 34.64705882352941, "46": 34.96078431372549, "47": 35.2375, "48": 36.08, "49": 36.95061728395062, "50": 36.01449275362319, "51": 37.61764705882353, "52": 36.19565217391305, "53": 44.28125, "54": 44.51923076923077}, "p3": {"0": 35.49661385597298, "1": 35.49661385597298, "2": 35.49661385597298, "3": 35.67246376811594, "4": 35.49864498644986, "5": 35.56824512534819, "6": 35.807162534435264, "7": 35.68601583113456, "8": 35.72086720867209, "9": 35.92071611253197, "10": 35.83589743589744, "11": 35.64460784313726, "12": 35.501285347043705, "13": 35.787179487179486, "14": 35.92485549132948, "15": 36.10951008645533, "16": 35.56026058631922, "17": 35.25076452599389, "18": 35.73831775700935, "19": 35.82748538011696, "20": 35.75, "21": 35.53225806451613, "22": 35.53846153846154, "23": 36.17977528089887, "24": 35.799283154121866, "25": 35.66107382550336, "26": 35.52346570397112, "27": 35.17123287671233, "28": 35.38549618320611, "29": 35.46153846153846, "30": 34.658181818181816, "31": 34.969465648854964, "32": 34.981617647058826, "33": 35.15983606557377, "34": 35.13013698630137, "35": 35.813380281690144, "36": 35.47841726618705, "37": 35.786407766990294, "38": 34.92783505154639, "39": 35.244827586206895, "40": 35.65573770491803, "41": 35.01423487544484, "42": 35.50653594771242, "43": 35.246498599439775, "44": 35.47094801223242, "45": 35.21864951768489, "46": 34.85196374622357, "47": 35.33774834437086, "48": 35.63815789473684, "49": 34.958333333333336, "50": 35.12307692307692, "51": 35.28975265017668, "52": 35.138888888888886, "53": 35.76642335766423, "54": 36.4}}