{"p0": {"0": 10.0, "1": 10.0, "2": 10.0, "3": 10.0, "4": 10.0, "5": 10.0, "6": 10.0, "7": 10.0, "8": 10.0, "9": 10.0, "10": 10.0, "11": 10.0, "12": 10.0, "13": 10.0, "14": 10.0, "15": 10.0, "16": 10.0, "17": 10.0, "18": 10.0, "19": 10.0, "20": 10.0, "21": 10.0, "22": 10.0, "23": 10.0, "24": 10.0, "25": 10.0, "26": 10.0, "27": 10.0, "28": 10.0, "29": 10.0, "30": 10.0, "31": 10.0, "32": 10.0, "33": 10.0, "34": 10.0, "35": 10.0, "36": 10.0, "37": 10.0, "38": 10.0, "39": 10.0, "40": 10.0, "41": 10.0, "42": 10.0, "43": 10.0, "44": 10.0, "45": 10.0, "46": 10.0, "47": 99999.0, "48": 99999.0, "49": 99999.0, "50": 99999.0, "51": 99999.0}, "p1": {"0": 19.686020233618887, "1": 7.287128712871287, "2": 8.74074074074074, "3": 10.311377245508982, "4": 15.108843537414966, "5": 17.583815028901736, "6": 21.821782178217823, "7": 18.718562874251496, "8": 18.56896551724138, "9": 20.63758389261745, "10": 19.471502590673577, "11": 21.31764705882353, "12": 18.539877300613497, "13": 21.587628865979383, "14": 20.28921568627451, "15": 19.401960784313726, "16": 20.32972972972973, "17": 18.6045197740113, "18": 20.26153846153846, "19": 20.317073170731707, "20": 20.021164021164022, "21": 19.92528735632184, "22": 20.233128834355828, "23": 19.084848484848486, "24": 19.816831683168317, "25": 21.621052631578948, "26": 19.993939393939392, "27": 19.086734693877553, "28": 16.37323943661972, "29": 19.02, "30": 21.342657342657343, "31": 19.337278106508876, "32": 19.388535031847134, "33": 18.17142857142857, "34": 19.295454545454547, "35": 19.03676470588235, "36": 20.097014925373134, "37": 19.96323529411765, "38": 18.671755725190838, "39": 20.4765625, "40": 18.982758620689655, "41": 21.153846153846153, "42": 18.81045751633987, "43": 20.308823529411764, "44": 22.208695652173912, "45": 22.65771812080537, "46": 20.559055118110237, "47": 22.247311827956988, "48": 24.549295774647888, "49": 25.0, "50": 29.813953488372093, "51": 27.838709677419356}, "p2": {"0": 33.0298865774237, "1": 12.3, "2": 15.35897435897436, "3": 20.025974025974026, "4": 24.72463768115942, "5": 25.508928571428573, "6": 31.977443609022558, "7": 33.50920245398773, "8": 33.24858757062147, "9": 35.2093023255814, "10": 34.97530864197531, "11": 33.87012987012987, "12": 34.30534351145038, "13": 33.167883211678834, "14": 32.904761904761905, "15": 31.741071428571427, "16": 33.252100840336134, "17": 34.744827586206895, "18": 34.839416058394164, "19": 33.59756097560975, "20": 31.91044776119403, "21": 33.10738255033557, "22": 32.479166666666664, "23": 33.423611111111114, "24": 33.541984732824424, "25": 32.11188811188811, "26": 31.03968253968254, "27": 34.203252032520325, "28": 32.04, "29": 33.81208053691275, "30": 32.98461538461538, "31": 33.80916030534351, "32": 34.234848484848484, "33": 32.945945945945944, "34": 34.057377049180324, "35": 33.21641791044776, "36": 36.44827586206897, "37": 37.142857142857146, "38": 34.227586206896554, "39": 35.912, "40": 34.648275862068964, "41": 35.872, "42": 35.11363636363637, "43": 32.973684210526315, "44": 36.6328125, "45": 34.01904761904762, "46": 34.76258992805755, "47": 38.57798165137615, "48": 36.62222222222222, "49": 37.66216216216216, "50": 44.81578947368421, "51": 40.913978494623656}, "p3": {"0": 45.469835893986804, "1": 14.295081967213115, "2": 21.177777777777777, "3": 29.390243902439025, "4": 37.72641509433962, "5": 41.473684210526315, "6": 49.401015228426395, "7": 48.536144578313255, "8": 47.630434782608695, "9": 47.494623655913976, "10": 46.625, "11": 47.65185185185185, "12": 47.66285714285714, "13": 48.01197604790419, "14": 48.576388888888886, "15": 47.19847328244275, "16": 46.29197080291971, "17": 42.451388888888886, "18": 48.4113475177305, "19": 45.188311688311686, "20": 48.82911392405063, "21": 47.14074074074074, "22": 43.70754716981132, "23": 45.82089552238806, "24": 48.675862068965515, "25": 43.578947368421055, "26": 45.87378640776699, "27": 45.389830508474574, "28": 45.653543307086615, "29": 49.00806451612903, "30": 48.3109243697479, "31": 48.416666666666664, "32": 47.042735042735046, "33": 49.136752136752136, "34": 44.86363636363637, "35": 49.0531914893617, "36": 49.1965811965812, "37": 46.205882352941174, "38": 45.34653465346535, "39": 48.96153846153846, "40": 46.208695652173915, "41": 44.745098039215684, "42": 45.76699029126213, "43": 45.16129032258065, "44": 45.4639175257732, "45": 46.23809523809524, "46": 48.27142857142857, "47": 44.325, "48": 42.509433962264154, "49": 50.12820512820513, "50": 60.285714285714285, "51": 54.45}, "p4": {"0": 65.03185248063268, "1": 33.0, "2": 50.411764705882355, "3": 44.714285714285715, "4": 48.91139240506329, "5": 55.02564102564103, "6": 62.81621621621622, "7": 63.902702702702705, "8": 67.2303664921466, "9": 65.31018518518519, "10": 66.77033492822966, "11": 66.90232558139535, "12": 62.458536585365856, "13": 62.862637362637365, "14": 65.63095238095238, "15": 64.43157894736842, "16": 64.01657458563535, "17": 62.005714285714284, "18": 64.54335260115607, "19": 64.0925925925926, "20": 65.4180790960452, "21": 66.97575757575757, "22": 66.73142857142857, "23": 67.30851063829788, "24": 67.31891891891892, "25": 67.53333333333333, "26": 71.86896551724138, "27": 69.26973684210526, "28": 67.43010752688173, "29": 67.45637583892618, "30": 63.96341463414634, "31": 64.39664804469274, "32": 63.50595238095238, "33": 64.95597484276729, "34": 66.15384615384616, "35": 69.32558139534883, "36": 67.36774193548388, "37": 64.6144578313253, "38": 65.38607594936708, "39": 65.73053892215569, "40": 65.23870967741935, "41": 69.33557046979865, "42": 64.34415584415585, "43": 67.96855345911949, "44": 70.39864864864865, "45": 67.74107142857143, "46": 68.1195652173913, "47": 67.625, "48": 66.56896551724138, "49": 74.51086956521739, "50": 80.65591397849462, "51": 86.3688524590164}, "p5": {"0": 60.76263797439164, "1": 60.76263797439164, "2": 60.76263797439164, "3": 60.76263797439164, "4": 60.76263797439164, "5": 60.874458874458874, "6": 61.276008492569005, "7": 60.64767932489451, "8": 60.87777777777778, "9": 60.976689976689975, "10": 60.78622327790974, "11": 61.54278728606357, "12": 60.81203007518797, "13": 60.755208333333336, "14": 60.69897959183673, "15": 60.51075268817204, "16": 61.09649122807018, "17": 60.77562326869806, "18": 61.54390934844193, "19": 61.96590909090909, "20": 62.06586826347306, "21": 60.97076023391813, "22": 61.261538461538464, "23": 61.090634441087616, "24": 60.5141065830721, "25": 59.92559523809524, "26": 60.37800687285223, "27": 59.58125, "28": 59.24671052631579, "29": 60.34074074074074, "30": 59.593525179856115, "31": 60.805280528052805, "32": 61.642857142857146, "33": 61.373040752351095, "34": 60.54434250764526, "35": 60.983870967741936, "36": 61.04054054054054, "37": 60.15555555555556, "38": 61.15692307692308, "39": 60.54302670623145, "40": 61.10850439882698, "41": 60.32020997375328, "42": 60.542028985507244, "43": 60.76608187134503, "44": 61.240437158469945, "45": 60.397014925373135, "46": 61.02017291066282, "47": 60.54858934169279, "48": 60.403225806451616, "49": 60.46604938271605, "50": 60.21653543307087, "51": 60.460431654676256}}