{"p0": {"0": 10.0, "1": 10.0, "2": 10.0, "3": 10.0, "4": 10.0, "5": 10.0, "6": 10.0, "7": 10.0, "8": 10.0, "9": 10.0, "10": 10.0, "11": 10.0, "12": 10.0, "13": 10.0, "14": 10.0, "15": 10.0, "16": 10.0, "17": 10.0, "18": 10.0, "19": 10.0, "20": 10.0, "21": 10.0, "22": 10.0, "23": 10.0, "24": 10.0, "25": 10.0, "26": 10.0, "27": 10.0, "28": 10.0, "29": 10.0, "30": 10.0, "31": 10.0, "32": 10.0, "33": 10.0, "34": 10.0, "35": 10.0, "36": 10.0, "37": 10.0, "38": 10.0, "39": 10.0, "40": 10.0, "41": 10.0, "42": 10.0, "43": 10.0, "44": 10.0, "45": 10.0, "46": 10.0, "47": 10.0, "48": 10.0, "49": 10.0, "50": 10.0, "51": 10.0, "52": 10.0, "53": 10.0, "54": 10.0, "55": 10.0, "56": 10.0, "57": 10.0, "58": 10.0, "59": 10.0, "60": 10.0, "61": 10.0, "62": 10.0, "63": 10.0, "64": 10.0, "65": 10.0, "66": 10.0, "67": 10.0, "68": 10.0, "69": 10.0, "70": 99999.0, "71": 99999.0, "72": 99999.0, "73": 99999.0, "74": 99999.0}, "p1": {"0": 22.245772526264226, "1": 9.909090909090908, "2": 14.464788732394366, "3": 13.0625, "4": 18.47, "5": 20.214876033057852, "6": 24.25503355704698, "7": 24.715328467153284, "8": 24.50887573964497, "9": 24.123456790123456, "10": 24.017857142857142, "11": 23.261146496815286, "12": 23.881656804733726, "13": 23.824242424242424, "14": 24.470588235294116, "15": 24.48, "16": 24.42168674698795, "17": 22.906976744186046, "18": 23.454545454545453, "19": 23.095588235294116, "20": 24.67910447761194, "21": 24.416058394160583, "22": 24.015748031496063, "23": 22.532846715328468, "24": 22.746575342465754, "25": 23.21641791044776, "26": 22.541984732824428, "27": 23.224, "28": 21.28301886792453, "29": 23.401515151515152, "30": 22.565891472868216, "31": 22.54954954954955, "32": 22.4070796460177, "33": 22.480314960629922, "34": 22.2803738317757, "35": 22.045112781954888, "36": 21.2890625, "37": 22.137614678899084, "38": 20.77570093457944, "39": 21.95275590551181, "40": 22.418367346938776, "41": 21.603603603603602, "42": 22.376923076923077, "43": 22.02, "44": 21.142857142857142, "45": 22.904761904761905, "46": 21.272727272727273, "47": 22.0, "48": 20.903614457831324, "49": 22.54368932038835, "50": 22.477777777777778, "51": 21.41111111111111, "52": 22.55294117647059, "53": 22.7979797979798, "54": 21.03960396039604, "55": 22.370786516853933, "56": 21.46808510638298, "57": 22.391304347826086, "58": 22.727272727272727, "59": 21.063157894736843, "60": 22.694444444444443, "61": 21.204545454545453, "62": 22.566265060240966, "63": 22.235294117647058, "64": 22.810526315789474, "65": 22.428571428571427, "66": 22.151515151515152, "67": 22.656565656565657, "68": 21.0752688172043, "69": 24.10126582278481, "70": 21.106666666666666, "71": 22.554054054054053, "72": 22.025, "73": 25.242424242424242, "74": 27.76923076923077}, "p2": {"0": 30.732886061690884, "1": 12.165562913907285, "2": 14.525252525252526, "3": 17.016528925619834, "4": 17.363636363636363, "5": 19.77173913043478, "6": 23.161702127659574, "7": 26.098425196850393, "8": 25.447653429602887, "9": 26.772549019607844, "10": 26.89455782312925, "11": 25.64503816793893, "12": 24.786956521739132, "13": 26.18918918918919, "14": 25.465, "15": 26.28191489361702, "16": 29.028248587570623, "17": 26.656976744186046, "18": 27.441860465116278, "19": 29.329479768786126, "20": 27.542168674698797, "21": 27.16778523489933, "22": 29.08284023668639, "23": 28.29375, "24": 26.572519083969464, "25": 27.333333333333332, "26": 27.82191780821918, "27": 30.085714285714285, "28": 29.72463768115942, "29": 31.519685039370078, "30": 28.447154471544714, "31": 31.225165562913908, "32": 31.54609929078014, "33": 28.9618320610687, "34": 31.186046511627907, "35": 30.328125, "36": 28.973913043478262, "37": 29.56934306569343, "38": 30.191176470588236, "39": 31.603174603174605, "40": 30.04424778761062, "41": 31.669421487603305, "42": 33.403669724770644, "43": 30.419047619047618, "44": 30.34065934065934, "45": 31.887755102040817, "46": 32.59550561797753, "47": 31.153153153153152, "48": 37.42857142857143, "49": 34.92783505154639, "50": 32.26262626262626, "51": 33.10588235294118, "52": 33.30379746835443, "53": 34.20779220779221, "54": 33.80722891566265, "55": 37.24444444444445, "56": 35.1375, "57": 35.80681818181818, "58": 36.32876712328767, "59": 36.46808510638298, "60": 35.80232558139535, "61": 32.287234042553195, "62": 36.61038961038961, "63": 36.7375, "64": 36.64935064935065, "65": 35.792682926829265, "66": 36.45679012345679, "67": 35.642105263157895, "68": 36.04, "69": 32.540983606557376, "70": 34.87692307692308, "71": 38.193548387096776, "72": 43.06521739130435, "73": 47.18181818181818, "74": 47.595238095238095}, "p3": {"0": 41.05838461447909, "1": 15.368421052631579, "2": 17.306122448979593, "3": 21.41176470588235, "4": 24.90740740740741, "5": 30.2027027027027, "6": 39.2448132780083, "7": 37.60144927536232, "8": 37.38670694864048, "9": 36.59450171821306, "10": 37.89454545454546, "11": 37.57876712328767, "12": 35.48028673835125, "13": 37.56420233463035, "14": 37.06410256410256, "15": 38.78082191780822, "16": 40.34183673469388, "17": 36.620370370370374, "18": 38.457142857142856, "19": 42.03225806451613, "20": 43.45454545454545, "21": 41.57948717948718, "22": 41.992537313432834, "23": 40.32575757575758, "24": 41.88590604026846, "25": 44.4, "26": 40.47286821705426, "27": 42.39449541284404, "28": 43.14545454545455, "29": 41.676767676767675, "30": 37.896907216494846, "31": 42.083333333333336, "32": 44.38181818181818, "33": 43.0, "34": 39.94, "35": 43.775510204081634, "36": 44.83673469387755, "37": 44.67857142857143, "38": 41.489583333333336, "39": 42.28395061728395, "40": 41.68055555555556, "41": 46.023529411764706, "42": 41.97530864197531, "43": 41.19178082191781, "44": 43.896103896103895, "45": 46.0, "46": 43.189189189189186, "47": 38.970588235294116, "48": 44.96825396825397, "49": 44.671875, "50": 39.11267605633803, "51": 40.74647887323944, "52": 45.160714285714285, "53": 39.602739726027394, "54": 38.59375, "55": 46.24590163934426, "56": 44.96, "57": 49.86206896551724, "58": 50.473684210526315, "59": 46.23880597014925, "60": 44.582089552238806, "61": 45.770833333333336, "62": 44.660377358490564, "63": 45.38297872340426, "64": 46.214285714285715, "65": 47.81818181818182, "66": 47.666666666666664, "67": 48.69565217391305, "68": 43.369565217391305, "69": 36.6, "70": 41.878787878787875, "71": 39.57142857142857, "72": 36.26315789473684, "73": 48.75, "74": 60.0}, "p4": {"0": 60.33290097717187, "1": 30.68, "2": 32.4054054054054, "3": 32.167597765363126, "4": 38.3756906077348, "5": 40.533596837944664, "6": 46.461794019933556, "7": 49.0078431372549, "8": 50.41958041958042, "9": 48.006211180124225, "10": 49.15483870967742, "11": 50.5059880239521, "12": 47.527536231884056, "13": 49.288079470198674, "14": 47.426791277258566, "15": 47.1764705882353, "16": 47.04498269896194, "17": 46.07575757575758, "18": 49.41641337386018, "19": 46.43988269794721, "20": 47.4873417721519, "21": 44.619217081850536, "22": 46.68403908794788, "23": 52.46, "24": 45.75965665236051, "25": 48.81818181818182, "26": 53.86976744186047, "27": 51.81659388646288, "28": 56.65137614678899, "29": 55.04950495049505, "30": 56.98514851485149, "31": 59.52884615384615, "32": 60.07881773399015, "33": 56.785276073619634, "34": 64.34394904458598, "35": 61.774193548387096, "36": 62.44512195121951, "37": 68.58333333333333, "38": 61.806060606060605, "39": 68.34640522875817, "40": 64.87362637362638, "41": 66.97241379310344, "42": 65.12582781456953, "43": 71.0, "44": 64.43609022556392, "45": 64.48275862068965, "46": 68.6044776119403, "47": 68.38636363636364, "48": 66.728, "49": 68.39473684210526, "50": 69.93129770992367, "51": 69.24299065420561, "52": 70.79120879120879, "53": 72.04950495049505, "54": 66.57471264367815, "55": 71.22988505747126, "56": 67.87671232876713, "57": 73.33766233766234, "58": 72.96153846153847, "59": 75.65168539325843, "60": 67.57971014492753, "61": 64.89156626506023, "62": 71.85714285714286, "63": 68.28358208955224, "64": 67.02941176470588, "65": 73.76470588235294, "66": 68.01333333333334,