{"p0": {"0": 10.0, "1": 10.0, "2": 10.0, "3": 10.0, "4": 10.0, "5": 10.0, "6": 10.0, "7": 10.0, "8": 10.0, "9": 10.0, "10": 10.0, "11": 10.0, "12": 10.0, "13": 10.0, "14": 10.0, "15": 10.0, "16": 10.0, "17": 10.0, "18": 10.0, "19": 10.0, "20": 10.0, "21": 10.0, "22": 10.0, "23": 10.0, "24": 10.0, "25": 10.0, "26": 10.0, "27": 10.0, "28": 10.0, "29": 10.0, "30": 10.0, "31": 10.0, "32": 10.0, "33": 10.0, "34": 10.0, "35": 10.0, "36": 10.0, "37": 10.0, "38": 10.0, "39": 10.0, "40": 10.0, "41": 10.0, "42": 10.0, "43": 10.0, "44": 10.0, "45": 10.0, "46": 10.0, "47": 10.0, "48": 10.0, "49": 10.0, "50": 10.0, "51": 10.0, "52": 10.0, "53": 10.0, "54": 10.0, "55": 10.0, "56": 10.0, "57": 10.0, "58": 10.0, "59": 10.0, "60": 10.0, "61": 10.0, "62": 10.0, "63": 10.0, "64": 10.0, "65": 10.0, "66": 10.0, "67": 10.0, "68": 10.0, "69": 10.0, "70": 10.0, "71": 10.0, "72": 10.0, "73": 10.0, "74": 10.0, "75": 10.0, "76": 10.0, "77": 10.0, "78": 10.0, "79": 10.0, "80": 10.0, "81": 10.0, "82": 10.0, "83": 10.0, "84": 10.0, "85": 10.0, "86": 99999.0, "87": 99999.0, "88": 99999.0}, "p1": {"0": 20.457290984344766, "1": 6.142857142857143, "2": 10.254716981132075, "3": 12.560283687943262, "4": 18.424242424242426, "5": 18.71812080536913, "6": 22.19871794871795, "7": 20.412121212121214, "8": 22.09655172413793, "9": 22.526315789473685, "10": 25.10483870967742, "11": 22.68503937007874, "12": 22.976, "13": 20.456375838926174, "14": 22.59016393442623, "15": 22.529850746268657, "16": 24.014705882352942, "17": 23.607843137254903, "18": 23.68103448275862, "19": 25.723577235772357, "20": 22.812080536912752, "21": 22.654929577464788, "22": 22.424242424242426, "23": 22.363636363636363, "24": 21.642857142857142, "25": 22.072164948453608, "26": 21.59349593495935, "27": 21.75409836065574, "28": 22.504424778761063, "29": 20.284313725490197, "30": 20.3265306122449, "31": 22.96, "32": 21.229166666666668, "33": 21.445454545454545, "34": 21.587628865979383, "35": 21.408602150537636, "36": 22.798076923076923, "37": 22.333333333333332, "38": 20.391752577319586, "39": 20.629310344827587, "40": 20.756521739130434, "41": 22.38235294117647, "42": 21.71, "43": 21.66949152542373, "44": 19.329787234042552, "45": 18.956989247311828, "46": 22.81188118811881, "47": 21.38317757009346, "48": 21.39, "49": 22.182692307692307, "50": 20.405940594059405, "51": 19.989583333333332, "52": 22.764044943820224, "53": 19.753246753246753, "54": 19.164835164835164, "55": 20.561643835616437, "56": 21.457831325301203, "57": 21.25287356321839, "58": 17.535714285714285, "59": 18.60759493670886, "60": 19.68831168831169, "61": 19.333333333333332, "62": 21.435897435897434, "63": 19.82278481012658, "64": 20.782608695652176, "65": 18.92105263157895, "66": 18.92, "67": 18.5, "68": 21.105263157894736, "69": 17.470588235294116, "70": 18.923076923076923, "71": 19.42168674698795, "72": 20.602564102564102, "73": 18.870967741935484, "74": 21.16470588235294, "75": 19.483333333333334, "76": 20.620689655172413, "77": 20.18918918918919, "78": 22.434782608695652, "79": 19.686046511627907, "80": 20.025641025641026, "81": 16.970588235294116, "82": 17.344827586206897, "83": 17.5, "84": 13.042553191489361, "85": 14.545454545454545, "86": 13.95, "87": 26.0, "88": 27.5}, "p2": {"0": 32.88774586961909, "1": 7.015037593984962, "2": 7.950413223140496, "3": 8.563106796116505, "4": 16.1869918699187, "5": 17.133757961783438, "6": 23.160493827160494, "7": 27.56872037914692, "8": 27.53386454183267, "9": 29.271551724137932, "10": 32.95967741935484, "11": 29.966824644549764, "12": 27.870192307692307, "13": 27.960975609756098, "14": 28.888297872340427, "15": 24.57560975609756, "16": 27.504587155963304, "17": 26.671717171717173, "18": 28.07281553398058, "19": 30.901408450704224, "20": 31.95852534562212, "21": 28.27179487179487, "22": 29.791044776119403, "23": 29.612903225806452, "24": 29.304123711340207, "25": 32.014925373134325, "26": 30.312883435582823, "27": 30.603448275862068, "28": 31.963730569948186, "29": 31.824858757062145, "30": 32.31550802139037, "31": 34.22784810126582, "32": 33.76111111111111, "33": 32.958083832335326, "34": 34.62179487179487, "35": 32.36842105263158, "36": 33.578947368421055, "37": 34.30864197530864, "38": 34.27922077922078, "39": 33.96078431372549, "40": 34.52866242038217, "41": 35.38095238095238, "42": 35.25903614457831, "43": 36.19753086419753, "44": 35.84276729559748, "45": 35.76608187134503, "46": 34.4496644295302, "47": 34.703125, "48": 34.56296296296296, "49": 34.431654676258994, "50": 34.98360655737705, "51": 34.96, "52": 35.81203007518797, "53": 35.04109589041096, "54": 35.486486486486484, "55": 35.82692307692308, "56": 36.06622516556291, "57": 35.60655737704918, "58": 35.18939393939394, "59": 34.641975308641975, "60": 38.21582733812949, "61": 35.277372262773724, "62": 39.37795275590551, "63": 38.03174603174603, "64": 37.13740458015267, "65": 36.7682119205298, "66": 35.79710144927536, "67": 38.6241134751773, "68": 37.89855072463768, "69": 36.007194244604314, "70": 37.625, "71": 37.338582677165356, "72": 36.972477064220186, "73": 36.560344827586206, "74": 37.07339449541284, "75": 37.68421052631579, "76": 36.9327731092437, "77": 36.8448275862069, "78": 37.49193548387097, "79": 37.520325203252035, "80": 35.58474576271186, "81": 36.94488188976378, "82": 34.049019607843135, "83": 35.120879120879124, "84": 36.371428571428574, "85": 40.265306122448976, "86": 43.34177215189873, "87": 46.38181818181818, "88": 44.351063829787236}, "p3": {"0": 36.80580193826006, "1": 36.80580193826006, "2": 36.80580193826006, "3": 37.13216957605985, "4": 36.913924050632914, "5": 36.62247191011236, "6": 36.979166666666664, "7": 36.66978922716628, "8": 36.59410430839002, "9": 36.5343347639485, "10": 36.66244725738397, "11": 36.769722814498934, "12": 36.74353448275862, "13": 36.40820734341253, "14": 36.80923694779116, "15": 36.66990291262136, "16": 36.51968503937008, "17": 36.780287474332646, "18": 36.71311475409836, "19": 36.96359743040685, "20": 36.73684210526316, "21": 36.903669724770644, "22": 36.77411764705882, "23": 36.737588652482266, "24": 36.758782201405154, "25": 36.85749385749386, "26": 36.656324582338904, "27": 36.926365795724465, "28": 36.75735294117647, "29": 36.88279301745636, "30": 36.89448441247002, "31": 36.887587822014055, "32": 36.69095477386934, "33": 36.830882352941174, "34": 36.42553191489362, "35": 36.51733333333333, "36": 36.36069651741293, "37": 36.38845144356955, "38": 36.45454545454545, "39": 36.72346368715084, "40": 36.65498652291105, "41": 36.56077348066298, "42": 36.60387811634349, "43": 37.00555555555555, "44": 36.940809968847354, "45": 37.58095238095238, "46": 37.023460410557185, "47": 37.286127167630056, "48": 37.657492354740064, "49": 37.63036303630363, "50": 36.87417218543046, "51": 37.36825396825397, "52": 37.30124223602485, "53": 37.29943502824859, "54": 36.87976539589443, "55": 37.37869822485207, "56": 36.98280802292263, "57": 36.902654867256636, "58": 36.828729281767956, "59": 37.27605633802817, "60": 36.58379888268156, "61": 36.17134831460674, "62": 36.466850828729285, "63": 36.610497237569064, "64": 36.70780856423174, "65": 36.95189873417721, "66": 36.524752475247524, "67": 36.57109004739336, "68": 36.0, "69": 36.40710382513661, "70": 37.01038961038961, "71": 36.9639175257732, "72": 36.67631578947368, "73": 36.26519337016575, "74": 36.76960784313726, "75": 36.77581863979849, "76": 36.801980198019805, "77": 36.55494505494506, "78": 36.69467787114846, "79": 36.72431077694235, "80": 36.44699140401146, "81": 36.793010752688176, "82": 36.740947075208915, "83": 37.24340175953079, "84": 36.60828025477707, "85": 37.080495356037154, "86": 36.985074626865675, "87": 37.36274509803921, "88": 37.11854103343465}}