{"p0": {"0": 10.0, "1": 10.0, "2": 10.0, "3": 10.0, "4": 10.0, "5": 10.0, "6": 10.0, "7": 10.0, "8": 10.0, "9": 10.0, "10": 10.0, "11": 10.0, "12": 10.0, "13": 10.0, "14": 10.0, "15": 10.0, "16": 10.0, "17": 10.0, "18": 10.0, "19": 10.0, "20": 10.0, "21": 10.0, "22": 10.0, "23": 10.0, "24": 10.0, "25": 10.0, "26": 10.0, "27": 10.0, "28": 10.0, "29": 10.0, "30": 10.0, "31": 10.0, "32": 10.0, "33": 10.0, "34": 10.0, "35": 10.0, "36": 10.0, "37": 10.0, "38": 10.0, "39": 10.0, "40": 10.0, "41": 10.0, "42": 10.0, "43": 10.0, "44": 10.0, "45": 10.0, "46": 10.0, "47": 10.0, "48": 10.0, "49": 10.0, "50": 10.0, "51": 10.0, "52": 10.0, "53": 10.0, "54": 10.0, "55": 10.0, "56": 10.0, "57": 10.0, "58": 10.0, "59": 10.0, "60": 10.0, "61": 10.0, "62": 10.0, "63": 10.0, "64": 10.0, "65": 10.0, "66": 10.0, "67": 10.0, "68": 10.0, "69": 10.0, "70": 10.0, "71": 10.0, "72": 10.0, "73": 10.0, "74": 10.0, "75": 10.0, "76": 10.0, "77": 10.0, "78": 10.0, "79": 10.0, "80": 10.0, "81": 10.0, "82": 10.0, "83": 10.0, "84": 10.0, "85": 10.0, "86": 10.0, "87": 10.0, "88": 10.0, "89": 99999.0, "90": 99999.0, "91": 99999.0, "92": 99999.0}, "p1": {"0": 15.87348326754979, "1": 3.328358208955224, "2": 6.619469026548672, "3": 10.483660130718954, "4": 12.534246575342467, "5": 16.75598086124402, "6": 15.990243902439024, "7": 13.835051546391753, "8": 14.449197860962567, "9": 13.69277108433735, "10": 13.946808510638299, "11": 15.434343434343434, "12": 14.23076923076923, "13": 16.305418719211822, "14": 17.327014218009477, "15": 15.255208333333334, "16": 13.842696629213483, "17": 15.231182795698924, "18": 13.92090395480226, "19": 16.92, "20": 16.112299465240643, "21": 14.328125, "22": 15.546341463414635, "23": 14.780104712041885, "24": 15.626582278481013, "25": 14.940828402366863, "26": 13.958333333333334, "27": 16.277456647398843, "28": 16.254335260115607, "29": 15.063157894736841, "30": 15.52, "31": 14.966850828729282, "32": 13.502645502645503, "33": 15.235, "34": 17.6280193236715, "35": 16.03448275862069, "36": 16.63720930232558, "37": 15.952879581151832, "38": 13.725888324873097, "39": 17.218009478672986, "40": 15.242105263157894, "41": 16.219251336898395, "42": 17.390243902439025, "43": 16.97826086956522, "44": 15.764705882352942, "45": 14.7375, "46": 16.66013071895425, "47": 16.037974683544302, "48": 15.354497354497354, "49": 13.952941176470588, "50": 13.54601226993865, "51": 13.875706214689265, "52": 15.229813664596273, "53": 16.20138888888889, "54": 14.625766871165645, "55": 16.217142857142857, "56": 15.011494252873563, "57": 15.488888888888889, "58": 15.819354838709678, "59": 14.993377483443709, "60": 13.19205298013245, "61": 13.675675675675675, "62": 16.8125, "63": 17.175531914893618, "64": 17.382978723404257, "65": 14.892307692307693, "66": 17.441860465116278, "67": 16.29850746268657, "68": 15.947761194029852, "69": 17.083333333333332, "70": 17.954248366013072, "71": 17.858267716535433, "72": 15.884615384615385, "73": 17.629032258064516, "74": 17.8, "75": 17.991304347826087, "76": 18.601769911504423, "77": 18.8671875, "78": 19.60576923076923, "79": 19.0, "80": 18.12727272727273, "81": 17.40740740740741, "82": 18.64864864864865, "83": 16.580357142857142, "84": 16.39669421487603, "85": 18.185714285714287, "86": 18.19090909090909, "87": 17.166666666666668, "88": 16.8876404494382, "89": 14.657142857142857, "90": 20.983870967741936, "91": 22.65, "92": 24.625}, "p2": {"0": 28.832364235096396, "1": 13.25925925925926, "2": 13.829268292682928, "3": 16.85185185185185, "4": 16.52, "5": 20.305882352941175, "6": 25.875, "7": 29.25657894736842, "8": 28.87434554973822, "9": 29.28909952606635, "10": 30.44672131147541, "11": 31.323651452282157, "12": 27.28342245989305, "13": 28.025806451612905, "14": 26.464788732394368, "15": 28.145833333333332, "16": 30.233532934131738, "17": 27.573170731707318, "18": 27.60126582278481, "19": 29.50588235294118, "20": 27.87425149700599, "21": 30.11904761904762, "22": 28.163120567375888, "23": 30.40993788819876, "24": 27.973821989528794, "25": 31.676470588235293, "26": 29.58041958041958, "27": 28.80503144654088, "28": 30.707792207792206, "29": 30.174825174825173, "30": 30.15950920245399, "31": 32.29375, "32": 30.0, "33": 31.837662337662337, "34": 29.5472972972973, "35": 31.78082191780822, "36": 31.75886524822695, "37": 32.4031007751938, "38": 30.903846153846153, "39": 30.77358490566038, "40": 31.73170731707317, "41": 30.396825396825395, "42": 30.05109489051095, "43": 28.697674418604652, "44": 30.90728476821192, "45": 30.901408450704224, "46": 31.841726618705035, "47": 29.826771653543307, "48": 30.913669064748202, "49": 28.977099236641223, "50": 28.58139534883721, "51": 29.525862068965516, "52": 29.93103448275862, "53": 29.90625, "54": 30.768595041322314, "55": 28.990909090909092, "56": 29.294642857142858, "57": 30.875, "58": 31.208695652173912, "59": 29.369747899159663, "60": 29.528301886792452, "61": 30.297029702970296, "62": 29.138297872340427, "63": 28.878260869565217, "64": 27.398058252427184, "65": 29.350877192982455, "66": 28.810344827586206, "67": 29.444444444444443, "68": 28.913978494623656, "69": 29.560344827586206, "70": 27.022222222222222, "71": 28.42168674698795, "72": 29.387755102040817, "73": 28.867469879518072, "74": 29.8876404494382, "75": 29.505050505050505, "76": 30.515463917525775, "77": 28.51219512195122, "78": 30.065420560747665, "79": 28.744444444444444, "80": 29.295454545454547, "81": 29.98876404494382, "82": 29.96, "83": 30.309278350515463, "84": 27.247191011235955, "85": 28.22222222222222, "86": 28.78723404255319, "87": 28.341772151898734, "88": 27.935064935064936, "89": 28.62295081967213, "90": 27.02777777777778, "91": 31.074074074074073, "92": 33.21052631578947}, "p3": {"0": 45.329790809357725, "1": 18.160714285714285, "2": 20.513513513513512, "3": 25.24561403508772, "4": 35.161764705882355, "5": 37.917808219178085, "6": 40.76190476190476, "7": 41.534351145038165, "8": 42.63380281690141, "9": 40.48780487804878, "10": 44.027027027027025, "11": 41.83783783783784, "12": 43.125, "13": 43.578034682080926, "14": 41.349112426035504, "15": 42.02238805970149, "16": 40.671140939597315, "17": 42.41935483870968, "18": 38.12328767123287, "19": 41.09271523178808, "20": 37.8125, "21": 37.48031496062992, "22": 39.339393939393936, "23": 39.901315789473685, "24": 41.90909090909091, "25": 38.62068965517241, "26": 35.726618705035975, "27": 38.56287425149701, "28": 38.08474576271186, "29": 36.526666666666664, "30": 36.82716049382716, "31": 38.89808917197452, "32": 42.26315789473684, "33": 37.719424460431654, "34": 45.288590604026844, "35": 45.49315068493151, "36": 38.951219512195124, "37": 41.46478873239437, "38": 47.43225806451613, "39": 47.270833333333336, "40": 49.213793103448275, "41": 45.17857142857143, "42": 45.162962962962965, "43": 49.985611510791365, "44": 46.898648648648646, "45": 48.34920634920635, "46": 48.096774193548384, "47": 48.968992248062015, "48": 48.83571428571429, "49": 49.97435897435897, "50": 48.11594202898551, "51": 49.18115942028985, "52": 48.802721088435376, "53": 48.86991869918699, "54": 49.54929577464789, "55": 48.39568345323741, "56": 47.07971014492754, "57": 48.78260869565217, "58": 51.034188034188034, "59": 47.81818181818182, "60": 47.44444444444444, "61": 49.61363636363637, "62": 47.76068376068376, "63": 49.49166666666667, "64": 45.75247524752475, "65": 45.56701030927835, "66": 47.889830508474574, "67": 49.11188811188811, "68": 47.80952380952381, "69": 49.78512396694215, "70": 49.03007518796993, "71": 50.05982905982906, "72": 48.440366972477065, "73": 49.018691588785046, "74": 51.38095238095238, "75": 51.544642857142854, "76": 50.60683760683761, "77": 51.80530973451327, "78": 51.83720930232558, "79": 53.07079646017699, "80": 50.556603773584904, "81": 53.588235294117645, "82": 50.01709401709402, "83": 48.669172932330824, "84": 52.813559322033896, "85": 50.15686274509804, "86": 51.640776699029125, "87": 53.43269230769231, "88": 50.08695652173913, "89": 50.90291262135922, "90": 55.736111111111114, "91": 62.0,