{"p0": {"0": 10.0, "1": 10.0, "2": 10.0, "3": 10.0, "4": 10.0, "5": 10.0, "6": 10.0, "7": 10.0, "8": 10.0, "9": 10.0, "10": 10.0, "11": 10.0, "12": 10.0, "13": 10.0, "14": 10.0, "15": 10.0, "16": 10.0, "17": 10.0, "18": 10.0, "19": 10.0, "20": 10.0, "21": 10.0, "22": 10.0, "23": 10.0, "24": 10.0, "25": 10.0, "26": 10.0, "27": 10.0, "28": 10.0, "29": 10.0, "30": 10.0, "31": 10.0, "32": 10.0, "33": 10.0, "34": 10.0, "35": 10.0, "36": 10.0, "37": 10.0, "38": 10.0, "39": 10.0, "40": 10.0, "41": 10.0, "42": 10.0, "43": 10.0, "44": 10.0, "45": 10.0, "46": 10.0, "47": 10.0, "48": 10.0, "49": 10.0, "50": 10.0, "51": 10.0, "52": 10.0, "53": 10.0, "54": 10.0, "55": 10.0, "56": 10.0, "57": 10.0, "58": 10.0, "59": 10.0, "60": 99999.0, "61": 99999.0, "62": 99999.0}, "p1": {"0": 19.701686542198637, "1": 9.181818181818182, "2": 12.154761904761905, "3": 14.388059701492537, "4": 18.857142857142858, "5": 20.0, "6": 23.571428571428573, "7": 23.359756097560975, "8": 22.40909090909091, "9": 22.542857142857144, "10": 21.71232876712329, "11": 19.574626865671643, "12": 20.727891156462587, "13": 22.56, "14": 22.38364779874214, "15": 21.83783783783784, "16": 21.61437908496732, "17": 21.564102564102566, "18": 21.620689655172413, "19": 20.422619047619047, "20": 20.11042944785276, "21": 20.551724137931036, "22": 20.049079754601227, "23": 21.97887323943662, "24": 21.207100591715978, "25": 19.609929078014183, "26": 20.904761904761905, "27": 21.874172185430464, "28": 20.34375, "29": 21.0472972972973, "30": 21.5, "31": 20.92, "32": 19.669642857142858, "33": 22.893129770992367, "34": 19.63157894736842, "35": 19.98581560283688, "36": 20.151515151515152, "37": 20.48062015503876, "38": 20.396551724137932, "39": 22.352941176470587, "40": 20.134453781512605, "41": 19.454545454545453, "42": 19.35, "43": 19.88235294117647, "44": 18.11023622047244, "45": 19.152, "46": 20.92105263157895, "47": 18.870689655172413, "48": 20.96969696969697, "49": 20.014492753623188, "50": 19.976190476190474, "51": 19.053846153846155, "52": 20.3135593220339, "53": 18.657894736842106, "54": 19.563106796116504, "55": 18.51851851851852, "56": 18.795081967213115, "57": 17.279661016949152, "58": 14.654320987654321, "59": 16.96551724137931, "60": 13.11111111111111, "61": 12.9, "62": 18.714285714285715}, "p2": {"0": 34.0567048014574, "1": 16.23076923076923, "2": 28.3125, "3": 28.892857142857142, "4": 28.614035087719298, "5": 31.032608695652176, "6": 33.743589743589745, "7": 33.89784946236559, "8": 31.835051546391753, "9": 33.86, "10": 32.37640449438202, "11": 33.64848484848485, "12": 31.823529411764707, "13": 32.78698224852071, "14": 32.97931034482759, "15": 32.916666666666664, "16": 29.364640883977902, "17": 32.45454545454545, "18": 31.635359116022098, "19": 33.77777777777778, "20": 34.08585858585859, "21": 33.319148936170215, "22": 32.90963855421687, "23": 32.559322033898304, "24": 33.1025641025641, "25": 32.75595238095238, "26": 34.107142857142854, "27": 34.05952380952381, "28": 33.63803680981595, "29": 34.85632183908046, "30": 35.96319018404908, "31": 35.16326530612245, "32": 33.92178770949721, "33": 35.4331550802139, "34": 36.07142857142857, "35": 33.458333333333336, "36": 34.0472972972973, "37": 35.51592356687898, "38": 35.95789473684211, "39": 33.73076923076923, "40": 34.339622641509436, "41": 35.05128205128205, "42": 36.05392156862745, "43": 34.037974683544306, "44": 34.705555555555556, "45": 35.38364779874214, "46": 33.56923076923077, "47": 35.77647058823529, "48": 34.414965986394556, "49": 35.75625, "50": 34.80246913580247, "51": 37.15060240963855, "52": 37.61068702290076, "53": 35.78343949044586, "54": 34.02985074626866, "55": 35.23776223776224, "56": 38.26851851851852, "57": 35.53030303030303, "58": 35.97692307692308, "59": 38.15384615384615, "60": 39.17142857142857, "61": 42.0, "62": 43.871428571428574}, "p3": {"0": 37.30609776453183, "1": 37.30609776453183, "2": 37.30609776453183, "3": 37.56161137440758, "4": 37.36179775280899, "5": 37.2882096069869, "6": 37.40128755364807, "7": 37.26637554585153, "8": 37.29090909090909, "9": 37.18562874251497, "10": 37.09375, "11": 37.221311475409834, "12": 37.36228813559322, "13": 37.24454148471616, "14": 37.188436830835116, "15": 37.006711409395976, "16": 37.248768472906406, "17": 37.28846153846154, "18": 37.10569105691057, "19": 37.10626702997275, "20": 37.06775067750677, "21": 36.766304347826086, "22": 37.144702842377264, "23": 36.96286472148541, "24": 36.75063613231552, "25": 36.69174757281554, "26": 36.56372549019608, "27": 36.62716049382716, "28": 36.950953678474114, "29": 36.73629242819843, "30": 36.95628415300546, "31": 37.66951566951567, "32": 37.462857142857146, "33": 37.174418604651166, "34": 37.24179104477612, "35": 37.49051490514905, "36": 37.160237388724035, "37": 37.61159420289855, "38": 37.925824175824175, "39": 37.51412429378531, "40": 37.74444444444445, "41": 37.853185595567865, "42": 37.806788511749346, "43": 37.29203539823009, "44": 37.262337662337664, "45": 37.550135501355015, "46": 37.59659090909091, "47": 37.95820895522388, "48": 37.455497382198956, "49": 37.40056022408964, "50": 37.34349030470914, "51": 37.47631578947368, "52": 37.7010582010582, "53": 37.17391304347826, "54": 37.33251231527094, "55": 37.40852130325815, "56": 37.39951573849879, "57": 37.669270833333336, "58": 37.41114058355438, "59": 37.46035805626598, "60": 37.407792207792205, "61": 37.5852417302799, "62": 37.38560411311054}}