{"p0": {"0": 10.0, "1": 10.0, "2": 10.0, "3": 10.0, "4": 10.0, "5": 10.0, "6": 10.0, "7": 10.0, "8": 10.0, "9": 10.0, "10": 10.0, "11": 10.0, "12": 10.0, "13": 10.0, "14": 10.0, "15": 10.0, "16": 10.0, "17": 10.0, "18": 10.0, "19": 10.0, "20": 10.0, "21": 10.0, "22": 10.0, "23": 10.0, "24": 10.0, "25": 10.0, "26": 10.0, "27": 10.0, "28": 10.0, "29": 10.0, "30": 10.0, "31": 10.0, "32": 10.0, "33": 10.0, "34": 10.0, "35": 10.0, "36": 10.0, "37": 10.0, "38": 10.0, "39": 10.0, "40": 10.0, "41": 10.0, "42": 10.0, "43": 10.0, "44": 10.0, "45": 10.0, "46": 10.0, "47": 10.0, "48": 10.0, "49": 10.0, "50": 10.0, "51": 10.0, "52": 10.0, "53": 10.0, "54": 10.0, "55": 10.0, "56": 10.0, "57": 10.0, "58": 10.0, "59": 10.0, "60": 10.0, "61": 10.0, "62": 10.0, "63": 10.0, "64": 10.0, "65": 10.0, "66": 10.0, "67": 10.0, "68": 10.0, "69": 10.0, "70": 10.0, "71": 10.0, "72": 10.0, "73": 10.0, "74": 10.0, "75": 10.0, "76": 10.0, "77": 10.0, "78": 10.0, "79": 10.0, "80": 10.0, "81": 10.0, "82": 10.0, "83": 10.0, "84": 10.0, "85": 99999.0, "86": 99999.0, "87": 99999.0}, "p1": {"0": 17.01105601449617, "1": 7.96969696969697, "2": 11.621621621621621, "3": 13.239520958083832, "4": 15.758823529411766, "5": 18.81132075471698, "6": 21.124401913875598, "7": 19.81761006289308, "8": 17.57861635220126, "9": 20.207650273224044, "10": 18.88108108108108, "11": 19.49425287356322, "12": 18.276381909547737, "13": 19.730964467005077, "14": 19.634408602150536, "15": 18.550295857988164, "16": 17.74054054054054, "17": 19.43949044585987, "18": 19.329268292682926, "19": 18.53191489361702, "20": 19.76875, "21": 19.2875, "22": 18.47682119205298, "23": 18.238993710691823, "24": 18.272727272727273, "25": 18.671140939597315, "26": 19.19047619047619, "27": 19.211267605633804, "28": 18.062937062937063, "29": 17.38, "30": 17.28476821192053, "31": 17.955974842767297, "32": 18.73248407643312, "33": 17.863636363636363, "34": 16.759124087591243, "35": 17.410596026490065, "36": 16.46511627906977, "37": 17.54320987654321, "38": 17.265151515151516, "39": 16.24113475177305, "40": 18.33812949640288, "41": 15.823529411764707, "42": 17.06896551724138, "43": 15.35135135135135, "44": 15.807692307692308, "45": 16.702290076335878, "46": 15.677852348993289, "47": 18.166666666666668, "48": 17.419117647058822, "49": 15.563909774436091, "50": 18.246153846153845, "51": 16.322834645669293, "52": 16.55921052631579, "53": 17.13235294117647, "54": 17.115942028985508, "55": 15.442748091603054, "56": 16.401515151515152, "57": 16.379310344827587, "58": 15.899159663865547, "59": 18.198347107438018, "60": 16.508064516129032, "61": 16.414634146341463, "62": 15.815126050420169, "63": 17.28148148148148, "64": 17.338983050847457, "65": 15.733333333333333, "66": 16.48854961832061, "67": 15.283018867924529, "68": 17.228813559322035, "69": 18.795081967213115, "70": 17.89344262295082, "71": 15.787878787878787, "72": 18.177419354838708, "73": 16.275, "74": 17.525, "75": 17.029411764705884, "76": 19.48421052631579, "77": 19.102272727272727, "78": 18.381818181818183, "79": 18.271844660194176, "80": 17.121495327102803, "81": 15.25233644859813, "82": 15.670103092783505, "83": 16.08235294117647, "84": 13.907692307692308, "85": 13.575757575757576, "86": 1.5, "87": 12.6}, "p2": {"0": 32.574057619856944, "1": 13.347457627118644, "2": 17.25, "3": 17.576923076923077, "4": 20.672727272727272, "5": 20.78688524590164, "6": 24.244318181818183, "7": 25.849162011173185, "8": 28.626126126126128, "9": 28.366071428571427, "10": 28.71232876712329, "11": 28.72151898734177, "12": 29.129464285714285, "13": 27.642857142857142, "14": 27.900943396226417, "15": 28.620111731843576, "16": 29.15813953488372, "17": 25.175, "18": 28.22043010752688, "19": 28.615384615384617, "20": 26.92760180995475, "21": 29.30952380952381, "22": 29.39010989010989, "23": 30.245714285714286, "24": 30.67080745341615, "25": 30.856209150326798, "26": 31.869230769230768, "27": 32.339080459770116, "28": 33.449367088607595, "29": 30.4, "30": 32.032467532467535, "31": 32.68639053254438, "32": 33.90419161676647, "33": 33.94805194805195, "34": 34.550898203592816, "35": 34.396449704142015, "36": 35.34640522875817, "37": 36.263440860215056, "38": 33.53086419753087, "39": 33.04375, "40": 34.61904761904762, "41": 35.47204968944099, "42": 36.24528301886792, "43": 36.09929078014184, "44": 33.16107382550336, "45": 36.63815789473684, "46": 34.666666666666664, "47": 36.263888888888886, "48": 36.48837209302326, "49": 34.52482269503546, "50": 36.482142857142854, "51": 33.92086330935252, "52": 34.2, "53": 33.92253521126761, "54": 33.435374149659864, "55": 37.327777777777776, "56": 33.17886178861789, "57": 37.234482758620686, "58": 34.25, "59": 36.3235294117647, "60": 34.434108527131784, "61": 36.013698630136986, "62": 35.21052631578947, "63": 34.61029411764706, "64": 34.53164556962025, "65": 34.16556291390729, "66": 35.486111111111114, "67": 33.68354430379747, "68": 35.56944444444444, "69": 36.13385826771653, "70": 33.275862068965516, "71": 34.082089552238806, "72": 35.81617647058823, "73": 36.50704225352113, "74": 35.896, "75": 32.853846153846156, "76": 36.10655737704918, "77": 33.92125984251968, "78": 36.5234375, "79": 33.15277777777778, "80": 34.874015748031496, "81": 35.5234375, "82": 36.271186440677965, "83": 35.598130841121495, "84": 37.13725490196079, "85": 40.173469387755105, "86": 46.114754098360656, "87": 42.0462962962963}, "p3": {"0": 37.49991368386275, "1": 37.49991368386275, "2": 37.49991368386275, "3": 37.286374133949195, "4": 37.45185185185185, "5": 37.29573934837093, "6": 37.065693430656935, "7": 37.279620853080566, "8": 37.16901408450704, "9": 37.1219512195122, "10": 37.42733188720174, "11": 37.30530973451327, "12": 37.550106609808104, "13": 37.479569892473116, "14": 37.41914893617021, "15": 37.32635983263598, "16": 37.37078651685393, "17": 37.37656903765691, "18": 37.65502183406114, "19": 37.65021459227468, "20": 37.64079822616408, "21": 37.608695652173914, "22": 37.362385321100916, "23": 37.421911421911425, "24": 37.2027027027027, "25": 37.51282051282051, "26": 37.54083885209713, "27": 37.60136674259681, "28": 37.31414868105516, "29": 37.301123595505615, "30": 37.38636363636363, "31": 37.591787439613526, "32": 37.2875, "33": 37.33658536585366, "34": 37.60052219321149, "35": 37.83468834688347, "36": 38.0, "37": 37.598214285714285, "38": 37.82507288629738, "39": 37.88505747126437, "40": 37.502857142857145, "41": 37.275449101796404, "42": 37.78078078078078, "43": 37.68518518518518, "44": 38.19713261648746, "45": 37.741279069767444, "46": 37.70886075949367, "47": 37.18541033434651, "48": 37.48231511254019, "49": 37.71296296296296, "50": 38.215384615384615, "51": 37.959420289855075, "52": 37.70844686648501, "53": 37.26512968299712, "54": 37.58953168044077, "55": 37.88409703504043, "56": 37.54518950437318, "57": 37.596306068601585, "58": 37.665829145728644, "59": 38.02088772845953, "60": 37.55754475703325, "61": 37.26558891454965, "62": 37.495073891625616, "63": 37.47584541062802, "64": 37.619854721549636, "65": 37.392609699769054, "66": 37.26555023923445, "67": 37.37352245862884, "68": 37.38337182448037, "69": 37.34396355353075, "70": 37.710144927536234, "71": 37.59848484848485, "72": 37.56836461126005, "73": 37.08659217877095, "74": 37.025862068965516, "75": 37.71594202898551, "76": 36.96739130434783, "77": 36.93667546174142, "78": 36.90395480225989, "79": 37.13988095238095, "80": 37.54022988505747, "81": 37.40056022408964, "82": 37.72432432432432, "83": 37.70868347338936, "84": 37.30874316939891, "85": 37.93030303030303, "86": 37.770833333333336, "87": 37.477064220183486}}