{"p0": {"0": 10.0, "1": 10.0, "2": 10.0, "3": 10.0, "4": 10.0, "5": 10.0, "6": 10.0, "7": 10.0, "8": 10.0, "9": 10.0, "10": 10.0, "11": 10.0, "12": 10.0, "13": 10.0, "14": 10.0, "15": 10.0, "16": 10.0, "17": 10.0, "18": 10.0, "19": 10.0, "20": 10.0, "21": 10.0, "22": 10.0, "23": 10.0, "24": 10.0, "25": 10.0, "26": 10.0, "27": 10.0, "28": 10.0, "29": 10.0, "30": 10.0, "31": 10.0, "32": 10.0, "33": 10.0, "34": 10.0, "35": 10.0, "36": 10.0, "37": 10.0, "38": 10.0, "39": 10.0, "40": 10.0, "41": 10.0, "42": 10.0, "43": 10.0, "44": 10.0, "45": 10.0, "46": 10.0, "47": 10.0, "48": 10.0, "49": 10.0, "50": 10.0, "51": 10.0, "52": 10.0, "53": 10.0, "54": 10.0, "55": 10.0, "56": 10.0, "57": 10.0, "58": 10.0, "59": 10.0, "60": 10.0, "61": 10.0, "62": 10.0, "63": 10.0, "64": 10.0, "65": 10.0, "66": 10.0, "67": 10.0, "68": 10.0, "69": 10.0, "70": 10.0, "71": 10.0, "72": 10.0, "73": 99999.0, "74": 99999.0, "75": 99999.0}, "p1": {"0": 21.09316970695862, "1": 11.363636363636363, "2": 10.23076923076923, "3": 15.118421052631579, "4": 20.299065420560748, "5": 20.368932038834952, "6": 24.903508771929825, "7": 23.127659574468087, "8": 23.824324324324323, "9": 22.883116883116884, "10": 26.975609756097562, "11": 24.57777777777778, "12": 22.78494623655914, "13": 23.408163265306122, "14": 23.04950495049505, "15": 22.989247311827956, "16": 23.183673469387756, "17": 21.866666666666667, "18": 22.139240506329113, "19": 21.428571428571427, "20": 22.666666666666668, "21": 22.5, "22": 25.36263736263736, "23": 20.833333333333332, "24": 23.03529411764706, "25": 21.931506849315067, "26": 22.24, "27": 23.07792207792208, "28": 20.5, "29": 24.135135135135137, "30": 22.04, "31": 21.16949152542373, "32": 23.660714285714285, "33": 22.608695652173914, "34": 22.10958904109589, "35": 22.19402985074627, "36": 23.275862068965516, "37": 17.380281690140844, "38": 20.973684210526315, "39": 21.035714285714285, "40": 20.869565217391305, "41": 21.819444444444443, "42": 22.071428571428573, "43": 22.647058823529413, "44": 20.408450704225352, "45": 20.620689655172413, "46": 20.64406779661017, "47": 21.753623188405797, "48": 21.463768115942027, "49": 22.514705882352942, "50": 20.253968253968253, "51": 20.746268656716417, "52": 19.716666666666665, "53": 21.03846153846154, "54": 22.413793103448278, "55": 21.11842105263158, "56": 21.558823529411764, "57": 20.403225806451612, "58": 19.09433962264151, "59": 20.56896551724138, "60": 20.41509433962264, "61": 20.229166666666668, "62": 19.6056338028169, "63": 21.38095238095238, "64": 21.661016949152543, "65": 21.0, "66": 21.389830508474578, "67": 20.571428571428573, "68": 17.726027397260275, "69": 18.389830508474578, "70": 17.3, "71": 18.46938775510204, "72": 15.67741935483871, "73": 17.666666666666668, "74": 19.470588235294116, "75": 22.055555555555557}, "p2": {"0": 31.60175856684112, "1": 4.258064516129032, "2": 6.566666666666666, "3": 15.666666666666666, "4": 23.847826086956523, "5": 21.455555555555556, "6": 27.336363636363636, "7": 29.283185840707965, "8": 29.147540983606557, "9": 28.029197080291972, "10": 29.503649635036496, "11": 31.072580645161292, "12": 27.25, "13": 28.857142857142858, "14": 28.66923076923077, "15": 28.48062015503876, "16": 26.88679245283019, "17": 30.372340425531913, "18": 28.116666666666667, "19": 31.60747663551402, "20": 31.0, "21": 28.761467889908257, "22": 30.15740740740741, "23": 30.878260869565217, "24": 29.99074074074074, "25": 29.103448275862068, "26": 31.51063829787234, "27": 32.828828828828826, "28": 34.2680412371134, "29": 34.46153846153846, "30": 32.16981132075472, "31": 32.8494623655914, "32": 33.612612612612615, "33": 34.27906976744186, "34": 32.76086956521739, "35": 32.01960784313726, "36": 32.23157894736842, "37": 35.26373626373626, "38": 35.15094339622642, "39": 36.23762376237624, "40": 33.57142857142857, "41": 32.71287128712871, "42": 31.989583333333332, "43": 32.633663366336634, "44": 31.28301886792453, "45": 34.535353535353536, "46": 33.21153846153846, "47": 32.87155963302752, "48": 35.83157894736842, "49": 33.10280373831776, "50": 34.04545454545455, "51": 34.31372549019608, "52": 34.234693877551024, "53": 34.955555555555556, "54": 34.275862068965516, "55": 34.915789473684214, "56": 32.244680851063826, "57": 34.666666666666664, "58": 34.75925925925926, "59": 34.699029126213595, "60": 33.473118279569896, "61": 34.99038461538461, "62": 36.88659793814433, "63": 33.90909090909091, "64": 34.784946236559136, "65": 34.28431372549019, "66": 36.0, "67": 32.57657657657658, "68": 32.120879120879124, "69": 32.18390804597701, "70": 34.03896103896104, "71": 34.13414634146341, "72": 34.91111111111111, "73": 37.34920634920635, "74": 44.63157894736842, "75": 43.059701492537314}, "p3": {"0": 35.06244069867863, "1": 35.06244069867863, "2": 35.06244069867863, "3": 34.648068669527895, "4": 34.71910112359551, "5": 34.98245614035088, "6": 34.96503496503497, "7": 34.73566878980892, "8": 35.016129032258064, "9": 34.96507936507936, "10": 35.22295081967213, "11": 35.446945337620576, "12": 35.26060606060606, "13": 35.400611620795104, "14": 35.46984126984127, "15": 34.98780487804878, "16": 35.55287009063444, "17": 35.258278145695364, "18": 35.46417445482866, "19": 35.488958990536275, "20": 34.66123778501629, "21": 35.074829931972786, "22": 35.47260273972603, "23": 35.12587412587413, "24": 34.81918819188192, "25": 34.678030303030305, "26": 35.07450980392157, "27": 34.644268774703555, "28": 34.47709923664122, "29": 34.99625468164794, "30": 34.82332155477032, "31": 34.650375939849624, "32": 34.67164179104478, "33": 35.945454545454545, "34": 34.73076923076923, "35": 34.952029520295206, "36": 35.345238095238095, "37": 34.99588477366255, "38": 35.549107142857146, "39": 35.60093896713615, "40": 35.125, "41": 35.46948356807512, "42": 35.21844660194175, "43": 35.005, "44": 35.17766497461929, "45": 35.68396226415094, "46": 35.55813953488372, "47": 36.065693430656935, "48": 35.35321100917431, "49": 35.51502145922747, "50": 34.73972602739726, "51": 34.65182186234818, "52": 34.94957983193277, "53": 35.26640926640927, "54": 34.506072874493924, "55": 35.28409090909091, "56": 34.65703971119134, "57": 34.84249084249084, "58": 34.20265780730897, "59": 34.1779359430605, "60": 34.91851851851852, "61": 35.25367647058823, "62": 34.99622641509434, "63": 34.389078498293514, "64": 34.75824175824176, "65": 34.506211180124225, "66": 34.29794520547945, "67": 34.593856655290104, "68": 34.49652777777778, "69": 35.05904059040591, "70": 35.093283582089555, "71": 35.36531365313653, "72": 35.01075268817204, "73": 35.53030303030303, "74": 35.84444444444444, "75": 36.12206572769953}}