{"p0": {"0": 10.0, "1": 10.0, "2": 10.0, "3": 10.0, "4": 10.0, "5": 10.0, "6": 10.0, "7": 10.0, "8": 10.0, "9": 10.0, "10": 10.0, "11": 10.0, "12": 10.0, "13": 10.0, "14": 10.0, "15": 10.0, "16": 10.0, "17": 10.0, "18": 10.0, "19": 10.0, "20": 10.0, "21": 10.0, "22": 10.0, "23": 10.0, "24": 10.0, "25": 10.0, "26": 10.0, "27": 10.0, "28": 10.0, "29": 10.0, "30": 10.0, "31": 10.0, "32": 10.0, "33": 10.0, "34": 10.0, "35": 10.0, "36": 10.0, "37": 10.0, "38": 10.0, "39": 10.0, "40": 10.0, "41": 10.0, "42": 10.0, "43": 10.0, "44": 10.0, "45": 10.0, "46": 10.0, "47": 10.0, "48": 10.0, "49": 10.0, "50": 10.0, "51": 10.0, "52": 10.0, "53": 10.0, "54": 10.0, "55": 10.0, "56": 10.0, "57": 10.0, "58": 10.0, "59": 10.0, "60": 10.0, "61": 10.0, "62": 10.0, "63": 10.0, "64": 10.0, "65": 10.0, "66": 10.0, "67": 10.0, "68": 10.0, "69": 10.0, "70": 10.0, "71": 10.0, "72": 10.0, "73": 10.0, "74": 10.0, "75": 10.0, "76": 10.0, "77": 10.0, "78": 10.0, "79": 10.0, "80": 10.0, "81": 10.0, "82": 10.0, "83": 10.0, "84": 10.0, "85": 10.0, "86": 10.0, "87": 10.0, "88": 10.0, "89": 10.0, "90": 10.0, "91": 10.0, "92": 10.0, "93": 10.0, "94": 10.0, "95": 99999.0, "96": 99999.0, "97": 99999.0}, "p1": {"0": 22.36826492951185, "1": 10.551724137931034, "2": 12.027777777777779, "3": 14.944162436548224, "4": 19.97029702970297, "5": 21.105454545454545, "6": 24.396284829721363, "7": 25.04642857142857, "8": 24.0801393728223, "9": 24.962199312714777, "10": 23.2875, "11": 22.785478547854787, "12": 23.13, "13": 23.618243243243242, "14": 23.59931506849315, "15": 23.581132075471697, "16": 23.816770186335404, "17": 23.08843537414966, "18": 22.975438596491227, "19": 23.968309859154928, "20": 23.13879003558719, "21": 23.494773519163765, "22": 23.58102766798419, "23": 23.488372093023255, "24": 23.59550561797753, "25": 23.516025641025642, "26": 23.46909090909091, "27": 23.914590747330962, "28": 23.884, "29": 23.585714285714285, "30": 22.836012861736336, "31": 23.03726708074534, "32": 23.463815789473685, "33": 23.022801302931597, "34": 24.076363636363638, "35": 23.50378787878788, "36": 23.516129032258064, "37": 23.45104895104895, "38": 24.088028169014084, "39": 23.84406779661017, "40": 23.989830508474576, "41": 23.690553745928337, "42": 24.014814814814816, "43": 23.078231292517007, "44": 23.423220973782772, "45": 23.637037037037036, "46": 23.894160583941606, "47": 22.859060402684563, "48": 23.619402985074625, "49": 22.756554307116104, "50": 23.701149425287355, "51": 22.423076923076923, "52": 23.08235294117647, "53": 22.707865168539325, "54": 22.587755102040816, "55": 21.96825396825397, "56": 23.5390625, "57": 22.922131147540984, "58": 22.44939271255061, "59": 22.389830508474578, "60": 22.943661971830984, "61": 23.34351145038168, "62": 23.58108108108108, "63": 22.608527131782946, "64": 22.073170731707318, "65": 23.38403041825095, "66": 22.391705069124423, "67": 23.051063829787235, "68": 22.291666666666668, "69": 22.859223300970875, "70": 23.19327731092437, "71": 21.94298245614035, "72": 23.381165919282513, "73": 23.366197183098592, "74": 22.78743961352657, "75": 22.298578199052134, "76": 22.567307692307693, "77": 22.99074074074074, "78": 23.089201877934272, "79": 23.581818181818182, "80": 22.99078341013825, "81": 22.516746411483254, "82": 22.856410256410257, "83": 23.29891304347826, "84": 22.71, "85": 22.016574585635357, "86": 22.099447513812155, "87": 22.5, "88": 21.994897959183675, "89": 22.855555555555554, "90": 20.672811059907833, "91": 19.20359281437126, "92": 17.89041095890411, "93": 18.440677966101696, "94": 16.8876404494382, "95": 17.67948717948718, "96": 15.642857142857142, "97": 15.5625}, "p2": {"0": 34.30620591212809, "1": 15.833333333333334, "2": 24.805555555555557, "3": 26.563025210084035, "4": 31.29230769230769, "5": 32.15025906735751, "6": 35.22118380062305, "7": 36.625, "8": 35.68115942028985, "9": 36.1021377672209, "10": 36.388888888888886, "11": 36.10481586402266, "12": 35.95967741935484, "13": 34.254777070063696, "14": 34.459016393442624, "15": 33.859872611464965, "16": 33.650326797385624, "17": 34.41975308641975, "18": 33.78591549295775, "19": 34.309037900874635, "20": 34.06944444444444, "21": 34.04297994269341, "22": 34.40923076923077, "23": 33.012269938650306, "24": 34.03164556962025, "25": 33.79495268138801, "26": 33.66025641025641, "27": 33.611267605633806, "28": 32.31172839506173, "29": 34.048048048048045, "30": 33.391304347826086, "31": 32.69846153846154, "32": 33.67289719626168, "33": 34.73497267759563, "34": 34.3782991202346, "35": 33.5243553008596, "36": 32.08849557522124, "37": 33.515151515151516, "38": 34.5, "39": 34.1656976744186, "40": 35.002808988764045, "41": 33.76, "42": 35.1266846361186, "43": 34.14080459770115, "44": 34.37950138504155, "45": 35.27272727272727, "46": 36.00911854103344, "47": 35.89473684210526, "48": 35.47353760445682, "49": 34.91267605633803, "50": 34.76839237057221, "51": 35.40163934426229, "52": 35.68955223880597, "53": 34.42814371257485, "54": 34.04597701149425, "55": 35.032544378698226, "56": 34.52023121387283, "57": 33.824175824175825, "58": 34.31152647975078, "59": 33.27927927927928, "60": 34.840255591054316, "61": 34.61875, "62": 34.99068322981366, "63": 34.723076923076924, "64": 33.24175824175824, "65": 33.24179104477612, "66": 33.81333333333333, "67": 33.88852459016393, "68": 35.20634920634921, "69": 33.79666666666667, "70": 34.461988304093566, "71": 33.876254180602004, "72": 34.80338983050847, "73": 34.32142857142857, "74": 34.01006711409396, "75": 34.698181818181816, "76": 34.679310344827584, "77": 35.254777070063696, "78": 34.97014925373134, "79": 34.706563706563706, "80": 33.98091603053435, "81": 35.59531772575251, "82": 34.567567567567565, "83": 34.86581469648562, "84": 35.163763066202094, "85": 34.3140243902439, "86": 35.285714285714285, "87": 35.70422535211268, "88": 35.673758865248224, "89": 35.09025270758123, "90": 35.78214285714286, "91": 36.0, "92": 34.09659090909091, "93": 34.46892655367232, "94": 35.7, "95": 36.79831932773109, "96": 42.676923076923075, "97": 43.392857142857146}, "p3": {"0": 37.42445246234916, "1": 37.42445246234916, "2": 37.42445246234916, "3": 37.555108608205956, "4": 37.58923996584116, "5": 37.29521016617791, "6": 37.404233870967744, "7": 37.60620756547042, "8": 37.35909980430528, "9": 37.37071362372567, "10": 37.483870967741936, "11": 37.32385321100917, "12": 37.34195933456562, "13": 37.3377990430622, "14": 37.300925925925924, "15": 37.368121442125236, "16": 37.353440150801134, "17": 37.308056872037916, "18": 37.25381679389313, "19": 37.36917221693625, "20": 37.43846153846154, "21": 37.25570342205323, "22": 37.24976958525345, "23": 37.19754253308128, "24": 37.20777988614801, "25": 37.071907957814, "26": 37.30061349693251, "27": 37.64248159831756, "28": 37.57739307535642, "29": 37.59514170040486, "30": 37.66527632950991, "31": 37.65858585858586, "32": 37.749744637385085, "33": 37.53701772679875, "34": 37.48662551440329, "35": 37.520897043832825, "36": 37.627648839556, "37": 37.65262076053443, "38": 37.63163596966414, "39": 37.63794871794872, "40": 37.569926393270244, "41": 37.44432989690721, "42": 37.503719447396385, "43": 37.70409233997901, "44": 37.4891640866873, "45": 37.47491995731057, "46": 37.19722814498934, "47": 37.34560327198364, "48": 37.12234042553192, "49": 37.495384615384616, "50": 37.06933911159263, "51": 37.15376569037657, "52": 37.291489361702126, "53": 37.43414120126449, "54": 37.30338266384778, "55": 37.52405857740586, "56": 37.41269841269841, "57": 37.36256157635468, "58": 37.285299806576404, "59": 37.45490584737364, "60": 37.40497512437811, "61": 37.37131230925738, "62": 37.22080471050049, "63": 37.38512869399428, "64": 37.547972304648866, "65": 37.434823977164605, "66": 37.50859728506787, "67": 37.44749290444655, "68": 37.300184162062614, "69": 37.311195445920305, "70": 37.285714285714285, "71": 37.49252336448598, "72": 37.40930232558139, "73": 37.39495798319328, "74": 37.303903345724905, "75": 37.48780487804878, "76": 37.47693817468106, "77": 37.58689175769613,