{"p0": {"0": 10.0, "1": 10.0, "2": 10.0, "3": 10.0, "4": 10.0, "5": 10.0, "6": 10.0, "7": 10.0, "8": 10.0, "9": 10.0, "10": 10.0, "11": 10.0, "12": 10.0, "13": 10.0, "14": 10.0, "15": 10.0, "16": 10.0, "17": 10.0, "18": 10.0, "19": 10.0, "20": 10.0, "21": 10.0, "22": 10.0, "23": 10.0, "24": 10.0, "25": 10.0, "26": 10.0, "27": 10.0, "28": 10.0, "29": 10.0, "30": 10.0, "31": 10.0, "32": 10.0, "33": 10.0, "34": 10.0, "35": 10.0, "36": 10.0, "37": 10.0, "38": 10.0, "39": 10.0, "40": 10.0, "41": 10.0, "42": 10.0, "43": 10.0, "44": 10.0, "45": 10.0, "46": 10.0, "47": 10.0, "48": 10.0, "49": 10.0, "50": 10.0, "51": 10.0, "52": 10.0, "53": 10.0, "54": 10.0, "55": 10.0, "56": 10.0, "57": 10.0, "58": 10.0, "59": 10.0, "60": 10.0, "61": 10.0, "62": 10.0, "63": 10.0, "64": 10.0, "65": 10.0, "66": 10.0, "67": 10.0, "68": 10.0, "69": 10.0, "70": 10.0, "71": 10.0, "72": 10.0, "73": 10.0, "74": 10.0, "75": 10.0, "76": 10.0, "77": 10.0, "78": 10.0, "79": 10.0, "80": 10.0, "81": 10.0, "82": 10.0, "83": 10.0, "84": 10.0, "85": 10.0, "86": 10.0, "87": 10.0, "88": 10.0, "89": 99999.0, "90": 99999.0, "91": 99999.0}, "p1": {"0": 18.501673771666255, "1": 5.388888888888889, "2": 8.790697674418604, "3": 10.798994974874372, "4": 14.637130801687764, "5": 16.528089887640448, "6": 20.0, "7": 19.65934065934066, "8": 19.261744966442954, "9": 19.85198555956679, "10": 19.89010989010989, "11": 19.762452107279692, "12": 19.289389067524116, "13": 19.6360153256705, "14": 20.076642335766422, "15": 21.029411764705884, "16": 19.549242424242426, "17": 20.955357142857142, "18": 19.302127659574467, "19": 20.34439834024896, "20": 19.271356783919597, "21": 19.62962962962963, "22": 19.96208530805687, "23": 21.55223880597015, "24": 22.528846153846153, "25": 19.46448087431694, "26": 20.834285714285713, "27": 22.466257668711656, "28": 19.664864864864864, "29": 19.31055900621118, "30": 20.977653631284916, "31": 19.79230769230769, "32": 18.182481751824817, "33": 19.16883116883117, "34": 19.15625, "35": 17.81954887218045, "36": 17.964788732394368, "37": 19.61935483870968, "38": 18.786585365853657, "39": 18.144, "40": 18.866666666666667, "41": 17.856060606060606, "42": 16.73049645390071, "43": 17.9171974522293, "44": 18.950310559006212, "45": 17.841463414634145, "46": 17.362962962962964, "47": 18.71014492753623, "48": 16.35036496350365, "49": 19.62589928057554, "50": 20.65765765765766, "51": 19.29850746268657, "52": 18.728813559322035, "53": 19.511811023622048, "54": 18.33582089552239, "55": 17.409448818897637, "56": 18.00763358778626, "57": 18.036036036036037, "58": 19.009090909090908, "59": 19.063636363636363, "60": 20.114754098360656, "61": 18.6218487394958, "62": 18.255474452554743, "63": 17.57894736842105, "64": 17.53488372093023, "65": 19.771929824561404, "66": 18.01834862385321, "67": 19.18811881188119, "68": 18.05263157894737, "69": 18.03488372093023, "70": 20.155963302752294, "71": 20.24074074074074, "72": 20.601769911504423, "73": 19.415730337078653, "74": 19.90740740740741, "75": 19.896907216494846, "76": 19.138613861386137, "77": 17.138297872340427, "78": 19.31192660550459, "79": 19.61855670103093, "80": 17.52, "81": 19.152941176470588, "82": 18.980392156862745, "83": 18.397959183673468, "84": 17.333333333333332, "85": 18.260416666666668, "86": 14.946236559139784, "87": 15.117647058823529, "88": 13.863636363636363, "89": 12.930232558139535, "90": 16.4, "91": 22.833333333333332}, "p2": {"0": 31.425409105592955, "1": 8.56575682382134, "2": 9.304568527918782, "3": 11.027777777777779, "4": 13.71042471042471, "5": 15.308370044052863, "6": 19.19333333333333, "7": 21.822981366459626, "8": 24.444126074498566, "9": 23.831460674157302, "10": 24.6754617414248, "11": 23.52278820375335, "12": 24.258358662613983, "13": 24.402941176470588, "14": 23.14760147601476, "15": 22.712280701754388, "16": 23.27741935483871, "17": 23.083333333333332, "18": 23.07514450867052, "19": 25.58041958041958, "20": 24.846153846153847, "21": 25.72013651877133, "22": 27.31768953068592, "23": 24.434163701067614, "24": 24.23715415019763, "25": 26.264808362369337, "26": 27.110294117647058, "27": 27.25423728813559, "28": 28.62992125984252, "29": 28.3953488372093, "30": 28.29767441860465, "31": 30.36796536796537, "32": 29.89622641509434, "33": 29.502347417840376, "34": 30.838862559241708, "35": 31.125, "36": 33.201149425287355, "37": 33.602649006622514, "38": 34.72784810126582, "39": 34.955128205128204, "40": 35.02127659574468, "41": 35.54255319148936, "42": 34.75438596491228, "43": 36.01307189542484, "44": 34.5406976744186, "45": 35.94318181818182, "46": 36.846666666666664, "47": 35.633720930232556, "48": 35.54022988505747, "49": 36.56353591160221, "50": 36.11864406779661, "51": 36.02994011976048, "52": 35.68589743589744, "53": 36.320754716981135, "54": 35.071005917159766, "55": 35.049723756906076, "56": 35.31210191082803, "57": 36.50694444444444, "58": 35.91025641025641, "59": 35.674418604651166, "60": 36.127272727272725, "61": 37.22222222222222, "62": 34.40714285714286, "63": 36.23863636363637, "64": 36.554054054054056, "65": 36.03048780487805, "66": 37.6, "67": 36.32386363636363, "68": 36.373333333333335, "69": 36.734848484848484, "70": 35.80357142857143, "71": 37.08904109589041, "72": 37.515625, "73": 34.96969696969697, "74": 35.32167832167832, "75": 36.973684210526315, "76": 35.9271523178808, "77": 38.720338983050844, "78": 36.50420168067227, "79": 37.50909090909091, "80": 35.536, "81": 38.907407407407405, "82": 36.690140845070424, "83": 35.07801418439716, "84": 34.711711711711715, "85": 35.847328244274806, "86": 36.582608695652176, "87": 37.845454545454544, "88": 35.516949152542374, "89": 38.01111111111111, "90": 44.27272727272727, "91": 41.01851851851852}, "p3": {"0": 36.61738958842648, "1": 36.61738958842648, "2": 36.61738958842648, "3": 36.4873786407767, "4": 36.2703213610586, "5": 36.279611650485435, "6": 36.30386740331492, "7": 36.413162705667276, "8": 36.46714031971581, "9": 36.57190635451505, "10": 36.68, "11": 36.677908937605395, "12": 36.63667232597623, "13": 36.37274220032841, "14": 36.70569105691057, "15": 36.73139158576052, "16": 36.626029654036245, "17": 36.779632721202006, "18": 36.61382799325464, "19": 36.36637168141593, "20": 36.80701754385965, "21": 36.6478102189781, "22": 36.60909090909091, "23": 36.596715328467155, "24": 36.707317073170735, "25": 36.667296786389414, "26": 36.924528301886795, "27": 36.455598455598455, "28": 36.632183908045974, "29": 36.71923076923077, "30": 36.76162790697674, "31": 36.75049504950495, "32": 36.74698795180723, "33": 36.67850098619329, "34": 36.6094674556213, "35": 36.640316205533594, "36": 36.932673267326734, "37": 36.686868686868685, "38": 36.719917012448136, "39": 36.51391862955032, "40": 36.604989604989605, "41": 36.51876379690949, "42": 36.60633484162896, "43": 37.08270676691729, "44": 36.75991189427313, "45": 36.41968911917098, "46": 36.39364303178484, "47": 36.291666666666664, "48": 36.5873786407767, "49": 36.869369369369366, "50": 36.378684807256235, "51": 36.57692307692308, "52": 36.63961813842482, "53": 36.779775280898875, "54": 36.628571428571426, "55": 36.64553990610329, "56": 36.61220043572985, "57": 36.682105263157894, "58": 36.76374745417515, "59": 36.3979797979798, "60": 36.22593320235757, "61": 36.53203883495146, "62": 36.67857142857143, "63": 36.38809034907597, "64": 36.55310621242485, "65": 36.68473895582329, "66": 37.183982683982684, "67": 36.62448132780083, "68": 36.91902834008097, "69": 36.6137339055794, "70": 36.64453125, "71": 36.48856548856549, "72": 36.96161616161616, "73": 36.83529411764706, "74": 36.6125, "75": 36.41580041580042, "76": 36.48559670781893, "77": 36.67190569744597, "78": 36.251521298174445, "79": 36.2875, "80": 36.79141104294479, "81": 36.391752577319586, "82": 36.56032719836401, "83": 36.91983122362869, "84": 36.906724511930584, "85": 36.693363844393595, "86": 36.596846846846844, "87": 36.77647058823529, "88": 36.535962877030165, "89": 36.543668122270745, "90": 36.75, "91": 36.391959798994975}}