{"p0": {"0": 10.0, "1": 10.0, "2": 10.0, "3": 10.0, "4": 10.0, "5": 10.0, "6": 10.0, "7": 10.0, "8": 10.0, "9": 10.0, "10": 10.0, "11": 10.0, "12": 10.0, "13": 10.0, "14": 10.0, "15": 10.0, "16": 10.0, "17": 10.0, "18": 10.0, "19": 10.0, "20": 10.0, "21": 10.0, "22": 10.0, "23": 10.0, "24": 10.0, "25": 10.0, "26": 10.0, "27": 10.0, "28": 10.0, "29": 10.0, "30": 10.0, "31": 10.0, "32": 10.0, "33": 10.0, "34": 10.0, "35": 10.0, "36": 10.0, "37": 10.0, "38": 10.0, "39": 10.0, "40": 10.0, "41": 10.0, "42": 10.0, "43": 10.0, "44": 10.0, "45": 10.0, "46": 10.0, "47": 10.0, "48": 10.0, "49": 10.0, "50": 10.0, "51": 10.0, "52": 10.0, "53": 10.0, "54": 10.0, "55": 10.0, "56": 10.0, "57": 10.0, "58": 10.0, "59": 10.0, "60": 10.0, "61": 10.0, "62": 10.0, "63": 10.0, "64": 10.0, "65": 10.0, "66": 10.0, "67": 10.0, "68": 10.0, "69": 10.0, "70": 10.0, "71": 10.0, "72": 10.0, "73": 10.0, "74": 10.0, "75": 10.0, "76": 10.0, "77": 10.0, "78": 10.0, "79": 10.0, "80": 10.0, "81": 10.0, "82": 10.0, "83": 99999.0, "84": 99999.0, "85": 99999.0, "86": 99999.0, "87": 99999.0}, "p1": {"0": 21.585265889338686, "1": 7.1, "2": 9.779661016949152, "3": 14.6, "4": 17.160493827160494, "5": 20.70212765957447, "6": 21.59090909090909, "7": 21.805194805194805, "8": 20.595744680851062, "9": 21.72043010752688, "10": 21.80246913580247, "11": 23.302325581395348, "12": 21.038095238095238, "13": 22.8125, "14": 21.741935483870968, "15": 23.115384615384617, "16": 23.78409090909091, "17": 23.796116504854368, "18": 23.88372093023256, "19": 23.03, "20": 24.23404255319149, "21": 24.445378151260503, "22": 22.79310344827586, "23": 22.229166666666668, "24": 24.58888888888889, "25": 23.53448275862069, "26": 23.523255813953487, "27": 23.511111111111113, "28": 23.178217821782177, "29": 22.305263157894736, "30": 21.394736842105264, "31": 22.77173913043478, "32": 22.0990990990991, "33": 20.622448979591837, "34": 21.736842105263158, "35": 22.045045045045047, "36": 23.193548387096776, "37": 23.625, "38": 22.89156626506024, "39": 23.926315789473684, "40": 21.173076923076923, "41": 23.4875, "42": 20.896907216494846, "43": 19.466666666666665, "44": 19.948051948051948, "45": 22.692307692307693, "46": 19.69333333333333, "47": 23.840579710144926, "48": 19.11111111111111, "49": 20.829545454545453, "50": 22.175675675675677, "51": 21.72093023255814, "52": 22.41176470588235, "53": 21.9375, "54": 21.155844155844157, "55": 21.253164556962027, "56": 22.09, "57": 21.075949367088608, "58": 19.693693693693692, "59": 19.38961038961039, "60": 21.824175824175825, "61": 20.67032967032967, "62": 20.75257731958763, "63": 21.5, "64": 22.321428571428573, "65": 20.848101265822784, "66": 22.34246575342466, "67": 21.938271604938272, "68": 21.182926829268293, "69": 22.354430379746834, "70": 23.3, "71": 22.54320987654321, "72": 21.757142857142856, "73": 19.202898550724637, "74": 19.691358024691358, "75": 21.641975308641975, "76": 23.28205128205128, "77": 22.30263157894737, "78": 20.55, "79": 20.056338028169016, "80": 22.753086419753085, "81": 20.098591549295776, "82": 22.029850746268657, "83": 21.28358208955224, "84": 21.545454545454547, "85": 21.238095238095237, "86": 26.208333333333332, "87": 26.64516129032258}, "p2": {"0": 34.788652040034655, "1": 11.279069767441861, "2": 14.057142857142857, "3": 19.73134328358209, "4": 24.49473684210526, "5": 30.489208633093526, "6": 34.271523178807946, "7": 38.90173410404624, "8": 37.59390862944162, "9": 36.70285714285714, "10": 38.785714285714285, "11": 37.47428571428571, "12": 37.45859872611465, "13": 34.33116883116883, "14": 34.535714285714285, "15": 35.617283950617285, "16": 34.47674418604651, "17": 35.938202247191015, "18": 35.053892215568865, "19": 36.64, "20": 37.234177215189874, "21": 34.51655629139073, "22": 36.20666666666666, "23": 34.55102040816327, "24": 37.59748427672956, "25": 34.875, "26": 36.97014925373134, "27": 34.2037037037037, "28": 39.23571428571429, "29": 36.203947368421055, "30": 35.75, "31": 36.34177215189873, "32": 36.67132867132867, "33": 37.45751633986928, "34": 34.54761904761905, "35": 33.9, "36": 32.52857142857143, "37": 31.330578512396695, "38": 34.223076923076924, "39": 34.60992907801418, "40": 33.94244604316547, "41": 38.13194444444444, "42": 36.53211009174312, "43": 33.02127659574468, "44": 34.114754098360656, "45": 33.71851851851852, "46": 37.546875, "47": 33.8203125, "48": 36.309734513274336, "49": 37.147887323943664, "50": 35.35507246376812, "51": 35.53968253968254, "52": 34.40875912408759, "53": 32.88235294117647, "54": 36.36764705882353, "55": 36.775862068965516, "56": 37.150442477876105, "57": 37.411764705882355, "58": 35.192, "59": 33.95876288659794, "60": 37.293103448275865, "61": 33.793103448275865, "62": 32.59090909090909, "63": 36.900826446280995, "64": 35.526315789473685, "65": 33.36296296296296, "66": 33.62698412698413, "67": 33.88695652173913, "68": 36.931372549019606, "69": 32.63247863247863, "70": 31.140350877192983, "71": 34.97979797979798, "72": 32.63636363636363, "73": 32.245098039215684, "74": 34.8, "75": 34.22018348623853, "76": 34.421052631578945, "77": 34.67391304347826, "78": 35.51376146788991, "79": 34.7962962962963, "80": 34.11214953271028, "81": 34.298850574712645, "82": 33.42718446601942, "83": 41.72289156626506, "84": 38.193548387096776, "85": 36.81012658227848, "86": 48.25, "87": 47.71}, "p3": {"0": 42.27506682816759, "1": 11.444444444444445, "2": 14.670731707317072, "3": 15.295918367346939, "4": 22.53968253968254, "5": 30.223684210526315, "6": 39.720588235294116, "7": 36.149732620320854, "8": 38.15228426395939, "9": 34.15384615384615, "10": 34.42424242424242, "11": 40.16766467065868, "12": 37.994219653179194, "13": 36.24022346368715, "14": 35.082840236686394, "15": 37.96875, "16": 37.13138686131387, "17": 40.338235294117645, "18": 38.423611111111114, "19": 41.1496062992126, "20": 40.10084033613445, "21": 42.666666666666664, "22": 37.850746268656714, "23": 39.798449612403104, "24": 38.213740458015266, "25": 39.31896551724138, "26": 40.43809523809524, "27": 38.626168224299064, "28": 42.01960784313726, "29": 40.64, "30": 47.303030303030305, "31": 40.84158415841584, "32": 41.21487603305785, "33": 39.91379310344828, "34": 40.47422680412371, "35": 38.9126213592233, "36": 45.59183673469388, "37": 44.07339449541284, "38": 38.19767441860465, "39": 45.98969072164948, "40": 44.02105263157895, "41": 44.79012345679013, "42": 47.03809523809524, "43": 45.34375, "44": 44.69230769230769, "45": 44.48275862068966, "46": 44.13461538461539, "47": 44.23762376237624, "48": 45.20987654320987, "49": 43.70238095238095, "50": 44.58904109589041, "51": 44.3974358974359, "52": 44.976190476190474, "53": 43.93421052631579, "54": 42.25301204819277, "55": 41.44761904761905, "56": 50.53086419753087, "57": 48.32857142857143, "58": 47.666666666666664, "59": 48.89333333333333, "60": 48.04819277108434, "61": 44.67088607594937, "62": 41.85294117647059, "63": 45.67901234567901, "64": 43.972972972972975, "65": 45.41095890410959, "66": 49.054054054054056, "67": 48.714285714285715, "68": 46.44, "69": 50.016949152542374, "70": 47.109375, "71": 51.73809523809524, "72": 43.526315789473685, "73": 46.37735849056604, "74": 53.56896551724138, "75": 52.04838709677419, "76": 50.851851851851855, "77": 46.357142857142854, "78": 49.47761194029851, "79": 50.583333333333336, "80": 49.125, "81": 43.97142857142857, "82": 47.05769230769231, "83": 49.326530612244895, "84": 47.84090909090909, "85": 46.666666666666664, "86": 35.4, "87": 54.916666666666664}, "p4": {"0": 52.09525979232246, "1": 25.815384615384616, "2": 24.82962962962963, "3": 29.40650406504065, "4": 34.13385826771653, "5": 43.588235294117645, "6": 42.98863636363637, "7": 47.728971962616825, "8": 49.84873949579832, "9": 51.48444444444444, "10": 48.54112554112554, "11": 51.7258883248731, "12": 40.67213114754098, "13": 47.934065934065934, "14": 47.8972972972973, "15": 46.899521531100476, "16": 48.19170984455958, "17": 46.48148148148148, "18": 47.884792626728114, "19": 47.73096446700507, "20": 46.27, "21": 43.67553191489362,