{"p0": {"0": 10.0, "1": 10.0, "2": 10.0, "3": 10.0, "4": 10.0, "5": 10.0, "6": 10.0, "7": 10.0, "8": 10.0, "9": 10.0, "10": 10.0, "11": 10.0, "12": 10.0, "13": 10.0, "14": 10.0, "15": 10.0, "16": 10.0, "17": 10.0, "18": 10.0, "19": 10.0, "20": 10.0, "21": 10.0, "22": 10.0, "23": 10.0, "24": 10.0, "25": 10.0, "26": 10.0, "27": 10.0, "28": 10.0, "29": 10.0, "30": 10.0, "31": 10.0, "32": 10.0, "33": 10.0, "34": 10.0, "35": 10.0, "36": 10.0, "37": 10.0, "38": 10.0, "39": 10.0, "40": 10.0, "41": 10.0, "42": 10.0, "43": 10.0, "44": 10.0, "45": 10.0, "46": 10.0, "47": 10.0, "48": 10.0, "49": 10.0, "50": 10.0, "51": 10.0, "52": 10.0, "53": 10.0, "54": 10.0, "55": 10.0, "56": 10.0, "57": 10.0, "58": 10.0, "59": 10.0, "60": 10.0, "61": 10.0, "62": 10.0, "63": 10.0, "64": 10.0, "65": 10.0, "66": 10.0, "67": 10.0, "68": 10.0, "69": 10.0, "70": 10.0, "71": 10.0, "72": 10.0, "73": 10.0, "74": 10.0, "75": 10.0, "76": 10.0, "77": 10.0, "78": 10.0, "79": 10.0, "80": 10.0, "81": 10.0, "82": 10.0, "83": 10.0, "84": 10.0, "85": 10.0, "86": 99999.0, "87": 99999.0, "88": 99999.0, "89": 99999.0, "90": 99999.0}, "p1": {"0": 22.051891520494966, "1": 6.170731707317073, "2": 10.417910447761194, "3": 11.825581395348838, "4": 19.826923076923077, "5": 22.24778761061947, "6": 23.40277777777778, "7": 23.6, "8": 23.156462585034014, "9": 23.46099290780142, "10": 23.241071428571427, "11": 21.89240506329114, "12": 22.427586206896553, "13": 23.53072625698324, "14": 24.3206106870229, "15": 25.493506493506494, "16": 21.753731343283583, "17": 23.477941176470587, "18": 24.630769230769232, "19": 22.718954248366014, "20": 23.454545454545453, "21": 24.035971223021583, "22": 23.69047619047619, "23": 24.974193548387095, "24": 22.87837837837838, "25": 25.15267175572519, "26": 23.17391304347826, "27": 23.79020979020979, "28": 24.37125748502994, "29": 23.864, "30": 24.422764227642276, "31": 23.37226277372263, "32": 23.158333333333335, "33": 22.430555555555557, "34": 20.581967213114755, "35": 23.358620689655172, "36": 24.20740740740741, "37": 21.917293233082706, "38": 24.051948051948052, "39": 24.014814814814816, "40": 20.703030303030303, "41": 22.07207207207207, "42": 22.968, "43": 22.150375939849624, "44": 21.984375, "45": 21.457943925233646, "46": 22.622222222222224, "47": 24.1734693877551, "48": 19.621052631578948, "49": 23.870967741935484, "50": 21.125, "51": 21.431818181818183, "52": 22.647058823529413, "53": 22.655913978494624, "54": 21.337349397590362, "55": 22.377551020408163, "56": 21.59036144578313, "57": 21.043956043956044, "58": 20.428571428571427, "59": 22.465346534653467, "60": 23.28395061728395, "61": 22.73170731707317, "62": 21.1, "63": 20.775280898876403, "64": 22.217821782178216, "65": 23.559139784946236, "66": 21.785714285714285, "67": 22.4, "68": 22.970149253731343, "69": 24.25974025974026, "70": 21.014285714285716, "71": 22.48051948051948, "72": 20.78082191780822, "73": 21.476190476190474, "74": 21.342105263157894, "75": 21.15, "76": 20.5, "77": 21.83076923076923, "78": 24.151515151515152, "79": 22.571428571428573, "80": 23.0, "81": 23.09722222222222, "82": 21.40625, "83": 22.365079365079364, "84": 21.233333333333334, "85": 19.5, "86": 17.262295081967213, "87": 17.970588235294116, "88": 20.35483870967742, "89": 24.75, "90": 24.125}, "p2": {"0": 30.702309316650794, "1": 13.971830985915492, "2": 16.096153846153847, "3": 20.67948717948718, "4": 19.010416666666668, "5": 20.96153846153846, "6": 25.96527777777778, "7": 28.6045197740113, "8": 25.545454545454547, "9": 27.73936170212766, "10": 27.933333333333334, "11": 26.280701754385966, "12": 25.129943502824858, "13": 26.81560283687943, "14": 25.76086956521739, "15": 26.166666666666668, "16": 26.626582278481013, "17": 25.2972972972973, "18": 26.715976331360945, "19": 26.65359477124183, "20": 27.0381679389313, "21": 26.902255639097746, "22": 30.25, "23": 26.071942446043167, "24": 25.934782608695652, "25": 27.08724832214765, "26": 28.727272727272727, "27": 27.398230088495577, "28": 26.143835616438356, "29": 23.72142857142857, "30": 27.620481927710845, "31": 28.28472222222222, "32": 28.636363636363637, "33": 27.95275590551181, "34": 28.827272727272728, "35": 30.107843137254903, "36": 28.725490196078432, "37": 28.2, "38": 31.95614035087719, "39": 28.931372549019606, "40": 29.950819672131146, "41": 29.842105263157894, "42": 32.833333333333336, "43": 31.029411764705884, "44": 30.45098039215686, "45": 31.39, "46": 30.515463917525775, "47": 31.166666666666668, "48": 33.73109243697479, "49": 36.96052631578947, "50": 33.98888888888889, "51": 33.855555555555554, "52": 33.93421052631579, "53": 34.88095238095238, "54": 36.65277777777778, "55": 36.37313432835821, "56": 32.077922077922075, "57": 34.12820512820513, "58": 37.42253521126761, "59": 31.265822784810126, "60": 34.12658227848101, "61": 34.35443037974684, "62": 33.67816091954023, "63": 34.06153846153846, "64": 34.297872340425535, "65": 33.58974358974359, "66": 31.822222222222223, "67": 33.014925373134325, "68": 32.54320987654321, "69": 32.75, "70": 31.525, "71": 34.470588235294116, "72": 34.2625, "73": 33.6, "74": 36.68888888888889, "75": 34.26027397260274, "76": 34.59016393442623, "77": 33.55714285714286, "78": 33.958333333333336, "79": 32.458333333333336, "80": 35.47126436781609, "81": 36.0, "82": 37.7027027027027, "83": 38.55172413793103, "84": 36.232142857142854, "85": 33.93877551020408, "86": 34.854166666666664, "87": 34.24074074074074, "88": 34.475, "89": 43.785714285714285, "90": 41.42307692307692}, "p3": {"0": 42.79889120301051, "1": 16.314814814814813, "2": 20.414634146341463, "3": 26.853658536585368, "4": 36.45454545454545, "5": 40.26923076923077, "6": 45.86577181208054, "7": 45.46762589928058, "8": 47.82165605095541, "9": 46.03378378378378, "10": 43.11801242236025, "11": 42.04375, "12": 41.052287581699346, "13": 43.99290780141844, "14": 44.17880794701987, "15": 43.39393939393939, "16": 42.8843537414966, "17": 43.86776859504132, "18": 45.22463768115942, "19": 43.836879432624116, "20": 45.63157894736842, "21": 44.41726618705036, "22": 46.272, "23": 44.02479338842975, "24": 46.786259541984734, "25": 45.456, "26": 44.181102362204726, "27": 42.47826086956522, "28": 48.0, "29": 44.03361344537815, "30": 42.7007874015748, "31": 45.72857142857143, "32": 41.8359375, "33": 45.1328125, "34": 40.68181818181818, "35": 46.02564102564103, "36": 45.04716981132076, "37": 43.90654205607477, "38": 45.48314606741573, "39": 43.169642857142854, "40": 44.47572815533981, "41": 47.94174757281554, "42": 45.03809523809524, "43": 48.724489795918366, "44": 44.166666666666664, "45": 43.786407766990294, "46": 41.205882352941174, "47": 43.45794392523364, "48": 45.126315789473686, "49": 40.9, "50": 41.768115942028984, "51": 47.51190476190476, "52": 45.10679611650485, "53": 46.02325581395349, "54": 40.61616161616162, "55": 45.46666666666667, "56": 43.03738317757009, "57": 42.80722891566265, "58": 41.73863636363637, "59": 42.91358024691358, "60": 46.74324324324324, "61": 46.75, "62": 45.358024691358025, "63": 42.08641975308642, "64": 41.014084507042256, "65": 38.285714285714285, "66": 41.51428571428571, "67": 43.3625, "68": 46.36764705882353, "69": 43.87179487179487, "70": 45.561797752808985, "71": 43.026666666666664, "72": 40.144578313253014, "73": 44.26190476190476, "74": 39.18292682926829, "75": 37.77777777777778, "76": 44.714285714285715, "77": 42.298701298701296, "78": 39.70666666666666, "79": 40.68181818181818, "80": 42.264367816091955, "81": 40.774647887323944, "82": 40.196969696969695, "83": 41.87951807228916, "84": 39.82539682539682, "85": 39.28888888888889, "86": 37.763636363636365, "87": 38.644444444444446, "88": 43.87179487179487, "89": 46.36363636363637, "90": 56.421052631578945}, "p4": {"0": 56.11372368533546, "1": 14.511627906976743, "2": 16.055555555555557, "3": 32.794871794871796, "4": 40.642857142857146, "5": 42.47435897435897, "6": 53.326241134751776, "7": 55.42657342657343, "8": 56.10326086956522, "9": 53.82608695652174, "10": 53.51704545454545, "11": 51.89156626506024, "12": 49.81578947368421,