{"p0": {"0": 10.0, "1": 10.0, "2": 10.0, "3": 10.0, "4": 10.0, "5": 10.0, "6": 10.0, "7": 10.0, "8": 10.0, "9": 10.0, "10": 10.0, "11": 10.0, "12": 10.0, "13": 10.0, "14": 10.0, "15": 10.0, "16": 10.0, "17": 10.0, "18": 10.0, "19": 10.0, "20": 10.0, "21": 10.0, "22": 10.0, "23": 10.0, "24": 10.0, "25": 10.0, "26": 10.0, "27": 10.0, "28": 10.0, "29": 10.0, "30": 10.0, "31": 10.0, "32": 10.0, "33": 10.0, "34": 10.0, "35": 10.0, "36": 10.0, "37": 10.0, "38": 10.0, "39": 10.0, "40": 10.0, "41": 10.0, "42": 10.0, "43": 10.0, "44": 10.0, "45": 10.0, "46": 10.0, "47": 10.0, "48": 10.0, "49": 10.0, "50": 10.0, "51": 10.0, "52": 10.0, "53": 10.0, "54": 10.0, "55": 10.0, "56": 10.0, "57": 10.0, "58": 10.0, "59": 10.0, "60": 10.0, "61": 10.0, "62": 10.0, "63": 10.0, "64": 10.0, "65": 10.0, "66": 10.0, "67": 10.0, "68": 99999.0, "69": 99999.0, "70": 99999.0, "71": 99999.0, "72": 99999.0}, "p1": {"0": 24.941585439662326, "1": 9.826086956521738, "2": 11.129032258064516, "3": 14.822784810126583, "4": 20.657894736842106, "5": 23.544554455445546, "6": 27.182481751824817, "7": 26.936842105263157, "8": 27.723809523809525, "9": 26.770833333333332, "10": 25.081632653061224, "11": 27.333333333333332, "12": 24.504504504504503, "13": 26.695652173913043, "14": 25.90625, "15": 27.68141592920354, "16": 25.990291262135923, "17": 26.256637168141594, "18": 25.943089430894307, "19": 26.333333333333332, "20": 27.396396396396398, "21": 27.537735849056602, "22": 26.47747747747748, "23": 25.90625, "24": 25.68695652173913, "25": 26.10924369747899, "26": 26.055555555555557, "27": 25.87962962962963, "28": 25.831932773109244, "29": 25.17241379310345, "30": 25.703703703703702, "31": 25.679611650485437, "32": 25.22, "33": 24.69724770642202, "34": 26.90721649484536, "35": 24.265486725663717, "36": 25.362745098039216, "37": 25.541666666666668, "38": 25.7196261682243, "39": 24.528, "40": 24.725274725274726, "41": 27.125, "42": 25.434782608695652, "43": 25.55128205128205, "44": 24.4, "45": 26.38888888888889, "46": 25.63529411764706, "47": 26.95945945945946, "48": 24.726190476190474, "49": 25.55, "50": 26.337662337662337, "51": 25.25581395348837, "52": 24.012820512820515, "53": 25.589473684210525, "54": 25.666666666666668, "55": 27.012820512820515, "56": 25.977272727272727, "57": 26.160919540229884, "58": 26.5375, "59": 25.2625, "60": 24.716216216216218, "61": 25.043956043956044, "62": 24.442622950819672, "63": 25.693181818181817, "64": 26.027027027027028, "65": 24.367088607594937, "66": 23.83823529411765, "67": 20.767123287671232, "68": 20.887096774193548, "69": 23.607843137254903, "70": 21.434782608695652, "71": 28.16, "72": 26.5}, "p2": {"0": 38.6526356467339, "1": 16.08695652173913, "2": 26.333333333333332, "3": 32.214285714285715, "4": 33.54545454545455, "5": 34.7, "6": 40.294117647058826, "7": 40.24074074074074, "8": 41.511811023622045, "9": 42.7109375, "10": 42.229166666666664, "11": 41.13235294117647, "12": 37.94017094017094, "13": 38.666666666666664, "14": 40.00952380952381, "15": 39.45378151260504, "16": 40.141666666666666, "17": 39.330827067669176, "18": 41.266666666666666, "19": 41.21678321678322, "20": 38.92857142857143, "21": 41.02985074626866, "22": 40.801980198019805, "23": 42.76865671641791, "24": 41.52336448598131, "25": 38.215384615384615, "26": 39.59842519685039, "27": 39.51219512195122, "28": 40.663366336633665, "29": 41.37903225806452, "30": 41.40952380952381, "31": 41.19469026548673, "32": 40.21186440677966, "33": 39.21008403361345, "34": 36.916666666666664, "35": 41.18556701030928, "36": 39.94915254237288, "37": 39.919642857142854, "38": 40.55238095238095, "39": 39.25, "40": 37.78350515463917, "41": 39.94565217391305, "42": 39.255319148936174, "43": 39.1875, "44": 39.096774193548384, "45": 34.96261682242991, "46": 38.55434782608695, "47": 39.84848484848485, "48": 39.45744680851064, "49": 38.55555555555556, "50": 35.5, "51": 35.26168224299065, "52": 37.05494505494506, "53": 38.552083333333336, "54": 37.217948717948715, "55": 36.127906976744185, "56": 38.023809523809526, "57": 38.54929577464789, "58": 39.895348837209305, "59": 36.109756097560975, "60": 37.876543209876544, "61": 38.51282051282051, "62": 39.25675675675676, "63": 37.958333333333336, "64": 36.55421686746988, "65": 37.50704225352113, "66": 37.74647887323944, "67": 35.609375, "68": 38.68115942028985, "69": 39.83050847457627, "70": 41.33802816901409, "71": 46.55357142857143, "72": 43.37931034482759}, "p3": {"0": 36.14603743424442, "1": 14.660377358490566, "2": 15.142857142857142, "3": 19.186666666666667, "4": 26.42105263157895, "5": 36.586776859504134, "6": 44.88235294117647, "7": 42.03496503496503, "8": 45.17687074829932, "9": 44.182432432432435, "10": 39.312056737588655, "11": 42.69444444444444, "12": 36.97222222222222, "13": 38.41830065359477, "14": 41.693548387096776, "15": 41.49586776859504, "16": 36.4, "17": 34.40298507462686, "18": 40.52307692307692, "19": 40.86086956521739, "20": 40.04615384615385, "21": 44.17460317460318, "22": 39.50442477876106, "23": 42.2970297029703, "24": 41.58536585365854, "25": 38.65765765765766, "26": 32.73076923076923, "27": 41.080357142857146, "28": 38.73394495412844, "29": 36.785714285714285, "30": 37.15217391304348, "31": 41.26470588235294, "32": 41.34285714285714, "33": 38.8141592920354, "34": 37.68604651162791, "35": 33.04761904761905, "36": 35.764150943396224, "37": 39.78217821782178, "38": 36.898989898989896, "39": 37.405660377358494, "40": 41.75555555555555, "41": 36.670212765957444, "42": 36.67032967032967, "43": 35.01136363636363, "44": 36.26881720430107, "45": 30.72043010752688, "46": 34.28787878787879, "47": 37.642857142857146, "48": 27.71951219512195, "49": 36.411764705882355, "50": 31.15, "51": 33.592592592592595, "52": 31.617977528089888, "53": 31.133333333333333, "54": 33.608695652173914, "55": 33.02777777777778, "56": 31.71794871794872, "57": 37.05952380952381, "58": 31.979591836734695, "59": 36.75, "60": 29.985714285714284, "61": 34.95161290322581, "62": 36.42253521126761, "63": 36.63076923076923, "64": 35.84722222222222, "65": 37.9344262295082, "66": 32.33870967741935, "67": 32.44230769230769, "68": 34.80392156862745, "69": 33.77777777777778, "70": 37.53125, "71": 29.0, "72": 50.25}, "p4": {"0": 60.69032354209857, "1": 12.0990990990991, "2": 12.149532710280374, "3": 17.78846153846154, "4": 26.151785714285715, "5": 37.10884353741496, "6": 46.73869346733668, "7": 51.338235294117645, "8": 52.76126126126126, "9": 52.26027397260274, "10": 48.74561403508772, "11": 44.56444444444445, "12": 47.76923076923077, "13": 47.273972602739725, "14": 50.76548672566372, "15": 49.80275229357798, "16": 45.83796296296296, "17": 48.725118483412324, "18": 45.45410628019324, "19": 45.12328767123287, "20": 48.839285714285715, "21": 49.0, "22": 46.152542372881356, "23": 55.84276729559748, "24": 54.125, "25": 48.65605095541401, "26": 52.70779220779221, "27": 52.4551724137931, "28": 55.326241134751776, "29": 55.18292682926829, "30": 63.756410256410255, "31": 58.348387096774196, "32": 60.79194630872483, "33": 58.52713178294574, "34": 66.96323529411765, "35": 64.7910447761194, "36": 66.008, "37": 62.64242424242424, "38": 68.22147651006712, "39": 66.1923076923077, "40": 64.47727272727273, "41": 68.51079136690647, "42": 68.9375, "43": 71.30263157894737, "44": 67.93103448275862, "45": 71.85925925925926, "46": 68.8551724137931, "47": 73.78688524590164, "48": 72.56451612903226, "49": 75.20792079207921, "50": 73.54716981132076, "51": 72.5078125, "52": 68.34579439252336, "53": 75.05, "54": 72.16071428571429, "55": 73.07246376811594, "56": 75.6953125, "57": 74.8125, "58": 70.15517241379311, "59": 72.61157024793388, "60": 77.68807339449542, "61": 72.78688524590164, "62": 71.2755905511811, "63": 74.3109243697479, "64": 71.376, "65": 73.79130434782608, "66": 72.80172413793103, "67": 73.64957264957265, "68": 75.47368421052632, "69": 78.21296296296296, "70": 82.32911392405063, "71": 91.5, "72": 86.12765957446808}, "p5": {"0": 62.699974489800525, "1": 62.699974489800525, "2": 62.699974489800525,