{"p0": {"0": 10.0, "1": 10.0, "2": 10.0, "3": 10.0, "4": 10.0, "5": 10.0, "6": 10.0, "7": 10.0, "8": 10.0, "9": 10.0, "10": 10.0, "11": 10.0, "12": 10.0, "13": 10.0, "14": 10.0, "15": 10.0, "16": 10.0, "17": 10.0, "18": 10.0, "19": 10.0, "20": 10.0, "21": 10.0, "22": 10.0, "23": 10.0, "24": 10.0, "25": 10.0, "26": 10.0, "27": 10.0, "28": 10.0, "29": 10.0, "30": 10.0, "31": 10.0, "32": 10.0, "33": 10.0, "34": 10.0, "35": 10.0, "36": 10.0, "37": 10.0, "38": 10.0, "39": 10.0, "40": 10.0, "41": 10.0, "42": 10.0, "43": 10.0, "44": 10.0, "45": 10.0, "46": 10.0, "47": 10.0, "48": 10.0, "49": 10.0, "50": 10.0, "51": 10.0, "52": 10.0, "53": 10.0, "54": 10.0, "55": 10.0, "56": 10.0, "57": 10.0, "58": 10.0, "59": 10.0, "60": 10.0, "61": 10.0, "62": 10.0, "63": 10.0, "64": 10.0, "65": 10.0, "66": 10.0, "67": 10.0, "68": 10.0, "69": 10.0, "70": 10.0, "71": 10.0, "72": 10.0, "73": 10.0, "74": 10.0, "75": 10.0, "76": 10.0, "77": 10.0, "78": 10.0, "79": 10.0, "80": 10.0, "81": 10.0, "82": 10.0, "83": 10.0, "84": 10.0, "85": 99999.0, "86": 99999.0, "87": 99999.0, "88": 99999.0, "89": 99999.0}, "p1": {"0": 25.653648444858423, "1": 25.653648444858423, "2": 14.323529411764707, "3": 17.09433962264151, "4": 22.0, "5": 22.453333333333333, "6": 25.493333333333332, "7": 27.770491803278688, "8": 26.65, "9": 26.566037735849058, "10": 29.69811320754717, "11": 28.22222222222222, "12": 26.134831460674157, "13": 26.51063829787234, "14": 28.367816091954023, "15": 25.984848484848484, "16": 27.353846153846153, "17": 26.704918032786885, "18": 26.9, "19": 26.68421052631579, "20": 27.92063492063492, "21": 25.323529411764707, "22": 25.017241379310345, "23": 25.1, "24": 26.953846153846154, "25": 28.625, "26": 25.467741935483872, "27": 27.070422535211268, "28": 24.884615384615383, "29": 27.417582417582416, "30": 25.098765432098766, "31": 25.819444444444443, "32": 24.9, "33": 27.205882352941178, "34": 27.293333333333333, "35": 27.413333333333334, "36": 26.025316455696203, "37": 25.77922077922078, "38": 25.956521739130434, "39": 27.785714285714285, "40": 26.246376811594203, "41": 26.333333333333332, "42": 24.094594594594593, "43": 29.102941176470587, "44": 28.734375, "45": 25.53061224489796, "46": 26.253012048192772, "47": 26.0, "48": 27.763157894736842, "49": 26.857142857142858, "50": 27.82857142857143, "51": 25.15, "52": 28.09433962264151, "53": 27.0, "54": 26.05263157894737, "55": 27.8, "56": 26.29032258064516, "57": 27.94736842105263, "58": 25.838709677419356, "59": 26.418181818181818, "60": 28.053571428571427, "61": 25.0, "62": 28.050847457627118, "63": 27.626666666666665, "64": 24.01851851851852, "65": 26.267857142857142, "66": 25.50943396226415, "67": 24.29268292682927, "68": 24.55223880597015, "69": 26.52542372881356, "70": 26.475409836065573, "71": 26.096153846153847, "72": 25.605263157894736, "73": 24.936507936507937, "74": 24.072727272727274, "75": 24.366666666666667, "76": 26.364864864864863, "77": 25.357142857142858, "78": 24.894736842105264, "79": 24.06153846153846, "80": 23.1, "81": 22.053571428571427, "82": 23.48051948051948, "83": 20.629213483146067, "84": 22.04225352112676, "85": 20.0, "86": 20.31081081081081, "87": 22.5, "88": 25.866666666666667, "89": 28.103448275862068}, "p2": {"0": 35.856191283567235, "1": 35.856191283567235, "2": 15.0, "3": 23.4, "4": 24.55263157894737, "5": 24.367346938775512, "6": 29.09090909090909, "7": 35.43103448275862, "8": 38.108108108108105, "9": 38.56043956043956, "10": 37.875, "11": 38.86516853932584, "12": 36.38961038961039, "13": 36.359375, "14": 33.78947368421053, "15": 33.07462686567164, "16": 33.52857142857143, "17": 35.09090909090909, "18": 36.16867469879518, "19": 36.3, "20": 36.825, "21": 38.98245614035088, "22": 33.65882352941176, "23": 36.984375, "24": 36.795918367346935, "25": 33.75757575757576, "26": 35.44578313253012, "27": 36.88157894736842, "28": 38.67567567567568, "29": 33.78688524590164, "30": 33.23684210526316, "31": 37.270270270270274, "32": 35.18292682926829, "33": 36.710144927536234, "34": 35.45762711864407, "35": 34.18181818181818, "36": 36.13513513513514, "37": 36.47692307692308, "38": 37.34426229508197, "39": 36.57692307692308, "40": 34.557377049180324, "41": 37.51470588235294, "42": 33.02739726027397, "43": 31.953125, "44": 33.8, "45": 34.753846153846155, "46": 37.86363636363637, "47": 35.3421052631579, "48": 39.91304347826087, "49": 35.84615384615385, "50": 33.38356164383562, "51": 38.15625, "52": 37.07936507936508, "53": 36.26229508196721, "54": 35.521126760563384, "55": 38.152542372881356, "56": 38.208333333333336, "57": 35.0, "58": 36.07462686567164, "59": 37.680851063829785, "60": 38.111111111111114, "61": 34.53947368421053, "62": 33.89090909090909, "63": 37.458333333333336, "64": 38.605633802816904, "65": 34.83050847457627, "66": 35.166666666666664, "67": 39.714285714285715, "68": 35.43859649122807, "69": 35.72222222222222, "70": 34.75438596491228, "71": 33.90163934426229, "72": 38.92156862745098, "73": 36.78688524590164, "74": 36.39622641509434, "75": 37.21153846153846, "76": 38.0, "77": 40.8, "78": 37.91428571428571, "79": 38.08510638297872, "80": 39.63492063492063, "81": 37.88235294117647, "82": 38.08196721311475, "83": 39.11864406779661, "84": 36.333333333333336, "85": 33.54237288135593, "86": 40.51428571428571, "87": 39.1875, "88": 44.4054054054054, "89": 43.98550724637681}, "p3": {"0": 31.7684896088219, "1": 8.866666666666667, "2": 5.526315789473684, "3": 15.571428571428571, "4": 24.685185185185187, "5": 35.36764705882353, "6": 41.494505494505496, "7": 43.03225806451613, "8": 43.22115384615385, "9": 42.827586206896555, "10": 37.88, "11": 35.6764705882353, "12": 36.34188034188034, "13": 36.75675675675676, "14": 36.201550387596896, "15": 37.82051282051282, "16": 34.517857142857146, "17": 32.23076923076923, "18": 36.91588785046729, "19": 30.655172413793103, "20": 30.865384615384617, "21": 35.65625, "22": 28.108695652173914, "23": 29.160919540229884, "24": 33.963855421686745, "25": 29.55140186915888, "26": 31.129032258064516, "27": 32.98979591836735, "28": 36.683673469387756, "29": 36.91111111111111, "30": 35.08163265306123, "31": 37.16129032258065, "32": 32.51960784313726, "33": 36.31182795698925, "34": 40.01010101010101, "35": 38.63414634146341, "36": 33.37078651685393, "37": 35.47826086956522, "38": 33.71910112359551, "39": 36.47787610619469, "40": 33.75903614457831, "41": 30.525641025641026, "42": 33.69387755102041, "43": 33.82432432432432, "44": 30.375, "45": 25.240506329113924, "46": 33.28235294117647, "47": 34.91752577319588, "48": 30.5, "49": 32.06666666666667, "50": 29.49367088607595, "51": 31.2, "52": 28.5625, "53": 31.528089887640448, "54": 29.979591836734695, "55": 34.4, "56": 29.872093023255815, "57": 33.84507042253521, "58": 26.258823529411764, "59": 28.169811320754718, "60": 26.015625, "61": 27.246753246753247, "62": 27.40983606557377, "63": 29.95744680851064, "64": 33.50909090909091, "65": 26.727272727272727, "66": 30.229508196721312, "67": 25.13157894736842, "68": 24.96923076923077, "69": 30.918032786885245, "70": 29.625, "71": 30.0, "72": 31.887323943661972, "73": 28.935897435897434, "74": 28.203703703703702, "75": 29.483333333333334, "76": 30.607142857142858, "77": 35.94915254237288, "78": 30.783333333333335, "79": 28.56896551724138, "80": 29.916666666666668, "81": 30.054054054054053, "82": 28.954545454545453, "83": 27.291666666666668, "84": 29.404255319148938, "85": 23.97222222222222, "86": 22.933333333333334, "87": 30.833333333333332, "88": 45.875, "89": 51.13333333333333}, "p4": {"0": 59.94467985812249, "1": 17.625, "2": 15.666666666666666, "3": 34.92307692307692, "4": 53.1, "5": 50.26470588235294, "6": 59.18518518518518, "7": 59.44230769230769, "8": 64.08196721311475, "9": 61.38461538461539, "10": 62.59322033898305, "11": 54.32203389830509, "12": 54.92857142857143, "13": 59.2, "14": 59.59183673469388, "15": 57.80769230769231, "16": 47.5625, "17": 48.05172413793103, "18": 52.22222222222222, "19": 52.049180327868854, "20": 53.42, "21": 59.107142857142854, "22": 52.25,