{"p0": {"0": 10.0, "1": 10.0, "2": 10.0, "3": 10.0, "4": 10.0, "5": 10.0, "6": 10.0, "7": 10.0, "8": 10.0, "9": 10.0, "10": 10.0, "11": 10.0, "12": 10.0, "13": 10.0, "14": 10.0, "15": 10.0, "16": 10.0, "17": 10.0, "18": 10.0, "19": 10.0, "20": 10.0, "21": 10.0, "22": 10.0, "23": 10.0, "24": 10.0, "25": 10.0, "26": 10.0, "27": 10.0, "28": 10.0, "29": 10.0, "30": 10.0, "31": 10.0, "32": 10.0, "33": 10.0, "34": 10.0, "35": 10.0, "36": 10.0, "37": 10.0, "38": 10.0, "39": 10.0, "40": 10.0, "41": 10.0, "42": 10.0, "43": 10.0, "44": 10.0, "45": 10.0, "46": 10.0, "47": 10.0, "48": 10.0, "49": 10.0, "50": 10.0, "51": 10.0, "52": 10.0, "53": 10.0, "54": 10.0, "55": 10.0, "56": 10.0, "57": 10.0, "58": 10.0, "59": 10.0, "60": 10.0, "61": 10.0, "62": 10.0, "63": 10.0, "64": 10.0, "65": 10.0, "66": 10.0, "67": 10.0, "68": 10.0, "69": 10.0, "70": 10.0, "71": 10.0, "72": 10.0, "73": 10.0, "74": 10.0, "75": 10.0, "76": 99999.0, "77": 99999.0, "78": 99999.0}, "p1": {"0": 18.09382269351933, "1": 6.311111111111111, "2": 9.632183908045977, "3": 13.769911504424778, "4": 17.583333333333332, "5": 18.78676470588235, "6": 21.753968253968253, "7": 19.29245283018868, "8": 20.693877551020407, "9": 18.058823529411764, "10": 21.478632478632477, "11": 21.496062992125985, "12": 18.95614035087719, "13": 19.02127659574468, "14": 20.779310344827586, "15": 20.098591549295776, "16": 19.642857142857142, "17": 21.091743119266056, "18": 19.61061946902655, "19": 19.983870967741936, "20": 20.801526717557252, "21": 16.752380952380953, "22": 18.20754716981132, "23": 18.02912621359223, "24": 19.354609929078013, "25": 18.635036496350367, "26": 17.914529914529915, "27": 18.4, "28": 16.34313725490196, "29": 16.35514018691589, "30": 18.422018348623855, "31": 17.703703703703702, "32": 16.317307692307693, "33": 18.989795918367346, "34": 17.771929824561404, "35": 17.377551020408163, "36": 17.63478260869565, "37": 18.556701030927837, "38": 17.401785714285715, "39": 16.233009708737864, "40": 17.19626168224299, "41": 16.314285714285713, "42": 16.21917808219178, "43": 18.626373626373628, "44": 18.298969072164947, "45": 18.30666666666667, "46": 19.074468085106382, "47": 16.894117647058824, "48": 19.518072289156628, "49": 20.273809523809526, "50": 17.86315789473684, "51": 16.329896907216494, "52": 16.205128205128204, "53": 16.337078651685392, "54": 20.126582278481013, "55": 19.31578947368421, "56": 18.253164556962027, "57": 19.216216216216218, "58": 17.679012345679013, "59": 15.947368421052632, "60": 19.85, "61": 17.84090909090909, "62": 18.07608695652174, "63": 18.468354430379748, "64": 19.041095890410958, "65": 20.430379746835442, "66": 20.123456790123456, "67": 18.677777777777777, "68": 19.261904761904763, "69": 19.742857142857144, "70": 18.72093023255814, "71": 17.2680412371134, "72": 15.655172413793103, "73": 17.234567901234566, "74": 13.898550724637682, "75": 13.153846153846153, "76": 13.541666666666666, "77": 18.09382269351933, "78": 29.0}, "p2": {"0": 32.717834194871216, "1": 6.725806451612903, "2": 14.977272727272727, "3": 16.45945945945946, "4": 19.151515151515152, "5": 19.261904761904763, "6": 24.0561797752809, "7": 26.49137931034483, "8": 30.237037037037037, "9": 27.79230769230769, "10": 30.661290322580644, "11": 30.107438016528924, "12": 27.544642857142858, "13": 28.536082474226806, "14": 33.32432432432432, "15": 28.783783783783782, "16": 25.758928571428573, "17": 29.733333333333334, "18": 29.238095238095237, "19": 27.73228346456693, "20": 27.85483870967742, "21": 29.96153846153846, "22": 33.43283582089552, "23": 31.77777777777778, "24": 29.566929133858267, "25": 32.367924528301884, "26": 32.37068965517241, "27": 32.45945945945946, "28": 33.5, "29": 32.368852459016395, "30": 31.418803418803417, "31": 31.050420168067227, "32": 32.088235294117645, "33": 35.2037037037037, "34": 32.60504201680672, "35": 36.06306306306306, "36": 37.5188679245283, "37": 35.45454545454545, "38": 38.046728971962615, "39": 34.7047619047619, "40": 33.792792792792795, "41": 35.73504273504273, "42": 35.65263157894737, "43": 34.872, "44": 35.13861386138614, "45": 35.52040816326531, "46": 36.12222222222222, "47": 33.3859649122807, "48": 34.765306122448976, "49": 35.84905660377358, "50": 36.22115384615385, "51": 36.55045871559633, "52": 36.795918367346935, "53": 33.68235294117647, "54": 35.56043956043956, "55": 34.15533980582524, "56": 34.89473684210526, "57": 34.55769230769231, "58": 34.87850467289719, "59": 36.9622641509434, "60": 34.67391304347826, "61": 37.5, "62": 36.578947368421055, "63": 37.53191489361702, "64": 35.35632183908046, "65": 34.675925925925924, "66": 35.47959183673469, "67": 36.4639175257732, "68": 34.47572815533981, "69": 35.96875, "70": 36.00961538461539, "71": 34.68376068376068, "72": 35.01086956521739, "73": 36.174418604651166, "74": 36.107142857142854, "75": 40.91891891891892, "76": 40.82432432432432, "77": 46.24444444444445, "78": 45.83157894736842}, "p3": {"0": 36.35812733239375, "1": 36.35812733239375, "2": 36.35812733239375, "3": 36.25541125541125, "4": 36.284615384615385, "5": 36.17857142857143, "6": 36.32567049808429, "7": 36.19298245614035, "8": 36.15719063545151, "9": 36.79331306990881, "10": 36.28012048192771, "11": 36.64792899408284, "12": 36.417647058823526, "13": 36.10644257703081, "14": 36.36046511627907, "15": 36.38375350140056, "16": 36.49041095890411, "17": 36.45266272189349, "18": 36.240356083086056, "19": 36.115015974440894, "20": 36.19426751592356, "21": 36.639871382636656, "22": 36.51505016722408, "23": 36.66197183098591, "24": 37.21072796934866, "25": 36.90909090909091, "26": 36.9236641221374, "27": 36.4566037735849, "28": 36.270270270270274, "29": 36.15126050420168, "30": 36.60669456066945, "31": 36.60444444444445, "32": 36.96330275229358, "33": 37.30927835051546, "34": 37.60989010989011, "35": 35.74545454545454, "36": 36.52469135802469, "37": 36.44078947368421, "38": 36.12179487179487, "39": 36.933734939759034, "40": 36.49704142011834, "41": 36.47126436781609, "42": 36.342592592592595, "43": 36.44827586206897, "44": 36.45, "45": 37.343589743589746, "46": 36.59375, "47": 37.06306306306306, "48": 37.15481171548117, "49": 36.142857142857146, "50": 35.97950819672131, "51": 36.13779527559055, "52": 35.758620689655174, "53": 36.148, "54": 35.87450980392157, "55": 35.60162601626016, "56": 36.29757785467128, "57": 36.54032258064516, "58": 36.646840148698885, "59": 36.5171102661597, "60": 36.043795620437955, "61": 36.03719008264463, "62": 36.284046692607006, "63": 36.22175732217573, "64": 36.69387755102041, "65": 36.204, "66": 36.55701754385965, "67": 36.19069767441861, "68": 36.15486725663717, "69": 36.52073732718894, "70": 35.41875, "71": 36.633663366336634, "72": 35.990243902439026, "73": 35.69626168224299, "74": 36.45744680851064, "75": 35.27567567567568, "76": 36.045685279187815, "77": 35.37435897435898, "78": 34.933035714285715}}