{"p0": {"0": 10.0, "1": 10.0, "2": 10.0, "3": 10.0, "4": 10.0, "5": 10.0, "6": 10.0, "7": 10.0, "8": 10.0, "9": 10.0, "10": 10.0, "11": 10.0, "12": 10.0, "13": 10.0, "14": 10.0, "15": 10.0, "16": 10.0, "17": 10.0, "18": 10.0, "19": 10.0, "20": 10.0, "21": 10.0, "22": 10.0, "23": 10.0, "24": 10.0, "25": 10.0, "26": 10.0, "27": 10.0, "28": 10.0, "29": 10.0, "30": 10.0, "31": 10.0, "32": 10.0, "33": 10.0, "34": 10.0, "35": 10.0, "36": 10.0, "37": 10.0, "38": 10.0, "39": 10.0, "40": 10.0, "41": 10.0, "42": 10.0, "43": 10.0, "44": 10.0, "45": 10.0, "46": 10.0, "47": 10.0, "48": 10.0, "49": 10.0, "50": 10.0, "51": 10.0, "52": 10.0, "53": 10.0, "54": 10.0, "55": 10.0, "56": 10.0, "57": 10.0, "58": 10.0, "59": 10.0, "60": 10.0, "61": 10.0, "62": 10.0, "63": 10.0, "64": 10.0, "65": 10.0, "66": 10.0, "67": 10.0, "68": 10.0, "69": 10.0, "70": 10.0, "71": 10.0, "72": 10.0, "73": 10.0, "74": 10.0, "75": 10.0, "76": 10.0, "77": 10.0, "78": 10.0, "79": 10.0, "80": 10.0, "81": 10.0, "82": 10.0, "83": 10.0, "84": 10.0, "85": 10.0, "86": 10.0, "87": 10.0, "88": 10.0, "89": 10.0, "90": 99999.0, "91": 99999.0, "92": 99999.0}, "p1": {"0": 19.091042038041472, "1": 8.3125, "2": 10.508064516129032, "3": 12.622291021671826, "4": 15.329073482428115, "5": 19.22343324250681, "6": 21.35969387755102, "7": 21.5, "8": 21.758333333333333, "9": 21.44987146529563, "10": 21.065693430656935, "11": 20.33780160857909, "12": 19.841397849462364, "13": 19.82162162162162, "14": 20.47382920110193, "15": 19.5, "16": 20.75128205128205, "17": 19.8515625, "18": 20.159268929503916, "19": 20.397932816537466, "20": 19.926686217008797, "21": 20.283505154639176, "22": 20.810089020771514, "23": 19.430594900849858, "24": 20.074866310160427, "25": 20.365384615384617, "26": 20.573816155988858, "27": 19.783505154639176, "28": 20.677115987460816, "29": 19.858461538461537, "30": 19.263313609467456, "31": 20.089635854341736, "32": 19.238505747126435, "33": 19.382978723404257, "34": 19.626436781609197, "35": 19.553475935828878, "36": 19.619631901840492, "37": 19.506738544474395, "38": 19.47536231884058, "39": 19.49859943977591, "40": 19.625, "41": 20.005464480874316, "42": 19.386138613861387, "43": 19.599462365591396, "44": 19.23123123123123, "45": 20.051948051948052, "46": 20.461748633879782, "47": 18.875379939209726, "48": 18.681528662420384, "49": 18.7760736196319, "50": 19.349253731343282, "51": 19.394202898550724, "52": 20.22360248447205, "53": 18.798219584569733, "54": 19.280864197530864, "55": 19.60927152317881, "56": 19.180064308681672, "57": 19.621794871794872, "58": 19.5125, "59": 19.44736842105263, "60": 20.374125874125873, "61": 19.010791366906474, "62": 18.87857142857143, "63": 19.095394736842106, "64": 19.251824817518248, "65": 19.33644859813084, "66": 19.146757679180887, "67": 20.315412186379927, "68": 19.493333333333332, "69": 19.22945205479452, "70": 20.19858156028369, "71": 19.058419243986254, "72": 18.676056338028168, "73": 18.97037037037037, "74": 19.463320463320464, "75": 19.496478873239436, "76": 19.50729927007299, "77": 19.91119691119691, "78": 19.131205673758867, "79": 19.71372549019608, "80": 19.7165991902834, "81": 18.642307692307693, "82": 19.322314049586776, "83": 18.705882352941178, "84": 19.146938775510204, "85": 18.0, "86": 17.15228426395939, "87": 16.060185185185187, "88": 14.654320987654321, "89": 14.76271186440678, "90": 12.873417721518987, "91": 17.80952380952381, "92": 20.857142857142858}, "p2": {"0": 33.71326283192563, "1": 5.4907063197026025, "2": 13.666666666666666, "3": 20.675824175824175, "4": 25.26984126984127, "5": 25.368200836820083, "6": 30.348765432098766, "7": 31.37883008356546, "8": 31.893617021276597, "9": 33.53708439897698, "10": 33.55833333333333, "11": 34.277404921700224, "12": 31.75, "13": 32.74934725848564, "14": 31.477777777777778, "15": 31.072580645161292, "16": 31.016304347826086, "17": 31.22222222222222, "18": 31.103015075376884, "19": 30.522727272727273, "20": 31.788413098236777, "21": 31.355056179775282, "22": 32.12213740458015, "23": 32.21497584541063, "24": 31.51063829787234, "25": 32.6625, "26": 32.07196029776675, "27": 32.01754385964912, "28": 31.79581151832461, "29": 32.09234828496042, "30": 32.43705463182898, "31": 32.21951219512195, "32": 32.52030456852792, "33": 32.729468599033815, "34": 34.32707774798928, "35": 33.02056555269923, "36": 34.20385674931129, "37": 35.07936507936508, "38": 34.66216216216216, "39": 34.54046997389034, "40": 34.343511450381676, "41": 35.79155672823219, "42": 35.961218836565095, "43": 35.78024691358025, "44": 35.05898123324397, "45": 35.33759590792839, "46": 36.12777777777778, "47": 35.0708446866485, "48": 36.5207756232687, "49": 36.16981132075472, "50": 34.992105263157896, "51": 34.76904176904177, "52": 35.54570637119114, "53": 35.5989010989011, "54": 36.08163265306123, "55": 35.23351648351648, "56": 36.15644171779141, "57": 35.4207650273224, "58": 35.69117647058823, "59": 35.59593023255814, "60": 35.50728862973761, "61": 37.10054347826087, "62": 36.25423728813559, "63": 37.02513966480447, "64": 36.93225806451613, "65": 36.40495867768595, "66": 35.9039039039039, "67": 35.99710144927536, "68": 36.39087947882736, "69": 37.14873417721519, "70": 36.3, "71": 36.36176470588235, "72": 36.430817610062896, "73": 36.01910828025478, "74": 36.43046357615894, "75": 36.43130990415335, "76": 35.62126245847176, "77": 35.68996960486322, "78": 36.04587155963303, "79": 36.021671826625386, "80": 36.159375, "81": 34.349673202614376, "82": 35.6986301369863, "83": 35.07849829351536, "84": 35.735099337748345, "85": 35.776556776556774, "86": 35.43497757847533, "87": 34.046728971962615, "88": 34.453658536585365, "89": 35.39779005524862, "90": 36.47802197802198, "91": 41.702127659574465, "92": 42.29375}, "p3": {"0": 36.18225786481966, "1": 36.18225786481966, "2": 36.18225786481966, "3": 36.10737704918033, "4": 36.14385964912281, "5": 36.21958456973294, "6": 36.262593783494104, "7": 36.16435432230523, "8": 36.237305699481865, "9": 36.25383828045036, "10": 36.10030395136778, "11": 36.20558882235529, "12": 36.19648093841642, "13": 36.2002002002002, "14": 36.194117647058825, "15": 36.144827586206894, "16": 36.13582677165354, "17": 36.24236453201971, "18": 36.30724070450098, "19": 36.20719844357976, "20": 36.162674650698605, "21": 36.28007889546351, "22": 36.231219512195125, "23": 36.195344129554655, "24": 36.266535044422504, "25": 36.26522187822498, "26": 36.18887722980063, "27": 36.284561049445, "28": 36.20020325203252, "29": 36.23795180722892, "30": 36.280475718533204, "31": 36.34106962663976, "32": 36.45720250521921, "33": 36.409278350515464, "34": 36.446185997910135, "35": 36.35443037974684, "36": 36.36401240951396, "37": 36.3480947476828, "38": 36.32776617954071, "39": 36.21613236814891, "40": 36.27074688796681, "41": 36.1427027027027, "42": 36.12689804772234, "43": 36.10212765957447, "44": 36.04829857299671, "45": 35.986486486486484, "46": 35.79106029106029, "47": 35.79193899782135, "48": 35.90936863543788, "49": 35.793868921775896, "50": 36.09484536082474, "51": 36.24068157614484, "52": 36.01431492842536, "53": 35.918219461697724, "54": 35.955882352941174, "55": 35.90507011866235, "56": 35.882604055496266, "57": 36.03192584963955, "58": 36.09398907103825, "59": 36.01626898047722, "60": 35.86946902654867, "61": 35.97216699801193, "62": 35.96246089676747, "63": 36.08596837944664, "64": 36.058764940239044, "65": 36.175025588536336, "66": 36.24671385237614, "67": 36.20916905444126, "68": 36.468904244817374, "69": 36.38665358194308, "70": 36.426829268292686, "71": 36.411764705882355, "72": 36.6059670781893, "73": 36.64572605561277, "74": 36.512121212121215, "75": 36.22845691382766, "76": 36.292194092827, "77": 36.39979654120041, "78": 36.231517509727624, "79": 36.22233400402415, "80": 36.19578947368421, "81": 36.163120567375884, "82": 35.87525987525988, "83": 36.13293051359516, "84": 35.88771186440678, "85": 36.25425531914894, "86": 36.175166297117514, "87": 36.295100222717146, "88": 36.29775880469584, "89": 36.27231121281464,