{"p0": {"0": 10.0, "1": 10.0, "2": 10.0, "3": 10.0, "4": 10.0, "5": 10.0, "6": 10.0, "7": 10.0, "8": 10.0, "9": 10.0, "10": 10.0, "11": 10.0, "12": 10.0, "13": 10.0, "14": 10.0, "15": 10.0, "16": 10.0, "17": 10.0, "18": 10.0, "19": 10.0, "20": 10.0, "21": 10.0, "22": 10.0, "23": 10.0, "24": 10.0, "25": 10.0, "26": 10.0, "27": 10.0, "28": 10.0, "29": 10.0, "30": 10.0, "31": 10.0, "32": 10.0, "33": 10.0, "34": 10.0, "35": 10.0, "36": 10.0, "37": 10.0, "38": 10.0, "39": 10.0, "40": 10.0, "41": 10.0, "42": 10.0, "43": 10.0, "44": 10.0, "45": 10.0, "46": 10.0, "47": 10.0, "48": 10.0, "49": 10.0, "50": 99999.0, "51": 99999.0, "52": 99999.0, "53": 99999.0, "54": 99999.0}, "p1": {"0": 20.279862058652185, "1": 8.96923076923077, "2": 11.423076923076923, "3": 12.580246913580247, "4": 16.990654205607477, "5": 18.458333333333332, "6": 22.450381679389313, "7": 21.23931623931624, "8": 20.38095238095238, "9": 19.54054054054054, "10": 21.71794871794872, "11": 19.780701754385966, "12": 21.131147540983605, "13": 21.456, "14": 22.477064220183486, "15": 20.82456140350877, "16": 21.333333333333332, "17": 20.491803278688526, "18": 20.45360824742268, "19": 23.72, "20": 22.0, "21": 21.485148514851485, "22": 22.21818181818182, "23": 20.26, "24": 22.04040404040404, "25": 19.5, "26": 22.617021276595743, "27": 19.968503937007874, "28": 19.838709677419356, "29": 22.1734693877551, "30": 20.156626506024097, "31": 20.01801801801802, "32": 21.745283018867923, "33": 21.027027027027028, "34": 20.872549019607842, "35": 22.44144144144144, "36": 21.225225225225227, "37": 19.625, "38": 20.158536585365855, "39": 21.863636363636363, "40": 20.123456790123456, "41": 20.4020618556701, "42": 21.66346153846154, "43": 21.613333333333333, "44": 19.81111111111111, "45": 18.114583333333332, "46": 19.60919540229885, "47": 19.25242718446602, "48": 20.5625, "49": 21.432098765432098, "50": 18.51388888888889, "51": 17.9, "52": 18.96, "53": 24.413793103448278, "54": 26.08695652173913}, "p2": {"0": 35.24520363751898, "1": 10.272727272727273, "2": 12.307692307692308, "3": 17.70212765957447, "4": 23.88679245283019, "5": 26.49367088607595, "6": 35.068627450980394, "7": 35.421052631578945, "8": 38.15702479338843, "9": 38.58518518518518, "10": 37.636986301369866, "11": 35.394160583941606, "12": 37.0546875, "13": 35.95348837209303, "14": 34.98039215686274, "15": 35.29032258064516, "16": 35.19298245614035, "17": 36.01550387596899, "18": 35.720338983050844, "19": 39.421052631578945, "20": 37.62992125984252, "21": 39.40594059405941, "22": 39.20192307692308, "23": 37.74285714285714, "24": 37.40594059405941, "25": 38.27777777777778, "26": 36.98823529411764, "27": 36.42, "28": 37.02247191011236, "29": 36.35514018691589, "30": 38.55, "31": 35.252873563218394, "32": 38.47663551401869, "33": 37.28971962616822, "34": 35.85858585858586, "35": 38.63095238095238, "36": 36.36734693877551, "37": 34.3375, "38": 37.22429906542056, "39": 35.92553191489362, "40": 33.858695652173914, "41": 37.916666666666664, "42": 35.15384615384615, "43": 38.43, "44": 36.7710843373494, "45": 35.18072289156626, "46": 38.329896907216494, "47": 36.12820512820513, "48": 34.8421052631579, "49": 34.07142857142857, "50": 36.563380281690144, "51": 36.171052631578945, "52": 40.108108108108105, "53": 43.787234042553195, "54": 41.01010101010101}, "p3": {"0": 41.811972184586104, "1": 15.454545454545455, "2": 19.57894736842105, "3": 19.327272727272728, "4": 24.911392405063292, "5": 36.83838383838384, "6": 44.88461538461539, "7": 48.97826086956522, "8": 48.70422535211268, "9": 45.11450381679389, "10": 44.8, "11": 45.384, "12": 43.14782608695652, "13": 42.51456310679612, "14": 46.8411214953271, "15": 44.40196078431372, "16": 43.57142857142857, "17": 43.90551181102362, "18": 42.280701754385966, "19": 41.14912280701754, "20": 46.64912280701754, "21": 40.75961538461539, "22": 41.42424242424242, "23": 44.504273504273506, "24": 47.028301886792455, "25": 43.75, "26": 43.764150943396224, "27": 42.273972602739725, "28": 45.54639175257732, "29": 45.63414634146341, "30": 42.92391304347826, "31": 41.985915492957744, "32": 44.45205479452055, "33": 41.875, "34": 42.31645569620253, "35": 42.943820224719104, "36": 40.54430379746835, "37": 46.586666666666666, "38": 41.714285714285715, "39": 43.160919540229884, "40": 43.18279569892473, "41": 41.371428571428574, "42": 41.557377049180324, "43": 43.88235294117647, "44": 38.46268656716418, "45": 38.0655737704918, "46": 40.04477611940298, "47": 43.621212121212125, "48": 41.734375, "49": 40.80434782608695, "50": 41.549019607843135, "51": 39.86274509803921, "52": 46.422222222222224, "53": 46.13333333333333, "54": 59.526315789473685}, "p4": {"0": 53.209324269001826, "1": 17.983333333333334, "2": 19.58490566037736, "3": 19.482758620689655, "4": 22.96825396825397, "5": 34.666666666666664, "6": 43.04424778761062, "7": 46.36206896551724, "8": 49.86991869918699, "9": 45.65925925925926, "10": 52.90909090909091, "11": 44.283185840707965, "12": 49.19469026548673, "13": 41.13913043478261, "14": 47.18333333333333, "15": 51.64485981308411, "16": 44.08, "17": 47.191489361702125, "18": 40.91596638655462, "19": 41.89473684210526, "20": 50.277227722772274, "21": 49.39316239316239, "22": 49.168067226890756, "23": 56.13913043478261, "24": 54.490566037735846, "25": 51.19387755102041, "26": 50.1875, "27": 57.840425531914896, "28": 49.24242424242424, "29": 57.207317073170735, "30": 59.32098765432099, "31": 54.406976744186046, "32": 62.95061728395062, "33": 61.62686567164179, "34": 55.44086021505376, "35": 55.52127659574468, "36": 52.839080459770116, "37": 57.93333333333333, "38": 61.139240506329116, "39": 65.56410256410257, "40": 61.78333333333333, "41": 57.707692307692305, "42": 56.87323943661972, "43": 64.86567164179104, "44": 62.56578947368421, "45": 64.1951219512195, "46": 66.78571428571429, "47": 66.3913043478261, "48": 63.58461538461538, "49": 65.88059701492537, "50": 63.08771929824562, "51": 69.12162162162163, "52": 72.9, "53": 83.66666666666667, "54": 81.95348837209302}, "p5": {"0": 61.27281787357573, "1": 61.27281787357573, "2": 61.27281787357573, "3": 61.27281787357573, "4": 61.27281787357573, "5": 60.58227848101266, "6": 60.679054054054056, "7": 60.79032258064516, "8": 61.2891156462585, "9": 61.30711610486891, "10": 61.409774436090224, "11": 61.164794007490634, "12": 61.41960784313726, "13": 61.45374449339207, "14": 61.83181818181818, "15": 61.99431818181818, "16": 62.09604519774011, "17": 61.679802955665025, "18": 61.92063492063492, "19": 62.13131313131313, "20": 61.04, "21": 60.962566844919785, "22": 62.487046632124354, "23": 62.2, "24": 62.88586956521739, "25": 61.59763313609467, "26": 61.12179487179487, "27": 60.32666666666667, "28": 59.74594594594595, "29": 60.462857142857146, "30": 60.69035532994924, "31": 60.40196078431372, "32": 61.89385474860335, "33": 60.95522388059702, "34": 61.15544041450777, "35": 61.61734693877551, "36": 61.71134020618557, "37": 60.31460674157304, "38": 60.83431952662722, "39": 61.78512396694215, "40": 61.46478873239437, "41": 61.85906040268456, "42": 61.28, "43": 61.83815028901734, "44": 60.84905660377358, "45": 61.013392857142854, "46": 61.287179487179486, "47": 62.252066115702476, "48": 61.983122362869196, "49": 60.814655172413794, "50": 60.94142259414226, "51": 60.625, "52": 60.455882352941174, "53": 60.25581395348837, "54": 60.7816091954023}}