{"p0": {"0": 10.0, "1": 10.0, "2": 10.0, "3": 10.0, "4": 10.0, "5": 10.0, "6": 10.0, "7": 10.0, "8": 10.0, "9": 10.0, "10": 10.0, "11": 10.0, "12": 10.0, "13": 10.0, "14": 10.0, "15": 10.0, "16": 10.0, "17": 10.0, "18": 10.0, "19": 10.0, "20": 10.0, "21": 10.0, "22": 10.0, "23": 10.0, "24": 10.0, "25": 10.0, "26": 10.0, "27": 10.0, "28": 10.0, "29": 10.0, "30": 10.0, "31": 10.0, "32": 10.0, "33": 10.0, "34": 10.0, "35": 10.0, "36": 10.0, "37": 10.0, "38": 10.0, "39": 10.0, "40": 10.0, "41": 10.0, "42": 10.0, "43": 10.0, "44": 10.0, "45": 10.0, "46": 10.0, "47": 10.0, "48": 10.0, "49": 10.0, "50": 10.0, "51": 10.0, "52": 10.0, "53": 10.0, "54": 10.0, "55": 10.0, "56": 10.0, "57": 10.0, "58": 10.0, "59": 10.0, "60": 10.0, "61": 10.0, "62": 10.0, "63": 10.0, "64": 10.0, "65": 10.0, "66": 10.0, "67": 10.0, "68": 10.0, "69": 10.0, "70": 10.0, "71": 10.0, "72": 10.0, "73": 10.0, "74": 10.0, "75": 10.0, "76": 10.0, "77": 10.0, "78": 10.0, "79": 10.0, "80": 10.0, "81": 10.0, "82": 10.0, "83": 10.0, "84": 10.0, "85": 10.0, "86": 99999.0, "87": 99999.0, "88": 99999.0, "89": 99999.0}, "p1": {"0": 24.02320777449954, "1": 10.0, "2": 14.97872340425532, "3": 16.7, "4": 18.0, "5": 21.835051546391753, "6": 26.710280373831775, "7": 27.26732673267327, "8": 26.54736842105263, "9": 27.45528455284553, "10": 25.25, "11": 24.69090909090909, "12": 25.120689655172413, "13": 25.217054263565892, "14": 25.41269841269841, "15": 26.513513513513512, "16": 24.29824561403509, "17": 25.02654867256637, "18": 25.264150943396228, "19": 24.822916666666668, "20": 25.69047619047619, "21": 28.05, "22": 27.319327731092436, "23": 27.736842105263158, "24": 26.743362831858406, "25": 25.88659793814433, "26": 25.666666666666668, "27": 26.079545454545453, "28": 24.480392156862745, "29": 25.755102040816325, "30": 25.835164835164836, "31": 26.741935483870968, "32": 25.59223300970874, "33": 24.78021978021978, "34": 24.23, "35": 25.848214285714285, "36": 26.017857142857142, "37": 27.349056603773583, "38": 26.151785714285715, "39": 25.978947368421053, "40": 25.174311926605505, "41": 24.605263157894736, "42": 24.357142857142858, "43": 24.028301886792452, "44": 23.724770642201836, "45": 25.90721649484536, "46": 23.39047619047619, "47": 25.074468085106382, "48": 25.516483516483518, "49": 25.28735632183908, "50": 24.697916666666668, "51": 26.433333333333334, "52": 24.397849462365592, "53": 24.1981981981982, "54": 25.78723404255319, "55": 23.61764705882353, "56": 24.931818181818183, "57": 24.010309278350515, "58": 24.315217391304348, "59": 23.188235294117646, "60": 23.455555555555556, "61": 24.46153846153846, "62": 24.011363636363637, "63": 24.876404494382022, "64": 24.130841121495326, "65": 22.215686274509803, "66": 22.891304347826086, "67": 25.8, "68": 23.352272727272727, "69": 23.917525773195877, "70": 24.066666666666666, "71": 22.02777777777778, "72": 23.06382978723404, "73": 22.17910447761194, "74": 23.7875, "75": 23.435294117647057, "76": 22.580246913580247, "77": 23.48780487804878, "78": 23.74025974025974, "79": 23.506666666666668, "80": 22.53968253968254, "81": 21.387755102040817, "82": 23.255555555555556, "83": 21.16417910447761, "84": 23.376623376623378, "85": 20.591549295774648, "86": 13.95890410958904, "87": 17.602739726027398, "88": 19.512820512820515, "89": 28.0}, "p2": {"0": 34.15217917801002, "1": 15.0, "2": 13.298507462686567, "3": 17.563106796116504, "4": 20.161016949152543, "5": 23.51006711409396, "6": 29.124137931034483, "7": 27.578034682080926, "8": 31.46099290780142, "9": 33.05357142857143, "10": 32.22560975609756, "11": 30.013793103448275, "12": 30.66412213740458, "13": 29.285714285714285, "14": 32.42758620689655, "15": 32.16260162601626, "16": 33.8034188034188, "17": 30.9375, "18": 32.93396226415094, "19": 34.32520325203252, "20": 33.32231404958678, "21": 37.1063829787234, "22": 34.06422018348624, "23": 33.92741935483871, "24": 32.706422018348626, "25": 34.2520325203252, "26": 35.15966386554622, "27": 37.0546875, "28": 33.43478260869565, "29": 36.40677966101695, "30": 36.372727272727275, "31": 38.116504854368934, "32": 34.65346534653465, "33": 35.50526315789474, "34": 33.09615384615385, "35": 37.357142857142854, "36": 34.98275862068966, "37": 38.55238095238095, "38": 36.68, "39": 35.60493827160494, "40": 36.120370370370374, "41": 35.96116504854369, "42": 34.310344827586206, "43": 34.845360824742265, "44": 36.64957264957265, "45": 37.742574257425744, "46": 34.44736842105263, "47": 37.31707317073171, "48": 37.477777777777774, "49": 37.8, "50": 34.97727272727273, "51": 38.26732673267327, "52": 38.30487804878049, "53": 37.8125, "54": 39.712765957446805, "55": 38.01851851851852, "56": 38.12903225806452, "57": 35.98765432098765, "58": 35.44117647058823, "59": 36.0, "60": 36.97260273972603, "61": 38.18888888888889, "62": 39.708333333333336, "63": 38.0, "64": 38.382716049382715, "65": 36.69230769230769, "66": 35.770270270270274, "67": 35.78947368421053, "68": 35.36065573770492, "69": 35.58904109589041, "70": 37.114285714285714, "71": 34.15853658536585, "72": 35.32876712328767, "73": 34.98795180722892, "74": 35.785714285714285, "75": 35.1578947368421, "76": 33.701149425287355, "77": 36.925, "78": 32.11864406779661, "79": 34.83870967741935, "80": 33.507462686567166, "81": 32.625, "82": 34.43055555555556, "83": 34.91228070175438, "84": 33.130434782608695, "85": 35.735849056603776, "86": 36.95, "87": 35.01960784313726, "88": 34.61538461538461, "89": 34.83870967741935}, "p3": {"0": 36.77529433310195, "1": 17.975609756097562, "2": 15.643356643356643, "3": 18.06896551724138, "4": 19.096, "5": 23.726027397260275, "6": 32.0875, "7": 34.813559322033896, "8": 34.82828282828283, "9": 36.25454545454546, "10": 32.824742268041234, "11": 33.25748502994012, "12": 31.27683615819209, "13": 33.69938650306749, "14": 31.377777777777776, "15": 31.14012738853503, "16": 33.02013422818792, "17": 30.942446043165468, "18": 30.926470588235293, "19": 29.55757575757576, "20": 36.424050632911396, "21": 34.1219512195122, "22": 29.41176470588235, "23": 30.906432748538013, "24": 32.57615894039735, "25": 35.18421052631579, "26": 29.95774647887324, "27": 30.783333333333335, "28": 32.19047619047619, "29": 34.963855421686745, "30": 31.966887417218544, "31": 32.08148148148148, "32": 32.9448275862069, "33": 35.96503496503497, "34": 33.8502994011976, "35": 36.616883116883116, "36": 35.37356321839081, "37": 36.12587412587413, "38": 38.2485549132948, "39": 37.92307692307692, "40": 35.31818181818182, "41": 42.865671641791046, "42": 39.66891891891892, "43": 39.74803149606299, "44": 40.31159420289855, "45": 41.028985507246375, "46": 41.8, "47": 41.47794117647059, "48": 39.72072072072072, "49": 38.296, "50": 39.16129032258065, "51": 41.009803921568626, "52": 34.65546218487395, "53": 38.94308943089431, "54": 40.34814814814815, "55": 41.13178294573643, "56": 39.152542372881356, "57": 38.592592592592595, "58": 39.47787610619469, "59": 37.168, "60": 39.82142857142857, "61": 37.850467289719624, "62": 40.01923076923077, "63": 39.29710144927536, "64": 35.59130434782609, "65": 36.70866141732284, "66": 36.39655172413793, "67": 41.80487804878049, "68": 36.57272727272727, "69": 38.4, "70": 41.713178294573645, "71": 40.67768595041322, "72": 43.303030303030305, "73": 45.01754385964912, "74": 43.25735294117647, "75": 42.59504132231405, "76": 42.791666666666664, "77": 36.24545454545454, "78": 36.97196261682243, "79": 37.744897959183675, "80": 38.9051724137931, "81": 42.46788990825688, "82": 42.26890756302521, "83": 42.74766355140187, "84": 43.48076923076923, "85": 42.79381443298969, "86": 45.57575757575758, "87": 46.17283950617284, "88": 55.44444444444444, "89": 62.353846153846156}, "p4": {"0": 47.71373778987529, "1": 47.71373778987529, "2": 47.71373778987529, "3": 47.71373778987529, "4": 47.76252723311547, "5": 47.906976744186046, "6": 47.566315789473684, "7": 47.885892116182575, "8": 47.50704225352113, "9": 47.61010101010101, "10": 47.670682730923694, "11": 47.97959183673469, "12": 47.93009708737864, "13": 47.81957773512476, "14": 47.53968253968254,