{"p0": {"0": 10.0, "1": 10.0, "2": 10.0, "3": 10.0, "4": 10.0, "5": 10.0, "6": 10.0, "7": 10.0, "8": 10.0, "9": 10.0, "10": 10.0, "11": 10.0, "12": 10.0, "13": 10.0, "14": 10.0, "15": 10.0, "16": 10.0, "17": 10.0, "18": 10.0, "19": 10.0, "20": 10.0, "21": 10.0, "22": 10.0, "23": 10.0, "24": 10.0, "25": 10.0, "26": 10.0, "27": 10.0, "28": 10.0, "29": 10.0, "30": 10.0, "31": 10.0, "32": 10.0, "33": 10.0, "34": 10.0, "35": 10.0, "36": 10.0, "37": 10.0, "38": 10.0, "39": 10.0, "40": 10.0, "41": 10.0, "42": 10.0, "43": 10.0, "44": 10.0, "45": 10.0, "46": 10.0, "47": 10.0, "48": 10.0, "49": 10.0, "50": 10.0, "51": 10.0, "52": 10.0, "53": 10.0, "54": 10.0, "55": 10.0, "56": 10.0, "57": 10.0, "58": 10.0, "59": 10.0, "60": 10.0, "61": 10.0, "62": 10.0, "63": 10.0, "64": 10.0, "65": 10.0, "66": 10.0, "67": 10.0, "68": 10.0, "69": 10.0, "70": 10.0, "71": 10.0, "72": 10.0, "73": 10.0, "74": 10.0, "75": 10.0, "76": 10.0, "77": 10.0, "78": 10.0, "79": 10.0, "80": 10.0, "81": 10.0, "82": 10.0, "83": 10.0, "84": 10.0, "85": 10.0, "86": 10.0, "87": 10.0, "88": 10.0, "89": 10.0, "90": 10.0, "91": 10.0, "92": 10.0, "93": 99999.0, "94": 99999.0, "95": 99999.0, "96": 99999.0}, "p1": {"0": 21.74306497049339, "1": 7.733333333333333, "2": 11.52, "3": 13.552631578947368, "4": 16.5188679245283, "5": 20.16296296296296, "6": 21.36764705882353, "7": 22.869918699186993, "8": 21.71551724137931, "9": 21.449152542372882, "10": 20.914728682170544, "11": 20.92142857142857, "12": 20.16058394160584, "13": 20.96551724137931, "14": 22.202898550724637, "15": 21.69291338582677, "16": 20.41304347826087, "17": 20.97761194029851, "18": 19.34285714285714, "19": 19.31851851851852, "20": 21.27659574468085, "21": 21.080645161290324, "22": 19.748148148148147, "23": 23.179012345679013, "24": 20.072, "25": 22.086614173228348, "26": 22.671755725190838, "27": 21.432, "28": 21.507462686567163, "29": 21.335616438356166, "30": 23.328, "31": 22.321428571428573, "32": 24.100840336134453, "33": 23.672268907563026, "34": 20.778846153846153, "35": 21.901639344262296, "36": 21.598484848484848, "37": 22.34108527131783, "38": 23.05, "39": 22.107142857142858, "40": 18.890625, "41": 20.473684210526315, "42": 20.65546218487395, "43": 21.16521739130435, "44": 21.908333333333335, "45": 22.860869565217392, "46": 24.39814814814815, "47": 22.265151515151516, "48": 22.25, "49": 21.742574257425744, "50": 23.58490566037736, "51": 21.54385964912281, "52": 21.787610619469028, "53": 21.991596638655462, "54": 22.663636363636364, "55": 22.35433070866142, "56": 21.588709677419356, "57": 22.091836734693878, "58": 22.2020202020202, "59": 20.903846153846153, "60": 23.008196721311474, "61": 22.30952380952381, "62": 21.351063829787233, "63": 21.857142857142858, "64": 21.840425531914892, "65": 22.16504854368932, "66": 22.025, "67": 22.906976744186046, "68": 21.765432098765434, "69": 22.43010752688172, "70": 23.211764705882352, "71": 22.419354838709676, "72": 21.263157894736842, "73": 20.55128205128205, "74": 21.914893617021278, "75": 24.285714285714285, "76": 23.75, "77": 22.71264367816092, "78": 23.447916666666668, "79": 23.402298850574713, "80": 21.288659793814432, "81": 23.466666666666665, "82": 23.615384615384617, "83": 23.265822784810126, "84": 25.098765432098766, "85": 22.01098901098901, "86": 23.317073170731707, "87": 24.627906976744185, "88": 23.846938775510203, "89": 22.670103092783506, "90": 22.458333333333332, "91": 21.371794871794872, "92": 21.62962962962963, "93": 24.73015873015873, "94": 22.0, "95": 26.7027027027027, "96": 25.903225806451612}, "p2": {"0": 29.744482212625723, "1": 11.5, "2": 17.357142857142858, "3": 20.2, "4": 21.43548387096774, "5": 24.788732394366196, "6": 32.825, "7": 33.733870967741936, "8": 32.659574468085104, "9": 36.0, "10": 36.83815028901734, "11": 36.15, "12": 32.15827338129496, "13": 35.285714285714285, "14": 35.584, "15": 30.756521739130434, "16": 31.46564885496183, "17": 33.50714285714286, "18": 33.256410256410255, "19": 34.326388888888886, "20": 32.93023255813954, "21": 30.64189189189189, "22": 33.21935483870968, "23": 34.041666666666664, "24": 30.142857142857142, "25": 33.53968253968254, "26": 32.59842519685039, "27": 31.26388888888889, "28": 33.687943262411345, "29": 31.5546875, "30": 32.10569105691057, "31": 29.954954954954953, "32": 31.016260162601625, "33": 29.91869918699187, "34": 29.147286821705425, "35": 30.327731092436974, "36": 30.537634408602152, "37": 32.10891089108911, "38": 32.25, "39": 29.517543859649123, "40": 29.583333333333332, "41": 30.343434343434343, "42": 30.788990825688074, "43": 30.221052631578946, "44": 28.920454545454547, "45": 30.611764705882354, "46": 31.677777777777777, "47": 30.238095238095237, "48": 28.166666666666668, "49": 32.19444444444444, "50": 29.135416666666668, "51": 28.22340425531915, "52": 29.26, "53": 27.61764705882353, "54": 28.895238095238096, "55": 27.97590361445783, "56": 30.38679245283019, "57": 29.045454545454547, "58": 30.952380952380953, "59": 28.058139534883722, "60": 30.071428571428573, "61": 29.307692307692307, "62": 29.45263157894737, "63": 28.097560975609756, "64": 29.43010752688172, "65": 25.816901408450704, "66": 28.795180722891565, "67": 30.0375, "68": 27.73611111111111, "69": 27.15714285714286, "70": 32.15068493150685, "71": 31.718309859154928, "72": 32.594202898550726, "73": 30.57894736842105, "74": 30.27906976744186, "75": 28.949152542372882, "76": 28.507462686567163, "77": 29.15068493150685, "78": 29.59722222222222, "79": 31.115384615384617, "80": 33.92857142857143, "81": 29.83116883116883, "82": 27.9375, "83": 26.303030303030305, "84": 29.485714285714284, "85": 29.796875, "86": 30.11392405063291, "87": 29.154929577464788, "88": 30.875, "89": 28.971014492753625, "90": 25.615384615384617, "91": 23.697674418604652, "92": 24.322580645161292, "93": 28.32075471698113, "94": 21.363636363636363, "95": 21.357142857142858, "96": 31.22222222222222}, "p3": {"0": 40.94688042110304, "1": 11.80952380952381, "2": 8.0, "3": 13.258064516129032, "4": 20.306930693069308, "5": 27.324324324324323, "6": 33.32867132867133, "7": 35.13294797687861, "8": 36.22222222222222, "9": 36.691588785046726, "10": 34.568306010928964, "11": 32.23121387283237, "12": 36.064516129032256, "13": 34.08, "14": 33.25431034482759, "15": 31.839285714285715, "16": 35.35960591133005, "17": 31.01860465116279, "18": 34.02127659574468, "19": 33.86829268292683, "20": 31.091397849462364, "21": 33.29064039408867, "22": 30.48502994011976, "23": 29.940298507462686, "24": 33.37267080745342, "25": 32.87700534759358, "26": 30.79245283018868, "27": 32.41279069767442, "28": 33.70886075949367, "29": 37.87341772151899, "30": 33.74850299401198, "31": 34.3134328358209, "32": 35.76978417266187, "33": 38.96621621621622, "34": 39.190184049079754, "35": 39.31884057971015, "36": 36.69655172413793, "37": 41.75483870967742, "38": 37.88970588235294, "39": 44.08275862068965, "40": 43.50344827586207, "41": 41.42446043165467, "42": 43.75316455696203, "43": 40.97931034482759, "44": 44.54929577464789, "45": 43.50335570469799, "46": 45.016666666666666, "47": 41.465753424657535, "48": 49.12048192771084, "49": 46.449367088607595, "50": 47.374149659863946, "51": 44.96268656716418, "52": 46.21935483870968, "53": 46.6625, "54": 46.92028985507246, "55": 45.55483870967742, "56": 44.78102189781022, "57": 45.01470588235294, "58": 45.030534351145036, "59": 45.60431654676259, "60": 45.233870967741936, "61": 45.214285714285715, "62": 44.78294573643411, "63": 46.006802721088434, "64": 48.61417322834646, "65": 47.717948717948715, "66": 45.78504672897196, "67": 49.14074074074074, "68": 48.39622641509434, "69": 46.91269841269841, "70": 46.713178294573645, "71": 46.6231884057971, "72": 46.55045871559633, "73": 47.51094890510949, "74": 48.05714285714286, "75": 46.722772277227726, "76": 45.60683760683761, "77": 46.32692307692308, "78": 42.960396039603964, "79": 44.810344827586206, "80": 48.45454545454545, "81": 47.04761904761905, "82": 46.504950495049506, "83": 46.95283018867924, "84": 50.13131313131313, "85": 47.06666666666667,