{"p0": {"0": 10.0, "1": 10.0, "2": 10.0, "3": 10.0, "4": 10.0, "5": 10.0, "6": 10.0, "7": 10.0, "8": 10.0, "9": 10.0, "10": 10.0, "11": 10.0, "12": 10.0, "13": 10.0, "14": 10.0, "15": 10.0, "16": 10.0, "17": 10.0, "18": 10.0, "19": 10.0, "20": 10.0, "21": 10.0, "22": 10.0, "23": 10.0, "24": 10.0, "25": 10.0, "26": 10.0, "27": 10.0, "28": 10.0, "29": 10.0, "30": 10.0, "31": 10.0, "32": 10.0, "33": 10.0, "34": 10.0, "35": 10.0, "36": 10.0, "37": 10.0, "38": 10.0, "39": 10.0, "40": 10.0, "41": 10.0, "42": 10.0, "43": 10.0, "44": 10.0, "45": 10.0, "46": 10.0, "47": 10.0, "48": 10.0, "49": 10.0, "50": 10.0, "51": 10.0, "52": 10.0, "53": 10.0, "54": 10.0, "55": 10.0, "56": 10.0, "57": 10.0, "58": 10.0, "59": 10.0, "60": 10.0, "61": 10.0, "62": 10.0, "63": 10.0, "64": 10.0, "65": 10.0, "66": 10.0, "67": 10.0, "68": 10.0, "69": 10.0, "70": 10.0, "71": 10.0, "72": 10.0, "73": 10.0, "74": 10.0, "75": 10.0, "76": 10.0, "77": 10.0, "78": 10.0, "79": 10.0, "80": 10.0, "81": 10.0, "82": 99999.0, "83": 99999.0, "84": 99999.0, "85": 99999.0}, "p1": {"0": 19.197206563891367, "1": 7.75, "2": 9.958762886597938, "3": 11.703125, "4": 15.603174603174603, "5": 19.39375, "6": 21.766666666666666, "7": 20.4875, "8": 17.894736842105264, "9": 19.736363636363638, "10": 19.984251968503937, "11": 17.306306306306308, "12": 18.05607476635514, "13": 19.143790849673202, "14": 20.069444444444443, "15": 21.02013422818792, "16": 20.251968503937007, "17": 20.74496644295302, "18": 17.62608695652174, "19": 18.73076923076923, "20": 19.00657894736842, "21": 19.983739837398375, "22": 17.777027027027028, "23": 18.94074074074074, "24": 19.736842105263158, "25": 18.348837209302324, "26": 19.558823529411764, "27": 19.70967741935484, "28": 17.93076923076923, "29": 19.66115702479339, "30": 18.302325581395348, "31": 19.552845528455286, "32": 19.570422535211268, "33": 19.427350427350426, "34": 19.692307692307693, "35": 18.166666666666668, "36": 19.15447154471545, "37": 19.28358208955224, "38": 18.212598425196852, "39": 19.59016393442623, "40": 17.8018018018018, "41": 17.821782178217823, "42": 17.58, "43": 18.593220338983052, "44": 19.647058823529413, "45": 18.425675675675677, "46": 20.547169811320753, "47": 20.155339805825243, "48": 18.902255639097746, "49": 21.540983606557376, "50": 19.0, "51": 19.529411764705884, "52": 19.196428571428573, "53": 19.870689655172413, "54": 18.991071428571427, "55": 20.140495867768596, "56": 20.847457627118644, "57": 19.56779661016949, "58": 20.413793103448278, "59": 20.323809523809523, "60": 19.32323232323232, "61": 20.486238532110093, "62": 20.138297872340427, "63": 20.73267326732673, "64": 19.446601941747574, "65": 21.621052631578948, "66": 19.9009009009009, "67": 22.173076923076923, "68": 19.36144578313253, "69": 19.656565656565657, "70": 21.480392156862745, "71": 18.68421052631579, "72": 20.24175824175824, "73": 19.2375, "74": 20.606060606060606, "75": 19.453488372093023, "76": 19.77922077922078, "77": 21.043478260869566, "78": 18.73469387755102, "79": 19.783505154639176, "80": 18.646464646464647, "81": 16.1, "82": 17.174603174603174, "83": 16.448275862068964, "84": 29.666666666666668, "85": 24.11111111111111}, "p2": {"0": 33.38240479124162, "1": 13.46808510638298, "2": 24.288888888888888, "3": 26.0, "4": 25.149532710280372, "5": 26.727941176470587, "6": 34.98192771084337, "7": 33.48809523809524, "8": 35.626315789473686, "9": 35.44, "10": 37.23222748815166, "11": 35.151162790697676, "12": 34.30994152046784, "13": 32.333333333333336, "14": 31.770992366412212, "15": 34.12837837837838, "16": 32.74825174825175, "17": 34.467948717948715, "18": 35.47222222222222, "19": 33.13245033112583, "20": 35.47260273972603, "21": 35.536764705882355, "22": 36.80769230769231, "23": 34.32520325203252, "24": 34.82575757575758, "25": 32.02797202797203, "26": 33.959016393442624, "27": 33.35, "28": 31.87121212121212, "29": 35.91129032258065, "30": 34.586776859504134, "31": 34.576, "32": 32.55084745762712, "33": 36.101694915254235, "34": 34.669642857142854, "35": 35.5, "36": 35.85849056603774, "37": 32.41085271317829, "38": 34.5, "39": 34.36974789915966, "40": 34.19266055045872, "41": 33.09090909090909, "42": 33.023809523809526, "43": 35.25, "44": 35.69444444444444, "45": 33.931372549019606, "46": 32.89523809523809, "47": 36.76724137931034, "48": 31.60747663551402, "49": 33.96, "50": 32.27272727272727, "51": 36.544444444444444, "52": 33.14150943396226, "53": 33.388888888888886, "54": 35.208333333333336, "55": 32.13483146067416, "56": 35.083333333333336, "57": 34.58695652173913, "58": 33.88636363636363, "59": 32.618556701030926, "60": 34.5, "61": 34.0, "62": 31.79787234042553, "63": 30.906976744186046, "64": 33.241379310344826, "65": 32.0, "66": 31.925925925925927, "67": 35.67045454545455, "68": 32.83529411764706, "69": 32.493506493506494, "70": 33.354838709677416, "71": 34.276595744680854, "72": 35.77777777777778, "73": 30.790123456790123, "74": 32.74324324324324, "75": 32.3780487804878, "76": 31.80392156862745, "77": 32.093023255813954, "78": 34.08450704225352, "79": 32.74603174603175, "80": 30.614035087719298, "81": 32.608695652173914, "82": 34.55102040816327, "83": 33.02777777777778, "84": 39.0, "85": 43.875}, "p3": {"0": 45.95009446186407, "1": 20.265895953757227, "2": 19.609756097560975, "3": 22.83211678832117, "4": 28.715384615384615, "5": 32.77777777777778, "6": 38.41414141414141, "7": 39.51709401709402, "8": 40.650442477876105, "9": 38.89302325581395, "10": 40.82666666666667, "11": 39.69230769230769, "12": 37.73394495412844, "13": 37.169291338582674, "14": 35.78991596638655, "15": 39.588235294117645, "16": 35.334883720930236, "17": 36.79381443298969, "18": 37.04255319148936, "19": 40.20754716981132, "20": 37.06666666666667, "21": 38.54716981132076, "22": 41.30167597765363, "23": 42.68681318681319, "24": 39.670731707317074, "25": 42.92, "26": 41.25443786982248, "27": 43.71739130434783, "28": 42.911764705882355, "29": 43.625766871165645, "30": 46.0974025974026, "31": 44.92424242424242, "32": 43.40875912408759, "33": 45.45238095238095, "34": 45.652482269503544, "35": 51.1474358974359, "36": 52.04375, "37": 47.50349650349651, "38": 48.5531914893617, "39": 48.206896551724135, "40": 49.532467532467535, "41": 50.54676258992806, "42": 49.31944444444444, "43": 51.03225806451613, "44": 47.74264705882353, "45": 50.75796178343949, "46": 47.50694444444444, "47": 48.17088607594937, "48": 50.028985507246375, "49": 49.381294964028775, "50": 49.554794520547944, "51": 48.42063492063492, "52": 50.11278195488722, "53": 47.63793103448276, "54": 46.8, "55": 52.02205882352941, "56": 49.422222222222224, "57": 51.796747967479675, "58": 49.306569343065696, "59": 49.23021582733813, "60": 52.148387096774194, "61": 50.207207207207205, "62": 51.32773109243698, "63": 50.8448275862069, "64": 53.97115384615385, "65": 46.52777777777778, "66": 45.5, "67": 49.48623853211009, "68": 53.56349206349206, "69": 53.723076923076924, "70": 51.50442477876106, "71": 53.018348623853214, "72": 49.21621621621622, "73": 51.96521739130435, "74": 47.97520661157025, "75": 57.54128440366973, "76": 51.56296296296296, "77": 52.424528301886795, "78": 50.025, "79": 50.29661016949152, "80": 55.872549019607845, "81": 52.34, "82": 56.36842105263158, "83": 55.78409090909091, "84": 62.94059405940594, "85": 62.75182481751825}, "p4": {"0": 47.7986130207385, "1": 47.7986130207385, "2": 47.7986130207385, "3": 47.7986130207385, "4": 48.03088803088803, "5": 48.11819887429643, "6": 47.8327205882353, "7": 48.01679104477612, "8": 47.76808905380334, "9": 47.74217311233886, "10": 47.154738878143135, "11": 47.79323308270677, "12": 47.64796905222437, "13": 47.77402135231317, "14": 47.63327032136106, "15": 47.7377938517179, "16": 47.75471698113208, "17": 47.7931654676259, "18": 47.39138576779026, "19": 47.447013487475914, "20": 47.81947261663286, "21": 47.882936507936506, "22": 47.52173913043478, "23": 47.84076433121019, "24": 47.609341825902334, "25": 47.555045871559635, "26": 47.65462753950339, "27": 46.97794117647059, "28": 47.361702127659576,