{"p0": {"0": 10.0, "1": 10.0, "2": 10.0, "3": 10.0, "4": 10.0, "5": 10.0, "6": 10.0, "7": 10.0, "8": 10.0, "9": 10.0, "10": 10.0, "11": 10.0, "12": 10.0, "13": 10.0, "14": 10.0, "15": 10.0, "16": 10.0, "17": 10.0, "18": 10.0, "19": 10.0, "20": 10.0, "21": 10.0, "22": 10.0, "23": 10.0, "24": 10.0, "25": 10.0, "26": 10.0, "27": 10.0, "28": 10.0, "29": 10.0, "30": 10.0, "31": 10.0, "32": 10.0, "33": 10.0, "34": 10.0, "35": 10.0, "36": 10.0, "37": 10.0, "38": 10.0, "39": 10.0, "40": 10.0, "41": 10.0, "42": 10.0, "43": 10.0, "44": 10.0, "45": 10.0, "46": 10.0, "47": 10.0, "48": 10.0, "49": 10.0, "50": 10.0, "51": 10.0, "52": 10.0, "53": 10.0, "54": 10.0, "55": 10.0, "56": 10.0, "57": 10.0, "58": 10.0, "59": 10.0, "60": 10.0, "61": 10.0, "62": 10.0, "63": 10.0, "64": 10.0, "65": 10.0, "66": 10.0, "67": 10.0, "68": 10.0, "69": 10.0, "70": 10.0, "71": 99999.0, "72": 99999.0, "73": 99999.0, "74": 99999.0, "75": 99999.0}, "p1": {"0": 17.188120230693844, "1": 5.795454545454546, "2": 7.943089430894309, "3": 9.837662337662337, "4": 12.142857142857142, "5": 16.539877300613497, "6": 17.446666666666665, "7": 18.019108280254777, "8": 15.89795918367347, "9": 16.114093959731544, "10": 17.463087248322147, "11": 18.94557823129252, "12": 18.384615384615383, "13": 18.627906976744185, "14": 17.819277108433734, "15": 17.692307692307693, "16": 18.587096774193547, "17": 18.348993288590606, "18": 19.4, "19": 18.246478873239436, "20": 17.87142857142857, "21": 19.07471264367816, "22": 17.57396449704142, "23": 18.639097744360903, "24": 17.52517985611511, "25": 17.56140350877193, "26": 18.386363636363637, "27": 15.557046979865772, "28": 17.72151898734177, "29": 15.529411764705882, "30": 19.834437086092716, "31": 17.71875, "32": 17.716129032258063, "33": 18.310344827586206, "34": 16.186206896551724, "35": 15.987577639751553, "36": 15.97972972972973, "37": 16.8476821192053, "38": 18.256410256410255, "39": 15.863636363636363, "40": 18.433823529411764, "41": 17.0078125, "42": 16.86013986013986, "43": 15.680851063829786, "44": 17.802816901408452, "45": 16.465408805031448, "46": 15.673267326732674, "47": 16.551020408163264, "48": 14.724409448818898, "49": 15.173553719008265, "50": 15.387931034482758, "51": 16.630769230769232, "52": 17.98181818181818, "53": 16.544, "54": 15.639705882352942, "55": 14.763157894736842, "56": 19.135593220338983, "57": 17.61111111111111, "58": 17.28787878787879, "59": 16.613861386138613, "60": 15.29896907216495, "61": 16.865079365079364, "62": 17.521008403361346, "63": 17.45689655172414, "64": 17.524271844660195, "65": 18.03846153846154, "66": 16.521367521367523, "67": 17.195876288659793, "68": 17.235849056603772, "69": 18.09278350515464, "70": 18.372340425531913, "71": 18.07766990291262, "72": 18.333333333333332, "73": 23.983870967741936, "74": 29.666666666666668, "75": 25.5625}, "p2": {"0": 32.12708106327969, "1": 11.973684210526315, "2": 12.84375, "3": 14.084745762711865, "4": 20.493333333333332, "5": 23.51923076923077, "6": 32.12605042016807, "7": 32.435374149659864, "8": 34.34722222222222, "9": 34.73202614379085, "10": 36.17886178861789, "11": 34.20805369127517, "12": 35.015625, "13": 32.255319148936174, "14": 33.552, "15": 32.213740458015266, "16": 32.52100840336134, "17": 33.62307692307692, "18": 33.41726618705036, "19": 33.30379746835443, "20": 34.75352112676056, "21": 33.27814569536424, "22": 32.875, "23": 31.46853146853147, "24": 33.46268656716418, "25": 31.121951219512194, "26": 33.007246376811594, "27": 32.4822695035461, "28": 32.732394366197184, "29": 34.01242236024845, "30": 32.858156028368796, "31": 32.40384615384615, "32": 30.43362831858407, "33": 30.476190476190474, "34": 36.528, "35": 32.63492063492063, "36": 31.616071428571427, "37": 34.336283185840706, "38": 33.371212121212125, "39": 32.621848739495796, "40": 30.64814814814815, "41": 31.744, "42": 31.689320388349515, "43": 32.48031496062992, "44": 35.312, "45": 30.796992481203006, "46": 29.613138686131386, "47": 34.333333333333336, "48": 33.13274336283186, "49": 30.557377049180328, "50": 33.02173913043478, "51": 34.723404255319146, "52": 34.741573033707866, "53": 35.95652173913044, "54": 32.43636363636364, "55": 32.75257731958763, "56": 33.47872340425532, "57": 33.81372549019608, "58": 32.867924528301884, "59": 33.62, "60": 34.21348314606742, "61": 32.5625, "62": 33.89523809523809, "63": 32.59550561797753, "64": 32.96, "65": 33.27272727272727, "66": 34.07142857142857, "67": 33.59154929577465, "68": 33.28440366972477, "69": 29.6375, "70": 31.568181818181817, "71": 36.15873015873016, "72": 34.11904761904762, "73": 34.25423728813559, "74": 36.256410256410255, "75": 40.05172413793103}, "p3": {"0": 39.64516441222478, "1": 11.265060240963855, "2": 12.923076923076923, "3": 21.583333333333332, "4": 27.992248062015506, "5": 29.02158273381295, "6": 38.542682926829265, "7": 39.740112994350284, "8": 42.40782122905028, "9": 41.60220994475138, "10": 37.385474860335194, "11": 39.316770186335404, "12": 38.97267759562842, "13": 39.82222222222222, "14": 37.19428571428571, "15": 38.24203821656051, "16": 39.125, "17": 33.08275862068965, "18": 37.630434782608695, "19": 39.40939597315436, "20": 39.183673469387756, "21": 38.42567567567568, "22": 38.485074626865675, "23": 38.54961832061068, "24": 38.69117647058823, "25": 37.116279069767444, "26": 33.274193548387096, "27": 38.121212121212125, "28": 35.336283185840706, "29": 37.38709677419355, "30": 35.101694915254235, "31": 41.21367521367522, "32": 41.8018018018018, "33": 42.88392857142857, "34": 45.808510638297875, "35": 36.6, "36": 40.455555555555556, "37": 39.78703703703704, "38": 40.43119266055046, "39": 39.321100917431195, "40": 41.82644628099174, "41": 42.5375, "42": 41.00877192982456, "43": 42.21238938053097, "44": 39.229885057471265, "45": 39.130434782608695, "46": 39.18390804597701, "47": 40.144444444444446, "48": 39.5, "49": 37.516129032258064, "50": 38.4390243902439, "51": 40.18072289156626, "52": 45.74683544303797, "53": 45.06172839506173, "54": 37.82258064516129, "55": 43.02469135802469, "56": 42.54022988505747, "57": 44.013698630136986, "58": 45.57831325301205, "59": 42.79220779220779, "60": 44.506024096385545, "61": 41.303030303030305, "62": 44.77777777777778, "63": 45.108108108108105, "64": 47.588235294117645, "65": 42.37837837837838, "66": 41.309859154929576, "67": 43.875, "68": 46.397260273972606, "69": 45.72549019607843, "70": 45.297872340425535, "71": 44.06521739130435, "72": 42.21212121212121, "73": 46.5, "74": 51.333333333333336, "75": 50.285714285714285}, "p4": {"0": 62.520901500804925, "1": 18.821428571428573, "2": 17.585365853658537, "3": 36.3469387755102, "4": 44.644067796610166, "5": 55.01851851851852, "6": 58.21341463414634, "7": 61.68263473053892, "8": 66.7396449704142, "9": 62.98543689320388, "10": 61.14857142857143, "11": 61.66285714285714, "12": 62.115606936416185, "13": 57.142011834319526, "14": 55.4585635359116, "15": 57.73232323232323, "16": 60.289940828402365, "17": 61.949367088607595, "18": 60.0679012345679, "19": 65.40972222222223, "20": 62.09027777777778, "21": 59.11801242236025, "22": 60.823170731707314, "23": 58.40449438202247, "24": 63.11801242236025, "25": 59.40397350993378, "26": 61.688311688311686, "27": 61.84615384615385, "28": 57.21052631578947, "29": 59.41818181818182, "30": 60.7239263803681, "31": 61.311258278145694, "32": 61.144827586206894, "33": 61.8255033557047, "34": 63.271523178807946, "35": 62.11377245508982, "36": 64.57627118644068, "37": 67.26219512195122, "38": 71.60479041916167, "39": 65.15789473684211, "40": 65.98101265822785, "41": 66.4342105263158, "42": 64.8012048192771, "43": 64.37349397590361, "44": 66.5919540229885, "45": 66.02793296089385, "46": 67.30864197530865, "47": 69.1842105263158, "48": 68.13690476190476, "49": 67.44516129032257, "50": 66.85454545454546, "51": 67.83974358974359, "52": 68.44594594594595, "53": 69.78082191780823, "54": 65.21476510067114, "55": 69.44897959183673, "56": 65.46043165467626, "57": 69.63448275862069, "58": 68.18248175182482, "59": 63.348101265822784,