{"p0": {"0": 10.0, "1": 10.0, "2": 10.0, "3": 10.0, "4": 10.0, "5": 10.0, "6": 10.0, "7": 10.0, "8": 10.0, "9": 10.0, "10": 10.0, "11": 10.0, "12": 10.0, "13": 10.0, "14": 10.0, "15": 10.0, "16": 10.0, "17": 10.0, "18": 10.0, "19": 10.0, "20": 10.0, "21": 10.0, "22": 10.0, "23": 10.0, "24": 10.0, "25": 10.0, "26": 10.0, "27": 10.0, "28": 10.0, "29": 10.0, "30": 10.0, "31": 10.0, "32": 10.0, "33": 10.0, "34": 10.0, "35": 10.0, "36": 10.0, "37": 10.0, "38": 10.0, "39": 10.0, "40": 10.0, "41": 10.0, "42": 10.0, "43": 10.0, "44": 10.0, "45": 10.0, "46": 99999.0, "47": 99999.0, "48": 99999.0, "49": 99999.0}, "p1": {"0": 22.57753605377472, "1": 8.0, "2": 10.301587301587302, "3": 16.141509433962263, "4": 21.594059405940595, "5": 21.944881889763778, "6": 25.305555555555557, "7": 25.096296296296295, "8": 27.03370786516854, "9": 25.76829268292683, "10": 24.089887640449437, "11": 23.264957264957264, "12": 23.626168224299064, "13": 23.52542372881356, "14": 25.05263157894737, "15": 24.862068965517242, "16": 23.688, "17": 22.495652173913044, "18": 24.830188679245282, "19": 23.43362831858407, "20": 23.372093023255815, "21": 22.991803278688526, "22": 25.056338028169016, "23": 24.51219512195122, "24": 23.30708661417323, "25": 23.166666666666668, "26": 23.566037735849058, "27": 23.928, "28": 21.25, "29": 22.32456140350877, "30": 22.28301886792453, "31": 22.991596638655462, "32": 23.653846153846153, "33": 22.693548387096776, "34": 22.95744680851064, "35": 25.13888888888889, "36": 21.627450980392158, "37": 23.59633027522936, "38": 23.876106194690266, "39": 23.869565217391305, "40": 22.9375, "41": 21.651785714285715, "42": 23.36936936936937, "43": 20.873873873873872, "44": 21.826923076923077, "45": 22.47252747252747, "46": 19.057142857142857, "47": 20.217391304347824, "48": 24.0, "49": 23.675675675675677}, "p2": {"0": 30.550216110619896, "1": 13.153846153846153, "2": 15.7, "3": 19.50943396226415, "4": 23.34328358208955, "5": 24.329896907216494, "6": 32.583333333333336, "7": 36.27884615384615, "8": 38.52459016393443, "9": 36.46979865771812, "10": 37.669291338582674, "11": 39.32824427480916, "12": 36.95744680851064, "13": 32.25581395348837, "14": 30.589041095890412, "15": 33.415841584158414, "16": 34.01190476190476, "17": 32.80555555555556, "18": 31.504065040650406, "19": 31.55, "20": 33.175925925925924, "21": 34.83495145631068, "22": 31.231578947368423, "23": 31.280898876404493, "24": 29.63917525773196, "25": 30.257142857142856, "26": 31.703389830508474, "27": 30.25862068965517, "28": 29.53684210526316, "29": 29.813084112149532, "30": 30.03409090909091, "31": 29.152380952380952, "32": 29.432098765432098, "33": 28.75294117647059, "34": 30.208333333333332, "35": 28.505050505050505, "36": 33.59090909090909, "37": 31.55952380952381, "38": 30.553398058252426, "39": 27.28735632183908, "40": 29.852941176470587, "41": 31.242105263157896, "42": 32.62105263157895, "43": 29.929577464788732, "44": 29.782608695652176, "45": 26.892857142857142, "46": 28.225806451612904, "47": 25.36, "48": 35.785714285714285, "49": 36.48}, "p3": {"0": 47.9581428521054, "1": 18.31578947368421, "2": 22.615384615384617, "3": 30.5, "4": 37.64705882352941, "5": 39.15584415584416, "6": 46.338345864661655, "7": 48.08552631578947, "8": 44.221374045801525, "9": 48.50675675675676, "10": 49.435064935064936, "11": 46.19463087248322, "12": 45.568, "13": 47.15573770491803, "14": 45.098591549295776, "15": 47.99152542372882, "16": 43.13385826771653, "17": 45.42201834862385, "18": 47.31386861313869, "19": 45.02189781021898, "20": 45.6875, "21": 46.843283582089555, "22": 50.175182481751825, "23": 51.388888888888886, "24": 51.25, "25": 50.46218487394958, "26": 48.88034188034188, "27": 50.13868613138686, "28": 50.56296296296296, "29": 51.76521739130435, "30": 53.06201550387597, "31": 52.201492537313435, "32": 50.196969696969695, "33": 50.99264705882353, "34": 51.54615384615385, "35": 52.531531531531535, "36": 48.89705882352941, "37": 51.9609375, "38": 50.5921052631579, "39": 53.354609929078016, "40": 50.088, "41": 53.471014492753625, "42": 52.88392857142857, "43": 52.467213114754095, "44": 52.916666666666664, "45": 52.8671875, "46": 51.97520661157025, "47": 53.59322033898305, "48": 59.83783783783784, "49": 59.63768115942029}, "p4": {"0": 46.85306368270603, "1": 46.85306368270603, "2": 46.85306368270603, "3": 46.85306368270603, "4": 46.481308411214954, "5": 46.64976958525346, "6": 46.699769053117784, "7": 46.594847775175644, "8": 46.65871121718377, "9": 46.49651972157773, "10": 46.66276346604216, "11": 46.3825, "12": 46.59891598915989, "13": 46.54810495626822, "14": 46.701183431952664, "15": 46.71940298507463, "16": 46.278443113772454, "17": 46.78484848484848, "18": 46.70381231671554, "19": 46.68545994065282, "20": 46.983108108108105, "21": 46.86666666666667, "22": 47.57661290322581, "23": 47.55384615384615, "24": 47.96923076923077, "25": 47.10227272727273, "26": 47.333333333333336, "27": 48.43103448275862, "28": 47.28909952606635, "29": 46.78481012658228, "30": 47.26754385964912, "31": 47.13135593220339, "32": 46.59003831417625, "33": 46.93814432989691, "34": 46.607361963190186, "35": 46.74038461538461, "36": 46.713855421686745, "37": 46.97411003236246, "38": 47.19241982507289, "39": 47.14497041420118, "40": 47.006079027355625, "41": 47.262458471760795, "42": 46.79360465116279, "43": 46.7530487804878, "44": 46.60790273556231, "45": 46.73037542662116, "46": 46.142322097378276, "47": 46.202429149797574, "48": 46.4901185770751, "49": 46.416030534351144}}