{"p0": {"0": 10.0, "1": 10.0, "2": 10.0, "3": 10.0, "4": 10.0, "5": 10.0, "6": 10.0, "7": 10.0, "8": 10.0, "9": 10.0, "10": 10.0, "11": 10.0, "12": 10.0, "13": 10.0, "14": 10.0, "15": 10.0, "16": 10.0, "17": 10.0, "18": 10.0, "19": 10.0, "20": 10.0, "21": 10.0, "22": 10.0, "23": 10.0, "24": 10.0, "25": 10.0, "26": 10.0, "27": 10.0, "28": 10.0, "29": 10.0, "30": 10.0, "31": 10.0, "32": 10.0, "33": 10.0, "34": 10.0, "35": 10.0, "36": 10.0, "37": 10.0, "38": 10.0, "39": 10.0, "40": 10.0, "41": 10.0, "42": 10.0, "43": 10.0, "44": 10.0, "45": 10.0, "46": 10.0, "47": 10.0, "48": 10.0, "49": 10.0, "50": 10.0, "51": 10.0, "52": 10.0, "53": 10.0, "54": 10.0, "55": 10.0, "56": 10.0, "57": 10.0, "58": 10.0, "59": 10.0, "60": 10.0, "61": 10.0, "62": 10.0, "63": 10.0, "64": 10.0, "65": 99999.0, "66": 99999.0, "67": 99999.0, "68": 99999.0, "69": 99999.0}, "p1": {"0": 21.74300818317402, "1": 9.681818181818182, "2": 12.955555555555556, "3": 13.779527559055119, "4": 17.35251798561151, "5": 20.986577181208055, "6": 22.30057803468208, "7": 21.895027624309392, "8": 21.01923076923077, "9": 21.271604938271604, "10": 21.699481865284973, "11": 20.846625766871167, "12": 22.35757575757576, "13": 23.765714285714285, "14": 24.29585798816568, "15": 24.206666666666667, "16": 22.310126582278482, "17": 22.82634730538922, "18": 22.594117647058823, "19": 24.63888888888889, "20": 23.634285714285713, "21": 22.82608695652174, "22": 23.703225806451613, "23": 23.431818181818183, "24": 23.149350649350648, "25": 22.371951219512194, "26": 21.898203592814372, "27": 21.684848484848484, "28": 24.146198830409357, "29": 22.39877300613497, "30": 21.203488372093023, "31": 22.262569832402235, "32": 22.32484076433121, "33": 21.5, "34": 22.39855072463768, "35": 20.86046511627907, "36": 21.13986013986014, "37": 22.83916083916084, "38": 23.858333333333334, "39": 22.127659574468087, "40": 24.852459016393443, "41": 20.846715328467152, "42": 22.5364238410596, "43": 23.304, "44": 23.037037037037038, "45": 22.494505494505493, "46": 22.184466019417474, "47": 22.635593220338983, "48": 22.954128440366972, "49": 21.428571428571427, "50": 20.710743801652892, "51": 20.122448979591837, "52": 24.515151515151516, "53": 23.3, "54": 21.394957983193276, "55": 23.941176470588236, "56": 22.240384615384617, "57": 22.69148936170213, "58": 22.012048192771083, "59": 21.7, "60": 21.48913043478261, "61": 21.378947368421052, "62": 19.979591836734695, "63": 21.247191011235955, "64": 19.58823529411765, "65": 18.84269662921348, "66": 19.074074074074073, "67": 20.5, "68": 23.703703703703702, "69": 25.01818181818182}, "p2": {"0": 32.46331747946495, "1": 12.054054054054054, "2": 10.84, "3": 19.725806451612904, "4": 24.123595505617978, "5": 26.98989898989899, "6": 34.725, "7": 32.73529411764706, "8": 35.031007751937985, "9": 37.093023255813954, "10": 35.30327868852459, "11": 33.97872340425532, "12": 32.92857142857143, "13": 33.819047619047616, "14": 33.280701754385966, "15": 29.280701754385966, "16": 31.672566371681416, "17": 32.925, "18": 33.372262773722625, "19": 35.08695652173913, "20": 32.898305084745765, "21": 32.577586206896555, "22": 33.70940170940171, "23": 32.54961832061068, "24": 32.92173913043478, "25": 30.772727272727273, "26": 33.55652173913043, "27": 32.48695652173913, "28": 30.22641509433962, "29": 33.524193548387096, "30": 35.62626262626262, "31": 34.10948905109489, "32": 32.826530612244895, "33": 34.18348623853211, "34": 31.95505617977528, "35": 34.568627450980394, "36": 33.42727272727273, "37": 34.8125, "38": 34.88495575221239, "39": 34.469026548672566, "40": 33.73529411764706, "41": 33.51960784313726, "42": 33.493975903614455, "43": 36.183673469387756, "44": 33.23157894736842, "45": 32.901785714285715, "46": 32.7196261682243, "47": 33.76744186046512, "48": 32.74418604651163, "49": 31.00990099009901, "50": 33.379746835443036, "51": 34.66019417475728, "52": 32.17391304347826, "53": 34.15625, "54": 31.817307692307693, "55": 33.26923076923077, "56": 30.829787234042552, "57": 32.9873417721519, "58": 31.680555555555557, "59": 32.638297872340424, "60": 32.144444444444446, "61": 30.26732673267327, "62": 34.14666666666667, "63": 31.906666666666666, "64": 35.89887640449438, "65": 33.56896551724138, "66": 32.04838709677419, "67": 34.0, "68": 41.25, "69": 42.785714285714285}, "p3": {"0": 44.93999063689027, "1": 18.8125, "2": 22.608695652173914, "3": 28.839080459770116, "4": 38.56122448979592, "5": 37.94927536231884, "6": 47.52662721893491, "7": 46.26815642458101, "8": 46.87765957446808, "9": 43.17326732673267, "10": 43.62566844919786, "11": 45.3051948051948, "12": 44.03225806451613, "13": 47.28387096774193, "14": 45.42142857142857, "15": 44.98235294117647, "16": 47.554054054054056, "17": 47.01360544217687, "18": 48.0, "19": 48.323076923076925, "20": 47.31782945736434, "21": 46.79816513761468, "22": 47.26470588235294, "23": 51.233870967741936, "24": 49.00806451612903, "25": 47.834782608695654, "26": 47.82539682539682, "27": 47.345794392523366, "28": 47.39423076923077, "29": 51.34513274336283, "30": 50.19266055045872, "31": 51.0, "32": 48.53061224489796, "33": 49.54054054054054, "34": 49.180952380952384, "35": 48.714285714285715, "36": 49.22330097087379, "37": 49.29545454545455, "38": 49.4, "39": 47.784946236559136, "40": 48.68235294117647, "41": 46.87356321839081, "42": 46.62068965517241, "43": 42.96774193548387, "44": 43.04716981132076, "45": 43.92, "46": 46.23684210526316, "47": 47.29761904761905, "48": 45.745098039215684, "49": 42.833333333333336, "50": 46.42391304347826, "51": 41.64102564102564, "52": 42.76190476190476, "53": 48.52272727272727, "54": 47.06185567010309, "55": 42.86746987951807, "56": 45.875, "57": 45.3625, "58": 43.23170731707317, "59": 44.01111111111111, "60": 45.89772727272727, "61": 46.5, "62": 44.917808219178085, "63": 47.2, "64": 38.89393939393939, "65": 39.672413793103445, "66": 44.11940298507463, "67": 44.08571428571429, "68": 34.3, "69": 44.9}, "p4": {"0": 53.928326723084126, "1": 21.291666666666668, "2": 22.85333333333333, "3": 27.428571428571427, "4": 32.24603174603175, "5": 37.114754098360656, "6": 47.3876404494382, "7": 52.81521739130435, "8": 48.752747252747255, "9": 50.261780104712045, "10": 47.872037914691944, "11": 44.44230769230769, "12": 42.45355191256831, "13": 44.738461538461536, "14": 44.20670391061452, "15": 43.60454545454545, "16": 46.54326923076923, "17": 44.28176795580111, "18": 47.06285714285714, "19": 47.415789473684214, "20": 44.116504854368934, "21": 46.13297872340426, "22": 47.053254437869825, "23": 47.78048780487805, "24": 48.01273885350319, "25": 55.103896103896105, "26": 52.745341614906835, "27": 55.71686746987952, "28": 51.412121212121214, "29": 54.84313725490196, "30": 54.088235294117645, "31": 56.401234567901234, "32": 57.78145695364238, "33": 54.562913907284766, "34": 55.51923076923077, "35": 58.484848484848484, "36": 57.5735294117647, "37": 55.51851851851852, "38": 55.29838709677419, "39": 54.13821138211382, "40": 53.45528455284553, "41": 52.84873949579832, "42": 56.391666666666666, "43": 60.73076923076923, "44": 61.46153846153846, "45": 59.34905660377358, "46": 58.75590551181102, "47": 58.582608695652176, "48": 59.05154639175258, "49": 59.78504672897196, "50": 59.00833333333333, "51": 59.25, "52": 59.85849056603774, "53": 63.7, "54": 60.93333333333333, "55": 63.744897959183675, "56": 62.380434782608695, "57": 61.34444444444444, "58": 63.06060606060606, "59": 65.39449541284404, "60": 67.51, "61": 62.46236559139785, "62": 63.438202247191015, "63": 64.05102040816327, "64": 59.71951219512195, "65": 66.38297872340425, "66": 65.1875, "67": 66.20618556701031, "68": 76.51515151515152, "69": 75.4375}, "p5": {"0": 62.72321203960242, "1": 62.72321203960242, "2": 62.72321203960242, "3": 62.72321203960242, "4": 62.72321203960242, "5": 62.586092715231786, "6": 62.61418685121107, "7": 62.48148148148148, "8": 62.62210338680927, "9": 62.66856060606061, "10": 62.87108655616943, "11": 62.42992424242424, "12": 62.678244972577694, "13": 62.87589928057554, "14": 62.77513711151737,