{"p0": {"0": 10.0, "1": 10.0, "2": 10.0, "3": 10.0, "4": 10.0, "5": 10.0, "6": 10.0, "7": 10.0, "8": 10.0, "9": 10.0, "10": 10.0, "11": 10.0, "12": 10.0, "13": 10.0, "14": 10.0, "15": 10.0, "16": 10.0, "17": 10.0, "18": 10.0, "19": 10.0, "20": 10.0, "21": 10.0, "22": 10.0, "23": 10.0, "24": 10.0, "25": 10.0, "26": 10.0, "27": 10.0, "28": 10.0, "29": 10.0, "30": 10.0, "31": 10.0, "32": 10.0, "33": 10.0, "34": 10.0, "35": 10.0, "36": 10.0, "37": 10.0, "38": 10.0, "39": 10.0, "40": 10.0, "41": 10.0, "42": 10.0, "43": 10.0, "44": 10.0, "45": 10.0, "46": 10.0, "47": 10.0, "48": 10.0, "49": 10.0, "50": 10.0, "51": 10.0, "52": 10.0, "53": 10.0, "54": 10.0, "55": 10.0, "56": 10.0, "57": 10.0, "58": 10.0, "59": 10.0, "60": 10.0, "61": 10.0, "62": 10.0, "63": 10.0, "64": 10.0, "65": 10.0, "66": 10.0, "67": 10.0, "68": 10.0, "69": 10.0, "70": 10.0, "71": 10.0, "72": 10.0, "73": 10.0, "74": 10.0, "75": 10.0, "76": 10.0, "77": 10.0, "78": 10.0, "79": 10.0, "80": 10.0, "81": 10.0, "82": 10.0, "83": 99999.0, "84": 99999.0, "85": 99999.0}, "p1": {"0": 23.033475306008967, "1": 9.878787878787879, "2": 12.183098591549296, "3": 14.827956989247312, "4": 19.974358974358974, "5": 21.02547770700637, "6": 26.01298701298701, "7": 24.87162162162162, "8": 24.891472868217054, "9": 25.33613445378151, "10": 25.341269841269842, "11": 24.830882352941178, "12": 25.53968253968254, "13": 24.352941176470587, "14": 24.18300653594771, "15": 26.431372549019606, "16": 26.072, "17": 25.369747899159663, "18": 25.78125, "19": 25.653225806451612, "20": 24.493150684931507, "21": 25.428571428571427, "22": 25.385714285714286, "23": 24.2, "24": 23.976923076923075, "25": 24.03937007874016, "26": 25.96330275229358, "27": 23.653543307086615, "28": 24.938356164383563, "29": 24.381944444444443, "30": 25.09917355371901, "31": 23.756302521008404, "32": 22.25984251968504, "33": 24.519685039370078, "34": 23.453125, "35": 23.297520661157026, "36": 23.737864077669904, "37": 23.57894736842105, "38": 23.015151515151516, "39": 21.616, "40": 23.47826086956522, "41": 23.880434782608695, "42": 24.75257731958763, "43": 22.42156862745098, "44": 23.408695652173915, "45": 21.70873786407767, "46": 21.478991596638654, "47": 22.839622641509433, "48": 24.23404255319149, "49": 24.107526881720432, "50": 22.6125, "51": 24.114942528735632, "52": 23.875, "53": 23.47872340425532, "54": 23.568421052631578, "55": 23.74774774774775, "56": 23.375, "57": 23.032608695652176, "58": 22.518072289156628, "59": 24.34313725490196, "60": 23.02, "61": 22.01063829787234, "62": 21.925531914893618, "63": 24.2, "64": 23.262135922330096, "65": 22.55, "66": 23.327102803738317, "67": 22.349397590361445, "68": 23.94047619047619, "69": 23.229885057471265, "70": 22.183673469387756, "71": 22.8, "72": 20.482758620689655, "73": 24.463917525773194, "74": 24.436781609195403, "75": 24.697916666666668, "76": 23.022727272727273, "77": 22.294871794871796, "78": 21.8, "79": 19.4020618556701, "80": 20.202898550724637, "81": 20.03076923076923, "82": 19.387755102040817, "83": 14.5, "84": 17.884615384615383, "85": 30.11111111111111}, "p2": {"0": 31.174249386345164, "1": 8.176470588235293, "2": 8.759036144578314, "3": 15.033333333333333, "4": 18.39669421487603, "5": 22.686131386861312, "6": 27.405555555555555, "7": 28.36764705882353, "8": 28.037383177570092, "9": 27.1260162601626, "10": 29.059071729957807, "11": 27.559808612440193, "12": 27.4337899543379, "13": 27.04901960784314, "14": 26.464601769911503, "15": 23.856382978723403, "16": 26.25263157894737, "17": 25.82741116751269, "18": 26.5, "19": 26.887254901960784, "20": 27.670833333333334, "21": 29.519801980198018, "22": 24.676616915422887, "23": 28.025125628140703, "24": 27.840182648401825, "25": 29.76958525345622, "26": 28.995495495495497, "27": 30.112676056338028, "28": 33.03448275862069, "29": 30.36283185840708, "30": 30.54326923076923, "31": 30.638743455497384, "32": 32.43497757847533, "33": 31.99390243902439, "34": 30.231638418079097, "35": 30.703883495145632, "36": 34.23834196891192, "37": 28.721052631578946, "38": 33.49382716049383, "39": 31.310679611650485, "40": 31.775147928994084, "41": 32.25308641975309, "42": 33.784946236559136, "43": 33.33846153846154, "44": 32.92670157068063, "45": 33.979274611398964, "46": 34.83673469387755, "47": 34.53409090909091, "48": 31.9468085106383, "49": 34.878787878787875, "50": 35.10795454545455, "51": 33.17766497461929, "52": 32.57068062827225, "53": 33.85945945945946, "54": 33.03636363636364, "55": 34.28042328042328, "56": 35.36065573770492, "57": 32.552486187845304, "58": 33.85164835164835, "59": 31.247311827956988, "60": 32.60752688172043, "61": 32.17204301075269, "62": 33.90588235294118, "63": 35.21764705882353, "64": 35.1764705882353, "65": 32.920731707317074, "66": 33.331491712707184, "67": 33.64596273291925, "68": 34.56969696969697, "69": 36.14754098360656, "70": 34.295081967213115, "71": 33.951219512195124, "72": 34.16025641025641, "73": 36.32121212121212, "74": 35.328859060402685, "75": 35.411764705882355, "76": 34.45454545454545, "77": 34.214765100671144, "78": 35.032679738562095, "79": 35.48550724637681, "80": 34.70469798657718, "81": 38.53781512605042, "82": 38.762962962962966, "83": 38.78095238095238, "84": 42.40659340659341, "85": 43.772413793103446}, "p3": {"0": 37.69366738266013, "1": 37.69366738266013, "2": 37.69366738266013, "3": 37.36926147704591, "4": 37.54247104247104, "5": 37.23705179282869, "6": 37.16564417177914, "7": 37.54378818737271, "8": 37.404761904761905, "9": 37.292307692307695, "10": 37.42205323193917, "11": 37.59125475285171, "12": 37.45436507936508, "13": 37.282442748091604, "14": 37.52895752895753, "15": 37.50581395348837, "16": 37.35686274509804, "17": 37.39733840304182, "18": 37.81065088757396, "19": 37.478439425051334, "20": 37.45967741935484, "21": 37.63983903420523, "22": 37.8296943231441, "23": 38.1255230125523, "24": 38.118161925601754, "25": 37.94077448747153, "26": 38.17570498915401, "27": 38.073839662447256, "28": 38.26888888888889, "29": 37.94505494505494, "30": 38.08353808353808, "31": 38.004926108374384, "32": 37.65822784810127, "33": 37.58139534883721, "34": 37.439473684210526, "35": 37.64141414141414, "36": 37.80862533692722, "37": 37.885474860335194, "38": 37.579945799457995, "39": 38.24242424242424, "40": 38.068767908309454, "41": 37.12074303405573, "42": 37.42485549132948, "43": 37.18571428571428, "44": 37.61079545454545, "45": 37.64343163538874, "46": 37.87378640776699, "47": 38.33161953727507, "48": 37.88461538461539, "49": 37.72794117647059, "50": 37.45522388059702, "51": 37.417073170731705, "52": 37.46666666666667, "53": 37.75870069605568, "54": 37.16461916461917, "55": 37.68193384223918, "56": 37.4625322997416, "57": 37.307291666666664, "58": 38.075675675675676, "59": 37.13526570048309, "60": 37.74245939675174, "61": 37.56532663316583, "62": 37.66831683168317, "63": 37.88944723618091, "64": 38.283687943262414, "65": 37.89686098654708, "66": 38.37199124726477, "67": 37.513888888888886, "68": 37.27078891257996, "69": 37.504672897196265, "70": 38.131991051454136, "71": 37.924882629107984, "72": 37.77023498694517, "73": 37.34977578475336, "74": 37.596330275229356, "75": 37.64182692307692, "76": 37.79802955665025, "77": 37.5427807486631, "78": 38.184357541899445, "79": 37.853960396039604, "80": 38.212820512820514, "81": 38.11704834605598, "82": 37.328840970350406, "83": 37.71842105263158, "84": 38.31232876712329, "85": 37.7}}