{"p0": {"0": 10.0, "1": 10.0, "2": 10.0, "3": 10.0, "4": 10.0, "5": 10.0, "6": 10.0, "7": 10.0, "8": 10.0, "9": 10.0, "10": 10.0, "11": 10.0, "12": 10.0, "13": 10.0, "14": 10.0, "15": 10.0, "16": 10.0, "17": 10.0, "18": 10.0, "19": 10.0, "20": 10.0, "21": 10.0, "22": 10.0, "23": 10.0, "24": 10.0, "25": 10.0, "26": 10.0, "27": 10.0, "28": 10.0, "29": 10.0, "30": 10.0, "31": 10.0, "32": 10.0, "33": 10.0, "34": 10.0, "35": 10.0, "36": 10.0, "37": 10.0, "38": 10.0, "39": 10.0, "40": 10.0, "41": 10.0, "42": 10.0, "43": 10.0, "44": 10.0, "45": 10.0, "46": 10.0, "47": 10.0, "48": 10.0, "49": 10.0, "50": 10.0, "51": 10.0, "52": 10.0, "53": 10.0, "54": 10.0, "55": 10.0, "56": 10.0, "57": 10.0, "58": 10.0, "59": 10.0, "60": 10.0, "61": 10.0, "62": 10.0, "63": 10.0, "64": 10.0, "65": 10.0, "66": 10.0, "67": 10.0, "68": 10.0, "69": 10.0, "70": 10.0, "71": 10.0, "72": 10.0, "73": 10.0, "74": 10.0, "75": 10.0, "76": 10.0, "77": 10.0, "78": 10.0, "79": 10.0, "80": 10.0, "81": 10.0, "82": 10.0, "83": 10.0, "84": 10.0, "85": 10.0, "86": 10.0, "87": 10.0, "88": 10.0, "89": 10.0, "90": 10.0, "91": 10.0, "92": 10.0, "93": 10.0, "94": 10.0, "95": 99999.0, "96": 99999.0, "97": 99999.0, "98": 99999.0}, "p1": {"0": 19.68527548101233, "1": 7.095238095238095, "2": 8.072289156626505, "3": 11.52892561983471, "4": 14.083333333333334, "5": 18.4873417721519, "6": 21.21323529411765, "7": 20.72142857142857, "8": 18.851612903225806, "9": 19.275590551181104, "10": 17.66923076923077, "11": 19.968503937007874, "12": 20.897959183673468, "13": 20.13422818791946, "14": 19.93877551020408, "15": 20.903846153846153, "16": 20.078740157480315, "17": 19.625, "18": 21.829457364341085, "19": 20.966666666666665, "20": 19.72661870503597, "21": 20.772058823529413, "22": 19.27480916030534, "23": 20.504065040650406, "24": 20.330827067669173, "25": 20.196969696969695, "26": 21.73643410852713, "27": 20.274647887323944, "28": 21.397058823529413, "29": 21.025641025641026, "30": 20.58433734939759, "31": 19.281690140845072, "32": 20.206666666666667, "33": 19.49673202614379, "34": 21.306451612903224, "35": 20.38235294117647, "36": 21.20245398773006, "37": 19.96153846153846, "38": 19.048780487804876, "39": 21.24822695035461, "40": 17.85925925925926, "41": 19.5, "42": 20.251851851851853, "43": 21.393700787401574, "44": 21.507142857142856, "45": 19.413533834586467, "46": 19.90972222222222, "47": 20.5859375, "48": 20.527131782945737, "49": 18.78688524590164, "50": 20.454545454545453, "51": 20.48447204968944, "52": 20.986486486486488, "53": 19.301470588235293, "54": 18.803030303030305, "55": 19.64179104477612, "56": 18.491803278688526, "57": 19.45299145299145, "58": 19.96969696969697, "59": 19.35036496350365, "60": 23.085714285714285, "61": 20.466666666666665, "62": 20.635593220338983, "63": 19.256, "64": 20.94890510948905, "65": 20.39669421487603, "66": 19.34313725490196, "67": 18.387096774193548, "68": 21.984732824427482, "69": 19.885714285714286, "70": 21.048780487804876, "71": 18.661016949152543, "72": 19.801724137931036, "73": 19.27027027027027, "74": 19.727272727272727, "75": 19.203703703703702, "76": 18.339449541284402, "77": 18.31192660550459, "78": 19.55, "79": 19.510204081632654, "80": 20.13274336283186, "81": 18.221238938053098, "82": 19.351063829787233, "83": 20.32323232323232, "84": 21.45263157894737, "85": 19.764705882352942, "86": 18.989583333333332, "87": 19.836206896551722, "88": 20.197916666666668, "89": 20.231578947368423, "90": 19.68235294117647, "91": 18.522727272727273, "92": 20.243589743589745, "93": 19.5, "94": 18.76923076923077, "95": 18.597014925373134, "96": 18.930232558139537, "97": 26.904761904761905, "98": 25.72}, "p2": {"0": 33.672079578223226, "1": 15.444444444444445, "2": 21.6, "3": 24.867924528301888, "4": 26.56382978723404, "5": 25.79, "6": 35.61068702290076, "7": 36.72185430463576, "8": 35.57142857142857, "9": 36.71859296482412, "10": 35.15025906735751, "11": 36.07878787878788, "12": 36.92741935483871, "13": 34.74193548387097, "14": 35.87313432835821, "15": 33.758620689655174, "16": 32.333333333333336, "17": 34.484848484848484, "18": 35.421052631578945, "19": 34.167883211678834, "20": 35.3609022556391, "21": 34.156716417910445, "22": 36.91269841269841, "23": 35.864285714285714, "24": 34.15, "25": 34.61946902654867, "26": 34.65925925925926, "27": 36.06428571428572, "28": 33.787234042553195, "29": 36.84892086330935, "30": 35.13380281690141, "31": 37.10236220472441, "32": 37.20740740740741, "33": 34.99107142857143, "34": 35.11290322580645, "35": 34.54032258064516, "36": 34.93129770992366, "37": 35.14529914529915, "38": 32.30392156862745, "39": 33.40845070422535, "40": 32.14782608695652, "41": 33.75968992248062, "42": 33.27619047619048, "43": 36.46666666666667, "44": 35.905660377358494, "45": 32.41, "46": 35.25, "47": 36.07142857142857, "48": 33.25, "49": 35.678260869565214, "50": 33.69491525423729, "51": 33.68807339449541, "52": 34.3089430894309, "53": 32.54205607476636, "54": 33.370370370370374, "55": 35.58, "56": 32.885416666666664, "57": 32.48148148148148, "58": 34.927927927927925, "59": 33.79, "60": 34.98913043478261, "61": 34.230088495575224, "62": 34.63106796116505, "63": 33.233333333333334, "64": 34.154639175257735, "65": 34.515151515151516, "66": 31.67391304347826, "67": 32.19512195121951, "68": 35.336633663366335, "69": 34.91489361702128, "70": 34.40860215053763, "71": 33.85576923076923, "72": 33.3, "73": 32.41025641025641, "74": 34.8021978021978, "75": 32.2247191011236, "76": 32.188235294117646, "77": 33.48148148148148, "78": 33.323232323232325, "79": 34.464285714285715, "80": 33.65625, "81": 31.928571428571427, "82": 34.38823529411765, "83": 33.68, "84": 35.15384615384615, "85": 35.082352941176474, "86": 35.37777777777778, "87": 35.3875, "88": 31.686046511627907, "89": 34.54054054054054, "90": 32.85, "91": 33.46268656716418, "92": 29.2987012987013, "93": 31.01388888888889, "94": 29.423076923076923, "95": 30.529411764705884, "96": 28.511111111111113, "97": 40.22222222222222, "98": 37.72727272727273}, "p3": {"0": 47.41977493776352, "1": 19.537634408602152, "2": 21.433333333333334, "3": 28.536231884057973, "4": 30.54639175257732, "5": 37.32786885245902, "6": 45.66111111111111, "7": 44.2967032967033, "8": 48.99476439790576, "9": 44.183673469387756, "10": 48.925, "11": 43.74634146341464, "12": 44.9060773480663, "13": 46.53763440860215, "14": 43.71351351351351, "15": 42.149732620320854, "16": 40.626315789473686, "17": 42.18987341772152, "18": 40.35294117647059, "19": 42.55223880597015, "20": 43.73626373626374, "21": 39.13142857142857, "22": 41.31472081218274, "23": 41.078125, "24": 40.98039215686274, "25": 42.06, "26": 41.05113636363637, "27": 39.66153846153846, "28": 41.17297297297297, "29": 41.938202247191015, "30": 41.56122448979592, "31": 41.546875, "32": 46.46913580246913, "33": 46.17777777777778, "34": 45.859550561797754, "35": 46.86184210526316, "36": 43.482142857142854, "37": 47.550632911392405, "38": 47.15686274509804, "39": 49.34586466165413, "40": 50.15217391304348, "41": 49.38620689655173, "42": 46.278195488721806, "43": 48.597122302158276, "44": 50.49006622516556, "45": 52.0979020979021, "46": 52.36363636363637, "47": 54.12698412698413, "48": 52.33057851239669, "49": 51.490566037735846, "50": 52.688, "51": 51.55855855855856, "52": 50.895161290322584, "53": 50.796747967479675, "54": 48.805755395683455, "55": 49.92307692307692, "56": 49.96491228070175, "57": 52.15702479338843, "58": 51.111111111111114, "59": 52.31858407079646, "60": 49.992592592592594, "61": 52.095238095238095, "62": 48.52755905511811, "63": 50.773109243697476, "64": 52.0234375, "65": 51.50833333333333, "66": 52.144067796610166, "67": 49.336, "68": 51.93333333333333, "69": 50.5045871559633, "70": 49.25984251968504, "71": 52.85321100917431, "72": 51.05263157894737, "73": 50.78048780487805, "74": 48.68269230769231, "75": 51.99029126213592, "76": 48.41121495327103, "77": 53.33018867924528, "78": 50.6530612244898, "79": 47.395348837209305, "80": 47.422680412371136, "81": 51.41732283464567,