{"p0": {"0": 10.0, "1": 10.0, "2": 10.0, "3": 10.0, "4": 10.0, "5": 10.0, "6": 10.0, "7": 10.0, "8": 10.0, "9": 10.0, "10": 10.0, "11": 10.0, "12": 10.0, "13": 10.0, "14": 10.0, "15": 10.0, "16": 10.0, "17": 10.0, "18": 10.0, "19": 10.0, "20": 10.0, "21": 10.0, "22": 10.0, "23": 10.0, "24": 10.0, "25": 10.0, "26": 10.0, "27": 10.0, "28": 10.0, "29": 10.0, "30": 10.0, "31": 10.0, "32": 10.0, "33": 10.0, "34": 10.0, "35": 10.0, "36": 10.0, "37": 10.0, "38": 10.0, "39": 10.0, "40": 10.0, "41": 10.0, "42": 10.0, "43": 10.0, "44": 10.0, "45": 10.0, "46": 10.0, "47": 10.0, "48": 10.0, "49": 10.0, "50": 10.0, "51": 10.0, "52": 10.0, "53": 10.0, "54": 10.0, "55": 10.0, "56": 10.0, "57": 10.0, "58": 10.0, "59": 10.0, "60": 10.0, "61": 10.0, "62": 10.0, "63": 10.0, "64": 99999.0, "65": 99999.0, "66": 99999.0}, "p1": {"0": 15.809727935522753, "1": 6.354166666666667, "2": 9.085106382978724, "3": 11.545945945945945, "4": 14.484962406015038, "5": 16.095588235294116, "6": 18.021052631578947, "7": 18.93723849372385, "8": 18.45614035087719, "9": 18.358870967741936, "10": 16.517543859649123, "11": 16.967611336032387, "12": 17.786008230452676, "13": 17.984375, "14": 18.493877551020407, "15": 18.191056910569106, "16": 17.57391304347826, "17": 18.02510460251046, "18": 19.157205240174672, "19": 18.468634686346864, "20": 18.338912133891213, "21": 17.554054054054053, "22": 16.659192825112108, "23": 17.23873873873874, "24": 16.854077253218883, "25": 17.564, "26": 15.852713178294573, "27": 16.62608695652174, "28": 16.754807692307693, "29": 15.640552995391705, "30": 16.925925925925927, "31": 15.927350427350428, "32": 15.252525252525253, "33": 15.231132075471699, "34": 17.03, "35": 17.591397849462364, "36": 15.368686868686869, "37": 16.13978494623656, "38": 16.826923076923077, "39": 15.022598870056497, "40": 15.796511627906977, "41": 15.353591160220995, "42": 15.941489361702128, "43": 14.135135135135135, "44": 13.327272727272728, "45": 15.017751479289942, "46": 15.175141242937853, "47": 14.701149425287356, "48": 15.077380952380953, "49": 15.135714285714286, "50": 14.764705882352942, "51": 14.570512820512821, "52": 15.528985507246377, "53": 13.828358208955224, "54": 16.014388489208635, "55": 17.838983050847457, "56": 14.818181818181818, "57": 15.515384615384615, "58": 14.222222222222221, "59": 15.564102564102564, "60": 13.956989247311828, "61": 11.455445544554456, "62": 13.451612903225806, "63": 14.733333333333333, "64": 12.547169811320755, "65": 13.666666666666666, "66": 20.4}, "p2": {"0": 34.21255218589281, "1": 9.570247933884298, "2": 12.509615384615385, "3": 17.25925925925926, "4": 18.40740740740741, "5": 25.39240506329114, "6": 29.267379679144383, "7": 28.891129032258064, "8": 30.71951219512195, "9": 29.992727272727272, "10": 30.451923076923077, "11": 30.651685393258425, "12": 31.088, "13": 30.425619834710744, "14": 30.227642276422763, "15": 31.781553398058254, "16": 32.52036199095023, "17": 30.481012658227847, "18": 31.812734082397004, "19": 34.49377593360996, "20": 31.82520325203252, "21": 34.29090909090909, "22": 34.14903846153846, "23": 32.84803921568628, "24": 34.60093896713615, "25": 35.009803921568626, "26": 36.083333333333336, "27": 36.93055555555556, "28": 37.03508771929825, "29": 36.481308411214954, "30": 36.76548672566372, "31": 36.52857142857143, "32": 36.38502673796791, "33": 36.308510638297875, "34": 36.53465346534654, "35": 35.97663551401869, "36": 39.04807692307692, "37": 39.728205128205126, "38": 37.70048309178744, "39": 37.932038834951456, "40": 36.76216216216216, "41": 37.31547619047619, "42": 38.5521472392638, "43": 37.850515463917525, "44": 38.26966292134831, "45": 38.33720930232558, "46": 37.58620689655172, "47": 36.0, "48": 38.04794520547945, "49": 35.319526627218934, "50": 37.563291139240505, "51": 37.213235294117645, "52": 37.8235294117647, "53": 36.93893129770992, "54": 35.77914110429448, "55": 37.298611111111114, "56": 36.46875, "57": 36.87741935483871, "58": 37.833333333333336, "59": 37.617834394904456, "60": 35.89051094890511, "61": 36.77685950413223, "62": 35.88429752066116, "63": 39.009803921568626, "64": 40.795180722891565, "65": 42.3859649122807, "66": 43.725}, "p3": {"0": 35.93519787819849, "1": 35.93519787819849, "2": 35.93519787819849, "3": 36.024193548387096, "4": 35.981574539363486, "5": 35.948073701842546, "6": 35.68144499178982, "7": 35.820132013201324, "8": 35.79050736497545, "9": 35.69767441860465, "10": 35.658267716535434, "11": 35.64923076923077, "12": 35.646268656716416, "13": 35.51734539969834, "14": 35.70909090909091, "15": 35.636913767019664, "16": 35.57674418604651, "17": 35.74877650897227, "18": 35.82171799027552, "19": 35.974958263772955, "20": 35.79933110367893, "21": 35.65232358003443, "22": 35.73639455782313, "23": 35.745794392523365, "24": 36.03, "25": 36.20040899795501, "26": 36.31160896130346, "27": 36.19456066945607, "28": 36.38241308793456, "29": 36.173737373737374, "30": 36.05416666666667, "31": 36.430861723446895, "32": 36.510416666666664, "33": 36.3442265795207, "34": 35.98698481561822, "35": 36.257510729613735, "36": 36.0784708249497, "37": 35.836, "38": 36.17536534446764, "39": 35.923529411764704, "40": 35.706586826347305, "41": 35.554474708171206, "42": 35.754826254826256, "43": 36.03896103896104, "44": 35.79667282809612, "45": 35.82553956834533, "46": 35.746924428822496, "47": 35.29656419529837, "48": 35.705357142857146, "49": 35.81159420289855, "50": 36.02787456445993, "51": 36.10898661567877, "52": 36.34782608695652, "53": 36.333333333333336, "54": 35.95158286778398, "55": 35.87642585551331, "56": 36.00790513833992, "57": 36.1, "58": 36.07128712871287, "59": 35.92445328031809, "60": 36.080827067669176, "61": 36.01953125, "62": 35.67748478701826, "63": 36.17857142857143, "64": 35.94059405940594, "65": 36.0351966873706, "66": 36.226262626262624}}