{"p0": {"0": 10.0, "1": 10.0, "2": 10.0, "3": 10.0, "4": 10.0, "5": 10.0, "6": 10.0, "7": 10.0, "8": 10.0, "9": 10.0, "10": 10.0, "11": 10.0, "12": 10.0, "13": 10.0, "14": 10.0, "15": 10.0, "16": 10.0, "17": 10.0, "18": 10.0, "19": 10.0, "20": 10.0, "21": 10.0, "22": 10.0, "23": 10.0, "24": 10.0, "25": 10.0, "26": 10.0, "27": 10.0, "28": 10.0, "29": 10.0, "30": 10.0, "31": 10.0, "32": 10.0, "33": 10.0, "34": 10.0, "35": 10.0, "36": 10.0, "37": 10.0, "38": 10.0, "39": 10.0, "40": 10.0, "41": 10.0, "42": 10.0, "43": 10.0, "44": 10.0, "45": 10.0, "46": 10.0, "47": 10.0, "48": 10.0, "49": 10.0, "50": 10.0, "51": 10.0, "52": 10.0, "53": 10.0, "54": 10.0, "55": 99999.0, "56": 99999.0, "57": 99999.0}, "p1": {"0": 23.2190831470252, "1": 23.2190831470252, "2": 12.673076923076923, "3": 16.414893617021278, "4": 21.454545454545453, "5": 24.424460431654676, "6": 25.697674418604652, "7": 27.419354838709676, "8": 28.115942028985508, "9": 27.964912280701753, "10": 27.291666666666668, "11": 27.404255319148938, "12": 22.96842105263158, "13": 25.1588785046729, "14": 26.10091743119266, "15": 26.123595505617978, "16": 26.759493670886076, "17": 25.5, "18": 25.82716049382716, "19": 24.604938271604937, "20": 25.752688172043012, "21": 24.567901234567902, "22": 25.6, "23": 23.32894736842105, "24": 24.324324324324323, "25": 23.243243243243242, "26": 22.894736842105264, "27": 23.31081081081081, "28": 22.78048780487805, "29": 22.785714285714285, "30": 21.455882352941178, "31": 24.87837837837838, "32": 23.37142857142857, "33": 21.557377049180328, "34": 22.28787878787879, "35": 22.066666666666666, "36": 22.6056338028169, "37": 22.39344262295082, "38": 23.61904761904762, "39": 23.875, "40": 23.721311475409838, "41": 23.61904761904762, "42": 23.453125, "43": 21.895522388059703, "44": 21.916666666666668, "45": 21.91176470588235, "46": 24.01851851851852, "47": 22.73076923076923, "48": 24.719298245614034, "49": 19.446428571428573, "50": 20.906666666666666, "51": 17.977272727272727, "52": 19.07547169811321, "53": 16.485714285714284, "54": 16.77777777777778, "55": 22.2, "56": 22.666666666666668, "57": 28.142857142857142}, "p2": {"0": 32.27574584635829, "1": 12.428571428571429, "2": 30.666666666666668, "3": 22.076923076923077, "4": 17.48, "5": 22.163265306122447, "6": 26.23611111111111, "7": 31.17, "8": 32.18978102189781, "9": 31.653543307086615, "10": 34.54761904761905, "11": 34.46601941747573, "12": 34.19047619047619, "13": 31.877551020408163, "14": 27.25287356321839, "15": 31.64516129032258, "16": 28.284313725490197, "17": 30.641025641025642, "18": 29.58490566037736, "19": 32.34905660377358, "20": 29.72641509433962, "21": 31.808695652173913, "22": 32.9375, "23": 33.05747126436781, "24": 28.902173913043477, "25": 34.44329896907217, "26": 33.58095238095238, "27": 34.279661016949156, "28": 32.24770642201835, "29": 34.14159292035398, "30": 35.23529411764706, "31": 34.474747474747474, "32": 33.1764705882353, "33": 30.72826086956522, "34": 35.82113821138211, "35": 35.2695652173913, "36": 34.009009009009006, "37": 32.57142857142857, "38": 35.922330097087375, "39": 34.13333333333333, "40": 32.361111111111114, "41": 32.54455445544554, "42": 34.05102040816327, "43": 33.95876288659794, "44": 36.029411764705884, "45": 33.552845528455286, "46": 31.275, "47": 33.48979591836735, "48": 32.49038461538461, "49": 33.20652173913044, "50": 35.22727272727273, "51": 31.401785714285715, "52": 37.77173913043478, "53": 33.93103448275862, "54": 38.12643678160919, "55": 38.57746478873239, "56": 43.71111111111111, "57": 40.64035087719298}, "p3": {"0": 36.03081211445805, "1": 36.03081211445805, "2": 36.03081211445805, "3": 36.6078431372549, "4": 36.056277056277054, "5": 36.2029520295203, "6": 36.25, "7": 36.3690036900369, "8": 36.13058419243986, "9": 36.04026845637584, "10": 35.97160883280757, "11": 35.896440129449836, "12": 36.00967741935484, "13": 35.922077922077925, "14": 35.841059602649004, "15": 36.20938628158845, "16": 36.17687074829932, "17": 36.14448669201521, "18": 36.12970711297071, "19": 36.09274193548387, "20": 36.13559322033898, "21": 36.13100436681223, "22": 36.185344827586206, "23": 36.11848341232228, "24": 36.22608695652174, "25": 36.014925373134325, "26": 36.192708333333336, "27": 35.94736842105263, "28": 35.88198757763975, "29": 36.03105590062112, "30": 36.435064935064936, "31": 36.125786163522015, "32": 35.57692307692308, "33": 36.311557788944725, "34": 36.25268817204301, "35": 36.394444444444446, "36": 36.273972602739725, "37": 36.04060913705584, "38": 36.11616161616162, "39": 35.90909090909091, "40": 36.013888888888886, "41": 35.68325791855204, "42": 35.35748792270532, "43": 35.81094527363184, "44": 35.88461538461539, "45": 35.54189944134078, "46": 35.411167512690355, "47": 35.37823834196891, "48": 35.77619047619048, "49": 35.78787878787879, "50": 36.15899581589958, "51": 35.664092664092664, "52": 36.00425531914894, "53": 36.238297872340425, "54": 36.12217194570136, "55": 35.90196078431372, "56": 36.04526748971193, "57": 36.56221198156682}}