{"p0": {"0": 10.0, "1": 10.0, "2": 10.0, "3": 10.0, "4": 10.0, "5": 10.0, "6": 10.0, "7": 10.0, "8": 10.0, "9": 10.0, "10": 10.0, "11": 10.0, "12": 10.0, "13": 10.0, "14": 10.0, "15": 10.0, "16": 10.0, "17": 10.0, "18": 10.0, "19": 10.0, "20": 10.0, "21": 10.0, "22": 10.0, "23": 10.0, "24": 10.0, "25": 10.0, "26": 10.0, "27": 10.0, "28": 10.0, "29": 10.0, "30": 10.0, "31": 10.0, "32": 10.0, "33": 10.0, "34": 10.0, "35": 10.0, "36": 10.0, "37": 10.0, "38": 10.0, "39": 10.0, "40": 10.0, "41": 10.0, "42": 10.0, "43": 10.0, "44": 10.0, "45": 10.0, "46": 10.0, "47": 10.0, "48": 10.0, "49": 10.0, "50": 10.0, "51": 10.0, "52": 10.0, "53": 10.0, "54": 10.0, "55": 10.0, "56": 10.0, "57": 10.0, "58": 10.0, "59": 10.0, "60": 10.0, "61": 10.0, "62": 10.0, "63": 10.0, "64": 10.0, "65": 99999.0, "66": 99999.0, "67": 99999.0, "68": 99999.0}, "p1": {"0": 22.998133324458625, "1": 9.596491228070175, "2": 10.36231884057971, "3": 14.047619047619047, "4": 19.054545454545455, "5": 20.392307692307693, "6": 25.256756756756758, "7": 24.762962962962963, "8": 24.406896551724138, "9": 23.5177304964539, "10": 24.476190476190474, "11": 23.62962962962963, "12": 22.197278911564627, "13": 23.830882352941178, "14": 25.09493670886076, "15": 26.016260162601625, "16": 24.246575342465754, "17": 25.869918699186993, "18": 25.41549295774648, "19": 22.830985915492956, "20": 23.266666666666666, "21": 23.28476821192053, "22": 22.6953125, "23": 23.984375, "24": 25.422680412371133, "25": 22.38738738738739, "26": 23.1171875, "27": 21.390243902439025, "28": 24.875816993464053, "29": 22.666666666666668, "30": 23.661290322580644, "31": 24.93103448275862, "32": 24.349593495934958, "33": 23.761061946902654, "34": 23.062992125984252, "35": 21.776785714285715, "36": 24.396039603960396, "37": 24.842105263157894, "38": 24.462264150943398, "39": 22.658823529411766, "40": 23.967741935483872, "41": 23.05, "42": 23.65625, "43": 23.700934579439252, "44": 24.67676767676768, "45": 22.663265306122447, "46": 23.855670103092784, "47": 24.869565217391305, "48": 24.686046511627907, "49": 22.990384615384617, "50": 22.873563218390803, "51": 24.623762376237625, "52": 23.8659793814433, "53": 23.783132530120483, "54": 25.48, "55": 24.954545454545453, "56": 23.50574712643678, "57": 24.506849315068493, "58": 23.263157894736842, "59": 23.677777777777777, "60": 22.22222222222222, "61": 22.032258064516128, "62": 21.625, "63": 19.841269841269842, "64": 20.5, "65": 22.06896551724138, "66": 20.952380952380953, "67": 26.066666666666666, "68": 23.914285714285715}, "p2": {"0": 31.773345623745666, "1": 12.804347826086957, "2": 13.904761904761905, "3": 17.63855421686747, "4": 20.92156862745098, "5": 24.533834586466167, "6": 28.81645569620253, "7": 31.525714285714287, "8": 32.216931216931215, "9": 33.015151515151516, "10": 33.245, "11": 32.14754098360656, "12": 33.19298245614035, "13": 31.753333333333334, "14": 30.313868613138688, "15": 30.075, "16": 30.915032679738562, "17": 31.385826771653544, "18": 30.603896103896105, "19": 33.02877697841727, "20": 30.726027397260275, "21": 30.340579710144926, "22": 31.315315315315317, "23": 32.26732673267327, "24": 28.34862385321101, "25": 32.333333333333336, "26": 30.26530612244898, "27": 31.540983606557376, "28": 32.77894736842105, "29": 33.82828282828283, "30": 32.68421052631579, "31": 32.38157894736842, "32": 31.095238095238095, "33": 32.25609756097561, "34": 34.121212121212125, "35": 33.59615384615385, "36": 31.313253012048193, "37": 33.63291139240506, "38": 32.84615384615385, "39": 32.77922077922078, "40": 33.18055555555556, "41": 34.4, "42": 33.674418604651166, "43": 32.08988764044944, "44": 31.634408602150536, "45": 33.82051282051282, "46": 30.56923076923077, "47": 31.373333333333335, "48": 32.23529411764706, "49": 33.60606060606061, "50": 31.468354430379748, "51": 35.31578947368421, "52": 32.723684210526315, "53": 30.961038961038962, "54": 31.823529411764707, "55": 34.93939393939394, "56": 33.92857142857143, "57": 34.20289855072464, "58": 36.98360655737705, "59": 33.96825396825397, "60": 31.428571428571427, "61": 33.357142857142854, "62": 33.25454545454546, "63": 32.891304347826086, "64": 33.51063829787234, "65": 31.571428571428573, "66": 33.75, "67": 48.785714285714285, "68": 46.65}, "p3": {"0": 47.118032030314424, "1": 24.5207100591716, "2": 25.26923076923077, "3": 26.858490566037737, "4": 29.863309352517987, "5": 33.65217391304348, "6": 40.693069306930695, "7": 41.99543378995434, "8": 42.17460317460318, "9": 42.183673469387756, "10": 43.203539823008846, "11": 40.032786885245905, "12": 41.3732057416268, "13": 41.477732793522264, "14": 42.7345971563981, "15": 43.954314720812185, "16": 39.55294117647059, "17": 44.50267379679144, "18": 40.204819277108435, "19": 42.62359550561798, "20": 40.888888888888886, "21": 47.73809523809524, "22": 45.78395061728395, "23": 47.12837837837838, "24": 42.30635838150289, "25": 43.395833333333336, "26": 43.53793103448276, "27": 49.69402985074627, "28": 47.1474358974359, "29": 48.798611111111114, "30": 49.61744966442953, "31": 52.135714285714286, "32": 51.858156028368796, "33": 47.108695652173914, "34": 52.05982905982906, "35": 49.16901408450704, "36": 48.014388489208635, "37": 52.899328859060404, "38": 51.10791366906475, "39": 53.049180327868854, "40": 52.13709677419355, "41": 51.85344827586207, "42": 50.805755395683455, "43": 51.07913669064748, "44": 50.152317880794705, "45": 50.628787878787875, "46": 50.81118881118881, "47": 54.87323943661972, "48": 49.46218487394958, "49": 49.628571428571426, "50": 52.1578947368421, "51": 50.07627118644068, "52": 47.17094017094017, "53": 48.78378378378378, "54": 48.9236641221374, "55": 50.33571428571429, "56": 52.9041095890411, "57": 51.60740740740741, "58": 51.647887323943664, "59": 52.23770491803279, "60": 55.36274509803921, "61": 51.8955223880597, "62": 50.04705882352941, "63": 50.99107142857143, "64": 54.25714285714286, "65": 52.00934579439252, "66": 54.287234042553195, "67": 64.78378378378379, "68": 62.80508474576271}, "p4": {"0": 49.79904110951442, "1": 49.79904110951442, "2": 49.79904110951442, "3": 49.79904110951442, "4": 48.94429708222812, "5": 49.30788804071247, "6": 49.80964467005076, "7": 49.549019607843135, "8": 49.57881136950905, "9": 49.90501319261214, "10": 49.45454545454545, "11": 49.75, "12": 49.938202247191015, "13": 49.969187675070025, "14": 49.68450704225352, "15": 49.699438202247194, "16": 50.11873350923483, "17": 50.03179190751445, "18": 50.38643067846608, "19": 50.6036036036036, "20": 50.166666666666664, "21": 50.84423676012461, "22": 49.71844660194175, "23": 50.55555555555556, "24": 50.927536231884055, "25": 50.19230769230769, "26": 50.13970588235294, "27": 48.93425605536332, "28": 49.69117647058823, "29": 50.186619718309856, "30": 49.409893992932865, "31": 49.349514563106794, "32": 49.18490566037736, "33": 49.63157894736842, "34": 48.48620689655172, "35": 49.608695652173914, "36": 49.56826568265683, "37": 50.147410358565736, "38": 50.41818181818182, "39": 49.984674329501914, "40": 50.935483870967744, "41": 51.35019455252918, "42": 49.63405797101449, "43": 50.8876404494382, "44": 50.869257950530034, "45": 50.269090909090906, "46": 49.63414634146341, "47": 48.806666666666665, "48": 49.04833836858006, "49": 48.540350877192985, "50": 49.22222222222222, "51": 48.97784810126582, "52": 48.51840490797546, "53": 49.41121495327103, "54": 49.894259818731115, "55": 49.9134328358209, "56": 50.43504531722054, "57": 49.6859756097561, "58": 49.696969696969695, "59": 49.823699421965316, "60": 50.02058823529412, "61": 49.13225806451613, "62": 49.74846625766871, "63": 49.455737704918036, "64": 50.27302631578947, "65": 49.744107744107744, "66": 49.68333333333333, "67": 49.71331058020478, "68": 49.735593220338984}}