{"p0": {"0": 10.0, "1": 10.0, "2": 10.0, "3": 10.0, "4": 10.0, "5": 10.0, "6": 10.0, "7": 10.0, "8": 10.0, "9": 10.0, "10": 10.0, "11": 10.0, "12": 10.0, "13": 10.0, "14": 10.0, "15": 10.0, "16": 10.0, "17": 10.0, "18": 10.0, "19": 10.0, "20": 10.0, "21": 10.0, "22": 10.0, "23": 10.0, "24": 10.0, "25": 10.0, "26": 10.0, "27": 10.0, "28": 10.0, "29": 10.0, "30": 10.0, "31": 10.0, "32": 10.0, "33": 10.0, "34": 10.0, "35": 10.0, "36": 10.0, "37": 10.0, "38": 10.0, "39": 10.0, "40": 10.0, "41": 10.0, "42": 10.0, "43": 10.0, "44": 10.0, "45": 10.0, "46": 10.0, "47": 10.0, "48": 10.0, "49": 10.0, "50": 10.0, "51": 10.0, "52": 10.0, "53": 10.0, "54": 10.0, "55": 10.0, "56": 10.0, "57": 10.0, "58": 10.0, "59": 10.0, "60": 10.0, "61": 10.0, "62": 10.0, "63": 10.0, "64": 10.0, "65": 10.0, "66": 10.0, "67": 10.0, "68": 10.0, "69": 10.0, "70": 10.0, "71": 10.0, "72": 10.0, "73": 10.0, "74": 10.0, "75": 10.0, "76": 10.0, "77": 10.0, "78": 10.0, "79": 99999.0, "80": 99999.0, "81": 99999.0, "82": 99999.0, "83": 99999.0}, "p1": {"0": 21.422592343131704, "1": 8.887323943661972, "2": 11.402061855670103, "3": 12.977099236641221, "4": 16.828358208955223, "5": 17.945454545454545, "6": 22.42713567839196, "7": 20.882096069868997, "8": 21.709302325581394, "9": 23.324742268041238, "10": 21.828054298642535, "11": 20.735930735930737, "12": 20.5764192139738, "13": 21.1005291005291, "14": 23.318181818181817, "15": 21.389162561576356, "16": 22.529411764705884, "17": 20.78240740740741, "18": 22.425641025641024, "19": 20.845303867403317, "20": 23.39572192513369, "21": 22.36969696969697, "22": 21.168478260869566, "23": 21.624242424242425, "24": 21.88421052631579, "25": 20.512345679012345, "26": 22.303030303030305, "27": 22.37433155080214, "28": 22.40764331210191, "29": 22.60335195530726, "30": 21.579545454545453, "31": 21.792134831460675, "32": 22.095541401273884, "33": 22.650306748466257, "34": 21.567901234567902, "35": 22.42763157894737, "36": 21.388535031847134, "37": 22.288235294117648, "38": 22.608695652173914, "39": 22.797814207650273, "40": 21.99397590361446, "41": 22.19607843137255, "42": 21.335403726708076, "43": 22.028901734104046, "44": 21.876712328767123, "45": 22.033519553072626, "46": 21.496932515337424, "47": 21.37956204379562, "48": 22.386363636363637, "49": 22.546666666666667, "50": 22.625, "51": 21.54375, "52": 21.93918918918919, "53": 21.3875, "54": 19.735099337748345, "55": 22.804054054054053, "56": 22.94674556213018, "57": 21.201342281879196, "58": 22.801369863013697, "59": 22.064705882352943, "60": 21.05095541401274, "61": 21.324175824175825, "62": 20.181818181818183, "63": 21.704347826086956, "64": 21.72222222222222, "65": 23.417910447761194, "66": 20.99342105263158, "67": 20.255172413793105, "68": 21.265151515151516, "69": 21.697674418604652, "70": 21.70769230769231, "71": 22.652173913043477, "72": 21.365671641791046, "73": 21.323943661971832, "74": 21.048780487804876, "75": 22.169354838709676, "76": 21.71551724137931, "77": 20.776923076923076, "78": 19.601769911504423, "79": 21.637254901960784, "80": 21.735632183908045, "81": 22.961038961038962, "82": 26.19672131147541, "83": 27.492957746478872}, "p2": {"0": 31.490009596928203, "1": 10.149425287356323, "2": 10.25609756097561, "3": 19.056910569105693, "4": 22.268817204301076, "5": 25.363128491620113, "6": 31.704845814977972, "7": 30.543396226415094, "8": 32.767634854771785, "9": 30.817518248175183, "10": 32.40714285714286, "11": 31.133603238866396, "12": 32.616379310344826, "13": 27.600938967136152, "14": 30.712962962962962, "15": 32.082191780821915, "16": 33.63461538461539, "17": 30.00485436893204, "18": 31.310880829015545, "19": 32.45754716981132, "20": 31.929906542056074, "21": 28.975728155339805, "22": 33.13793103448276, "23": 30.66842105263158, "24": 29.22099447513812, "25": 30.45026178010471, "26": 32.50228310502283, "27": 31.045454545454547, "28": 31.518134715025905, "29": 32.354651162790695, "30": 30.0, "31": 29.2896174863388, "32": 32.94827586206897, "33": 30.238993710691823, "34": 30.607142857142858, "35": 28.80722891566265, "36": 30.643312101910826, "37": 29.975, "38": 30.344827586206897, "39": 30.138297872340427, "40": 29.926553672316384, "41": 31.868055555555557, "42": 29.993288590604028, "43": 31.8046875, "44": 31.0718954248366, "45": 32.43312101910828, "46": 31.60431654676259, "47": 30.0, "48": 32.25657894736842, "49": 31.78767123287671, "50": 31.99310344827586, "51": 32.086666666666666, "52": 32.31972789115646, "53": 31.773722627737225, "54": 31.02857142857143, "55": 33.714285714285715, "56": 32.80451127819549, "57": 34.40298507462686, "58": 31.970802919708028, "59": 32.13970588235294, "60": 32.23770491803279, "61": 31.727272727272727, "62": 31.288, "63": 32.01724137931034, "64": 33.372093023255815, "65": 33.450450450450454, "66": 31.735042735042736, "67": 34.5, "68": 34.12096774193548, "69": 33.99212598425197, "70": 34.8503937007874, "71": 33.25, "72": 32.58762886597938, "73": 32.31481481481482, "74": 33.046728971962615, "75": 33.677083333333336, "76": 36.55357142857143, "77": 34.84158415841584, "78": 35.613207547169814, "79": 33.552083333333336, "80": 38.97849462365591, "81": 39.72727272727273, "82": 44.57142857142857, "83": 43.0}, "p3": {"0": 36.11451473639671, "1": 9.5, "2": 12.215384615384615, "3": 17.512048192771083, "4": 21.544973544973544, "5": 25.33653846153846, "6": 32.713725490196076, "7": 34.70980392156863, "8": 37.03472222222222, "9": 36.07719298245614, "10": 31.99586776859504, "11": 32.47482014388489, "12": 32.065693430656935, "13": 34.35294117647059, "14": 31.399224806201552, "15": 33.0919540229885, "16": 32.25769230769231, "17": 34.9059829059829, "18": 32.526315789473685, "19": 35.6303317535545, "20": 34.58715596330275, "21": 35.13529411764706, "22": 35.20338983050848, "23": 39.56666666666667, "24": 37.27160493827161, "25": 36.89017341040462, "26": 40.04188481675393, "27": 36.21153846153846, "28": 36.15819209039548, "29": 37.02808988764045, "30": 38.100671140939596, "31": 38.24074074074074, "32": 41.13725490196079, "33": 37.40944881889764, "34": 39.163120567375884, "35": 38.067567567567565, "36": 39.095238095238095, "37": 39.20610687022901, "38": 36.8046875, "39": 37.40298507462686, "40": 35.25925925925926, "41": 31.88, "42": 31.789473684210527, "43": 40.643478260869564, "44": 40.472, "45": 39.78145695364238, "46": 37.0546875, "47": 36.146341463414636, "48": 36.65384615384615, "49": 37.61946902654867, "50": 37.46825396825397, "51": 35.773109243697476, "52": 36.81196581196581, "53": 36.8968253968254, "54": 40.31958762886598, "55": 36.339285714285715, "56": 33.77, "57": 36.559701492537314, "58": 34.295081967213115, "59": 34.944954128440365, "60": 37.52577319587629, "61": 36.604838709677416, "62": 38.41935483870968, "63": 31.80392156862745, "64": 36.59615384615385, "65": 42.14414414414414, "66": 38.97959183673469, "67": 36.15384615384615, "68": 44.395161290322584, "69": 42.77272727272727, "70": 43.674418604651166, "71": 36.872093023255815, "72": 40.45263157894737, "73": 39.48192771084337, "74": 45.45679012345679, "75": 37.989583333333336, "76": 40.89247311827957, "77": 41.04225352112676, "78": 40.392857142857146, "79": 37.03174603174603, "80": 38.7027027027027, "81": 37.61224489795919, "82": 43.51724137931034, "83": 48.44444444444444}, "p4": {"0": 54.16605169164543, "1": 18.509225092250922, "2": 24.803797468354432, "3": 28.735849056603772, "4": 32.89820359281437, "5": 36.36868686868687, "6": 43.18773946360153, "7": 44.62692307692308, "8": 47.54416961130742, "9": 47.1078431372549, "10": 46.35668789808917, "11": 46.42253521126761, "12": 46.61278195488722, "13": 45.284615384615385, "14": 44.855932203389834, "15": 49.16254416961131, "16": 48.2, "17": 49.92579505300353, "18": 47.8828125, "19": 45.424, "20": 46.63533834586466, "21": 46.338815789473685, "22": 49.45035460992908, "23": 47.63573883161512, "24": 49.391304347826086, "25": 47.95397489539749, "26": 45.75247524752475, "27": 46.217194570135746, "28": 48.39442231075697, "29": 47.79295154185022, "30": 50.41626794258373,