{"p0": {"0": 10.0, "1": 10.0, "2": 10.0, "3": 10.0, "4": 10.0, "5": 10.0, "6": 10.0, "7": 10.0, "8": 10.0, "9": 10.0, "10": 10.0, "11": 10.0, "12": 10.0, "13": 10.0, "14": 10.0, "15": 10.0, "16": 10.0, "17": 10.0, "18": 10.0, "19": 10.0, "20": 10.0, "21": 10.0, "22": 10.0, "23": 10.0, "24": 10.0, "25": 10.0, "26": 10.0, "27": 10.0, "28": 10.0, "29": 10.0, "30": 10.0, "31": 10.0, "32": 10.0, "33": 10.0, "34": 10.0, "35": 10.0, "36": 10.0, "37": 10.0, "38": 10.0, "39": 10.0, "40": 10.0, "41": 10.0, "42": 10.0, "43": 10.0, "44": 10.0, "45": 10.0, "46": 10.0, "47": 10.0, "48": 10.0, "49": 10.0, "50": 10.0, "51": 10.0, "52": 10.0, "53": 99999.0, "54": 99999.0, "55": 99999.0}, "p1": {"0": 17.938088668617723, "1": 5.619047619047619, "2": 9.709302325581396, "3": 11.863636363636363, "4": 16.889705882352942, "5": 18.877551020408163, "6": 21.335616438356166, "7": 18.59433962264151, "8": 18.653846153846153, "9": 19.480392156862745, "10": 19.408602150537636, "11": 18.64, "12": 19.72826086956522, "13": 21.045454545454547, "14": 19.587628865979383, "15": 20.242990654205606, "16": 20.698924731182796, "17": 20.50574712643678, "18": 19.255102040816325, "19": 17.5, "20": 18.95145631067961, "21": 19.172727272727272, "22": 19.04123711340206, "23": 19.225490196078432, "24": 18.0, "25": 19.391304347826086, "26": 19.458333333333332, "27": 18.78082191780822, "28": 17.91578947368421, "29": 18.6125, "30": 17.671232876712327, "31": 18.08, "32": 17.96875, "33": 17.605263157894736, "34": 16.858974358974358, "35": 16.72289156626506, "36": 17.17241379310345, "37": 17.77777777777778, "38": 17.011764705882353, "39": 16.71014492753623, "40": 18.753846153846155, "41": 20.58108108108108, "42": 18.313953488372093, "43": 17.87719298245614, "44": 18.07936507936508, "45": 17.142857142857142, "46": 18.311475409836067, "47": 17.946428571428573, "48": 17.823529411764707, "49": 17.901639344262296, "50": 16.3, "51": 14.368421052631579, "52": 11.941176470588236, "53": 10.38888888888889, "54": 26.5, "55": 24.6}, "p2": {"0": 34.09169994429679, "1": 14.428571428571429, "2": 10.675, "3": 19.20408163265306, "4": 21.76923076923077, "5": 23.125, "6": 28.446601941747574, "7": 30.692307692307693, "8": 33.10596026490066, "9": 32.75182481751825, "10": 31.05673758865248, "11": 32.621212121212125, "12": 32.53636363636364, "13": 30.82456140350877, "14": 29.09278350515464, "15": 29.490909090909092, "16": 27.611650485436893, "17": 30.487603305785125, "18": 29.858267716535433, "19": 32.08130081300813, "20": 33.53333333333333, "21": 33.68, "22": 31.673076923076923, "23": 34.59, "24": 35.49074074074074, "25": 34.43103448275862, "26": 34.28865979381443, "27": 37.61224489795919, "28": 39.82222222222222, "29": 37.21804511278196, "30": 39.67289719626168, "31": 37.71028037383178, "32": 38.180952380952384, "33": 36.84466019417476, "34": 36.144329896907216, "35": 36.396946564885496, "36": 36.86363636363637, "37": 38.58771929824562, "38": 38.25925925925926, "39": 36.87931034482759, "40": 36.28125, "41": 36.77450980392157, "42": 36.25, "43": 38.645161290322584, "44": 37.94214876033058, "45": 37.235772357723576, "46": 36.333333333333336, "47": 38.113207547169814, "48": 36.58252427184466, "49": 37.59166666666667, "50": 38.68041237113402, "51": 40.1578947368421, "52": 41.84313725490196, "53": 39.48809523809524, "54": 48.725806451612904, "55": 46.65925925925926}, "p3": {"0": 37.89150561838102, "1": 37.89150561838102, "2": 37.89150561838102, "3": 38.17716535433071, "4": 38.00327868852459, "5": 37.5258064516129, "6": 37.95092024539877, "7": 38.17484662576687, "8": 37.98050139275766, "9": 37.964285714285715, "10": 38.12931034482759, "11": 38.054830287206265, "12": 38.23450134770889, "13": 38.083333333333336, "14": 37.92917847025496, "15": 37.17275747508306, "16": 37.321766561514195, "17": 36.4089219330855, "18": 37.74295774647887, "19": 37.73255813953488, "20": 37.83613445378151, "21": 38.431451612903224, "22": 37.94117647058823, "23": 38.76315789473684, "24": 37.97747747747748, "25": 38.342592592592595, "26": 38.566820276497694, "27": 38.873831775700936, "28": 37.81463414634146, "29": 37.57211538461539, "30": 37.42727272727273, "31": 38.06792452830189, "32": 37.339622641509436, "33": 37.718861209964416, "34": 37.32941176470588, "35": 37.01145038167939, "36": 37.573122529644266, "37": 37.2655601659751, "38": 37.86872586872587, "39": 37.75875486381323, "40": 38.02074688796681, "41": 38.178082191780824, "42": 38.70676691729323, "43": 38.54779411764706, "44": 37.80918727915194, "45": 37.64930555555556, "46": 37.96389891696751, "47": 38.035714285714285, "48": 37.88715953307393, "49": 38.31768953068592, "50": 37.876288659793815, "51": 37.9182156133829, "52": 37.843971631205676, "53": 38.33935018050541, "54": 37.83860759493671, "55": 37.25}}