{"p0": {"0": 10.0, "1": 10.0, "2": 10.0, "3": 10.0, "4": 10.0, "5": 10.0, "6": 10.0, "7": 10.0, "8": 10.0, "9": 10.0, "10": 10.0, "11": 10.0, "12": 10.0, "13": 10.0, "14": 10.0, "15": 10.0, "16": 10.0, "17": 10.0, "18": 10.0, "19": 10.0, "20": 10.0, "21": 10.0, "22": 10.0, "23": 10.0, "24": 10.0, "25": 10.0, "26": 10.0, "27": 10.0, "28": 10.0, "29": 10.0, "30": 10.0, "31": 10.0, "32": 10.0, "33": 10.0, "34": 10.0, "35": 10.0, "36": 10.0, "37": 10.0, "38": 10.0, "39": 10.0, "40": 10.0, "41": 10.0, "42": 10.0, "43": 10.0, "44": 10.0, "45": 10.0, "46": 10.0, "47": 10.0, "48": 10.0, "49": 10.0, "50": 10.0, "51": 10.0, "52": 10.0, "53": 10.0, "54": 10.0, "55": 10.0, "56": 10.0, "57": 10.0, "58": 10.0, "59": 10.0, "60": 10.0, "61": 10.0, "62": 10.0, "63": 99999.0, "64": 99999.0, "65": 99999.0}, "p1": {"0": 11.885867858074743, "1": 5.225641025641026, "2": 7.6923076923076925, "3": 8.907894736842104, "4": 10.537216828478964, "5": 14.78896103896104, "6": 16.462783171521036, "7": 14.448028673835125, "8": 13.8, "9": 13.07773851590106, "10": 11.50561797752809, "11": 12.157377049180328, "12": 12.195286195286196, "13": 14.003921568627451, "14": 13.907216494845361, "15": 12.485401459854014, "16": 13.16117216117216, "17": 11.755020080321286, "18": 12.957854406130268, "19": 12.317829457364342, "20": 12.632411067193676, "21": 11.675324675324676, "22": 12.689922480620154, "23": 12.911646586345382, "24": 11.97107438016529, "25": 12.531380753138075, "26": 12.812749003984063, "27": 12.160714285714286, "28": 11.75, "29": 11.38768115942029, "30": 11.519823788546255, "31": 11.397727272727273, "32": 10.721238938053098, "33": 11.584070796460177, "34": 11.02092050209205, "35": 11.969298245614034, "36": 11.087557603686635, "37": 11.864734299516908, "38": 13.221153846153847, "39": 12.59375, "40": 13.338308457711443, "41": 12.184684684684685, "42": 13.532994923857869, "43": 11.506024096385541, "44": 14.315508021390375, "45": 12.952380952380953, "46": 12.743589743589743, "47": 12.555555555555555, "48": 13.747252747252746, "49": 12.073891625615763, "50": 13.22340425531915, "51": 12.64102564102564, "52": 14.031746031746032, "53": 12.403614457831326, "54": 13.7125748502994, "55": 13.411428571428571, "56": 12.696629213483146, "57": 12.822784810126583, "58": 12.980392156862745, "59": 11.472868217054264, "60": 10.325925925925926, "61": 10.851485148514852, "62": 9.917808219178083, "63": 8.095238095238095, "64": 2.1538461538461537, "65": 2.0}, "p2": {"0": 32.938850938967114, "1": 9.931623931623932, "2": 9.9009009009009, "3": 16.56, "4": 20.029761904761905, "5": 24.94535519125683, "6": 28.40234375, "7": 30.900343642611684, "8": 31.023952095808383, "9": 30.961876832844574, "10": 31.91784702549575, "11": 30.426470588235293, "12": 30.452599388379205, "13": 30.791530944625407, "14": 29.903010033444815, "15": 28.434931506849313, "16": 29.093333333333334, "17": 29.023333333333333, "18": 28.25177304964539, "19": 31.3006993006993, "20": 30.41156462585034, "21": 30.49800796812749, "22": 31.754032258064516, "23": 32.481327800829874, "24": 32.46186440677966, "25": 32.84873949579832, "26": 33.30543933054393, "27": 34.46376811594203, "28": 34.615671641791046, "29": 34.883720930232556, "30": 35.550607287449395, "31": 35.129464285714285, "32": 35.207843137254905, "33": 35.192622950819676, "34": 35.7992700729927, "35": 35.221789883268485, "36": 36.646288209606986, "37": 36.65040650406504, "38": 36.18888888888889, "39": 36.88593155893536, "40": 36.36690647482014, "41": 36.448412698412696, "42": 36.638392857142854, "43": 35.18376068376068, "44": 36.05084745762712, "45": 34.93050193050193, "46": 36.930131004366814, "47": 36.699074074074076, "48": 36.90495867768595, "49": 36.902834008097166, "50": 36.333333333333336, "51": 34.41015625, "52": 36.17142857142857, "53": 36.597457627118644, "54": 35.053333333333335, "55": 35.265822784810126, "56": 34.336322869955154, "57": 34.936, "58": 35.05785123966942, "59": 35.502164502164504, "60": 37.14141414141414, "61": 36.92227979274612, "62": 36.843023255813954, "63": 37.73880597014925, "64": 43.98076923076923, "65": 43.23039215686274}, "p3": {"0": 36.98046665322639, "1": 36.98046665322639, "2": 36.98046665322639, "3": 37.01379310344828, "4": 37.29370629370629, "5": 36.80295566502463, "6": 36.870065789473685, "7": 36.90252100840336, "8": 36.75626043405676, "9": 36.87155963302752, "10": 36.82406015037594, "11": 36.74770642201835, "12": 37.0279823269514, "13": 36.90644171779141, "14": 36.838050314465406, "15": 36.77547770700637, "16": 37.06482982171799, "17": 36.67491749174918, "18": 36.68738898756661, "19": 36.94455066921606, "20": 36.899065420560746, "21": 36.849624060150376, "22": 37.14689265536723, "23": 37.08670520231214, "24": 36.73271028037383, "25": 36.61296296296296, "26": 36.52371916508539, "27": 36.68141592920354, "28": 36.85259631490787, "29": 36.52141527001862, "30": 36.76543209876543, "31": 36.787476280834916, "32": 36.993348115299334, "33": 37.46222222222222, "34": 37.572916666666664, "35": 37.15151515151515, "36": 37.12222222222222, "37": 37.4195652173913, "38": 37.209251101321584, "39": 37.30982905982906, "40": 37.146110056926, "41": 37.19157894736842, "42": 37.54527938342967, "43": 37.402277039848194, "44": 37.167652859960555, "45": 37.30632411067194, "46": 37.61080074487896, "47": 37.05232558139535, "48": 37.218114602587804, "49": 37.027522935779814, "50": 36.4485294117647, "51": 36.63926174496644, "52": 36.587073608617594, "53": 36.66374781085814, "54": 36.535234899328856, "55": 36.626736111111114, "56": 36.666666666666664, "57": 36.96153846153846, "58": 36.81754385964912, "59": 37.01030927835052, "60": 37.255892255892256, "61": 36.9188679245283, "62": 37.3876404494382, "63": 37.160469667318985, "64": 37.405138339920946, "65": 37.31360946745562}}