{"p0": {"0": 10.0, "1": 10.0, "2": 10.0, "3": 10.0, "4": 10.0, "5": 10.0, "6": 10.0, "7": 10.0, "8": 10.0, "9": 10.0, "10": 10.0, "11": 10.0, "12": 10.0, "13": 10.0, "14": 10.0, "15": 10.0, "16": 10.0, "17": 10.0, "18": 10.0, "19": 10.0, "20": 10.0, "21": 10.0, "22": 10.0, "23": 10.0, "24": 10.0, "25": 10.0, "26": 10.0, "27": 10.0, "28": 10.0, "29": 10.0, "30": 10.0, "31": 10.0, "32": 10.0, "33": 10.0, "34": 10.0, "35": 10.0, "36": 10.0, "37": 10.0, "38": 10.0, "39": 10.0, "40": 10.0, "41": 10.0, "42": 10.0, "43": 10.0, "44": 10.0, "45": 10.0, "46": 10.0, "47": 10.0, "48": 10.0, "49": 10.0, "50": 10.0, "51": 10.0, "52": 10.0, "53": 10.0, "54": 10.0, "55": 10.0, "56": 10.0, "57": 10.0, "58": 10.0, "59": 10.0, "60": 10.0, "61": 10.0, "62": 10.0, "63": 10.0, "64": 10.0, "65": 10.0, "66": 10.0, "67": 10.0, "68": 10.0, "69": 10.0, "70": 99999.0, "71": 99999.0, "72": 99999.0, "73": 99999.0}, "p1": {"0": 23.49182187973684, "1": 12.5, "2": 12.222222222222221, "3": 15.59322033898305, "4": 20.488372093023255, "5": 23.514563106796118, "6": 25.903846153846153, "7": 25.304347826086957, "8": 25.25263157894737, "9": 24.80722891566265, "10": 25.314606741573034, "11": 24.0, "12": 23.75229357798165, "13": 25.54945054945055, "14": 24.603448275862068, "15": 24.025862068965516, "16": 24.40625, "17": 24.31313131313131, "18": 24.446601941747574, "19": 24.78021978021978, "20": 24.419642857142858, "21": 23.844660194174757, "22": 24.15929203539823, "23": 24.556603773584907, "24": 24.412280701754387, "25": 23.879310344827587, "26": 25.56637168141593, "27": 24.756521739130434, "28": 24.914893617021278, "29": 26.286956521739132, "30": 24.666666666666668, "31": 24.801724137931036, "32": 23.77319587628866, "33": 23.76, "34": 23.836734693877553, "35": 25.50980392156863, "36": 25.29113924050633, "37": 23.590476190476192, "38": 24.10377358490566, "39": 24.94736842105263, "40": 25.22222222222222, "41": 23.598130841121495, "42": 24.43859649122807, "43": 25.329268292682926, "44": 27.432098765432098, "45": 25.8411214953271, "46": 23.891304347826086, "47": 24.948979591836736, "48": 23.08235294117647, "49": 23.887755102040817, "50": 24.958333333333332, "51": 24.646464646464647, "52": 24.925925925925927, "53": 23.677777777777777, "54": 23.31132075471698, "55": 22.921348314606742, "56": 23.48, "57": 22.410714285714285, "58": 21.122448979591837, "59": 23.53061224489796, "60": 22.92452830188679, "61": 22.941860465116278, "62": 22.107526881720432, "63": 23.42391304347826, "64": 21.395604395604394, "65": 21.97979797979798, "66": 22.595238095238095, "67": 19.419753086419753, "68": 20.445945945945947, "69": 20.728571428571428, "70": 20.610169491525422, "71": 20.65909090909091, "72": 25.794871794871796, "73": 25.363636363636363}, "p2": {"0": 29.79143639659578, "1": 13.8, "2": 16.0, "3": 18.5609756097561, "4": 20.092307692307692, "5": 19.73972602739726, "6": 30.275, "7": 30.746835443037973, "8": 35.26168224299065, "9": 33.53465346534654, "10": 33.888888888888886, "11": 33.25, "12": 31.81111111111111, "13": 31.62162162162162, "14": 31.03030303030303, "15": 32.25806451612903, "16": 28.684782608695652, "17": 30.285714285714285, "18": 31.743589743589745, "19": 31.473684210526315, "20": 30.75257731958763, "21": 30.583333333333332, "22": 32.365591397849464, "23": 33.23809523809524, "24": 33.77894736842105, "25": 30.80808080808081, "26": 32.31683168316832, "27": 30.12, "28": 29.93069306930693, "29": 32.02469135802469, "30": 29.544444444444444, "31": 30.396039603960396, "32": 29.141025641025642, "33": 30.138297872340427, "34": 30.093023255813954, "35": 32.50561797752809, "36": 30.094117647058823, "37": 29.97872340425532, "38": 31.73267326732673, "39": 30.75531914893617, "40": 30.620253164556964, "41": 30.076923076923077, "42": 30.686046511627907, "43": 27.977272727272727, "44": 33.1764705882353, "45": 31.555555555555557, "46": 31.64, "47": 29.602272727272727, "48": 30.92207792207792, "49": 30.82894736842105, "50": 28.071428571428573, "51": 29.349397590361445, "52": 31.602739726027398, "53": 30.338028169014084, "54": 30.229885057471265, "55": 31.493506493506494, "56": 29.941176470588236, "57": 31.426470588235293, "58": 31.2, "59": 30.16867469879518, "60": 31.880597014925375, "61": 30.352941176470587, "62": 32.25301204819277, "63": 30.4, "64": 29.16883116883117, "65": 29.075949367088608, "66": 29.476744186046513, "67": 27.527027027027028, "68": 26.868852459016395, "69": 28.0, "70": 26.419354838709676, "71": 26.120689655172413, "72": 29.866666666666667, "73": 32.1}, "p3": {"0": 51.15423242248056, "1": 20.5, "2": 56.875, "3": 47.5, "4": 51.44897959183673, "5": 46.5, "6": 50.563025210084035, "7": 50.89344262295082, "8": 52.768, "9": 49.24475524475525, "10": 49.22834645669291, "11": 47.72049689440994, "12": 51.79190751445087, "13": 52.57419354838709, "14": 47.92700729927007, "15": 49.73381294964029, "16": 50.32330827067669, "17": 49.23809523809524, "18": 49.3089430894309, "19": 47.99295774647887, "20": 48.954198473282446, "21": 49.88321167883212, "22": 49.00675675675676, "23": 49.62676056338028, "24": 48.49618320610687, "25": 49.315384615384616, "26": 47.1965811965812, "27": 47.796992481203006, "28": 50.693430656934304, "29": 51.32167832167832, "30": 50.69402985074627, "31": 51.45070422535211, "32": 51.883720930232556, "33": 51.61417322834646, "34": 52.038167938931295, "35": 51.985074626865675, "36": 51.7007299270073, "37": 51.746153846153845, "38": 52.74829931972789, "39": 52.00806451612903, "40": 50.48672566371681, "41": 50.981651376146786, "42": 50.763513513513516, "43": 49.92198581560284, "44": 49.74561403508772, "45": 52.225806451612904, "46": 49.06164383561644, "47": 52.473684210526315, "48": 52.609756097560975, "49": 50.38095238095238, "50": 53.11926605504587, "51": 52.842592592592595, "52": 51.56190476190476, "53": 53.65853658536585, "54": 52.0, "55": 55.123893805309734, "56": 53.6140350877193, "57": 54.03669724770642, "58": 52.72727272727273, "59": 54.447154471544714, "60": 55.166666666666664, "61": 53.79527559055118, "62": 52.01086956521739, "63": 53.93814432989691, "64": 54.84297520661157, "65": 52.09345794392523, "66": 49.1578947368421, "67": 50.951219512195124, "68": 52.88785046728972, "69": 55.85964912280702, "70": 53.41284403669725, "71": 53.78504672897196, "72": 62.0, "73": 60.28181818181818}, "p4": {"0": 47.00273736577858, "1": 47.00273736577858, "2": 47.00273736577858, "3": 47.00273736577858, "4": 47.14670658682635, "5": 46.95266272189349, "6": 46.88358208955224, "7": 46.705882352941174, "8": 46.73809523809524, "9": 47.09345794392523, "10": 47.140625, "11": 47.26190476190476, "12": 47.21828908554572, "13": 47.42450142450142, "14": 47.162534435261705, "15": 47.06741573033708, "16": 47.040625, "17": 47.037974683544306, "18": 47.10726643598616, "19": 47.426415094339625, "20": 47.1468253968254, "21": 46.954887218045116, "22": 47.468, "23": 47.01204819277108, "24": 46.875, "25": 47.18650793650794, "26": 47.58620689655172, "27": 47.316, "28": 47.00854700854701, "29": 47.333333333333336, "30": 47.622317596566525, "31": 47.426829268292686, "32": 47.38157894736842, "33": 47.193693693693696, "34": 47.29545454545455, "35": 46.88412017167382, "36": 46.97716894977169, "37": 45.96825396825397, "38": 46.145833333333336, "39": 45.18079096045198, "40": 46.12807881773399, "41": 46.86734693877551, "42": 46.46788990825688, "43": 46.21658986175115, "44": 46.20524017467249, "45": 46.074561403508774, "46": 46.712, "47": 47.04329004329004, "48": 47.41509433962264, "49": 47.13915857605178, "50": 47.333333333333336, "51": 47.47292418772563, "52": 46.884328358208954, "53": 46.78651685393258, "54": 47.53658536585366, "55": 47.724137931034484, "56": 47.207317073170735, "57": 47.378151260504204, "58": 47.50420168067227, "59": 47.51293103448276, "60": 47.29857819905213, "61": 46.52061855670103, "62": 47.346846846846844, "63": 47.0, "64": 47.283720930232555, "65": 47.33507853403141, "66": 46.925925925925924, "67": 46.99145299145299, "68": 46.877049180327866, "69": 47.229885057471265, "70": 47.214285714285715,