{"p0": {"0": 10.0, "1": 10.0, "2": 10.0, "3": 10.0, "4": 10.0, "5": 10.0, "6": 10.0, "7": 10.0, "8": 10.0, "9": 10.0, "10": 10.0, "11": 10.0, "12": 10.0, "13": 10.0, "14": 10.0, "15": 10.0, "16": 10.0, "17": 10.0, "18": 10.0, "19": 10.0, "20": 10.0, "21": 10.0, "22": 10.0, "23": 10.0, "24": 10.0, "25": 10.0, "26": 10.0, "27": 10.0, "28": 10.0, "29": 10.0, "30": 10.0, "31": 10.0, "32": 10.0, "33": 10.0, "34": 10.0, "35": 10.0, "36": 10.0, "37": 10.0, "38": 10.0, "39": 10.0, "40": 10.0, "41": 10.0, "42": 10.0, "43": 10.0, "44": 10.0, "45": 10.0, "46": 10.0, "47": 10.0, "48": 10.0, "49": 10.0, "50": 10.0, "51": 10.0, "52": 10.0, "53": 10.0, "54": 10.0, "55": 10.0, "56": 10.0, "57": 10.0, "58": 10.0, "59": 10.0, "60": 10.0, "61": 10.0, "62": 10.0, "63": 10.0, "64": 10.0, "65": 10.0, "66": 10.0, "67": 10.0, "68": 10.0, "69": 10.0, "70": 10.0, "71": 10.0, "72": 10.0, "73": 10.0, "74": 10.0, "75": 10.0, "76": 10.0, "77": 10.0, "78": 10.0, "79": 10.0, "80": 10.0, "81": 10.0, "82": 10.0, "83": 10.0, "84": 10.0, "85": 10.0, "86": 10.0, "87": 10.0, "88": 10.0, "89": 10.0, "90": 10.0, "91": 10.0, "92": 99999.0, "93": 99999.0, "94": 99999.0}, "p1": {"0": 20.374273743710184, "1": 9.083333333333334, "2": 11.173913043478262, "3": 13.508474576271187, "4": 16.37391304347826, "5": 20.72077922077922, "6": 24.497076023391813, "7": 23.367924528301888, "8": 23.078125, "9": 22.301724137931036, "10": 22.89430894308943, "11": 23.374045801526716, "12": 22.377622377622377, "13": 21.375, "14": 22.565217391304348, "15": 21.598484848484848, "16": 20.944881889763778, "17": 22.903846153846153, "18": 19.89814814814815, "19": 20.336363636363636, "20": 20.813084112149532, "21": 19.526881720430108, "22": 19.75, "23": 20.353448275862068, "24": 18.99009900990099, "25": 22.074766355140188, "26": 18.822429906542055, "27": 19.739583333333332, "28": 17.739583333333332, "29": 19.710280373831775, "30": 20.627659574468087, "31": 17.51063829787234, "32": 19.352941176470587, "33": 19.88372093023256, "34": 18.91509433962264, "35": 19.19, "36": 20.65909090909091, "37": 21.037037037037038, "38": 20.147058823529413, "39": 19.43617021276596, "40": 18.025641025641026, "41": 20.137614678899084, "42": 19.323529411764707, "43": 22.506172839506174, "44": 21.32, "45": 22.28048780487805, "46": 19.9375, "47": 21.285714285714285, "48": 18.75609756097561, "49": 19.057142857142857, "50": 20.76388888888889, "51": 21.48, "52": 23.075, "53": 22.539473684210527, "54": 20.225806451612904, "55": 19.240506329113924, "56": 20.151898734177216, "57": 21.735294117647058, "58": 22.681818181818183, "59": 21.44871794871795, "60": 19.71232876712329, "61": 21.065573770491802, "62": 22.21794871794872, "63": 19.90909090909091, "64": 21.142857142857142, "65": 22.333333333333332, "66": 19.742424242424242, "67": 23.58823529411765, "68": 21.734375, "69": 21.34426229508197, "70": 21.634146341463413, "71": 21.407894736842106, "72": 18.675324675324674, "73": 21.53731343283582, "74": 20.671875, "75": 21.60655737704918, "76": 20.5, "77": 21.34722222222222, "78": 21.610169491525422, "79": 21.49056603773585, "80": 23.131147540983605, "81": 21.235294117647058, "82": 22.36231884057971, "83": 22.405405405405407, "84": 20.639344262295083, "85": 20.66216216216216, "86": 21.72222222222222, "87": 20.08974358974359, "88": 19.576271186440678, "89": 16.919354838709676, "90": 14.3, "91": 14.153846153846153, "92": 17.15625, "93": 21.75, "94": 23.181818181818183}, "p2": {"0": 31.280244531914057, "1": 4.756302521008403, "2": 4.371428571428571, "3": 6.934065934065934, "4": 11.86734693877551, "5": 14.87, "6": 18.920289855072465, "7": 21.343023255813954, "8": 23.19526627218935, "9": 24.316176470588236, "10": 23.39156626506024, "11": 25.121794871794872, "12": 22.13095238095238, "13": 26.70440251572327, "14": 23.072727272727274, "15": 23.681159420289855, "16": 21.929936305732483, "17": 24.5, "18": 27.485507246376812, "19": 27.467625899280577, "20": 27.591666666666665, "21": 25.221374045801525, "22": 27.874172185430464, "23": 29.92063492063492, "24": 26.063492063492063, "25": 28.11111111111111, "26": 28.682926829268293, "27": 28.608695652173914, "28": 28.4, "29": 29.04032258064516, "30": 31.114503816793892, "31": 29.885964912280702, "32": 32.53982300884956, "33": 31.84, "34": 33.02564102564103, "35": 28.61467889908257, "36": 32.982608695652175, "37": 32.203252032520325, "38": 35.05309734513274, "39": 33.483050847457626, "40": 34.029126213592235, "41": 37.07339449541284, "42": 37.36893203883495, "43": 35.03260869565217, "44": 33.52808988764045, "45": 32.86138613861386, "46": 33.142857142857146, "47": 36.097345132743364, "48": 35.663636363636364, "49": 37.35353535353536, "50": 35.673469387755105, "51": 36.0, "52": 35.5377358490566, "53": 33.57692307692308, "54": 32.58252427184466, "55": 33.592592592592595, "56": 34.5, "57": 36.679611650485434, "58": 34.700934579439256, "59": 34.11340206185567, "60": 37.37234042553192, "61": 34.885416666666664, "62": 38.07865168539326, "63": 36.1, "64": 34.729729729729726, "65": 35.68131868131868, "66": 35.735632183908045, "67": 35.018181818181816, "68": 34.329787234042556, "69": 36.72222222222222, "70": 34.65060240963855, "71": 34.252873563218394, "72": 33.60215053763441, "73": 37.93877551020408, "74": 33.901234567901234, "75": 37.05154639175258, "76": 34.95876288659794, "77": 35.2970297029703, "78": 35.855670103092784, "79": 34.734693877551024, "80": 35.70454545454545, "81": 36.407407407407405, "82": 33.09278350515464, "83": 35.0, "84": 33.27777777777778, "85": 33.8, "86": 36.95454545454545, "87": 36.411764705882355, "88": 32.57446808510638, "89": 33.78409090909091, "90": 37.170212765957444, "91": 38.19565217391305, "92": 41.370370370370374, "93": 46.31578947368421, "94": 43.9622641509434}, "p3": {"0": 37.06752719027959, "1": 37.06752719027959, "2": 37.06752719027959, "3": 37.19112627986348, "4": 37.182410423452765, "5": 36.671779141104295, "6": 37.042813455657495, "7": 37.08923076923077, "8": 37.10928961748634, "9": 36.96174863387978, "10": 37.13586956521739, "11": 36.846354166666664, "12": 36.93850267379679, "13": 36.823076923076925, "14": 36.724598930481285, "15": 36.90810810810811, "16": 37.16010498687664, "17": 36.919137466307276, "18": 36.85254691689008, "19": 36.994962216624685, "20": 37.05604719764012, "21": 36.79651162790697, "22": 36.825825825825824, "23": 37.11280487804878, "24": 36.757861635220124, "25": 36.74474474474474, "26": 37.016447368421055, "27": 36.88235294117647, "28": 37.285714285714285, "29": 37.656826568265686, "30": 37.21478873239437, "31": 37.191570881226056, "32": 36.988188976377955, "33": 37.048327137546465, "34": 37.16483516483517, "35": 37.136842105263156, "36": 37.11462450592885, "37": 37.3875968992248, "38": 37.16287878787879, "39": 36.799180327868854, "40": 36.84313725490196, "41": 36.51764705882353, "42": 36.12083333333333, "43": 36.72549019607843, "44": 36.80672268907563, "45": 37.00858369098712, "46": 37.053719008264466, "47": 37.275, "48": 36.790393013100434, "49": 36.65367965367965, "50": 36.6025641025641, "51": 36.450413223140494, "52": 36.468, "53": 36.708154506437765, "54": 36.607929515418505, "55": 37.19642857142857, "56": 37.27049180327869, "57": 37.82, "58": 37.369369369369366, "59": 37.59274193548387, "60": 37.78389830508475, "61": 38.21739130434783, "62": 38.02991452991453, "63": 37.83884297520661, "64": 37.531120331950206, "65": 37.88789237668161, "66": 37.11020408163265, "67": 37.334600760456276, "68": 36.798449612403104, "69": 36.92203389830509, "70": 37.34642857142857, "71": 37.03921568627451, "72": 37.095238095238095, "73": 36.73702422145329, "74": 36.62909090909091, "75": 36.55670103092783, "76": 36.91467576791809, "77": 36.742372881355934, "78": 36.63461538461539, "79": 36.66566265060241, "80": 36.952229299363054, "81": 36.986622073578594, "82": 36.78928571428571, "83": 37.22299651567944, "84": 37.56976744186046, "85": 37.0, "86": 37.07194244604317, "87": 36.77007299270073, "88": 37.12015503875969, "89": 36.74698795180723, "90": 37.207317073170735, "91": 37.54761904761905,