{"p0": {"0": 10.0, "1": 10.0, "2": 10.0, "3": 10.0, "4": 10.0, "5": 10.0, "6": 10.0, "7": 10.0, "8": 10.0, "9": 10.0, "10": 10.0, "11": 10.0, "12": 10.0, "13": 10.0, "14": 10.0, "15": 10.0, "16": 10.0, "17": 10.0, "18": 10.0, "19": 10.0, "20": 10.0, "21": 10.0, "22": 10.0, "23": 10.0, "24": 10.0, "25": 10.0, "26": 10.0, "27": 10.0, "28": 10.0, "29": 10.0, "30": 10.0, "31": 10.0, "32": 10.0, "33": 10.0, "34": 10.0, "35": 10.0, "36": 10.0, "37": 10.0, "38": 10.0, "39": 10.0, "40": 10.0, "41": 10.0, "42": 10.0, "43": 10.0, "44": 10.0, "45": 10.0, "46": 10.0, "47": 10.0, "48": 10.0, "49": 10.0, "50": 10.0, "51": 10.0, "52": 10.0, "53": 10.0, "54": 10.0, "55": 10.0, "56": 10.0, "57": 10.0, "58": 10.0, "59": 10.0, "60": 10.0, "61": 10.0, "62": 10.0, "63": 10.0, "64": 10.0, "65": 10.0, "66": 10.0, "67": 10.0, "68": 10.0, "69": 10.0, "70": 10.0, "71": 10.0, "72": 10.0, "73": 10.0, "74": 10.0, "75": 10.0, "76": 10.0, "77": 99999.0, "78": 99999.0, "79": 99999.0, "80": 99999.0, "81": 99999.0}, "p1": {"0": 19.532106951891468, "1": 6.212121212121212, "2": 10.551020408163266, "3": 11.837837837837839, "4": 17.903225806451612, "5": 17.793478260869566, "6": 20.897959183673468, "7": 22.25925925925926, "8": 20.324675324675326, "9": 20.797752808988765, "10": 21.967032967032967, "11": 18.68, "12": 20.534653465346533, "13": 22.341463414634145, "14": 23.545454545454547, "15": 21.653846153846153, "16": 19.94017094017094, "17": 20.244444444444444, "18": 22.247619047619047, "19": 21.98936170212766, "20": 22.05504587155963, "21": 20.905882352941177, "22": 20.844155844155843, "23": 21.180851063829788, "24": 19.902439024390244, "25": 20.448979591836736, "26": 23.16867469879518, "27": 20.625, "28": 20.510204081632654, "29": 23.529411764705884, "30": 19.376344086021504, "31": 20.26086956521739, "32": 22.5, "33": 21.47826086956522, "34": 21.376623376623378, "35": 20.8, "36": 20.211111111111112, "37": 21.158536585365855, "38": 19.21212121212121, "39": 17.406593406593405, "40": 19.46, "41": 21.193181818181817, "42": 20.8659793814433, "43": 22.296875, "44": 21.02469135802469, "45": 21.739583333333332, "46": 21.592105263157894, "47": 21.63888888888889, "48": 20.36470588235294, "49": 22.313253012048193, "50": 19.746835443037973, "51": 20.70731707317073, "52": 19.24418604651163, "53": 21.313253012048193, "54": 21.81159420289855, "55": 18.364864864864863, "56": 18.72222222222222, "57": 17.74418604651163, "58": 19.209302325581394, "59": 19.91025641025641, "60": 20.9, "61": 18.12121212121212, "62": 17.434782608695652, "63": 18.7, "64": 17.516666666666666, "65": 16.813333333333333, "66": 16.463768115942027, "67": 18.37878787878788, "68": 17.147540983606557, "69": 16.333333333333332, "70": 16.661016949152543, "71": 16.224137931034484, "72": 15.983870967741936, "73": 17.818181818181817, "74": 16.033898305084747, "75": 14.074626865671641, "76": 18.0, "77": 20.47826086956522, "78": 16.27777777777778, "79": 15.37037037037037, "80": 21.6, "81": 27.833333333333332}, "p2": {"0": 31.12437935575032, "1": 11.326530612244898, "2": 18.296296296296298, "3": 21.892857142857142, "4": 20.12987012987013, "5": 24.25531914893617, "6": 30.11864406779661, "7": 30.770491803278688, "8": 31.251968503937007, "9": 31.245454545454546, "10": 32.12213740458015, "11": 31.41509433962264, "12": 30.4, "13": 31.274509803921568, "14": 31.5, "15": 31.21276595744681, "16": 28.71559633027523, "17": 29.77857142857143, "18": 29.229508196721312, "19": 32.308411214953274, "20": 32.099236641221374, "21": 32.52100840336134, "22": 30.146788990825687, "23": 30.347826086956523, "24": 29.85217391304348, "25": 30.789473684210527, "26": 30.292035398230087, "27": 30.658730158730158, "28": 31.30701754385965, "29": 31.194915254237287, "30": 30.871559633027523, "31": 32.96, "32": 29.66990291262136, "33": 33.37593984962406, "34": 33.59166666666667, "35": 29.81904761904762, "36": 30.991071428571427, "37": 31.885714285714286, "38": 31.30252100840336, "39": 32.05154639175258, "40": 29.229357798165136, "41": 31.19298245614035, "42": 33.5377358490566, "43": 31.152380952380952, "44": 29.504761904761907, "45": 30.443298969072163, "46": 28.527272727272727, "47": 30.00826446280992, "48": 31.009615384615383, "49": 32.25233644859813, "50": 29.902654867256636, "51": 32.83653846153846, "52": 31.761904761904763, "53": 33.44329896907217, "54": 33.13978494623656, "55": 30.440860215053764, "56": 32.73684210526316, "57": 30.98913043478261, "58": 32.78409090909091, "59": 31.23170731707317, "60": 32.96666666666667, "61": 30.768421052631577, "62": 31.4, "63": 32.55555555555556, "64": 31.6144578313253, "65": 31.620253164556964, "66": 31.912087912087912, "67": 33.541666666666664, "68": 32.98717948717949, "69": 32.628571428571426, "70": 33.25301204819277, "71": 31.864406779661017, "72": 33.689189189189186, "73": 33.736111111111114, "74": 34.80952380952381, "75": 34.015151515151516, "76": 31.20408163265306, "77": 33.903225806451616, "78": 36.323076923076925, "79": 34.244897959183675, "80": 42.075, "81": 40.86516853932584}, "p3": {"0": 44.92274129570096, "1": 16.93548387096774, "2": 20.513513513513512, "3": 26.82758620689655, "4": 35.82608695652174, "5": 42.50833333333333, "6": 50.732824427480914, "7": 45.99186991869919, "8": 47.92622950819672, "9": 44.288, "10": 49.544117647058826, "11": 46.830882352941174, "12": 48.21875, "13": 46.88157894736842, "14": 50.116279069767444, "15": 47.353846153846156, "16": 43.60504201680672, "17": 48.41509433962264, "18": 47.026315789473685, "19": 46.2, "20": 47.93518518518518, "21": 48.37391304347826, "22": 46.23728813559322, "23": 47.7752808988764, "24": 48.00990099009901, "25": 43.63157894736842, "26": 48.70454545454545, "27": 46.059322033898304, "28": 46.49484536082474, "29": 50.45783132530121, "30": 48.73913043478261, "31": 46.21978021978022, "32": 48.138888888888886, "33": 49.86021505376344, "34": 54.475, "35": 49.70786516853933, "36": 50.51315789473684, "37": 48.7125, "38": 48.776315789473685, "39": 42.82608695652174, "40": 45.71764705882353, "41": 42.9264705882353, "42": 44.825, "43": 45.342465753424655, "44": 40.25396825396825, "45": 53.54237288135593, "46": 46.231884057971016, "47": 36.90625, "48": 47.22727272727273, "49": 47.46376811594203, "50": 43.839285714285715, "51": 44.771929824561404, "52": 44.94915254237288, "53": 45.431372549019606, "54": 36.375, "55": 45.41269841269841, "56": 42.19642857142857, "57": 38.75, "58": 43.666666666666664, "59": 45.369565217391305, "60": 40.74418604651163, "61": 45.92727272727273, "62": 45.1551724137931, "63": 40.71739130434783, "64": 36.375, "65": 48.36585365853659, "66": 40.35, "67": 42.735849056603776, "68": 39.705882352941174, "69": 45.84090909090909, "70": 36.94736842105263, "71": 38.666666666666664, "72": 48.23255813953488, "73": 41.588235294117645, "74": 44.926829268292686, "75": 45.13636363636363, "76": 40.0, "77": 41.529411764705884, "78": 41.5, "79": 61.35294117647059, "80": 59.73684210526316, "81": 64.61764705882354}, "p4": {"0": 57.61563164275376, "1": 21.483333333333334, "2": 17.53448275862069, "3": 23.946428571428573, "4": 27.626666666666665, "5": 37.743589743589745, "6": 46.96511627906977, "7": 48.610619469026545, "8": 48.541666666666664, "9": 48.21238938053097, "10": 50.6, "11": 46.73118279569893, "12": 42.88495575221239, "13": 45.56565656565657, "14": 47.45348837209303, "15": 40.5360824742268, "16": 51.54545454545455, "17": 45.42056074766355, "18": 43.471698113207545, "19": 47.20192307692308, "20": 43.768115942028984, "21": 46.5, "22": 50.578947368421055, "23": 42.689655172413794, "24": 58.84313725490196, "25": 48.922222222222224, "26": 54.22935779816514, "27": 44.320754716981135, "28": 47.93, "29": 46.075268817204304, "30": 57.64367816091954, "31": 62.888888888888886, "32": 56.80952380952381, "33": 59.054054054054056, "34": 52.54929577464789, "35": 50.3013698630137, "36": 59.073170731707314, "37": 57.76712328767123, "38": 59.55789473684211, "39": 59.59016393442623, "40": 55.810344827586206, "41": 65.57971014492753, "42": 53.46478873239437, "43": 58.22666666666667,