{"p0": {"0": 10.0, "1": 10.0, "2": 10.0, "3": 10.0, "4": 10.0, "5": 10.0, "6": 10.0, "7": 10.0, "8": 10.0, "9": 10.0, "10": 10.0, "11": 10.0, "12": 10.0, "13": 10.0, "14": 10.0, "15": 10.0, "16": 10.0, "17": 10.0, "18": 10.0, "19": 10.0, "20": 10.0, "21": 10.0, "22": 10.0, "23": 10.0, "24": 10.0, "25": 10.0, "26": 10.0, "27": 10.0, "28": 10.0, "29": 10.0, "30": 10.0, "31": 10.0, "32": 10.0, "33": 10.0, "34": 10.0, "35": 10.0, "36": 10.0, "37": 10.0, "38": 10.0, "39": 10.0, "40": 10.0, "41": 10.0, "42": 10.0, "43": 10.0, "44": 10.0, "45": 10.0, "46": 10.0, "47": 10.0, "48": 10.0, "49": 10.0, "50": 10.0, "51": 10.0, "52": 10.0, "53": 10.0, "54": 10.0, "55": 10.0, "56": 10.0, "57": 10.0, "58": 10.0, "59": 10.0, "60": 10.0, "61": 10.0, "62": 10.0, "63": 10.0, "64": 10.0, "65": 10.0, "66": 10.0, "67": 10.0, "68": 10.0, "69": 10.0, "70": 10.0, "71": 10.0, "72": 10.0, "73": 10.0, "74": 10.0, "75": 10.0, "76": 10.0, "77": 10.0, "78": 10.0, "79": 10.0, "80": 10.0, "81": 10.0, "82": 10.0, "83": 10.0, "84": 10.0, "85": 10.0, "86": 10.0, "87": 10.0, "88": 10.0, "89": 10.0, "90": 10.0, "91": 10.0, "92": 10.0, "93": 10.0, "94": 10.0, "95": 99999.0, "96": 99999.0, "97": 99999.0, "98": 99999.0, "99": 99999.0}, "p1": {"0": 22.310937993348357, "1": 8.882352941176471, "2": 11.117647058823529, "3": 13.548780487804878, "4": 16.88372093023256, "5": 21.62264150943396, "6": 24.66, "7": 21.4468085106383, "8": 19.852941176470587, "9": 20.37, "10": 19.95876288659794, "11": 20.59, "12": 21.704545454545453, "13": 23.603960396039604, "14": 23.745454545454546, "15": 20.325842696629213, "16": 22.505494505494507, "17": 20.583333333333332, "18": 21.854166666666668, "19": 22.414141414141415, "20": 23.80722891566265, "21": 23.4, "22": 21.553398058252426, "23": 21.7, "24": 22.044642857142858, "25": 23.42, "26": 22.236363636363638, "27": 22.580645161290324, "28": 23.19191919191919, "29": 23.37272727272727, "30": 23.495049504950494, "31": 22.694117647058825, "32": 22.548076923076923, "33": 23.73873873873874, "34": 22.30841121495327, "35": 22.591304347826085, "36": 21.47826086956522, "37": 21.419354838709676, "38": 22.25, "39": 22.606382978723403, "40": 20.895833333333332, "41": 22.376344086021504, "42": 25.0, "43": 22.51063829787234, "44": 24.075949367088608, "45": 22.347826086956523, "46": 21.946902654867255, "47": 22.89, "48": 22.15, "49": 21.97530864197531, "50": 22.916666666666668, "51": 22.627659574468087, "52": 22.02247191011236, "53": 22.26086956521739, "54": 21.4875, "55": 22.162790697674417, "56": 24.51578947368421, "57": 22.56382978723404, "58": 21.146341463414632, "59": 22.5, "60": 22.306818181818183, "61": 20.96153846153846, "62": 23.77922077922078, "63": 22.225806451612904, "64": 24.1375, "65": 23.402439024390244, "66": 21.56756756756757, "67": 23.55223880597015, "68": 23.14457831325301, "69": 23.650602409638555, "70": 21.634408602150536, "71": 23.39189189189189, "72": 23.328125, "73": 23.11111111111111, "74": 22.53846153846154, "75": 22.708333333333332, "76": 24.0, "77": 23.64, "78": 23.50769230769231, "79": 22.376470588235293, "80": 22.774647887323944, "81": 22.38235294117647, "82": 23.571428571428573, "83": 24.058823529411764, "84": 22.36764705882353, "85": 23.0, "86": 24.109375, "87": 21.984126984126984, "88": 23.041666666666668, "89": 23.74, "90": 24.56923076923077, "91": 23.191176470588236, "92": 24.61111111111111, "93": 23.307692307692307, "94": 19.274193548387096, "95": 23.21818181818182, "96": 22.361702127659573, "97": 23.12, "98": 27.833333333333332, "99": 28.821428571428573}, "p2": {"0": 34.532042033403464, "1": 14.25, "2": 23.0, "3": 25.03448275862069, "4": 26.571428571428573, "5": 27.967741935483872, "6": 33.458333333333336, "7": 36.81818181818182, "8": 36.69387755102041, "9": 38.247058823529414, "10": 36.4639175257732, "11": 35.54455445544554, "12": 33.76767676767677, "13": 34.08888888888889, "14": 35.22784810126582, "15": 33.01149425287356, "16": 33.795918367346935, "17": 33.674418604651166, "18": 33.58585858585859, "19": 35.75247524752475, "20": 34.0531914893617, "21": 34.81443298969072, "22": 35.806451612903224, "23": 37.148514851485146, "24": 34.81730769230769, "25": 32.22115384615385, "26": 32.90625, "27": 31.742574257425744, "28": 35.26, "29": 35.22429906542056, "30": 37.00869565217391, "31": 35.45744680851064, "32": 37.48684210526316, "33": 35.0, "34": 30.58823529411765, "35": 35.6875, "36": 34.38095238095238, "37": 33.77647058823529, "38": 33.860759493670884, "39": 34.89333333333333, "40": 37.229729729729726, "41": 34.75581395348837, "42": 35.65217391304348, "43": 34.26190476190476, "44": 36.25, "45": 35.3375, "46": 34.01020408163265, "47": 33.12987012987013, "48": 32.98701298701299, "49": 36.225, "50": 35.298850574712645, "51": 35.743589743589745, "52": 34.258426966292134, "53": 35.2375, "54": 33.906666666666666, "55": 34.472972972972975, "56": 35.22727272727273, "57": 35.489583333333336, "58": 33.47692307692308, "59": 34.69767441860465, "60": 34.50925925925926, "61": 34.04494382022472, "62": 31.86904761904762, "63": 38.08641975308642, "64": 36.85263157894737, "65": 34.782051282051285, "66": 35.97826086956522, "67": 33.71296296296296, "68": 34.035714285714285, "69": 33.42307692307692, "70": 33.40625, "71": 34.27906976744186, "72": 36.1, "73": 37.10344827586207, "74": 33.139240506329116, "75": 34.94252873563219, "76": 33.483870967741936, "77": 35.06741573033708, "78": 35.16867469879518, "79": 34.01219512195122, "80": 35.146341463414636, "81": 35.75, "82": 33.2093023255814, "83": 36.0989010989011, "84": 36.40229885057471, "85": 33.87671232876713, "86": 34.46153846153846, "87": 32.80882352941177, "88": 34.72727272727273, "89": 34.11904761904762, "90": 34.8, "91": 34.906666666666666, "92": 38.142857142857146, "93": 39.050632911392405, "94": 35.43396226415094, "95": 37.03448275862069, "96": 38.96923076923077, "97": 37.75, "98": 44.78947368421053, "99": 40.46031746031746}, "p3": {"0": 45.32918643496377, "1": 20.0, "2": 17.5, "3": 25.40625, "4": 39.44186046511628, "5": 51.203125, "6": 58.632075471698116, "7": 53.78703703703704, "8": 52.851485148514854, "9": 51.45967741935484, "10": 50.120370370370374, "11": 51.79527559055118, "12": 52.151785714285715, "13": 48.12096774193548, "14": 53.04237288135593, "15": 47.56428571428572, "16": 49.76315789473684, "17": 49.330357142857146, "18": 49.85576923076923, "19": 50.05084745762712, "20": 47.38775510204081, "21": 49.869565217391305, "22": 51.05434782608695, "23": 51.54621848739496, "24": 50.69565217391305, "25": 47.396694214876035, "26": 50.31372549019608, "27": 50.85436893203884, "28": 52.63247863247863, "29": 48.59649122807018, "30": 51.656565656565654, "31": 46.16504854368932, "32": 49.14018691588785, "33": 45.604166666666664, "34": 48.5, "35": 47.333333333333336, "36": 45.02, "37": 46.23529411764706, "38": 48.21739130434783, "39": 47.08974358974359, "40": 41.94915254237288, "41": 43.81012658227848, "42": 48.54320987654321, "43": 47.104651162790695, "44": 45.07142857142857, "45": 47.79746835443038, "46": 40.12, "47": 39.31645569620253, "48": 39.32857142857143, "49": 44.720588235294116, "50": 47.82258064516129, "51": 48.56896551724138, "52": 43.11363636363637, "53": 42.936708860759495, "54": 47.93975903614458, "55": 47.47457627118644, "56": 45.983050847457626, "57": 47.35897435897436, "58": 42.92063492063492, "59": 41.04477611940298, "60": 44.89473684210526, "61": 42.588235294117645, "62": 43.26229508196721, "63": 46.223880597014926, "64": 44.57692307692308, "65": 40.75, "66": 44.339285714285715, "67": 45.36538461538461, "68": 47.56140350877193, "69": 41.13793103448276, "70": 43.682539682539684, "71": 42.69090909090909, "72": 40.19298245614035, "73": 43.76923076923077, "74": 45.906976744186046, "75": 45.026315789473685, "76": 41.77358490566038, "77": 42.4, "78": 43.07843137254902, "79": 42.8125, "80": 45.25, "81": 47.13333333333333, "82": 39.95348837209303, "83": 42.41860465116279, "84": 42.04, "85": 47.92307692307692, "86": 42.23076923076923, "87": 46.857142857142854, "88": 40.61224489795919,