{"p0": {"0": 10.0, "1": 10.0, "2": 10.0, "3": 10.0, "4": 10.0, "5": 10.0, "6": 10.0, "7": 10.0, "8": 10.0, "9": 10.0, "10": 10.0, "11": 10.0, "12": 10.0, "13": 10.0, "14": 10.0, "15": 10.0, "16": 10.0, "17": 10.0, "18": 10.0, "19": 10.0, "20": 10.0, "21": 10.0, "22": 10.0, "23": 10.0, "24": 10.0, "25": 10.0, "26": 10.0, "27": 10.0, "28": 10.0, "29": 10.0, "30": 10.0, "31": 10.0, "32": 10.0, "33": 10.0, "34": 10.0, "35": 10.0, "36": 10.0, "37": 10.0, "38": 10.0, "39": 10.0, "40": 10.0, "41": 10.0, "42": 10.0, "43": 10.0, "44": 10.0, "45": 10.0, "46": 10.0, "47": 10.0, "48": 10.0, "49": 10.0, "50": 10.0, "51": 10.0, "52": 10.0, "53": 10.0, "54": 99999.0, "55": 99999.0, "56": 99999.0, "57": 99999.0, "58": 99999.0}, "p1": {"0": 20.451167401228563, "1": 9.146788990825687, "2": 10.46875, "3": 12.980645161290322, "4": 16.193103448275863, "5": 19.182291666666668, "6": 21.806930693069308, "7": 19.711627906976744, "8": 20.326829268292684, "9": 20.556122448979593, "10": 20.223880597014926, "11": 19.889423076923077, "12": 19.81188118811881, "13": 20.087628865979383, "14": 21.462365591397848, "15": 19.810679611650485, "16": 21.134408602150536, "17": 21.349206349206348, "18": 20.911917098445596, "19": 21.607142857142858, "20": 20.45562130177515, "21": 19.896713615023476, "22": 20.903061224489797, "23": 21.855670103092784, "24": 20.7, "25": 20.567961165048544, "26": 19.559585492227978, "27": 20.536585365853657, "28": 21.16759776536313, "29": 21.022099447513813, "30": 21.327272727272728, "31": 20.411042944785276, "32": 20.81699346405229, "33": 20.80952380952381, "34": 22.22641509433962, "35": 21.29655172413793, "36": 20.793548387096774, "37": 19.86, "38": 20.821192052980134, "39": 21.177914110429448, "40": 21.022556390977442, "41": 20.40983606557377, "42": 20.50581395348837, "43": 22.317241379310346, "44": 21.437037037037037, "45": 22.11864406779661, "46": 21.846153846153847, "47": 21.51304347826087, "48": 22.68548387096774, "49": 21.396039603960396, "50": 19.56198347107438, "51": 18.990291262135923, "52": 20.83157894736842, "53": 21.784313725490197, "54": 20.318181818181817, "55": 19.102941176470587, "56": 23.944444444444443, "57": 26.363636363636363, "58": 27.151515151515152}, "p2": {"0": 36.82392377265922, "1": 18.210526315789473, "2": 27.327272727272728, "3": 25.166666666666668, "4": 27.570093457943926, "5": 27.657342657342657, "6": 34.15923566878981, "7": 34.93854748603352, "8": 37.24766355140187, "9": 38.4235807860262, "10": 38.095477386934675, "11": 37.9774011299435, "12": 38.140449438202246, "13": 37.30722891566265, "14": 35.75690607734806, "15": 36.64912280701754, "16": 39.68639053254438, "17": 38.27777777777778, "18": 39.74863387978142, "19": 38.0, "20": 37.19101123595506, "21": 37.895705521472394, "22": 37.86184210526316, "23": 37.78616352201258, "24": 39.27272727272727, "25": 37.121212121212125, "26": 36.563291139240505, "27": 37.550898203592816, "28": 36.467532467532465, "29": 38.946745562130175, "30": 38.224489795918366, "31": 38.28082191780822, "32": 38.73717948717949, "33": 37.71604938271605, "34": 38.071895424836605, "35": 40.352112676056336, "36": 37.0062893081761, "37": 37.69117647058823, "38": 37.89041095890411, "39": 38.02255639097744, "40": 36.75409836065574, "41": 37.75, "42": 37.93893129770992, "43": 37.023622047244096, "44": 38.13274336283186, "45": 38.091743119266056, "46": 36.205128205128204, "47": 36.83168316831683, "48": 38.0, "49": 39.111111111111114, "50": 40.44444444444444, "51": 36.67424242424242, "52": 37.54736842105263, "53": 35.848837209302324, "54": 37.142857142857146, "55": 37.46067415730337, "56": 37.714285714285715, "57": 44.483870967741936, "58": 43.64150943396226}, "p3": {"0": 47.69303974936899, "1": 25.61764705882353, "2": 30.78125, "3": 35.19444444444444, "4": 36.70454545454545, "5": 43.15, "6": 49.58469945355191, "7": 52.48066298342541, "8": 53.027624309392266, "9": 52.630208333333336, "10": 49.851063829787236, "11": 50.77777777777778, "12": 50.17256637168141, "13": 49.98395721925134, "14": 49.70103092783505, "15": 48.69186046511628, "16": 51.0531914893617, "17": 46.41463414634146, "18": 47.71764705882353, "19": 49.52095808383233, "20": 50.55688622754491, "21": 46.7682119205298, "22": 48.57142857142857, "23": 49.821917808219176, "24": 50.19444444444444, "25": 49.94578313253012, "26": 52.74305555555556, "27": 51.78030303030303, "28": 49.395348837209305, "29": 46.792, "30": 49.584, "31": 46.339285714285715, "32": 48.62015503875969, "33": 46.74193548387097, "34": 48.535714285714285, "35": 45.2, "36": 46.47872340425532, "37": 44.72043010752688, "38": 46.890243902439025, "39": 47.276595744680854, "40": 48.06521739130435, "41": 45.967032967032964, "42": 48.770833333333336, "43": 48.405797101449274, "44": 49.69230769230769, "45": 50.089285714285715, "46": 45.34722222222222, "47": 48.31944444444444, "48": 48.56410256410256, "49": 48.689655172413794, "50": 52.231884057971016, "51": 52.90909090909091, "52": 46.232142857142854, "53": 49.27906976744186, "54": 41.57142857142857, "55": 45.38636363636363, "56": 51.6875, "57": 48.94444444444444, "58": 56.03125}, "p4": {"0": 54.81187690796002, "1": 30.225108225108226, "2": 30.760330578512395, "3": 33.7578125, "4": 37.98765432098765, "5": 41.265625, "6": 47.672489082969435, "7": 46.63302752293578, "8": 52.349137931034484, "9": 48.911764705882355, "10": 47.765151515151516, "11": 44.968, "12": 44.059322033898304, "13": 45.60648148148148, "14": 47.717948717948715, "15": 43.4954128440367, "16": 47.264, "17": 47.38864628820961, "18": 48.59615384615385, "19": 48.02347417840375, "20": 49.132075471698116, "21": 50.33009708737864, "22": 52.77828054298642, "23": 48.3448275862069, "24": 50.26424870466321, "25": 48.92631578947368, "26": 48.52040816326531, "27": 52.344632768361585, "28": 50.99476439790576, "29": 53.35502958579882, "30": 52.01724137931034, "31": 54.96511627906977, "32": 57.1294964028777, "33": 54.557046979865774, "34": 60.99264705882353, "35": 55.60493827160494, "36": 54.62162162162162, "37": 57.95, "38": 56.288, "39": 61.02459016393443, "40": 56.008, "41": 61.541666666666664, "42": 57.69298245614035, "43": 58.01587301587302, "44": 64.24324324324324, "45": 67.91397849462365, "46": 66.81052631578947, "47": 62.69565217391305, "48": 65.30232558139535, "49": 60.2, "50": 67.41441441441441, "51": 68.65306122448979, "52": 66.15463917525773, "53": 69.77227722772277, "54": 67.40860215053763, "55": 70.45945945945945, "56": 69.17721518987342, "57": 88.71428571428571, "58": 86.32173913043478}, "p5": {"0": 63.40153557957248, "1": 63.40153557957248, "2": 63.40153557957248, "3": 63.40153557957248, "4": 63.40153557957248, "5": 62.74363636363636, "6": 62.89513108614232, "7": 63.14842300556586, "8": 63.10379241516966, "9": 62.297872340425535, "10": 62.99386503067485, "11": 62.61586638830898, "12": 63.14519427402863, "13": 62.622270742358076, "14": 63.130337078651685, "15": 63.230593607305934, "16": 63.22014051522248, "17": 62.50344827586207, "18": 63.10539215686274, "19": 62.784615384615385, "20": 62.766917293233085, "21": 62.92368421052632, "22": 64.57027027027027, "23": 64.2568306010929, "24": 63.23098591549296, "25": 63.91830985915493, "26": 62.493975903614455, "27": 62.76996805111821, "28": 62.56923076923077, "29": 62.68, "30": 63.66107382550336, "31": 64.128125, "32": 64.10197368421052, "33": 63.28125, "34": 63.60923076923077, "35": 63.271028037383175, "36": 62.94516129032258, "37": 63.08641975308642, "38": 63.09717868338558, "39": 62.89003436426117, "40": 63.33221476510067, "41": 63.94117647058823, "42": 63.55917159763314, "43": 64.01759530791789, "44": 64.42424242424242, "45": 64.9346590909091, "46": 64.96330275229357, "47": 64.34482758620689, "48": 63.9224376731302, "49": 63.83513513513513, "50": 63.707774798927616, "51": 63.87723785166241, "52": 64.05343511450381, "53": 63.68433734939759, "54": 63.17391304347826, "55": 63.45283018867924, "56": 63.42613636363637, "57": 63.60650887573964, "58": 63.63375796178344}}