{"p0": {"0": 10.0, "1": 10.0, "2": 10.0, "3": 10.0, "4": 10.0, "5": 10.0, "6": 10.0, "7": 10.0, "8": 10.0, "9": 10.0, "10": 10.0, "11": 10.0, "12": 10.0, "13": 10.0, "14": 10.0, "15": 10.0, "16": 10.0, "17": 10.0, "18": 10.0, "19": 10.0, "20": 10.0, "21": 10.0, "22": 10.0, "23": 10.0, "24": 10.0, "25": 10.0, "26": 10.0, "27": 10.0, "28": 10.0, "29": 10.0, "30": 10.0, "31": 10.0, "32": 10.0, "33": 10.0, "34": 10.0, "35": 10.0, "36": 10.0, "37": 10.0, "38": 10.0, "39": 10.0, "40": 10.0, "41": 10.0, "42": 10.0, "43": 10.0, "44": 10.0, "45": 10.0, "46": 10.0, "47": 10.0, "48": 10.0, "49": 10.0, "50": 10.0, "51": 99999.0, "52": 99999.0, "53": 99999.0, "54": 99999.0, "55": 99999.0}, "p1": {"0": 19.50829995364716, "1": 8.962962962962964, "2": 10.877551020408163, "3": 12.421875, "4": 15.986486486486486, "5": 18.51948051948052, "6": 20.778947368421054, "7": 19.65714285714286, "8": 22.472972972972972, "9": 16.515625, "10": 18.90909090909091, "11": 19.39344262295082, "12": 20.283783783783782, "13": 22.098591549295776, "14": 19.448275862068964, "15": 19.720588235294116, "16": 19.802197802197803, "17": 18.666666666666668, "18": 20.054054054054053, "19": 20.3855421686747, "20": 19.333333333333332, "21": 17.942028985507246, "22": 18.82191780821918, "23": 19.046153846153846, "24": 17.859154929577464, "25": 18.8875, "26": 20.349397590361445, "27": 17.694117647058825, "28": 20.225352112676056, "29": 17.591549295774648, "30": 19.64516129032258, "31": 20.758064516129032, "32": 19.44776119402985, "33": 18.4, "34": 20.93548387096774, "35": 18.75, "36": 21.112676056338028, "37": 21.397260273972602, "38": 22.34, "39": 21.076923076923077, "40": 21.655172413793103, "41": 18.44, "42": 21.34, "43": 24.448979591836736, "44": 20.23913043478261, "45": 22.375, "46": 21.896551724137932, "47": 21.96078431372549, "48": 23.823529411764707, "49": 21.470588235294116, "50": 18.479166666666668, "51": 17.767857142857142, "52": 17.86046511627907, "53": 15.619047619047619, "54": 23.11111111111111, "55": 25.9}, "p2": {"0": 30.54799796159982, "1": 7.0, "2": 12.625, "3": 16.54054054054054, "4": 21.813953488372093, "5": 23.15068493150685, "6": 25.51685393258427, "7": 29.797619047619047, "8": 33.8, "9": 29.142857142857142, "10": 30.391304347826086, "11": 30.168539325842698, "12": 28.8125, "13": 28.428571428571427, "14": 28.210526315789473, "15": 28.153846153846153, "16": 28.80327868852459, "17": 30.475, "18": 32.375, "19": 31.43661971830986, "20": 31.27777777777778, "21": 32.38461538461539, "22": 30.528301886792452, "23": 34.05, "24": 34.035714285714285, "25": 32.142857142857146, "26": 31.38888888888889, "27": 31.246376811594203, "28": 31.105263157894736, "29": 32.98461538461538, "30": 33.707692307692305, "31": 32.878787878787875, "32": 35.183098591549296, "33": 31.065217391304348, "34": 33.23529411764706, "35": 36.10526315789474, "36": 33.96666666666667, "37": 35.20754716981132, "38": 32.859375, "39": 31.24137931034483, "40": 34.953125, "41": 32.660377358490564, "42": 32.716981132075475, "43": 34.37735849056604, "44": 31.196428571428573, "45": 30.559322033898304, "46": 28.822580645161292, "47": 30.984375, "48": 31.586206896551722, "49": 30.192307692307693, "50": 29.096153846153847, "51": 31.58, "52": 33.09090909090909, "53": 33.054054054054056, "54": 43.12, "55": 38.91228070175438}, "p3": {"0": 48.77807160009157, "1": 18.75, "2": 29.0, "3": 51.47826086956522, "4": 48.12, "5": 53.719298245614034, "6": 60.77669902912621, "7": 57.976470588235294, "8": 58.03, "9": 54.68269230769231, "10": 55.67368421052632, "11": 52.588235294117645, "12": 55.227722772277225, "13": 55.142857142857146, "14": 55.27777777777778, "15": 55.594202898550726, "16": 55.0625, "17": 50.521126760563384, "18": 49.20634920634921, "19": 50.57142857142857, "20": 47.82432432432432, "21": 48.53225806451613, "22": 47.35064935064935, "23": 50.25, "24": 44.794117647058826, "25": 47.3, "26": 46.59090909090909, "27": 49.13559322033898, "28": 50.63157894736842, "29": 49.59574468085106, "30": 50.53448275862069, "31": 49.40909090909091, "32": 45.69090909090909, "33": 44.6530612244898, "34": 48.26, "35": 48.62264150943396, "36": 47.05084745762712, "37": 42.390243902439025, "38": 44.54054054054054, "39": 48.609756097560975, "40": 48.54054054054054, "41": 43.43859649122807, "42": 48.68888888888889, "43": 48.43396226415094, "44": 49.648648648648646, "45": 48.0, "46": 46.59574468085106, "47": 43.84090909090909, "48": 47.39622641509434, "49": 41.53488372093023, "50": 45.729729729729726, "51": 43.26923076923077, "52": 53.61290322580645, "53": 44.233333333333334, "54": 54.75, "55": 55.91428571428571}, "p4": {"0": 50.15832337165258, "1": 21.310344827586206, "2": 23.115384615384617, "3": 27.763157894736842, "4": 31.06756756756757, "5": 31.318181818181817, "6": 42.46808510638298, "7": 44.411764705882355, "8": 45.5, "9": 41.23157894736842, "10": 39.211009174311926, "11": 39.89010989010989, "12": 43.75581395348837, "13": 42.7125, "14": 45.63414634146341, "15": 47.747126436781606, "16": 38.75268817204301, "17": 44.34313725490196, "18": 43.392405063291136, "19": 50.97402597402598, "20": 48.371428571428574, "21": 46.810344827586206, "22": 51.95454545454545, "23": 50.432432432432435, "24": 51.94285714285714, "25": 51.22666666666667, "26": 56.41463414634146, "27": 50.036144578313255, "28": 51.36046511627907, "29": 50.5, "30": 51.342465753424655, "31": 55.74074074074074, "32": 53.17948717948718, "33": 49.2, "34": 54.74647887323944, "35": 44.672413793103445, "36": 49.784615384615385, "37": 51.698412698412696, "38": 51.28125, "39": 53.868852459016395, "40": 55.83870967741935, "41": 53.775862068965516, "42": 53.29032258064516, "43": 55.885714285714286, "44": 52.927536231884055, "45": 55.7887323943662, "46": 55.84615384615385, "47": 54.34848484848485, "48": 58.97142857142857, "49": 58.01449275362319, "50": 59.04838709677419, "51": 64.68, "52": 68.8076923076923, "53": 73.28947368421052, "54": 85.16666666666667, "55": 83.86486486486487}, "p5": {"0": 62.22810705461767, "1": 62.22810705461767, "2": 62.22810705461767, "3": 62.22810705461767, "4": 62.22810705461767, "5": 61.51376146788991, "6": 61.44075829383886, "7": 61.24561403508772, "8": 61.372972972972974, "9": 60.93877551020408, "10": 61.86842105263158, "11": 60.92146596858639, "12": 61.895604395604394, "13": 62.239263803680984, "14": 62.11464968152866, "15": 63.4527027027027, "16": 62.34306569343066, "17": 63.56923076923077, "18": 63.513698630136986, "19": 62.453416149068325, "20": 62.298701298701296, "21": 62.96103896103896, "22": 61.97452229299363, "23": 61.86754966887417, "24": 62.734693877551024, "25": 62.355704697986575, "26": 63.649253731343286, "27": 63.4921875, "28": 64.01754385964912, "29": 64.22680412371135, "30": 61.935483870967744, "31": 63.52991452991453, "32": 63.01587301587302, "33": 62.02614379084967, "34": 61.98816568047337, "35": 62.2171052631579, "36": 62.24025974025974, "37": 62.020833333333336, "38": 62.09219858156028, "39": 60.701298701298704, "40": 60.59375, "41": 61.71895424836601, "42": 60.80503144654088, "43": 61.349112426035504, "44": 61.77852348993289, "45": 61.34705882352941, "46": 62.900621118012424, "47": 61.40880503144654, "48": 61.63636363636363, "49": 62.457364341085274, "50": 62.2043795620438, "51": 62.950819672131146, "52": 61.61818181818182, "53": 62.560344827586206, "54": 63.075471698113205, "55": 63.0}}