{"p0": {"0": 10.0, "1": 10.0, "2": 10.0, "3": 10.0, "4": 10.0, "5": 10.0, "6": 10.0, "7": 10.0, "8": 10.0, "9": 10.0, "10": 10.0, "11": 10.0, "12": 10.0, "13": 10.0, "14": 10.0, "15": 10.0, "16": 10.0, "17": 10.0, "18": 10.0, "19": 10.0, "20": 10.0, "21": 10.0, "22": 10.0, "23": 10.0, "24": 10.0, "25": 10.0, "26": 10.0, "27": 10.0, "28": 10.0, "29": 10.0, "30": 10.0, "31": 10.0, "32": 10.0, "33": 10.0, "34": 10.0, "35": 10.0, "36": 10.0, "37": 10.0, "38": 10.0, "39": 10.0, "40": 10.0, "41": 10.0, "42": 10.0, "43": 10.0, "44": 10.0, "45": 10.0, "46": 10.0, "47": 10.0, "48": 10.0, "49": 10.0, "50": 10.0, "51": 10.0, "52": 10.0, "53": 10.0, "54": 10.0, "55": 10.0, "56": 10.0, "57": 10.0, "58": 10.0, "59": 10.0, "60": 10.0, "61": 10.0, "62": 10.0, "63": 10.0, "64": 10.0, "65": 10.0, "66": 10.0, "67": 10.0, "68": 10.0, "69": 10.0, "70": 10.0, "71": 10.0, "72": 10.0, "73": 10.0, "74": 10.0, "75": 10.0, "76": 10.0, "77": 10.0, "78": 10.0, "79": 10.0, "80": 10.0, "81": 10.0, "82": 10.0, "83": 10.0, "84": 99999.0, "85": 99999.0, "86": 99999.0, "87": 99999.0, "88": 99999.0}, "p1": {"0": 23.780359266674893, "1": 11.125, "2": 12.26530612244898, "3": 14.402985074626866, "4": 19.428571428571427, "5": 22.205607476635514, "6": 23.224489795918366, "7": 24.024390243902438, "8": 23.491071428571427, "9": 23.295652173913044, "10": 21.923664122137403, "11": 22.954128440366972, "12": 23.438356164383563, "13": 25.916083916083917, "14": 23.62135922330097, "15": 22.733870967741936, "16": 24.859154929577464, "17": 24.445454545454545, "18": 25.59016393442623, "19": 25.950413223140497, "20": 24.066037735849058, "21": 22.46728971962617, "22": 24.954198473282442, "23": 24.285714285714285, "24": 23.367346938775512, "25": 24.782608695652176, "26": 25.309352517985612, "27": 24.29090909090909, "28": 27.57391304347826, "29": 26.688172043010752, "30": 26.991869918699187, "31": 24.388349514563107, "32": 23.436781609195403, "33": 25.372093023255815, "34": 24.66, "35": 24.98148148148148, "36": 25.01086956521739, "37": 26.12121212121212, "38": 25.447916666666668, "39": 24.059405940594058, "40": 24.901234567901234, "41": 25.839506172839506, "42": 24.666666666666668, "43": 24.075949367088608, "44": 24.666666666666668, "45": 25.9126213592233, "46": 25.2, "47": 25.282608695652176, "48": 25.225, "49": 26.273972602739725, "50": 25.390243902439025, "51": 24.17105263157895, "52": 25.628205128205128, "53": 24.375, "54": 24.93243243243243, "55": 27.246753246753247, "56": 23.419753086419753, "57": 25.12162162162162, "58": 22.567164179104477, "59": 26.390243902439025, "60": 24.13235294117647, "61": 24.241935483870968, "62": 24.91358024691358, "63": 24.710843373493976, "64": 24.397260273972602, "65": 23.177419354838708, "66": 26.464285714285715, "67": 23.81132075471698, "68": 23.953125, "69": 23.064102564102566, "70": 22.14516129032258, "71": 23.214285714285715, "72": 25.166666666666668, "73": 21.97142857142857, "74": 23.782608695652176, "75": 22.089285714285715, "76": 20.78125, "77": 24.483870967741936, "78": 23.10169491525424, "79": 22.735849056603772, "80": 21.19607843137255, "81": 22.576271186440678, "82": 21.203703703703702, "83": 19.878048780487806, "84": 22.45, "85": 20.548387096774192, "86": 23.97142857142857, "87": 25.571428571428573, "88": 28.5}, "p2": {"0": 29.0441017216658, "1": 14.074074074074074, "2": 18.72222222222222, "3": 19.46875, "4": 18.467391304347824, "5": 23.350877192982455, "6": 30.834645669291337, "7": 31.183673469387756, "8": 32.11940298507463, "9": 31.232876712328768, "10": 30.896825396825395, "11": 33.5546875, "12": 28.876106194690266, "13": 30.021505376344088, "14": 27.675, "15": 30.21276595744681, "16": 28.508333333333333, "17": 26.25242718446602, "18": 28.388429752066116, "19": 30.964912280701753, "20": 30.67543859649123, "21": 28.841666666666665, "22": 28.84158415841584, "23": 31.58823529411765, "24": 27.321100917431192, "25": 31.46846846846847, "26": 27.77659574468085, "27": 28.375, "28": 28.284313725490197, "29": 29.49514563106796, "30": 26.419047619047618, "31": 29.83653846153846, "32": 28.3265306122449, "33": 26.25, "34": 29.212389380530972, "35": 27.471698113207548, "36": 28.652631578947368, "37": 31.48936170212766, "38": 28.186046511627907, "39": 28.04950495049505, "40": 27.375, "41": 27.69811320754717, "42": 29.29032258064516, "43": 29.897959183673468, "44": 29.65934065934066, "45": 28.932692307692307, "46": 27.333333333333332, "47": 27.0752688172043, "48": 28.66304347826087, "49": 27.514851485148515, "50": 28.718446601941746, "51": 27.544444444444444, "52": 27.923809523809524, "53": 27.940594059405942, "54": 28.844444444444445, "55": 28.71590909090909, "56": 27.357894736842105, "57": 29.320388349514563, "58": 30.4, "59": 31.627659574468087, "60": 27.806451612903224, "61": 29.978947368421053, "62": 28.514563106796118, "63": 29.329896907216494, "64": 30.761363636363637, "65": 30.6375, "66": 28.05952380952381, "67": 25.771428571428572, "68": 28.641975308641975, "69": 28.091836734693878, "70": 30.4, "71": 33.47959183673469, "72": 29.989247311827956, "73": 31.65753424657534, "74": 30.4, "75": 30.988505747126435, "76": 27.21794871794872, "77": 31.886363636363637, "78": 29.80246913580247, "79": 26.4375, "80": 30.326315789473686, "81": 29.408450704225352, "82": 28.571428571428573, "83": 32.109375, "84": 34.6, "85": 33.56896551724138, "86": 30.25, "87": 43.95238095238095, "88": 40.041666666666664}, "p3": {"0": 37.47007886510478, "1": 12.782608695652174, "2": 16.984848484848484, "3": 22.641025641025642, "4": 26.147368421052633, "5": 34.10280373831776, "6": 40.02758620689655, "7": 40.375, "8": 42.59872611464968, "9": 40.44505494505494, "10": 41.4311377245509, "11": 37.910614525139664, "12": 39.21714285714286, "13": 39.888888888888886, "14": 38.074829931972786, "15": 40.22435897435897, "16": 38.7557251908397, "17": 40.46456692913386, "18": 39.93939393939394, "19": 37.58974358974359, "20": 44.785714285714285, "21": 41.96, "22": 36.974137931034484, "23": 38.16783216783217, "24": 38.4765625, "25": 44.492537313432834, "26": 44.8125, "27": 39.26829268292683, "28": 44.43298969072165, "29": 39.925619834710744, "30": 38.91240875912409, "31": 41.31132075471698, "32": 37.24770642201835, "33": 39.41379310344828, "34": 41.92035398230089, "35": 41.666666666666664, "36": 40.990566037735846, "37": 39.00970873786408, "38": 36.47663551401869, "39": 39.41284403669725, "40": 39.91919191919192, "41": 36.07, "42": 40.92631578947368, "43": 39.47872340425532, "44": 40.333333333333336, "45": 37.396039603960396, "46": 37.52808988764045, "47": 33.62608695652174, "48": 35.80555555555556, "49": 39.11578947368421, "50": 35.77173913043478, "51": 37.891304347826086, "52": 36.816326530612244, "53": 41.03225806451613, "54": 36.97872340425532, "55": 36.75268817204301, "56": 40.064516129032256, "57": 36.61363636363637, "58": 39.241379310344826, "59": 35.53658536585366, "60": 39.67567567567568, "61": 34.25242718446602, "62": 36.976470588235294, "63": 30.956521739130434, "64": 30.6875, "65": 34.06185567010309, "66": 33.235955056179776, "67": 37.023809523809526, "68": 35.45882352941177, "69": 33.835443037974684, "70": 33.521126760563384, "71": 36.984848484848484, "72": 30.333333333333332, "73": 33.140845070422536, "74": 36.906666666666666, "75": 31.953846153846154, "76": 34.57692307692308, "77": 37.214285714285715, "78": 39.09375, "79": 36.231884057971016, "80": 37.12244897959184, "81": 33.285714285714285, "82": 37.74193548387097, "83": 33.89090909090909, "84": 33.629629629629626, "85": 38.702127659574465, "86": 38.04761904761905, "87": 54.666666666666664, "88": 58.0}, "p4": {"0": 63.45306174318959, "1": 25.142857142857142, "2": 28.328767123287673, "3": 27.6375, "4": 29.169811320754718, "5": 43.62992125984252, "6": 53.04571428571428, "7": 55.37391304347826, "8": 56.953125, "9": 54.84018264840183, "10": 52.28508771929825, "11": 52.86448598130841, "12": 52.96943231441048, "13": 56.05309734513274, "14": 55.07070707070707, "15": 52.81182795698925, "16": 51.21028037383178, "17": 56.366336633663366,