{"p0": {"0": 10.0, "1": 10.0, "2": 10.0, "3": 10.0, "4": 10.0, "5": 10.0, "6": 10.0, "7": 10.0, "8": 10.0, "9": 10.0, "10": 10.0, "11": 10.0, "12": 10.0, "13": 10.0, "14": 10.0, "15": 10.0, "16": 10.0, "17": 10.0, "18": 10.0, "19": 10.0, "20": 10.0, "21": 10.0, "22": 10.0, "23": 10.0, "24": 10.0, "25": 10.0, "26": 10.0, "27": 10.0, "28": 10.0, "29": 10.0, "30": 10.0, "31": 10.0, "32": 10.0, "33": 10.0, "34": 10.0, "35": 10.0, "36": 10.0, "37": 10.0, "38": 10.0, "39": 10.0, "40": 10.0, "41": 10.0, "42": 10.0, "43": 10.0, "44": 10.0, "45": 10.0, "46": 10.0, "47": 10.0, "48": 10.0, "49": 10.0, "50": 10.0, "51": 10.0, "52": 10.0, "53": 10.0, "54": 10.0, "55": 10.0, "56": 10.0, "57": 10.0, "58": 10.0, "59": 10.0, "60": 10.0, "61": 10.0, "62": 10.0, "63": 10.0, "64": 10.0, "65": 10.0, "66": 10.0, "67": 10.0, "68": 10.0, "69": 10.0, "70": 10.0, "71": 10.0, "72": 10.0, "73": 10.0, "74": 10.0, "75": 10.0, "76": 10.0, "77": 99999.0, "78": 99999.0, "79": 99999.0}, "p1": {"0": 21.9002459511269, "1": 11.208333333333334, "2": 13.926315789473684, "3": 14.23134328358209, "4": 19.20740740740741, "5": 20.248175182481752, "6": 24.924137931034483, "7": 25.27536231884058, "8": 24.54074074074074, "9": 24.236363636363638, "10": 24.328125, "11": 24.04724409448819, "12": 23.69402985074627, "13": 24.354430379746834, "14": 24.514492753623188, "15": 24.353383458646615, "16": 23.516129032258064, "17": 24.27, "18": 23.68548387096774, "19": 25.291338582677167, "20": 23.865671641791046, "21": 23.82300884955752, "22": 24.213675213675213, "23": 23.104, "24": 22.031007751937985, "25": 23.745454545454546, "26": 21.712, "27": 21.18032786885246, "28": 22.80314960629921, "29": 19.841666666666665, "30": 22.213333333333335, "31": 21.247863247863247, "32": 21.46086956521739, "33": 21.333333333333332, "34": 22.719298245614034, "35": 21.811023622047244, "36": 21.007518796992482, "37": 20.484615384615385, "38": 21.64566929133858, "39": 21.03030303030303, "40": 21.64957264957265, "41": 20.68702290076336, "42": 22.73228346456693, "43": 23.682242990654206, "44": 23.26271186440678, "45": 24.019801980198018, "46": 22.556603773584907, "47": 22.53913043478261, "48": 21.102040816326532, "49": 22.153846153846153, "50": 23.051546391752577, "51": 23.703703703703702, "52": 22.1734693877551, "53": 21.363636363636363, "54": 22.21794871794872, "55": 22.045045045045047, "56": 21.2, "57": 21.849056603773583, "58": 21.24742268041237, "59": 21.721649484536083, "60": 21.514018691588785, "61": 22.211111111111112, "62": 22.404761904761905, "63": 22.311827956989248, "64": 21.597701149425287, "65": 21.110169491525422, "66": 21.458333333333332, "67": 22.19148936170213, "68": 20.27659574468085, "69": 22.048780487804876, "70": 21.144329896907216, "71": 20.9010989010989, "72": 20.483516483516482, "73": 18.568181818181817, "74": 20.022727272727273, "75": 17.79268292682927, "76": 18.52542372881356, "77": 14.604651162790697, "78": 27.666666666666668, "79": 27.2}, "p2": {"0": 33.81681032316999, "1": 13.622222222222222, "2": 11.466666666666667, "3": 17.45, "4": 20.854545454545455, "5": 25.55, "6": 26.118181818181817, "7": 30.776923076923076, "8": 32.44512195121951, "9": 31.192090395480225, "10": 32.672222222222224, "11": 32.98192771084337, "12": 33.014084507042256, "13": 30.96923076923077, "14": 30.703703703703702, "15": 30.693430656934307, "16": 29.977777777777778, "17": 30.28965517241379, "18": 28.87786259541985, "19": 29.73125, "20": 30.037974683544302, "21": 31.92105263157895, "22": 34.01863354037267, "23": 33.76106194690266, "24": 34.71851851851852, "25": 31.118055555555557, "26": 33.84375, "27": 33.761538461538464, "28": 34.01481481481481, "29": 32.23893805309734, "30": 33.43884892086331, "31": 33.95783132530121, "32": 32.96774193548387, "33": 34.12213740458015, "34": 37.76377952755905, "35": 35.152671755725194, "36": 35.90769230769231, "37": 35.900826446280995, "38": 35.08759124087591, "39": 34.992063492063494, "40": 34.59322033898305, "41": 36.22142857142857, "42": 35.948905109489054, "43": 34.9020979020979, "44": 35.96052631578947, "45": 36.385714285714286, "46": 37.358620689655176, "47": 35.21848739495798, "48": 36.24203821656051, "49": 36.36842105263158, "50": 37.13513513513514, "51": 35.944, "52": 34.698113207547166, "53": 36.026785714285715, "54": 37.31967213114754, "55": 37.981651376146786, "56": 35.77049180327869, "57": 35.17307692307692, "58": 34.023622047244096, "59": 35.31132075471698, "60": 36.8130081300813, "61": 36.683673469387756, "62": 36.38053097345133, "63": 37.96363636363636, "64": 37.73863636363637, "65": 36.373831775700936, "66": 35.388888888888886, "67": 36.275862068965516, "68": 34.86363636363637, "69": 36.32142857142857, "70": 37.739495798319325, "71": 38.72115384615385, "72": 38.213592233009706, "73": 33.99107142857143, "74": 35.06122448979592, "75": 35.69318181818182, "76": 38.18181818181818, "77": 41.81333333333333, "78": 45.51851851851852, "79": 45.09574468085106}, "p3": {"0": 36.38320230902191, "1": 36.38320230902191, "2": 36.38320230902191, "3": 36.796460176991154, "4": 36.56410256410256, "5": 36.41422594142259, "6": 35.853658536585364, "7": 36.136546184738954, "8": 36.48314606741573, "9": 35.78709677419355, "10": 36.395894428152495, "11": 36.13428571428572, "12": 36.249283667621775, "13": 36.16524216524216, "14": 36.23098591549296, "15": 36.225352112676056, "16": 36.33053221288515, "17": 36.70820668693009, "18": 36.90449438202247, "19": 36.809798270893374, "20": 36.898648648648646, "21": 36.86708860759494, "22": 36.97241379310345, "23": 36.458781362007166, "24": 36.55670103092783, "25": 36.32646048109966, "26": 36.78947368421053, "27": 36.908088235294116, "28": 36.39068100358423, "29": 36.70034843205575, "30": 36.696296296296296, "31": 36.38039215686275, "32": 36.150375939849624, "33": 35.75590551181102, "34": 35.99603174603175, "35": 36.71836734693878, "36": 37.05957446808511, "37": 36.94142259414226, "38": 36.46733668341709, "39": 36.915841584158414, "40": 36.83410138248848, "41": 36.04838709677419, "42": 36.01951219512195, "43": 36.083333333333336, "44": 35.582644628099175, "45": 36.05555555555556, "46": 35.89930555555556, "47": 35.8443579766537, "48": 35.840466926070036, "49": 35.85130111524163, "50": 35.89310344827586, "51": 35.791519434628974, "52": 35.66909090909091, "53": 36.36131386861314, "54": 36.12540192926045, "55": 36.501597444089455, "56": 36.81918819188192, "57": 37.05327868852459, "58": 36.75645756457565, "59": 37.348017621145374, "60": 37.17131474103586, "61": 36.71804511278196, "62": 36.274809160305345, "63": 36.62213740458015, "64": 36.74295774647887, "65": 36.048507462686565, "66": 36.22382671480145, "67": 36.954385964912284, "68": 36.298701298701296, "69": 36.26948051948052, "70": 36.23426573426573, "71": 36.78181818181818, "72": 36.7752808988764, "73": 36.52, "74": 35.534351145038165, "75": 36.317460317460316, "76": 36.015810276679844, "77": 36.25, "78": 35.74545454545454, "79": 35.49049429657795}}