{"p0": {"0": 10.0, "1": 10.0, "2": 10.0, "3": 10.0, "4": 10.0, "5": 10.0, "6": 10.0, "7": 10.0, "8": 10.0, "9": 10.0, "10": 10.0, "11": 10.0, "12": 10.0, "13": 10.0, "14": 10.0, "15": 10.0, "16": 10.0, "17": 10.0, "18": 10.0, "19": 10.0, "20": 10.0, "21": 10.0, "22": 10.0, "23": 10.0, "24": 10.0, "25": 10.0, "26": 10.0, "27": 10.0, "28": 10.0, "29": 10.0, "30": 10.0, "31": 10.0, "32": 10.0, "33": 10.0, "34": 10.0, "35": 10.0, "36": 10.0, "37": 10.0, "38": 10.0, "39": 10.0, "40": 10.0, "41": 10.0, "42": 10.0, "43": 10.0, "44": 10.0, "45": 10.0, "46": 10.0, "47": 10.0, "48": 10.0, "49": 10.0, "50": 10.0, "51": 10.0, "52": 10.0, "53": 10.0, "54": 10.0, "55": 10.0, "56": 10.0, "57": 10.0, "58": 10.0, "59": 10.0, "60": 10.0, "61": 99999.0, "62": 99999.0, "63": 99999.0}, "p1": {"0": 17.16510185816272, "1": 3.6222222222222222, "2": 7.512820512820513, "3": 8.92258064516129, "4": 12.154320987654321, "5": 15.092391304347826, "6": 17.83783783783784, "7": 17.412903225806453, "8": 18.266666666666666, "9": 17.23404255319149, "10": 16.23448275862069, "11": 15.523809523809524, "12": 16.211267605633804, "13": 17.611570247933884, "14": 18.73548387096774, "15": 19.544642857142858, "16": 17.523809523809526, "17": 19.62992125984252, "18": 18.727941176470587, "19": 19.008333333333333, "20": 19.844961240310077, "21": 18.8359375, "22": 19.807947019867548, "23": 16.535087719298247, "24": 18.930232558139537, "25": 18.016, "26": 17.840336134453782, "27": 18.949579831932773, "28": 18.233576642335766, "29": 18.161290322580644, "30": 19.17391304347826, "31": 17.443548387096776, "32": 18.7265625, "33": 17.0990990990991, "34": 18.536, "35": 17.728155339805824, "36": 16.027522935779817, "37": 17.181818181818183, "38": 17.376344086021504, "39": 18.48913043478261, "40": 18.172727272727272, "41": 18.093023255813954, "42": 17.0, "43": 19.232323232323232, "44": 19.63809523809524, "45": 17.615384615384617, "46": 18.193181818181817, "47": 18.225490196078432, "48": 17.505494505494507, "49": 19.037037037037038, "50": 18.617283950617285, "51": 17.726315789473684, "52": 17.214285714285715, "53": 17.29032258064516, "54": 18.288888888888888, "55": 18.308641975308642, "56": 18.72463768115942, "57": 14.35576923076923, "58": 14.4, "59": 12.627118644067796, "60": 11.0, "61": 12.391304347826088, "62": 24.0, "63": 24.0}, "p2": {"0": 31.76431815476219, "1": 13.891428571428571, "2": 15.813333333333333, "3": 16.168539325842698, "4": 20.07547169811321, "5": 23.33116883116883, "6": 25.217821782178216, "7": 25.857142857142858, "8": 30.515, "9": 29.574074074074073, "10": 27.87878787878788, "11": 30.03187250996016, "12": 28.754032258064516, "13": 28.84234234234234, "14": 28.072222222222223, "15": 29.02912621359223, "16": 28.328358208955223, "17": 28.004716981132077, "18": 27.26732673267327, "19": 29.45673076923077, "20": 30.038297872340426, "21": 29.339622641509433, "22": 28.85786802030457, "23": 31.123076923076923, "24": 29.62087912087912, "25": 31.13131313131313, "26": 29.262032085561497, "27": 31.130434782608695, "28": 32.567251461988306, "29": 33.88108108108108, "30": 35.0, "31": 34.01851851851852, "32": 33.98235294117647, "33": 34.20858895705521, "34": 35.496855345911946, "35": 33.91975308641975, "36": 33.08955223880597, "37": 35.03932584269663, "38": 33.96808510638298, "39": 34.0, "40": 35.3984962406015, "41": 36.16216216216216, "42": 34.08974358974359, "43": 32.666666666666664, "44": 35.132075471698116, "45": 34.71612903225807, "46": 34.88961038961039, "47": 36.611111111111114, "48": 36.62264150943396, "49": 34.439490445859875, "50": 34.968152866242036, "51": 34.37931034482759, "52": 35.38297872340426, "53": 35.2317880794702, "54": 33.77777777777778, "55": 33.70198675496689, "56": 34.78616352201258, "57": 35.033112582781456, "58": 35.273972602739725, "59": 39.06875, "60": 38.14705882352941, "61": 38.203252032520325, "62": 43.479166666666664, "63": 43.2060606060606}, "p3": {"0": 38.01119960077008, "1": 38.01119960077008, "2": 38.01119960077008, "3": 37.280701754385966, "4": 37.51111111111111, "5": 38.016260162601625, "6": 37.921875, "7": 37.91919191919192, "8": 38.10344827586207, "9": 38.17488789237668, "10": 37.96535796766744, "11": 38.07936507936508, "12": 37.908315565031984, "13": 37.79318181818182, "14": 37.50593824228029, "15": 37.832904884318765, "16": 37.77339901477833, "17": 37.59154929577465, "18": 37.45939086294416, "19": 37.836676217765046, "20": 38.39313984168865, "21": 38.22047244094488, "22": 38.24742268041237, "23": 38.152815013404826, "24": 38.21652421652421, "25": 38.63760217983651, "26": 37.542319749216304, "27": 37.42603550295858, "28": 37.87850467289719, "29": 37.21383647798742, "30": 37.49650349650349, "31": 38.08880308880309, "32": 38.172413793103445, "33": 38.111524163568774, "34": 38.283018867924525, "35": 37.82014388489208, "36": 38.37543859649123, "37": 38.074829931972786, "38": 37.83946488294314, "39": 38.397590361445786, "40": 38.760736196319016, "41": 38.610619469026545, "42": 38.448680351906155, "43": 38.70238095238095, "44": 38.30277777777778, "45": 38.08985507246377, "46": 38.644444444444446, "47": 38.5880829015544, "48": 38.01570680628272, "49": 39.217983651226156, "50": 38.68010752688172, "51": 38.2367758186398, "52": 38.46739130434783, "53": 37.67379679144385, "54": 38.23032069970846, "55": 37.864615384615384, "56": 38.091412742382275, "57": 37.97877984084881, "58": 37.82335329341317, "59": 37.333333333333336, "60": 36.99025974025974, "61": 37.310344827586206, "62": 37.649253731343286, "63": 37.710204081632654}}