{"p0": {"0": 10.0, "1": 10.0, "2": 10.0, "3": 10.0, "4": 10.0, "5": 10.0, "6": 10.0, "7": 10.0, "8": 10.0, "9": 10.0, "10": 10.0, "11": 10.0, "12": 10.0, "13": 10.0, "14": 10.0, "15": 10.0, "16": 10.0, "17": 10.0, "18": 10.0, "19": 10.0, "20": 10.0, "21": 10.0, "22": 10.0, "23": 10.0, "24": 10.0, "25": 10.0, "26": 10.0, "27": 10.0, "28": 10.0, "29": 10.0, "30": 10.0, "31": 10.0, "32": 10.0, "33": 10.0, "34": 10.0, "35": 10.0, "36": 10.0, "37": 10.0, "38": 10.0, "39": 10.0, "40": 10.0, "41": 10.0, "42": 10.0, "43": 10.0, "44": 10.0, "45": 10.0, "46": 10.0, "47": 10.0, "48": 10.0, "49": 10.0, "50": 10.0, "51": 10.0, "52": 10.0, "53": 10.0, "54": 10.0, "55": 10.0, "56": 10.0, "57": 10.0, "58": 10.0, "59": 10.0, "60": 10.0, "61": 10.0, "62": 10.0, "63": 10.0, "64": 10.0, "65": 10.0, "66": 10.0, "67": 10.0, "68": 10.0, "69": 10.0, "70": 99999.0, "71": 99999.0, "72": 99999.0}, "p1": {"0": 19.088839308190625, "1": 4.769230769230769, "2": 10.464646464646465, "3": 12.901639344262295, "4": 18.727272727272727, "5": 20.69811320754717, "6": 24.90909090909091, "7": 22.504950495049506, "8": 21.303030303030305, "9": 21.20212765957447, "10": 18.897959183673468, "11": 20.560747663551403, "12": 21.705479452054796, "13": 21.12295081967213, "14": 22.9140625, "15": 22.495495495495497, "16": 21.295238095238094, "17": 20.53921568627451, "18": 21.257731958762886, "19": 20.166666666666668, "20": 23.410526315789475, "21": 20.934782608695652, "22": 19.59090909090909, "23": 19.54700854700855, "24": 20.68041237113402, "25": 19.95959595959596, "26": 19.010309278350515, "27": 20.625, "28": 20.72641509433962, "29": 19.90909090909091, "30": 19.333333333333332, "31": 19.1588785046729, "32": 22.425742574257427, "33": 18.649484536082475, "34": 20.42156862745098, "35": 17.99009900990099, "36": 18.928571428571427, "37": 19.05, "38": 20.239583333333332, "39": 19.24468085106383, "40": 20.2375, "41": 19.353658536585368, "42": 18.46808510638298, "43": 18.6734693877551, "44": 19.85542168674699, "45": 19.746478873239436, "46": 19.74074074074074, "47": 18.464788732394368, "48": 22.272727272727273, "49": 18.857142857142858, "50": 17.876288659793815, "51": 15.704081632653061, "52": 18.315068493150687, "53": 18.246753246753247, "54": 19.47222222222222, "55": 18.927710843373493, "56": 21.367088607594937, "57": 19.9375, "58": 19.14864864864865, "59": 19.933333333333334, "60": 20.430555555555557, "61": 18.585714285714285, "62": 18.93243243243243, "63": 19.29850746268657, "64": 19.0, "65": 18.376623376623378, "66": 16.426829268292682, "67": 15.064935064935066, "68": 13.063492063492063, "69": 15.289473684210526, "70": 15.235294117647058, "71": 12.6, "72": 19.22222222222222}, "p2": {"0": 31.805659099019913, "1": 8.159663865546218, "2": 9.788732394366198, "3": 13.765625, "4": 14.135416666666666, "5": 20.615384615384617, "6": 21.663636363636364, "7": 25.236024844720497, "8": 25.296703296703296, "9": 28.459627329192546, "10": 29.575757575757574, "11": 28.117283950617285, "12": 27.035211267605632, "13": 25.419354838709676, "14": 27.54605263157895, "15": 27.485507246376812, "16": 24.55639097744361, "17": 25.924242424242426, "18": 29.67241379310345, "19": 31.87142857142857, "20": 30.634328358208954, "21": 28.076923076923077, "22": 30.666666666666668, "23": 27.448529411764707, "24": 28.942446043165468, "25": 28.42281879194631, "26": 31.30534351145038, "27": 31.26890756302521, "28": 33.05035971223022, "29": 32.0078125, "30": 33.86821705426357, "31": 32.50806451612903, "32": 34.07377049180328, "33": 34.34782608695652, "34": 33.93693693693694, "35": 35.0, "36": 34.31304347826087, "37": 35.82178217821782, "38": 36.552845528455286, "39": 35.03649635036496, "40": 35.295081967213115, "41": 36.26271186440678, "42": 32.609022556390975, "43": 36.0, "44": 35.0, "45": 36.47933884297521, "46": 37.93877551020408, "47": 34.136, "48": 34.78504672897196, "49": 34.446280991735534, "50": 34.2992700729927, "51": 35.69911504424779, "52": 36.29770992366412, "53": 37.125984251968504, "54": 36.43103448275862, "55": 35.96350364963504, "56": 36.33606557377049, "57": 35.10280373831776, "58": 36.672413793103445, "59": 35.36283185840708, "60": 35.378151260504204, "61": 33.902654867256636, "62": 35.77049180327869, "63": 36.336363636363636, "64": 37.351851851851855, "65": 33.31858407079646, "66": 37.73728813559322, "67": 34.52892561983471, "68": 37.162393162393165, "69": 39.756521739130434, "70": 37.883720930232556, "71": 45.22857142857143, "72": 41.8013698630137}, "p3": {"0": 36.47891543503683, "1": 36.47891543503683, "2": 36.47891543503683, "3": 36.43793103448276, "4": 36.582608695652176, "5": 36.5, "6": 36.18575063613232, "7": 36.5525, "8": 36.37810945273632, "9": 36.31325301204819, "10": 36.345882352941175, "11": 36.27212389380531, "12": 36.16379310344828, "13": 36.26419213973799, "14": 36.18082788671024, "15": 36.30549450549451, "16": 36.467532467532465, "17": 36.31346578366446, "18": 36.34313725490196, "19": 36.51477832512315, "20": 36.46347607052897, "21": 36.36082474226804, "22": 36.463215258855584, "23": 36.38505747126437, "24": 36.5730659025788, "25": 36.42011834319526, "26": 36.08843537414966, "27": 36.154411764705884, "28": 35.89605734767025, "29": 35.85496183206107, "30": 35.876363636363635, "31": 36.18819188191882, "32": 36.444866920152094, "33": 36.09128630705394, "34": 36.8936170212766, "35": 36.81944444444444, "36": 36.5, "37": 37.27619047619048, "38": 37.03243243243243, "39": 37.15111111111111, "40": 37.38495575221239, "41": 37.18217054263566, "42": 37.27106227106227, "43": 36.890151515151516, "44": 37.401433691756274, "45": 37.167272727272724, "46": 36.929577464788736, "47": 37.0064308681672, "48": 36.22923588039867, "49": 36.496875, "50": 36.227722772277225, "51": 36.31464174454829, "52": 36.045901639344265, "53": 36.42122186495177, "54": 36.075, "55": 36.627906976744185, "56": 36.3644578313253, "57": 35.986531986531986, "58": 36.075949367088604, "59": 36.28703703703704, "60": 36.12937062937063, "61": 36.701438848920866, "62": 36.5729537366548, "63": 36.494623655913976, "64": 36.87579617834395, "65": 36.49305555555556, "66": 36.609756097560975, "67": 36.40506329113924, "68": 36.202416918429, "69": 36.45592705167173, "70": 36.41993957703927, "71": 36.27743902439025, "72": 36.44625407166124}}