{"p0": {"0": 10.0, "1": 10.0, "2": 10.0, "3": 10.0, "4": 10.0, "5": 10.0, "6": 10.0, "7": 10.0, "8": 10.0, "9": 10.0, "10": 10.0, "11": 10.0, "12": 10.0, "13": 10.0, "14": 10.0, "15": 10.0, "16": 10.0, "17": 10.0, "18": 10.0, "19": 10.0, "20": 10.0, "21": 10.0, "22": 10.0, "23": 10.0, "24": 10.0, "25": 10.0, "26": 10.0, "27": 10.0, "28": 10.0, "29": 10.0, "30": 10.0, "31": 10.0, "32": 10.0, "33": 10.0, "34": 10.0, "35": 10.0, "36": 10.0, "37": 10.0, "38": 10.0, "39": 10.0, "40": 10.0, "41": 10.0, "42": 10.0, "43": 10.0, "44": 10.0, "45": 10.0, "46": 10.0, "47": 10.0, "48": 10.0, "49": 10.0, "50": 10.0, "51": 10.0, "52": 10.0, "53": 10.0, "54": 10.0, "55": 10.0, "56": 10.0, "57": 10.0, "58": 10.0, "59": 10.0, "60": 10.0, "61": 10.0, "62": 99999.0, "63": 99999.0, "64": 99999.0, "65": 99999.0}, "p1": {"0": 21.766948219634727, "1": 8.636363636363637, "2": 13.56140350877193, "3": 16.91566265060241, "4": 19.153153153153152, "5": 21.645833333333332, "6": 24.5, "7": 24.673076923076923, "8": 22.864583333333332, "9": 22.77777777777778, "10": 23.41747572815534, "11": 23.292035398230087, "12": 22.048076923076923, "13": 24.037037037037038, "14": 24.632478632478634, "15": 24.6875, "16": 22.740458015267176, "17": 23.62037037037037, "18": 23.575221238938052, "19": 23.188034188034187, "20": 24.228346456692915, "21": 24.155963302752294, "22": 24.18918918918919, "23": 23.825, "24": 23.62878787878788, "25": 22.72093023255814, "26": 24.12878787878788, "27": 22.166666666666668, "28": 22.008196721311474, "29": 24.341463414634145, "30": 22.735042735042736, "31": 21.06422018348624, "32": 22.045871559633028, "33": 21.99173553719008, "34": 20.81578947368421, "35": 21.567307692307693, "36": 22.294573643410853, "37": 22.466101694915253, "38": 22.98165137614679, "39": 22.7319587628866, "40": 22.5, "41": 21.380165289256198, "42": 23.508064516129032, "43": 21.36904761904762, "44": 21.185567010309278, "45": 20.566666666666666, "46": 21.53846153846154, "47": 21.65811965811966, "48": 20.608247422680414, "49": 21.977777777777778, "50": 21.329545454545453, "51": 21.634408602150536, "52": 22.827272727272728, "53": 20.75, "54": 20.740384615384617, "55": 20.53012048192771, "56": 20.677165354330707, "57": 20.926829268292682, "58": 20.82882882882883, "59": 21.065217391304348, "60": 20.0, "61": 20.038961038961038, "62": 18.887323943661972, "63": 19.55223880597015, "64": 19.755555555555556, "65": 22.96153846153846}, "p2": {"0": 37.054015743046484, "1": 10.75, "2": 24.72, "3": 24.98, "4": 26.096385542168676, "5": 29.545454545454547, "6": 37.320754716981135, "7": 37.824561403508774, "8": 40.34532374100719, "9": 38.64, "10": 39.35443037974684, "11": 39.46099290780142, "12": 37.65873015873016, "13": 39.138297872340424, "14": 38.51376146788991, "15": 36.09243697478992, "16": 36.22857142857143, "17": 37.752, "18": 37.91608391608391, "19": 36.847328244274806, "20": 36.36134453781513, "21": 37.75961538461539, "22": 38.35353535353536, "23": 35.8, "24": 37.7962962962963, "25": 36.226890756302524, "26": 37.80555555555556, "27": 38.9921875, "28": 41.40625, "29": 40.366336633663366, "30": 40.2, "31": 36.50485436893204, "32": 38.12820512820513, "33": 38.20338983050848, "34": 40.482142857142854, "35": 37.43269230769231, "36": 38.760416666666664, "37": 39.1, "38": 37.63265306122449, "39": 40.116279069767444, "40": 38.531531531531535, "41": 38.69298245614035, "42": 36.94444444444444, "43": 40.723404255319146, "44": 36.614583333333336, "45": 37.390977443609025, "46": 36.60919540229885, "47": 38.23809523809524, "48": 38.2970297029703, "49": 35.142857142857146, "50": 36.94285714285714, "51": 39.26086956521739, "52": 37.84466019417476, "53": 37.649484536082475, "54": 37.872727272727275, "55": 38.22222222222222, "56": 37.4, "57": 38.42857142857143, "58": 36.42857142857143, "59": 36.670731707317074, "60": 36.489583333333336, "61": 37.024096385542165, "62": 37.25757575757576, "63": 37.35, "64": 45.7, "65": 44.170212765957444}, "p3": {"0": 45.26345682287136, "1": 26.481012658227847, "2": 23.43548387096774, "3": 28.5625, "4": 31.31304347826087, "5": 38.95867768595041, "6": 43.58536585365854, "7": 45.271794871794874, "8": 42.63265306122449, "9": 42.78865979381443, "10": 40.01980198019802, "11": 43.15706806282723, "12": 42.173469387755105, "13": 41.11764705882353, "14": 43.06741573033708, "15": 40.22857142857143, "16": 40.20765027322405, "17": 41.93103448275862, "18": 45.2710843373494, "19": 43.65868263473054, "20": 42.18235294117647, "21": 45.257894736842104, "22": 44.52258064516129, "23": 40.424731182795696, "24": 38.705882352941174, "25": 42.506493506493506, "26": 44.705882352941174, "27": 44.19047619047619, "28": 42.63057324840764, "29": 44.27450980392157, "30": 46.48148148148148, "31": 45.91111111111111, "32": 46.96969696969697, "33": 45.90277777777778, "34": 44.12837837837838, "35": 48.70552147239264, "36": 49.278481012658226, "37": 45.35294117647059, "38": 48.01960784313726, "39": 46.95104895104895, "40": 49.878571428571426, "41": 48.93023255813954, "42": 47.45751633986928, "43": 45.55944055944056, "44": 47.714285714285715, "45": 52.36470588235294, "46": 48.712041884816756, "47": 47.82857142857143, "48": 49.19117647058823, "49": 48.19736842105263, "50": 47.355555555555554, "51": 49.80124223602485, "52": 44.52229299363057, "53": 48.352112676056336, "54": 50.434108527131784, "55": 52.13385826771653, "56": 52.81967213114754, "57": 49.925619834710744, "58": 50.614285714285714, "59": 47.32835820895522, "60": 48.101694915254235, "61": 50.077586206896555, "62": 51.582608695652176, "63": 54.21875, "64": 56.333333333333336, "65": 61.72566371681416}, "p4": {"0": 48.563862138966336, "1": 48.563862138966336, "2": 48.563862138966336, "3": 48.563862138966336, "4": 48.33763440860215, "5": 48.41841004184101, "6": 48.63711340206186, "7": 48.03238866396761, "8": 48.25423728813559, "9": 48.56694560669456, "10": 48.629778672032195, "11": 48.716599190283404, "12": 48.642857142857146, "13": 48.58974358974359, "14": 48.38008130081301, "15": 48.34232365145228, "16": 48.65, "17": 48.94144144144144, "18": 48.678733031674206, "19": 48.99322799097065, "20": 48.29596412556054, "21": 48.80275229357798, "22": 48.69704433497537, "23": 48.028645833333336, "24": 48.30670103092783, "25": 48.232804232804234, "26": 48.38953488372093, "27": 48.05135135135135, "28": 48.72782874617737, "29": 48.98039215686274, "30": 48.628482972136226, "31": 48.175548589341695, "32": 47.25, "33": 48.40080971659919, "34": 48.80882352941177, "35": 49.41216216216216, "36": 49.060402684563755, "37": 49.14769230769231, "38": 49.369085173501574, "39": 49.433802816901405, "40": 49.42485549132948, "41": 48.449856733524356, "42": 48.29651162790697, "43": 48.90833333333333, "44": 48.565934065934066, "45": 48.508620689655174, "46": 48.3490099009901, "47": 47.638888888888886, "48": 47.873056994818654, "49": 48.11830985915493, "50": 47.31070496083551, "51": 48.01526717557252, "52": 48.152882205513784, "53": 48.1566265060241, "54": 48.31678486997636, "55": 48.71712158808933, "56": 48.9692671394799, "57": 48.959493670886076, "58": 49.00729927007299, "59": 49.026455026455025, "60": 48.618581907090466, "61": 48.970588235294116, "62": 48.46666666666667, "63": 49.11825192802056, "64": 49.27894736842105, "65": 48.729792147806}}