{"p0": {"0": 10.0, "1": 10.0, "2": 10.0, "3": 10.0, "4": 10.0, "5": 10.0, "6": 10.0, "7": 10.0, "8": 10.0, "9": 10.0, "10": 10.0, "11": 10.0, "12": 10.0, "13": 10.0, "14": 10.0, "15": 10.0, "16": 10.0, "17": 10.0, "18": 10.0, "19": 10.0, "20": 10.0, "21": 10.0, "22": 10.0, "23": 10.0, "24": 10.0, "25": 10.0, "26": 10.0, "27": 10.0, "28": 10.0, "29": 10.0, "30": 10.0, "31": 10.0, "32": 10.0, "33": 10.0, "34": 10.0, "35": 10.0, "36": 10.0, "37": 10.0, "38": 10.0, "39": 10.0, "40": 10.0, "41": 10.0, "42": 10.0, "43": 10.0, "44": 10.0, "45": 10.0, "46": 10.0, "47": 10.0, "48": 10.0, "49": 10.0, "50": 10.0, "51": 10.0, "52": 10.0, "53": 10.0, "54": 10.0, "55": 10.0, "56": 10.0, "57": 10.0, "58": 10.0, "59": 10.0, "60": 10.0, "61": 10.0, "62": 10.0, "63": 10.0, "64": 10.0, "65": 10.0, "66": 10.0, "67": 10.0, "68": 10.0, "69": 10.0, "70": 10.0, "71": 10.0, "72": 10.0, "73": 99999.0, "74": 99999.0, "75": 99999.0, "76": 99999.0, "77": 99999.0}, "p1": {"0": 23.92855900086648, "1": 10.722222222222221, "2": 13.732758620689655, "3": 15.077348066298342, "4": 19.165853658536584, "5": 22.21818181818182, "6": 25.882154882154882, "7": 25.55663430420712, "8": 24.882154882154882, "9": 25.068259385665527, "10": 25.60244648318043, "11": 24.848765432098766, "12": 24.72425249169435, "13": 24.046666666666667, "14": 25.889250814332247, "15": 25.41867469879518, "16": 24.613333333333333, "17": 23.833962264150944, "18": 24.535714285714285, "19": 24.73309608540925, "20": 24.69333333333333, "21": 25.013468013468014, "22": 24.313333333333333, "23": 24.982698961937718, "24": 24.775800711743774, "25": 24.597864768683273, "26": 24.826923076923077, "27": 24.970394736842106, "28": 24.848591549295776, "29": 24.151515151515152, "30": 24.140468227424748, "31": 24.843949044585987, "32": 26.03960396039604, "33": 25.31270358306189, "34": 24.370588235294118, "35": 25.56272401433692, "36": 25.169381107491855, "37": 24.350931677018632, "38": 25.003164556962027, "39": 24.490853658536587, "40": 24.341772151898734, "41": 26.31906614785992, "42": 25.13377926421405, "43": 23.688356164383563, "44": 24.43321299638989, "45": 25.382113821138212, "46": 24.56891495601173, "47": 24.71153846153846, "48": 25.2475884244373, "49": 24.549618320610687, "50": 25.555555555555557, "51": 25.148275862068967, "52": 24.897338403041825, "53": 25.59259259259259, "54": 25.003424657534246, "55": 23.60159362549801, "56": 23.971311475409838, "57": 24.418867924528303, "58": 24.779783393501805, "59": 24.61111111111111, "60": 24.908, "61": 24.388461538461538, "62": 25.5, "63": 24.592105263157894, "64": 24.592436974789916, "65": 24.6, "66": 25.0234375, "67": 24.44214876033058, "68": 23.625984251968504, "69": 23.608490566037737, "70": 23.961038961038962, "71": 22.064039408866996, "72": 21.31981981981982, "73": 21.89080459770115, "74": 20.620689655172413, "75": 19.817204301075268, "76": 20.689655172413794, "77": 23.88888888888889}, "p2": {"0": 33.747454784459286, "1": 11.874251497005988, "2": 19.839622641509433, "3": 22.454545454545453, "4": 25.522613065326635, "5": 29.186567164179106, "6": 35.234726688102896, "7": 34.47096774193548, "8": 36.45352112676056, "9": 37.18051575931232, "10": 35.95297805642633, "11": 34.51076923076923, "12": 35.87022900763359, "13": 32.99579831932773, "14": 32.22608695652174, "15": 32.223107569721115, "16": 33.12456747404844, "17": 33.15467625899281, "18": 32.372262773722625, "19": 34.142361111111114, "20": 34.60674157303371, "21": 33.74098360655738, "22": 34.57564575645756, "23": 32.898916967509024, "24": 32.15555555555556, "25": 34.39676113360324, "26": 34.47482014388489, "27": 32.78091872791519, "28": 33.910071942446045, "29": 34.680851063829785, "30": 33.541666666666664, "31": 35.64727272727273, "32": 35.81184668989547, "33": 34.06545454545454, "34": 33.38095238095238, "35": 35.67832167832168, "36": 34.738831615120276, "37": 35.073170731707314, "38": 34.2029520295203, "39": 33.88811188811189, "40": 34.87450980392157, "41": 35.08650519031142, "42": 33.80281690140845, "43": 33.271777003484324, "44": 34.19166666666667, "45": 34.605839416058394, "46": 35.74193548387097, "47": 34.67578125, "48": 34.766666666666666, "49": 34.76855895196506, "50": 34.904564315352694, "51": 34.416326530612245, "52": 34.08300395256917, "53": 33.088122605363985, "54": 33.740196078431374, "55": 31.726872246696036, "56": 34.69477911646587, "57": 34.752252252252255, "58": 34.82692307692308, "59": 32.96680497925311, "60": 33.064516129032256, "61": 34.625, "62": 33.91489361702128, "63": 33.414414414414416, "64": 35.585585585585584, "65": 36.22857142857143, "66": 34.08212560386473, "67": 35.850622406639005, "68": 34.6869918699187, "69": 33.61065573770492, "70": 34.51152073732719, "71": 34.65686274509804, "72": 33.48344370860927, "73": 34.6, "74": 32.86986301369863, "75": 37.9375, "76": 44.92727272727273, "77": 42.47826086956522}, "p3": {"0": 45.18556000556719, "1": 20.05128205128205, "2": 26.540983606557376, "3": 37.32786885245902, "4": 41.41558441558441, "5": 42.559633027522935, "6": 51.65873015873016, "7": 52.175548589341695, "8": 48.718934911242606, "9": 50.52785923753666, "10": 49.15862068965517, "11": 50.01933701657459, "12": 49.585139318885446, "13": 50.27054794520548, "14": 49.34090909090909, "15": 46.791044776119406, "16": 48.958015267175576, "17": 47.42904290429043, "18": 46.733333333333334, "19": 46.578947368421055, "20": 48.738831615120276, "21": 47.74915254237288, "22": 48.82333333333333, "23": 47.354729729729726, "24": 47.045112781954884, "25": 47.53979238754325, "26": 47.77622377622377, "27": 47.794238683127574, "28": 47.12307692307692, "29": 48.48201438848921, "30": 44.68, "31": 47.69915254237288, "32": 45.79359430604982, "33": 46.75100401606426, "34": 48.352, "35": 46.276679841897234, "36": 47.89545454545455, "37": 47.91372549019608, "38": 47.04977375565611, "39": 45.87394957983193, "40": 47.044, "41": 45.875621890547265, "42": 45.421319796954315, "43": 46.328, "44": 48.10144927536232, "45": 44.45, "46": 43.195744680851064, "47": 45.34070796460177, "48": 43.61395348837209, "49": 44.91627906976744, "50": 46.27956989247312, "51": 45.74271844660194, "52": 46.494680851063826, "53": 42.76439790575916, "54": 41.81773399014779, "55": 41.68983957219251, "56": 43.58064516129032, "57": 44.95754716981132, "58": 41.54679802955665, "59": 43.234693877551024, "60": 42.42774566473989, "61": 40.214285714285715, "62": 43.57954545454545, "63": 43.06217616580311, "64": 42.943396226415096, "65": 42.671052631578945, "66": 41.060402684563755, "67": 42.795180722891565, "68": 41.05, "69": 42.189655172413794, "70": 45.10778443113772, "71": 37.49650349650349, "72": 40.527272727272724, "73": 42.640449438202246, "74": 42.26027397260274, "75": 44.507936507936506, "76": 54.25, "77": 55.55555555555556}, "p4": {"0": 54.5643878924358, "1": 17.352272727272727, "2": 23.047619047619047, "3": 32.94117647058823, "4": 36.52238805970149, "5": 45.020725388601036, "6": 54.704626334519574, "7": 55.74418604651163, "8": 54.937649880095925, "9": 57.08673469387755, "10": 56.082969432314414, "11": 52.92161520190024, "12": 55.685, "13": 54.618138424821005, "14": 55.84466019417476, "15": 54.56743002544529, "16": 55.16374269005848, "17": 53.32614555256065, "18": 54.37135922330097, "19": 56.11864406779661, "20": 52.75, "21": 55.755868544600936, "22": 52.8661800486618, "23": 53.937655860349125, "24": 55.207692307692305, "25": 55.23298429319372, "26": 54.93279569892473, "27": 52.47457627118644, "28": 55.28498727735369, "29": 52.14804469273743, "30": 52.11878453038674, "31": 54.53142857142857, "32": 54.92204301075269, "33": 53.211699164345404, "34": 56.171270718232044, "35": 56.963525835866264, "36": 54.60322580645161, "37": 54.276315789473685, "38": 56.095238095238095, "39": 55.946666666666665, "40": 53.19375, "41": 55.3978102189781, "42": 55.963815789473685, "43": 57.95779220779221, "44": 55.86486486486486, "45": 56.95, "46": 51.66051660516605, "47": 54.848375451263536, "48": 54.53256704980843, "49": 55.88211382113821, "50": 56.23809523809524, "51": 55.188,