{"p0": {"0": 10.0, "1": 10.0, "2": 10.0, "3": 10.0, "4": 10.0, "5": 10.0, "6": 10.0, "7": 10.0, "8": 10.0, "9": 10.0, "10": 10.0, "11": 10.0, "12": 10.0, "13": 10.0, "14": 10.0, "15": 10.0, "16": 10.0, "17": 10.0, "18": 10.0, "19": 10.0, "20": 10.0, "21": 10.0, "22": 10.0, "23": 10.0, "24": 10.0, "25": 10.0, "26": 10.0, "27": 10.0, "28": 10.0, "29": 10.0, "30": 10.0, "31": 10.0, "32": 10.0, "33": 10.0, "34": 10.0, "35": 10.0, "36": 10.0, "37": 10.0, "38": 10.0, "39": 10.0, "40": 10.0, "41": 10.0, "42": 10.0, "43": 10.0, "44": 10.0, "45": 10.0, "46": 10.0, "47": 10.0, "48": 10.0, "49": 10.0, "50": 10.0, "51": 10.0, "52": 10.0, "53": 10.0, "54": 99999.0, "55": 99999.0, "56": 99999.0, "57": 99999.0}, "p1": {"0": 23.358581578866463, "1": 8.862745098039216, "2": 11.450819672131148, "3": 16.463087248322147, "4": 19.384615384615383, "5": 22.587677725118482, "6": 25.100840336134453, "7": 23.835766423357665, "8": 25.035242290748897, "9": 25.949152542372882, "10": 25.349514563106798, "11": 24.41949152542373, "12": 25.462184873949578, "13": 24.734848484848484, "14": 24.74074074074074, "15": 25.525210084033613, "16": 25.08627450980392, "17": 25.98046875, "18": 23.701960784313727, "19": 24.796680497925312, "20": 26.147410358565736, "21": 25.106719367588934, "22": 24.737254901960785, "23": 24.144032921810698, "24": 25.694980694980696, "25": 24.67829457364341, "26": 24.70305676855895, "27": 24.979338842975206, "28": 24.72340425531915, "29": 26.444, "30": 25.298165137614678, "31": 24.066350710900473, "32": 23.46846846846847, "33": 25.9234693877551, "34": 24.295081967213115, "35": 25.29901960784314, "36": 24.05181347150259, "37": 21.99481865284974, "38": 24.977011494252874, "39": 23.55151515151515, "40": 22.916201117318437, "41": 22.792134831460675, "42": 22.87425149700599, "43": 23.365853658536587, "44": 23.11413043478261, "45": 23.664634146341463, "46": 22.841379310344827, "47": 23.23972602739726, "48": 23.89041095890411, "49": 24.169117647058822, "50": 23.976744186046513, "51": 21.496350364963504, "52": 22.021897810218977, "53": 18.67142857142857, "54": 18.725, "55": 19.99019607843137, "56": 22.131147540983605, "57": 28.80701754385965}, "p2": {"0": 27.874947100729862, "1": 11.649253731343284, "2": 12.508670520231213, "3": 14.47136563876652, "4": 17.012048192771083, "5": 19.288973384030417, "6": 23.145833333333332, "7": 25.85126582278481, "8": 27.46894409937888, "9": 27.066037735849058, "10": 29.71232876712329, "11": 28.438953488372093, "12": 31.07792207792208, "13": 28.209821428571427, "14": 29.547826086956523, "15": 30.37117903930131, "16": 28.813953488372093, "17": 27.73542600896861, "18": 29.200892857142858, "19": 29.185185185185187, "20": 30.735, "21": 30.445544554455445, "22": 29.728323699421967, "23": 28.089473684210525, "24": 30.168316831683168, "25": 30.47486033519553, "26": 26.72340425531915, "27": 28.012269938650306, "28": 29.6046511627907, "29": 30.78688524590164, "30": 29.58273381294964, "31": 29.80701754385965, "32": 28.049382716049383, "33": 25.72972972972973, "34": 26.178343949044585, "35": 29.242236024844722, "36": 27.163265306122447, "37": 28.231884057971016, "38": 28.886363636363637, "39": 30.81679389312977, "40": 31.56779661016949, "41": 29.294520547945204, "42": 28.65811965811966, "43": 29.788617886178862, "44": 29.462184873949578, "45": 31.266666666666666, "46": 28.991596638655462, "47": 29.732142857142858, "48": 31.20689655172414, "49": 30.234782608695653, "50": 28.339285714285715, "51": 27.972972972972972, "52": 28.186274509803923, "53": 28.621052631578948, "54": 29.325, "55": 27.732142857142858, "56": 32.61290322580645, "57": 36.666666666666664}, "p3": {"0": 40.423140040796355, "1": 20.60991379310345, "2": 18.627009646302252, "3": 20.712025316455698, "4": 22.705357142857142, "5": 27.456410256410255, "6": 32.49648711943794, "7": 32.3054892601432, "8": 32.75657894736842, "9": 31.572289156626507, "10": 32.751091703056765, "11": 34.686974789915965, "12": 29.701461377870565, "13": 32.942184154175585, "14": 33.74938574938575, "15": 33.975675675675674, "16": 34.15469613259668, "17": 33.619565217391305, "18": 32.14366197183099, "19": 34.427350427350426, "20": 35.518950437317784, "21": 35.02114803625378, "22": 34.93693693693694, "23": 38.198738170347006, "24": 38.12459016393443, "25": 39.52173913043478, "26": 40.95107033639144, "27": 42.26315789473684, "28": 42.09293680297398, "29": 42.14339622641509, "30": 43.65098039215686, "31": 45.46666666666667, "32": 44.82374100719424, "33": 45.9236641221374, "34": 45.67886178861789, "35": 45.49790794979079, "36": 43.48627450980392, "37": 44.97844827586207, "38": 46.98701298701299, "39": 47.35443037974684, "40": 47.12, "41": 46.85454545454545, "42": 47.160493827160494, "43": 47.0607476635514, "44": 45.963133640552996, "45": 45.28095238095238, "46": 45.2047619047619, "47": 46.638743455497384, "48": 47.94444444444444, "49": 46.12315270935961, "50": 46.67788461538461, "51": 47.447236180904525, "52": 50.60280373831776, "53": 49.122699386503065, "54": 49.7027027027027, "55": 56.135714285714286, "56": 64.0, "57": 61.06470588235294}, "p4": {"0": 48.51833623437354, "1": 48.51833623437354, "2": 48.51833623437354, "3": 48.51833623437354, "4": 48.6374695863747, "5": 48.50573248407643, "6": 48.63959390862944, "7": 48.496662216288385, "8": 48.56929347826087, "9": 48.318373071528754, "10": 48.70580296896086, "11": 48.675524475524476, "12": 48.63877266387727, "13": 48.471086036671366, "14": 48.565537555228275, "15": 48.650695517774345, "16": 48.232371794871796, "17": 48.50297619047619, "18": 48.702416918429, "19": 48.55506607929515, "20": 48.24159021406728, "21": 48.56628242074928, "22": 48.43884892086331, "23": 48.467048710601716, "24": 48.208137715179966, "25": 48.33652312599681, "26": 48.407783417935704, "27": 48.494214876033055, "28": 48.510416666666664, "29": 48.37647058823529, "30": 48.089850249584025, "31": 48.676767676767675, "32": 48.17294520547945, "33": 48.831189710610936, "34": 48.873581847649916, "35": 48.766062602965405, "36": 48.66830065359477, "37": 48.727975270479135, "38": 48.900466562986004, "39": 48.791332263242374, "40": 48.67530487804878, "41": 48.54794520547945, "42": 48.10526315789474, "43": 48.6777108433735, "44": 48.24923076923077, "45": 48.25731895223421, "46": 48.47488584474886, "47": 48.32649842271293, "48": 48.84665579119086, "49": 48.23364485981308, "50": 48.44428152492669, "51": 48.56521739130435, "52": 48.43154761904762, "53": 48.61095890410959, "54": 48.37010159651669, "55": 48.45166163141994, "56": 48.80130293159609, "57": 48.507462686567166}}