{"p0": {"0": 10.0, "1": 10.0, "2": 10.0, "3": 10.0, "4": 10.0, "5": 10.0, "6": 10.0, "7": 10.0, "8": 10.0, "9": 10.0, "10": 10.0, "11": 10.0, "12": 10.0, "13": 10.0, "14": 10.0, "15": 10.0, "16": 10.0, "17": 10.0, "18": 10.0, "19": 10.0, "20": 10.0, "21": 10.0, "22": 10.0, "23": 10.0, "24": 10.0, "25": 10.0, "26": 10.0, "27": 10.0, "28": 10.0, "29": 10.0, "30": 10.0, "31": 10.0, "32": 10.0, "33": 10.0, "34": 10.0, "35": 10.0, "36": 10.0, "37": 10.0, "38": 10.0, "39": 10.0, "40": 10.0, "41": 10.0, "42": 10.0, "43": 10.0, "44": 10.0, "45": 10.0, "46": 10.0, "47": 10.0, "48": 10.0, "49": 10.0, "50": 10.0, "51": 10.0, "52": 10.0, "53": 10.0, "54": 10.0, "55": 10.0, "56": 10.0, "57": 10.0, "58": 10.0, "59": 10.0, "60": 10.0, "61": 10.0, "62": 10.0, "63": 10.0, "64": 10.0, "65": 10.0, "66": 10.0, "67": 10.0, "68": 10.0, "69": 10.0, "70": 10.0, "71": 10.0, "72": 10.0, "73": 10.0, "74": 10.0, "75": 10.0, "76": 10.0, "77": 10.0, "78": 10.0, "79": 10.0, "80": 10.0, "81": 10.0, "82": 10.0, "83": 10.0, "84": 99999.0, "85": 99999.0, "86": 99999.0, "87": 99999.0}, "p1": {"0": 16.938564420074037, "1": 6.372340425531915, "2": 8.80952380952381, "3": 10.238805970149254, "4": 13.572368421052632, "5": 17.36180904522613, "6": 18.409756097560976, "7": 18.497326203208555, "8": 15.926553672316384, "9": 16.417142857142856, "10": 18.35532994923858, "11": 17.451776649746193, "12": 17.10593220338983, "13": 17.83495145631068, "14": 18.01388888888889, "15": 20.275675675675675, "16": 17.732954545454547, "17": 17.508108108108107, "18": 17.704918032786885, "19": 18.77127659574468, "20": 18.369668246445496, "21": 18.476470588235294, "22": 18.74175824175824, "23": 18.929347826086957, "24": 17.81714285714286, "25": 18.015384615384615, "26": 18.989473684210527, "27": 18.30952380952381, "28": 18.544502617801047, "29": 17.58974358974359, "30": 17.3121387283237, "31": 16.2816091954023, "32": 17.82, "33": 18.057692307692307, "34": 17.641176470588235, "35": 15.736842105263158, "36": 17.571428571428573, "37": 19.016483516483518, "38": 16.142857142857142, "39": 17.679775280898877, "40": 18.475, "41": 17.27840909090909, "42": 15.91715976331361, "43": 18.63095238095238, "44": 16.547169811320753, "45": 16.95, "46": 17.74074074074074, "47": 17.726256983240223, "48": 16.095238095238095, "49": 16.90566037735849, "50": 17.05521472392638, "51": 17.42603550295858, "52": 16.5, "53": 17.803680981595093, "54": 17.16083916083916, "55": 16.51098901098901, "56": 16.64071856287425, "57": 17.95731707317073, "58": 16.38993710691824, "59": 16.914634146341463, "60": 17.304878048780488, "61": 16.82608695652174, "62": 14.516483516483516, "63": 15.479452054794521, "64": 16.843971631205672, "65": 17.519774011299436, "66": 16.09090909090909, "67": 17.074534161490682, "68": 16.606666666666666, "69": 15.88888888888889, "70": 16.1056338028169, "71": 16.60144927536232, "72": 17.76271186440678, "73": 16.86577181208054, "74": 15.612244897959183, "75": 17.246753246753247, "76": 18.01923076923077, "77": 14.439716312056738, "78": 16.15068493150685, "79": 17.21153846153846, "80": 15.338129496402878, "81": 15.535714285714286, "82": 16.397350993377483, "83": 17.375886524822697, "84": 17.785714285714285, "85": 17.28048780487805, "86": 17.955555555555556, "87": 19.789473684210527}, "p2": {"0": 35.61118334727794, "1": 17.8, "2": 17.489795918367346, "3": 23.106382978723403, "4": 25.158333333333335, "5": 25.88, "6": 35.06190476190476, "7": 34.92272727272727, "8": 36.717557251908396, "9": 35.41509433962264, "10": 36.044368600682596, "11": 34.723076923076924, "12": 34.40316205533597, "13": 35.40909090909091, "14": 34.91387559808612, "15": 35.94009216589862, "16": 35.32520325203252, "17": 36.99545454545454, "18": 35.20762711864407, "19": 35.92201834862385, "20": 36.931937172774866, "21": 35.28921568627451, "22": 37.657754010695186, "23": 34.8, "24": 36.48618784530387, "25": 35.47179487179487, "26": 36.78378378378378, "27": 35.23853211009175, "28": 35.45070422535211, "29": 36.32804232804233, "30": 36.14935064935065, "31": 39.354285714285716, "32": 37.188311688311686, "33": 37.95918367346939, "34": 37.47530864197531, "35": 38.382165605095544, "36": 36.65185185185185, "37": 38.27407407407407, "38": 37.69285714285714, "39": 37.284671532846716, "40": 36.57251908396947, "41": 38.41353383458647, "42": 37.9136690647482, "43": 38.541984732824424, "44": 36.95569620253165, "45": 38.08571428571429, "46": 37.04237288135593, "47": 37.234482758620686, "48": 37.19327731092437, "49": 37.8705035971223, "50": 37.392, "51": 38.42962962962963, "52": 37.4812030075188, "53": 36.18604651162791, "54": 36.84057971014493, "55": 36.919117647058826, "56": 37.04132231404959, "57": 37.255319148936174, "58": 37.54545454545455, "59": 39.08148148148148, "60": 36.51968503937008, "61": 36.9051724137931, "62": 36.58914728682171, "63": 37.587786259541986, "64": 37.10769230769231, "65": 37.130434782608695, "66": 36.60526315789474, "67": 38.12068965517241, "68": 35.65873015873016, "69": 35.49090909090909, "70": 36.57798165137615, "71": 32.86666666666667, "72": 34.06542056074766, "73": 35.02197802197802, "74": 36.68376068376068, "75": 36.32380952380952, "76": 36.348214285714285, "77": 37.24444444444445, "78": 36.35227272727273, "79": 38.01086956521739, "80": 35.17272727272727, "81": 34.98795180722892, "82": 35.5, "83": 32.06410256410256, "84": 31.0, "85": 35.766666666666666, "86": 38.46666666666667, "87": 34.72222222222222}, "p3": {"0": 39.05892809961283, "1": 19.96208530805687, "2": 17.855172413793102, "3": 21.445121951219512, "4": 22.988095238095237, "5": 29.246153846153845, "6": 32.888888888888886, "7": 33.857723577235774, "8": 34.2202166064982, "9": 36.169064748201436, "10": 35.12274368231047, "11": 32.75091575091575, "12": 32.702508960573475, "13": 33.29779411764706, "14": 32.76119402985075, "15": 32.91101694915254, "16": 30.052419354838708, "17": 31.260714285714286, "18": 33.4, "19": 31.91756272401434, "20": 31.54612546125461, "21": 32.31196581196581, "22": 32.6530612244898, "23": 30.422594142259413, "24": 34.61471861471861, "25": 32.51960784313726, "26": 29.145299145299145, "27": 32.435483870967744, "28": 32.13414634146341, "29": 29.407563025210084, "30": 31.282511210762333, "31": 31.492227979274613, "32": 30.47826086956522, "33": 31.070063694267517, "34": 34.63755458515284, "35": 40.32994923857868, "36": 34.41290322580645, "37": 35.26966292134831, "38": 37.25806451612903, "39": 39.53694581280788, "40": 37.598930481283425, "41": 40.308571428571426, "42": 37.43195266272189, "43": 40.078125, "44": 38.611111111111114, "45": 44.1978021978022, "46": 44.46511627906977, "47": 42.458333333333336, "48": 42.09550561797753, "49": 39.68421052631579, "50": 44.01075268817204, "51": 42.58064516129032, "52": 43.785714285714285, "53": 44.19786096256684, "54": 42.527272727272724, "55": 42.81761006289308, "56": 39.910714285714285, "57": 40.18181818181818, "58": 42.08426966292135, "59": 44.0, "60": 46.97005988023952, "61": 47.01282051282051, "62": 44.06586826347306, "63": 43.75595238095238, "64": 46.529411764705884, "65": 45.3416149068323, "66": 45.55421686746988, "67": 43.02325581395349, "68": 43.55384615384615, "69": 44.71875, "70": 48.41891891891892, "71": 45.44615384615385, "72": 46.798611111111114, "73": 42.49333333333333, "74": 48.78169014084507, "75": 47.58278145695364, "76": 48.39890710382514, "77": 46.98170731707317, "78": 46.78888888888889, "79": 45.28767123287671, "80": 45.802919708029194, "81": 46.06842105263158, "82": 47.65734265734266, "83": 46.87074829931973, "84": 52.62698412698413, "85": 56.9236641221374, "86": 55.3984962406015, "87": 58.4792899408284}, "p4": {"0": 48.027211426632746, "1": 48.027211426632746, "2": 48.027211426632746, "3": 48.027211426632746, "4": 48.11981566820276, "5": 48.09472049689441, "6": 48.14563106796116, "7": 48.0265780730897, "8": 48.282051282051285, "9": 48.31985940246046, "10": 48.03442340791739, "11": 48.25684931506849, "12": 48.27090301003344, "13": 48.40901502504174, "14": 48.37201365187713, "15": 48.25876460767947, "16": 48.32088285229202,