{"p0": {"0": 10.0, "1": 10.0, "2": 10.0, "3": 10.0, "4": 10.0, "5": 10.0, "6": 10.0, "7": 10.0, "8": 10.0, "9": 10.0, "10": 10.0, "11": 10.0, "12": 10.0, "13": 10.0, "14": 10.0, "15": 10.0, "16": 10.0, "17": 10.0, "18": 10.0, "19": 10.0, "20": 10.0, "21": 10.0, "22": 10.0, "23": 10.0, "24": 10.0, "25": 10.0, "26": 10.0, "27": 10.0, "28": 10.0, "29": 10.0, "30": 10.0, "31": 10.0, "32": 10.0, "33": 10.0, "34": 10.0, "35": 10.0, "36": 10.0, "37": 10.0, "38": 10.0, "39": 10.0, "40": 10.0, "41": 10.0, "42": 10.0, "43": 10.0, "44": 10.0, "45": 10.0, "46": 10.0, "47": 10.0, "48": 10.0, "49": 10.0, "50": 10.0, "51": 10.0, "52": 10.0, "53": 10.0, "54": 10.0, "55": 10.0, "56": 10.0, "57": 10.0, "58": 10.0, "59": 10.0, "60": 10.0, "61": 10.0, "62": 10.0, "63": 10.0, "64": 10.0, "65": 10.0, "66": 10.0, "67": 10.0, "68": 10.0, "69": 10.0, "70": 10.0, "71": 10.0, "72": 10.0, "73": 10.0, "74": 10.0, "75": 10.0, "76": 10.0, "77": 10.0, "78": 10.0, "79": 10.0, "80": 10.0, "81": 99999.0, "82": 99999.0, "83": 99999.0, "84": 99999.0, "85": 99999.0}, "p1": {"0": 13.175400427633052, "1": 10.055611729019212, "2": 9.934065934065934, "3": 9.991282689912827, "4": 10.643576826196474, "5": 11.341133004926109, "6": 11.659630606860159, "7": 11.777195281782438, "8": 11.67065868263473, "9": 11.765269461077844, "10": 11.436408977556109, "11": 11.823095823095823, "12": 11.310126582278482, "13": 11.96414852752881, "14": 12.09236031927024, "15": 11.897497020262216, "16": 11.833746898263028, "17": 11.611519607843137, "18": 11.623134328358208, "19": 11.954433497536947, "20": 11.252475247524753, "21": 11.71951219512195, "22": 11.695869837296621, "23": 11.645283018867925, "24": 11.58909090909091, "25": 11.67956469165659, "26": 11.883777239709444, "27": 11.536458333333334, "28": 11.960927960927961, "29": 11.487928843710293, "30": 11.680769230769231, "31": 11.869736842105263, "32": 11.623342175066313, "33": 11.804878048780488, "34": 12.357237715803453, "35": 12.021850899742931, "36": 12.176211453744493, "37": 11.857798165137615, "38": 12.131539611360239, "39": 12.14860681114551, "40": 12.23916532905297, "41": 12.174957118353344, "42": 13.016014234875446, "43": 12.515151515151516, "44": 13.262230919765166, "45": 13.21272365805169, "46": 13.321792260692463, "47": 13.119834710743802, "48": 13.547131147540984, "49": 12.55531453362256, "50": 13.989200863930886, "51": 12.891402714932127, "52": 14.26378896882494, "53": 14.342105263157896, "54": 13.981723237597912, "55": 13.652941176470588, "56": 14.484126984126984, "57": 13.850785340314136, "58": 15.438902743142144, "59": 14.049382716049383, "60": 13.603825136612022, "61": 14.06020942408377, "62": 13.772727272727273, "63": 14.007575757575758, "64": 13.690026954177897, "65": 14.157754010695188, "66": 13.529100529100528, "67": 13.9, "68": 14.234986945169712, "69": 13.61413043478261, "70": 14.42159383033419, "71": 13.425149700598803, "72": 13.718015665796345, "73": 13.976683937823834, "74": 13.689655172413794, "75": 14.18010752688172, "76": 14.179063360881543, "77": 13.928571428571429, "78": 14.241469816272966, "79": 12.845528455284553, "80": 16.1255230125523, "81": 14.786666666666667, "82": 15.595, "83": 13.56989247311828, "84": 29.763157894736842, "85": 30.476190476190474}, "p2": {"0": 35.61442179227114, "1": 13.914012738853502, "2": 21.81578947368421, "3": 24.509505703422054, "4": 25.665024630541872, "5": 29.85438972162741, "6": 36.11681415929203, "7": 38.267563527653216, "8": 37.91132332878581, "9": 37.802919708029194, "10": 36.8976157082749, "11": 36.3757225433526, "12": 36.63694267515923, "13": 35.780936454849495, "14": 36.08108108108108, "15": 36.09697933227345, "16": 35.78685897435897, "17": 35.72133526850508, "18": 36.34615384615385, "19": 36.218934911242606, "20": 36.09077380952381, "21": 37.820710973724886, "22": 35.5564142194745, "23": 35.80869565217391, "24": 35.77847113884555, "25": 35.2703125, "26": 35.572123176661265, "27": 37.151234567901234, "28": 36.49177877428998, "29": 36.25875190258752, "30": 36.23125, "31": 36.26611570247934, "32": 35.534246575342465, "33": 35.7688679245283, "34": 36.19453376205788, "35": 36.2437106918239, "36": 36.79807692307692, "37": 36.6120826709062, "38": 35.82247557003257, "39": 36.29680365296804, "40": 36.240058910162006, "41": 36.2784, "42": 36.32542372881356, "43": 36.91746031746032, "44": 36.074875207986686, "45": 35.83096366508689, "46": 36.395387149917624, "47": 36.584848484848486, "48": 36.525373134328355, "49": 35.89115646258504, "50": 36.554098360655736, "51": 35.45631067961165, "52": 35.86423841059602, "53": 36.916666666666664, "54": 36.413145539906104, "55": 37.218333333333334, "56": 35.81008403361344, "57": 36.0108359133127, "58": 36.15815485996705, "59": 36.92138364779874, "60": 36.62068965517241, "61": 36.92939244663383, "62": 36.38735818476499, "63": 36.24561403508772, "64": 36.46972176759411, "65": 36.977777777777774, "66": 36.68617886178862, "67": 37.17263843648208, "68": 37.29202037351443, "69": 36.416531604538086, "70": 37.06578947368421, "71": 36.41726618705036, "72": 36.485470085470084, "73": 37.64201680672269, "74": 37.10035842293907, "75": 37.807817589576544, "76": 37.03114186851211, "77": 37.68376068376068, "78": 36.72934973637961, "79": 37.00877192982456, "80": 37.43646408839779, "81": 36.22316384180791, "82": 35.077181208053695, "83": 30.59776536312849, "84": 36.83720930232558, "85": 35.12987012987013}, "p3": {"0": 44.242197833795714, "1": 24.642857142857142, "2": 35.946236559139784, "3": 38.92424242424242, "4": 41.25570776255708, "5": 45.191570881226056, "6": 51.65577889447236, "7": 50.90760869565217, "8": 51.43867924528302, "9": 50.285714285714285, "10": 50.99512195121951, "11": 49.86123348017621, "12": 49.34192037470726, "13": 47.99487179487179, "14": 48.297435897435896, "15": 47.85421994884911, "16": 47.321525885558586, "17": 47.212290502793294, "18": 47.110481586402265, "19": 47.11011904761905, "20": 47.674351585014406, "21": 47.85310734463277, "22": 46.7185628742515, "23": 46.583333333333336, "24": 47.02967359050445, "25": 44.7192429022082, "26": 45.52818991097923, "27": 46.537267080745345, "28": 47.14804469273743, "29": 46.65277777777778, "30": 47.02431610942249, "31": 47.49386503067485, "32": 45.71044776119403, "33": 44.640776699029125, "34": 46.308383233532936, "35": 44.56549520766773, "36": 45.296178343949045, "37": 47.353312302839115, "38": 45.550632911392405, "39": 46.813380281690144, "40": 43.77777777777778, "41": 46.01683501683502, "42": 46.62738853503185, "43": 46.470588235294116, "44": 44.66015625, "45": 46.506802721088434, "46": 45.18840579710145, "47": 45.28327645051195, "48": 44.31800766283525, "49": 44.78125, "50": 43.858736059479554, "51": 43.11971830985915, "52": 43.15878378378378, "53": 43.1702786377709, "54": 44.88560885608856, "55": 44.53125, "56": 41.05974842767296, "57": 43.34146341463415, "58": 42.6061776061776, "59": 43.400696864111495, "60": 43.272, "61": 40.956204379562045, "62": 42.58362989323843, "63": 40.631410256410255, "64": 40.48943661971831, "65": 43.47019867549669, "66": 39.52, "67": 42.70750988142292, "68": 41.23297491039426, "69": 41.61923076923077, "70": 42.05813953488372, "71": 42.48616600790514, "72": 41.63492063492063, "73": 42.50387596899225, "74": 38.93103448275862, "75": 41.33891213389121, "76": 40.68695652173913, "77": 40.70992366412214, "78": 40.25806451612903, "79": 40.022935779816514, "80": 39.37688442211055, "81": 35.74647887323944, "82": 33.782051282051285, "83": 36.64485981308411, "84": 47.94444444444444, "85": 52.666666666666664}, "p4": {"0": 63.765985343811444, "1": 23.072916666666668, "2": 31.926829268292682, "3": 35.39664804469274, "4": 41.63333333333333, "5": 48.56106870229008, "6": 60.678260869565214, "7": 61.62626262626262, "8": 64.7070938215103, "9": 64.19742489270386, "10": 63.742063492063494, "11": 64.1659574468085, "12": 60.22271714922049, "13": 62.33098591549296, "14": 58.826302729528535, "15": 57.94513715710723, "16": 61.30352941176471, "17": 61.224938875305625, "18": 62.53417721518987, "19": 60.74818401937046,