{"p0": {"0": 10.0, "1": 10.0, "2": 10.0, "3": 10.0, "4": 10.0, "5": 10.0, "6": 10.0, "7": 10.0, "8": 10.0, "9": 10.0, "10": 10.0, "11": 10.0, "12": 10.0, "13": 10.0, "14": 10.0, "15": 10.0, "16": 10.0, "17": 10.0, "18": 10.0, "19": 10.0, "20": 10.0, "21": 10.0, "22": 10.0, "23": 10.0, "24": 10.0, "25": 10.0, "26": 10.0, "27": 10.0, "28": 10.0, "29": 10.0, "30": 10.0, "31": 10.0, "32": 10.0, "33": 10.0, "34": 10.0, "35": 10.0, "36": 10.0, "37": 10.0, "38": 10.0, "39": 10.0, "40": 10.0, "41": 10.0, "42": 10.0, "43": 10.0, "44": 10.0, "45": 10.0, "46": 10.0, "47": 10.0, "48": 10.0, "49": 10.0, "50": 10.0, "51": 10.0, "52": 10.0, "53": 10.0, "54": 10.0, "55": 10.0, "56": 10.0, "57": 10.0, "58": 10.0, "59": 10.0, "60": 10.0, "61": 10.0, "62": 10.0, "63": 10.0, "64": 10.0, "65": 10.0, "66": 10.0, "67": 10.0, "68": 10.0, "69": 10.0, "70": 10.0, "71": 10.0, "72": 10.0, "73": 10.0, "74": 99999.0, "75": 99999.0, "76": 99999.0, "77": 99999.0, "78": 99999.0}, "p1": {"0": 19.592787271857738, "1": 6.852631578947369, "2": 9.057142857142857, "3": 11.791666666666666, "4": 15.583333333333334, "5": 15.692913385826772, "6": 19.90967741935484, "7": 20.123456790123456, "8": 19.67065868263473, "9": 20.11049723756906, "10": 19.54973821989529, "11": 21.85333333333333, "12": 20.92, "13": 21.172619047619047, "14": 20.016304347826086, "15": 20.39072847682119, "16": 21.00561797752809, "17": 18.859060402684563, "18": 19.258503401360546, "19": 19.36723163841808, "20": 19.988372093023255, "21": 21.704545454545453, "22": 19.90506329113924, "23": 18.5177304964539, "24": 17.926666666666666, "25": 19.449367088607595, "26": 18.4, "27": 18.901960784313726, "28": 18.352201257861637, "29": 18.395522388059703, "30": 19.25503355704698, "31": 18.613333333333333, "32": 17.644295302013422, "33": 19.033557046979865, "34": 19.31081081081081, "35": 18.647058823529413, "36": 19.637795275590552, "37": 20.568181818181817, "38": 19.774193548387096, "39": 20.31851851851852, "40": 19.054545454545455, "41": 19.666666666666668, "42": 19.69724770642202, "43": 18.90566037735849, "44": 19.89830508474576, "45": 19.75409836065574, "46": 17.891304347826086, "47": 20.480392156862745, "48": 18.911290322580644, "49": 18.8876404494382, "50": 18.008928571428573, "51": 20.0, "52": 20.70754716981132, "53": 18.254901960784313, "54": 19.97, "55": 19.60674157303371, "56": 20.341176470588234, "57": 19.557894736842105, "58": 20.67058823529412, "59": 20.5327868852459, "60": 19.571428571428573, "61": 20.60185185185185, "62": 18.223684210526315, "63": 21.063157894736843, "64": 21.333333333333332, "65": 18.06382978723404, "66": 21.865853658536587, "67": 21.84269662921348, "68": 21.208791208791208, "69": 21.643478260869564, "70": 18.92105263157895, "71": 20.77777777777778, "72": 22.5, "73": 18.96511627906977, "74": 21.33823529411765, "75": 19.65714285714286, "76": 20.108695652173914, "77": 32.09090909090909, "78": 32.13333333333333}, "p2": {"0": 34.17129044830669, "1": 10.23076923076923, "2": 16.327272727272728, "3": 18.930232558139537, "4": 22.33653846153846, "5": 25.865671641791046, "6": 31.62, "7": 30.28301886792453, "8": 34.362694300518136, "9": 33.1695652173913, "10": 35.30493273542601, "11": 35.69948186528497, "12": 33.16949152542373, "13": 34.189473684210526, "14": 32.51704545454545, "15": 31.886666666666667, "16": 33.424083769633505, "17": 34.305, "18": 32.060109289617486, "19": 35.180851063829785, "20": 32.51162790697674, "21": 33.88669950738916, "22": 34.45652173913044, "23": 33.87309644670051, "24": 38.107142857142854, "25": 33.21739130434783, "26": 34.44444444444444, "27": 34.557575757575755, "28": 36.19135802469136, "29": 35.71527777777778, "30": 35.0, "31": 33.51020408163265, "32": 35.37662337662338, "33": 36.30714285714286, "34": 35.1948051948052, "35": 35.56028368794326, "36": 35.41958041958042, "37": 30.992753623188406, "38": 36.24817518248175, "39": 33.30708661417323, "40": 36.68217054263566, "41": 35.47552447552447, "42": 36.425196850393704, "43": 35.08620689655172, "44": 36.03174603174603, "45": 38.40298507462686, "46": 36.07874015748032, "47": 37.02521008403362, "48": 34.270270270270274, "49": 34.56310679611651, "50": 34.24074074074074, "51": 37.675213675213676, "52": 37.71544715447155, "53": 34.79090909090909, "54": 35.00961538461539, "55": 34.03921568627451, "56": 34.056, "57": 37.76984126984127, "58": 36.530973451327434, "59": 33.022222222222226, "60": 34.93877551020408, "61": 34.13265306122449, "62": 35.90217391304348, "63": 34.34444444444444, "64": 35.72164948453608, "65": 35.59, "66": 33.744897959183675, "67": 38.23456790123457, "68": 33.94505494505494, "69": 37.142857142857146, "70": 36.05813953488372, "71": 36.21111111111111, "72": 35.2375, "73": 37.40845070422535, "74": 35.724137931034484, "75": 37.08510638297872, "76": 34.589285714285715, "77": 43.12765957446808, "78": 46.59016393442623}, "p3": {"0": 36.5714387498831, "1": 9.0, "2": 14.328671328671328, "3": 21.246575342465754, "4": 23.428571428571427, "5": 31.48847926267281, "6": 32.68320610687023, "7": 33.573076923076925, "8": 35.006600660066006, "9": 37.029411764705884, "10": 35.49626865671642, "11": 34.24285714285714, "12": 33.1, "13": 36.10894941634241, "14": 35.070484581497794, "15": 35.46086956521739, "16": 33.824120603015075, "17": 37.484162895927604, "18": 32.364532019704434, "19": 34.67836257309941, "20": 35.48502994011976, "21": 35.1875, "22": 35.325581395348834, "23": 34.42948717948718, "24": 31.89032258064516, "25": 31.05294117647059, "26": 32.85333333333333, "27": 31.50943396226415, "28": 33.76973684210526, "29": 35.37748344370861, "30": 32.73571428571429, "31": 33.46601941747573, "32": 32.84873949579832, "33": 37.62903225806452, "34": 33.76377952755905, "35": 35.44274809160305, "36": 34.70634920634921, "37": 35.45864661654135, "38": 32.58646616541353, "39": 34.02857142857143, "40": 35.453125, "41": 36.33980582524272, "42": 34.88288288288288, "43": 36.71153846153846, "44": 34.25233644859813, "45": 35.01020408163265, "46": 32.578947368421055, "47": 37.93478260869565, "48": 41.18518518518518, "49": 39.76923076923077, "50": 42.71084337349398, "51": 38.87777777777778, "52": 37.095238095238095, "53": 36.85, "54": 37.35294117647059, "55": 38.41891891891892, "56": 43.77777777777778, "57": 42.736111111111114, "58": 41.611111111111114, "59": 41.130434782608695, "60": 41.535714285714285, "61": 39.208333333333336, "62": 41.916666666666664, "63": 38.890625, "64": 46.52857142857143, "65": 43.779661016949156, "66": 46.901408450704224, "67": 44.69565217391305, "68": 38.63636363636363, "69": 38.375, "70": 40.94117647058823, "71": 44.95522388059702, "72": 45.51162790697674, "73": 45.333333333333336, "74": 46.96296296296296, "75": 43.72093023255814, "76": 35.214285714285715, "77": 38.714285714285715, "78": 60.90909090909091}, "p4": {"0": 56.90500283828203, "1": 34.68141592920354, "2": 32.29931972789116, "3": 34.15846994535519, "4": 39.13612565445026, "5": 43.46861924686193, "6": 49.37354085603113, "7": 51.23381294964029, "8": 49.92283950617284, "9": 49.200581395348834, "10": 48.329787234042556, "11": 50.03977272727273, "12": 45.97583081570997, "13": 47.460815047021946, "14": 49.79537953795379, "15": 49.93125, "16": 47.003389830508475, "17": 47.37007874015748, "18": 50.45283018867924, "19": 49.98671096345515, "20": 51.63576158940398, "21": 54.26171875, "22": 48.128787878787875, "23": 51.89047619047619, "24": 47.54883720930233, "25": 55.1140350877193, "26": 53.41891891891892, "27": 50.967136150234744, "28": 55.53809523809524, "29": 54.18721461187214, "30": 55.3469387755102, "31": 56.690821256038646, "32": 57.53225806451613, "33": 52.056994818652846, "34": 54.02439024390244, "35": 55.129533678756474, "36": 58.42702702702703, "37": 56.46629213483146, "38": 59.5792349726776, "39": 60.161490683229815, "40": 54.90909090909091, "41": 56.61931818181818, "42": 53.51973684210526, "43": 60.26737967914438, "44": 60.64, "45": 65.14207650273224, "46": 61.80120481927711, "47": 66.68823529411765, "48": 62.92638036809816, "49": 64.21538461538462, "50": 63.096,