{"p0": {"0": 10.0, "1": 10.0, "2": 10.0, "3": 10.0, "4": 10.0, "5": 10.0, "6": 10.0, "7": 10.0, "8": 10.0, "9": 10.0, "10": 10.0, "11": 10.0, "12": 10.0, "13": 10.0, "14": 10.0, "15": 10.0, "16": 10.0, "17": 10.0, "18": 10.0, "19": 10.0, "20": 10.0, "21": 10.0, "22": 10.0, "23": 10.0, "24": 10.0, "25": 10.0, "26": 10.0, "27": 10.0, "28": 10.0, "29": 10.0, "30": 10.0, "31": 10.0, "32": 10.0, "33": 10.0, "34": 10.0, "35": 10.0, "36": 10.0, "37": 10.0, "38": 10.0, "39": 10.0, "40": 10.0, "41": 10.0, "42": 10.0, "43": 10.0, "44": 10.0, "45": 10.0, "46": 10.0, "47": 10.0, "48": 10.0, "49": 10.0, "50": 10.0, "51": 10.0, "52": 10.0, "53": 10.0, "54": 10.0, "55": 10.0, "56": 10.0, "57": 10.0, "58": 10.0, "59": 10.0, "60": 10.0, "61": 10.0, "62": 10.0, "63": 10.0, "64": 10.0, "65": 10.0, "66": 10.0, "67": 10.0, "68": 10.0, "69": 10.0, "70": 10.0, "71": 10.0, "72": 10.0, "73": 10.0, "74": 10.0, "75": 10.0, "76": 10.0, "77": 10.0, "78": 10.0, "79": 99999.0, "80": 99999.0, "81": 99999.0}, "p1": {"0": 20.1944052226796, "1": 11.958333333333334, "2": 12.215384615384615, "3": 13.663865546218487, "4": 19.151079136690647, "5": 19.9672131147541, "6": 22.93793103448276, "7": 22.34313725490196, "8": 22.50413223140496, "9": 20.92105263157895, "10": 21.535714285714285, "11": 20.61061946902655, "12": 20.85, "13": 22.74496644295302, "14": 22.017391304347825, "15": 22.409448818897637, "16": 21.862903225806452, "17": 19.753731343283583, "18": 20.739837398373982, "19": 23.0, "20": 19.35483870967742, "21": 21.75925925925926, "22": 22.007142857142856, "23": 20.50657894736842, "24": 22.31782945736434, "25": 22.30075187969925, "26": 21.71551724137931, "27": 23.30327868852459, "28": 20.642201834862384, "29": 21.305084745762713, "30": 21.51127819548872, "31": 19.956521739130434, "32": 20.768, "33": 20.722972972972972, "34": 20.91176470588235, "35": 20.598360655737704, "36": 19.917355371900825, "37": 19.876033057851238, "38": 20.265625, "39": 20.783783783783782, "40": 21.491525423728813, "41": 20.853448275862068, "42": 21.00793650793651, "43": 19.844827586206897, "44": 20.523364485981308, "45": 21.01, "46": 21.736363636363638, "47": 21.051020408163264, "48": 20.17, "49": 21.425531914893618, "50": 20.056818181818183, "51": 19.536585365853657, "52": 20.454545454545453, "53": 21.109756097560975, "54": 20.4390243902439, "55": 19.775280898876403, "56": 19.64, "57": 20.085365853658537, "58": 19.566666666666666, "59": 21.833333333333332, "60": 19.786516853932586, "61": 20.174418604651162, "62": 20.134831460674157, "63": 19.98913043478261, "64": 18.470588235294116, "65": 20.53684210526316, "66": 19.347368421052632, "67": 20.31645569620253, "68": 21.688524590163933, "69": 19.77659574468085, "70": 19.64367816091954, "71": 18.48, "72": 19.574468085106382, "73": 20.02469135802469, "74": 18.977777777777778, "75": 15.5, "76": 17.455882352941178, "77": 15.62962962962963, "78": 17.115384615384617, "79": 16.551724137931036, "80": 20.75, "81": 22.5}, "p2": {"0": 30.66087324330279, "1": 3.3846153846153846, "2": 7.444444444444445, "3": 15.65625, "4": 17.209302325581394, "5": 19.830188679245282, "6": 27.70769230769231, "7": 27.325581395348838, "8": 31.32, "9": 31.5968992248062, "10": 32.86046511627907, "11": 31.251748251748253, "12": 31.1340206185567, "13": 29.423423423423422, "14": 29.88785046728972, "15": 30.675925925925927, "16": 27.271929824561404, "17": 31.610169491525422, "18": 29.0, "19": 29.05109489051095, "20": 31.168, "21": 28.905109489051096, "22": 30.038834951456312, "23": 27.37962962962963, "24": 27.853846153846153, "25": 30.892561983471076, "26": 30.401639344262296, "27": 29.353846153846153, "28": 28.235294117647058, "29": 28.081481481481482, "30": 28.065693430656935, "31": 31.044117647058822, "32": 29.0, "33": 29.913385826771652, "34": 30.78688524590164, "35": 29.991666666666667, "36": 34.86086956521739, "37": 30.21951219512195, "38": 32.10434782608696, "39": 31.150943396226417, "40": 34.926829268292686, "41": 32.55813953488372, "42": 31.703125, "43": 33.300970873786405, "44": 31.525862068965516, "45": 31.778761061946902, "46": 33.07, "47": 30.321100917431192, "48": 32.63725490196079, "49": 30.574074074074073, "50": 34.65811965811966, "51": 32.62809917355372, "52": 33.12096774193548, "53": 32.57798165137615, "54": 34.848214285714285, "55": 33.8034188034188, "56": 31.95098039215686, "57": 30.31578947368421, "58": 32.55, "59": 33.1, "60": 33.48275862068966, "61": 32.67857142857143, "62": 35.78181818181818, "63": 32.198113207547166, "64": 35.0990099009901, "65": 33.01010101010101, "66": 32.33673469387755, "67": 32.65094339622642, "68": 30.318181818181817, "69": 33.3671875, "70": 31.850877192982455, "71": 31.431372549019606, "72": 33.10655737704918, "73": 33.42307692307692, "74": 32.99038461538461, "75": 33.026315789473685, "76": 34.58139534883721, "77": 33.40594059405941, "78": 34.83157894736842, "79": 35.55384615384615, "80": 41.15909090909091, "81": 42.20792079207921}, "p3": {"0": 36.6999090966722, "1": 36.6999090966722, "2": 36.6999090966722, "3": 36.60069444444444, "4": 36.52694610778443, "5": 36.85263157894737, "6": 36.67590027700831, "7": 36.51937984496124, "8": 36.40302267002519, "9": 36.28883495145631, "10": 36.49202733485193, "11": 36.10444444444445, "12": 36.35909090909091, "13": 36.538288288288285, "14": 36.316964285714285, "15": 36.40222222222222, "16": 36.34698275862069, "17": 36.30888888888889, "18": 36.591517857142854, "19": 36.478971962616825, "20": 36.40394088669951, "21": 36.422330097087375, "22": 36.253846153846155, "23": 36.73762376237624, "24": 37.164739884393065, "25": 37.40694006309148, "26": 37.53779069767442, "27": 37.22598870056497, "28": 37.81948424068768, "29": 37.40597014925373, "30": 37.54785478547855, "31": 37.37541528239203, "32": 37.197841726618705, "33": 36.92579505300353, "34": 36.714285714285715, "35": 36.06049822064057, "36": 36.20209059233449, "37": 36.69803921568627, "38": 36.44656488549618, "39": 36.53921568627451, "40": 37.1625, "41": 37.02843601895734, "42": 36.42916666666667, "43": 37.09090909090909, "44": 35.80297397769517, "45": 35.85130111524163, "46": 36.43065693430657, "47": 36.36551724137931, "48": 36.01898734177215, "49": 36.100628930817614, "50": 36.84590163934426, "51": 35.86038961038961, "52": 36.5, "53": 36.869281045751634, "54": 37.08888888888889, "55": 36.93375394321767, "56": 36.6812865497076, "57": 37.146131805157594, "58": 37.630057803468205, "59": 37.609609609609606, "60": 37.29855072463768, "61": 37.4178674351585, "62": 37.30791788856305, "63": 37.336309523809526, "64": 37.60703812316716, "65": 37.32743362831859, "66": 36.903614457831324, "67": 37.34782608695652, "68": 36.50837988826816, "69": 36.659279778393355, "70": 36.34293948126801, "71": 36.03048780487805, "72": 36.21937321937322, "73": 36.43072289156626, "74": 36.2887537993921, "75": 36.874213836477985, "76": 35.64935064935065, "77": 36.38157894736842, "78": 35.91610738255034, "79": 36.77857142857143, "80": 36.64705882352941, "81": 36.68}}