{"p0": {"0": 10.0, "1": 10.0, "2": 10.0, "3": 10.0, "4": 10.0, "5": 10.0, "6": 10.0, "7": 10.0, "8": 10.0, "9": 10.0, "10": 10.0, "11": 10.0, "12": 10.0, "13": 10.0, "14": 10.0, "15": 10.0, "16": 10.0, "17": 10.0, "18": 10.0, "19": 10.0, "20": 10.0, "21": 10.0, "22": 10.0, "23": 10.0, "24": 10.0, "25": 10.0, "26": 10.0, "27": 10.0, "28": 10.0, "29": 10.0, "30": 10.0, "31": 10.0, "32": 10.0, "33": 10.0, "34": 10.0, "35": 10.0, "36": 10.0, "37": 10.0, "38": 10.0, "39": 10.0, "40": 10.0, "41": 10.0, "42": 10.0, "43": 10.0, "44": 10.0, "45": 10.0, "46": 10.0, "47": 10.0, "48": 10.0, "49": 10.0, "50": 10.0, "51": 10.0, "52": 10.0, "53": 10.0, "54": 10.0, "55": 10.0, "56": 99999.0, "57": 99999.0, "58": 99999.0, "59": 99999.0}, "p1": {"0": 21.347193962159963, "1": 9.636363636363637, "2": 13.931297709923664, "3": 15.050279329608939, "4": 16.41711229946524, "5": 20.479508196721312, "6": 22.54185022026432, "7": 22.09950248756219, "8": 21.729885057471265, "9": 20.30851063829787, "10": 21.77777777777778, "11": 22.61025641025641, "12": 20.95631067961165, "13": 21.822727272727274, "14": 21.41991341991342, "15": 21.910798122065728, "16": 23.192307692307693, "17": 20.949494949494948, "18": 21.854748603351954, "19": 23.517543859649123, "20": 21.918367346938776, "21": 22.132075471698112, "22": 23.27027027027027, "23": 22.06930693069307, "24": 22.262857142857143, "25": 23.595744680851062, "26": 22.751445086705203, "27": 24.02173913043478, "28": 22.720670391061454, "29": 23.52469135802469, "30": 21.87272727272727, "31": 21.897435897435898, "32": 20.85, "33": 22.441717791411044, "34": 22.540697674418606, "35": 23.81875, "36": 22.563953488372093, "37": 22.06508875739645, "38": 21.994505494505493, "39": 21.063291139240505, "40": 21.66025641025641, "41": 20.938650306748468, "42": 21.54375, "43": 21.153846153846153, "44": 23.07482993197279, "45": 20.583333333333332, "46": 20.706586826347305, "47": 20.406060606060606, "48": 21.20805369127517, "49": 21.445945945945947, "50": 21.412903225806453, "51": 21.15714285714286, "52": 20.58385093167702, "53": 20.857142857142858, "54": 20.638461538461538, "55": 20.1, "56": 19.825242718446603, "57": 20.583333333333332, "58": 24.2, "59": 25.823529411764707}, "p2": {"0": 29.989180875473373, "1": 10.411764705882353, "2": 14.392156862745098, "3": 20.693069306930692, "4": 21.98581560283688, "5": 24.99310344827586, "6": 30.045454545454547, "7": 30.91372549019608, "8": 30.920152091254753, "9": 32.232727272727274, "10": 33.018115942028984, "11": 32.738181818181815, "12": 32.05327868852459, "13": 31.747967479674795, "14": 29.080568720379148, "15": 31.102040816326532, "16": 32.80275229357798, "17": 30.96595744680851, "18": 30.712962962962962, "19": 30.11392405063291, "20": 31.64423076923077, "21": 30.341013824884794, "22": 31.16595744680851, "23": 30.58048780487805, "24": 30.94857142857143, "25": 31.417989417989418, "26": 30.262032085561497, "27": 30.423076923076923, "28": 29.340314136125656, "29": 31.863013698630137, "30": 29.75287356321839, "31": 29.16949152542373, "32": 29.201342281879196, "33": 31.24516129032258, "34": 30.711764705882352, "35": 31.318181818181817, "36": 30.67142857142857, "37": 31.885496183206108, "38": 32.10852713178294, "39": 29.867549668874172, "40": 30.335443037974684, "41": 31.575163398692812, "42": 31.37062937062937, "43": 33.556390977443606, "44": 31.191176470588236, "45": 32.1986301369863, "46": 32.12101910828026, "47": 30.9609375, "48": 32.86086956521739, "49": 30.875, "50": 34.052173913043475, "51": 33.459016393442624, "52": 32.65891472868217, "53": 34.340425531914896, "54": 30.035087719298247, "55": 30.650602409638555, "56": 28.647058823529413, "57": 28.069767441860463, "58": 22.84375, "59": 32.71739130434783}, "p3": {"0": 46.956832479527996, "1": 18.666666666666668, "2": 21.06122448979592, "3": 27.264957264957264, "4": 30.67878787878788, "5": 33.98360655737705, "6": 40.82051282051282, "7": 42.11832061068702, "8": 44.00389105058366, "9": 42.89453125, "10": 43.26235741444867, "11": 42.888888888888886, "12": 43.719844357976655, "13": 47.28740157480315, "14": 42.67058823529412, "15": 43.419213973799124, "16": 41.39147286821706, "17": 41.76449275362319, "18": 42.82258064516129, "19": 43.73991031390135, "20": 47.00873362445415, "21": 43.324894514767934, "22": 43.175438596491226, "23": 43.91983122362869, "24": 45.58620689655172, "25": 46.806451612903224, "26": 46.10648148148148, "27": 48.69430051813472, "28": 49.27717391304348, "29": 50.242105263157896, "30": 51.174157303370784, "31": 50.48087431693989, "32": 47.99438202247191, "33": 52.11351351351351, "34": 51.71134020618557, "35": 52.630434782608695, "36": 51.272277227722775, "37": 54.562814070351756, "38": 53.71337579617835, "39": 55.26315789473684, "40": 49.75925925925926, "41": 49.30177514792899, "42": 50.01840490797546, "43": 52.44186046511628, "44": 51.18471337579618, "45": 50.704402515723274, "46": 50.42857142857143, "47": 49.331491712707184, "48": 50.37125748502994, "49": 53.56578947368421, "50": 52.0, "51": 51.59217877094972, "52": 51.39766081871345, "53": 48.93129770992366, "54": 49.80281690140845, "55": 52.9136690647482, "56": 54.80769230769231, "57": 55.1937984496124, "58": 65.30232558139535, "59": 61.88695652173913}, "p4": {"0": 49.385685269270255, "1": 49.385685269270255, "2": 49.385685269270255, "3": 49.385685269270255, "4": 49.32915360501568, "5": 49.62559241706161, "6": 49.50081833060556, "7": 49.056985294117645, "8": 48.949907235621524, "9": 48.962162162162166, "10": 48.96269982238011, "11": 49.27031802120141, "12": 49.272413793103446, "13": 49.210434782608694, "14": 48.95038167938932, "15": 49.20740740740741, "16": 49.12596899224806, "17": 49.31467181467181, "18": 49.04373757455269, "19": 49.280534351145036, "20": 49.77801268498943, "21": 49.353579175704986, "22": 49.54977375565611, "23": 50.30022075055188, "24": 49.65217391304348, "25": 49.858447488584474, "26": 50.00717703349282, "27": 49.613861386138616, "28": 49.8922305764411, "29": 49.41919191919192, "30": 49.630208333333336, "31": 49.809876543209874, "32": 49.8968253968254, "33": 50.24, "34": 49.93333333333333, "35": 49.403990024937656, "36": 49.7919621749409, "37": 49.775743707093824, "38": 49.195744680851064, "39": 49.06956521739131, "40": 49.372549019607845, "41": 48.449367088607595, "42": 48.75751503006012, "43": 49.21443298969072, "44": 48.910714285714285, "45": 48.78350515463917, "46": 48.644100580270795, "47": 48.8936170212766, "48": 49.08523908523909, "49": 49.230425055928414, "50": 49.48728813559322, "51": 49.26012793176972, "52": 49.54756871035941, "53": 49.70794392523364, "54": 49.507246376811594, "55": 49.369127516778526, "56": 49.06578947368421, "57": 49.453271028037385, "58": 49.72389791183295, "59": 49.89954337899543}}