{"p0": {"0": 10.0, "1": 10.0, "2": 10.0, "3": 10.0, "4": 10.0, "5": 10.0, "6": 10.0, "7": 10.0, "8": 10.0, "9": 10.0, "10": 10.0, "11": 10.0, "12": 10.0, "13": 10.0, "14": 10.0, "15": 10.0, "16": 10.0, "17": 10.0, "18": 10.0, "19": 10.0, "20": 10.0, "21": 10.0, "22": 10.0, "23": 10.0, "24": 10.0, "25": 10.0, "26": 10.0, "27": 10.0, "28": 10.0, "29": 10.0, "30": 10.0, "31": 10.0, "32": 10.0, "33": 10.0, "34": 10.0, "35": 10.0, "36": 10.0, "37": 10.0, "38": 10.0, "39": 10.0, "40": 10.0, "41": 10.0, "42": 10.0, "43": 10.0, "44": 10.0, "45": 10.0, "46": 10.0, "47": 10.0, "48": 10.0, "49": 10.0, "50": 10.0, "51": 10.0, "52": 10.0, "53": 10.0, "54": 10.0, "55": 10.0, "56": 10.0, "57": 10.0, "58": 10.0, "59": 10.0, "60": 10.0, "61": 10.0, "62": 10.0, "63": 10.0, "64": 10.0, "65": 10.0, "66": 10.0, "67": 10.0, "68": 10.0, "69": 10.0, "70": 10.0, "71": 10.0, "72": 10.0, "73": 10.0, "74": 10.0, "75": 10.0, "76": 10.0, "77": 10.0, "78": 10.0, "79": 10.0, "80": 10.0, "81": 10.0, "82": 10.0, "83": 10.0, "84": 10.0, "85": 10.0, "86": 10.0, "87": 10.0, "88": 10.0, "89": 10.0, "90": 10.0, "91": 99999.0, "92": 99999.0, "93": 99999.0}, "p1": {"0": 20.82012161483455, "1": 7.166666666666667, "2": 11.964912280701755, "3": 13.580645161290322, "4": 19.691176470588236, "5": 20.886363636363637, "6": 25.24, "7": 24.394736842105264, "8": 24.4375, "9": 23.737704918032787, "10": 22.765625, "11": 22.6875, "12": 22.894736842105264, "13": 23.28235294117647, "14": 24.59016393442623, "15": 24.050847457627118, "16": 25.971014492753625, "17": 23.98507462686567, "18": 23.45945945945946, "19": 21.066666666666666, "20": 23.226666666666667, "21": 22.49056603773585, "22": 21.539473684210527, "23": 23.636363636363637, "24": 20.69333333333333, "25": 22.746835443037973, "26": 22.316666666666666, "27": 22.309859154929576, "28": 21.106060606060606, "29": 19.348484848484848, "30": 21.793478260869566, "31": 22.5375, "32": 22.883116883116884, "33": 20.884615384615383, "34": 22.746478873239436, "35": 20.015151515151516, "36": 20.761194029850746, "37": 19.915254237288135, "38": 20.77027027027027, "39": 21.765432098765434, "40": 21.0, "41": 21.186666666666667, "42": 22.56, "43": 20.929577464788732, "44": 22.396551724137932, "45": 20.428571428571427, "46": 22.25, "47": 20.732394366197184, "48": 23.065573770491802, "49": 20.905405405405407, "50": 22.183333333333334, "51": 20.681818181818183, "52": 22.48076923076923, "53": 20.577464788732396, "54": 20.507462686567163, "55": 21.29230769230769, "56": 21.048387096774192, "57": 21.708333333333332, "58": 20.362068965517242, "59": 21.970149253731343, "60": 21.29310344827586, "61": 23.5531914893617, "62": 22.959183673469386, "63": 19.45945945945946, "64": 20.63157894736842, "65": 21.83582089552239, "66": 20.93220338983051, "67": 18.846153846153847, "68": 22.363636363636363, "69": 22.0, "70": 20.01851851851852, "71": 21.235294117647058, "72": 20.775862068965516, "73": 22.45, "74": 20.612244897959183, "75": 21.48148148148148, "76": 21.884615384615383, "77": 21.475409836065573, "78": 21.06, "79": 21.122448979591837, "80": 22.07843137254902, "81": 22.375, "82": 22.177777777777777, "83": 18.931818181818183, "84": 20.58823529411765, "85": 19.20967741935484, "86": 21.16393442622951, "87": 18.90566037735849, "88": 15.924528301886792, "89": 15.151515151515152, "90": 12.214285714285714, "91": 12.133333333333333, "92": 1.0, "93": 20.82012161483455}, "p2": {"0": 34.91838776513234, "1": 15.0, "2": 34.166666666666664, "3": 28.0, "4": 27.625, "5": 29.424242424242426, "6": 34.73015873015873, "7": 33.43589743589744, "8": 34.51948051948052, "9": 35.98765432098765, "10": 35.06896551724138, "11": 38.47560975609756, "12": 37.15, "13": 32.46835443037975, "14": 35.936708860759495, "15": 35.27160493827161, "16": 32.19512195121951, "17": 33.21052631578947, "18": 31.633333333333333, "19": 30.6144578313253, "20": 32.56521739130435, "21": 31.95959595959596, "22": 30.564356435643564, "23": 33.447916666666664, "24": 30.945054945054945, "25": 32.255319148936174, "26": 29.761904761904763, "27": 28.944444444444443, "28": 28.595238095238095, "29": 31.0, "30": 30.644444444444446, "31": 31.85185185185185, "32": 33.70103092783505, "33": 32.65909090909091, "34": 34.270833333333336, "35": 29.863636363636363, "36": 33.64102564102564, "37": 34.955882352941174, "38": 33.03191489361702, "39": 37.59550561797753, "40": 32.616279069767444, "41": 35.17948717948718, "42": 34.9390243902439, "43": 33.84507042253521, "44": 35.71739130434783, "45": 37.10126582278481, "46": 36.57954545454545, "47": 36.949367088607595, "48": 36.73170731707317, "49": 37.04819277108434, "50": 36.82954545454545, "51": 36.883116883116884, "52": 37.358695652173914, "53": 34.52325581395349, "54": 37.13793103448276, "55": 33.642857142857146, "56": 36.73684210526316, "57": 36.89655172413793, "58": 35.34090909090909, "59": 37.06896551724138, "60": 40.52857142857143, "61": 37.973333333333336, "62": 31.954545454545453, "63": 38.648648648648646, "64": 36.58730158730159, "65": 36.79710144927536, "66": 36.16883116883117, "67": 35.688311688311686, "68": 36.353846153846156, "69": 37.93150684931507, "70": 36.114285714285714, "71": 34.34177215189873, "72": 35.74193548387097, "73": 40.10294117647059, "74": 35.904761904761905, "75": 36.77777777777778, "76": 33.233333333333334, "77": 37.34920634920635, "78": 35.629629629629626, "79": 36.33766233766234, "80": 37.276923076923076, "81": 38.54716981132076, "82": 34.0735294117647, "83": 37.04761904761905, "84": 37.5125, "85": 36.82857142857143, "86": 34.36923076923077, "87": 38.16901408450704, "88": 36.967213114754095, "89": 37.796875, "90": 39.40816326530612, "91": 41.056603773584904, "92": 46.2972972972973, "93": 45.6}, "p3": {"0": 36.44149039345921, "1": 36.44149039345921, "2": 36.44149039345921, "3": 36.40845070422535, "4": 36.288065843621396, "5": 36.42391304347826, "6": 36.39393939393939, "7": 36.307432432432435, "8": 36.46762589928058, "9": 36.46931407942238, "10": 36.2891156462585, "11": 36.43894389438944, "12": 36.36156351791531, "13": 36.58885017421603, "14": 36.44755244755245, "15": 36.41580756013746, "16": 36.442567567567565, "17": 36.28619528619529, "18": 36.445205479452056, "19": 36.28819444444444, "20": 36.442953020134226, "21": 36.44097222222222, "22": 36.69064748201439, "23": 36.72093023255814, "24": 36.92307692307692, "25": 36.92857142857143, "26": 36.931451612903224, "27": 36.73364485981308, "28": 36.585470085470085, "29": 36.422222222222224, "30": 36.22666666666667, "31": 36.144329896907216, "32": 36.30392156862745, "33": 36.3475935828877, "34": 35.82722513089005, "35": 35.875, "36": 35.89447236180904, "37": 35.981308411214954, "38": 35.75355450236967, "39": 35.50243902439024, "40": 35.795918367346935, "41": 36.35263157894737, "42": 35.93650793650794, "43": 35.863945578231295, "44": 36.024096385542165, "45": 35.94219653179191, "46": 35.69886363636363, "47": 36.44827586206897, "48": 36.5945945945946, "49": 36.49009900990099, "50": 36.5130890052356, "51": 36.76271186440678, "52": 36.915789473684214, "53": 37.00632911392405, "54": 37.186440677966104, "55": 37.15300546448088, "56": 37.10650887573964, "57": 37.28042328042328, "58": 36.67741935483871, "59": 36.99476439790576, "60": 36.73869346733668, "61": 36.673170731707316, "62": 36.71836734693878, "63": 36.6, "64": 36.392857142857146, "65": 35.836363636363636, "66": 36.645320197044335, "67": 36.814070351758794, "68": 36.73853211009175, "69": 36.52132701421801, "70": 35.91878172588832, "71": 36.29004329004329, "72": 36.098591549295776, "73": 35.94285714285714, "74": 36.359223300970875, "75": 36.15137614678899, "76": 36.53333333333333, "77": 35.92537313432836, "78": 36.425233644859816, "79": 36.36507936507937, "80": 36.401869158878505, "81": 36.49484536082474, "82": 36.294117647058826, "83": 36.421052631578945, "84": 36.94897959183673, "85": 36.31111111111111, "86": 36.82608695652174, "87": 36.37696335078534, "88": 36.44444444444444, "89": 36.93636363636364, "90": 36.822429906542055, "91": 36.858369098712444, "92": 36.48535564853557,