{"p0": {"0": 10.0, "1": 10.0, "2": 10.0, "3": 10.0, "4": 10.0, "5": 10.0, "6": 10.0, "7": 10.0, "8": 10.0, "9": 10.0, "10": 10.0, "11": 10.0, "12": 10.0, "13": 10.0, "14": 10.0, "15": 10.0, "16": 10.0, "17": 10.0, "18": 10.0, "19": 10.0, "20": 10.0, "21": 10.0, "22": 10.0, "23": 10.0, "24": 10.0, "25": 10.0, "26": 10.0, "27": 10.0, "28": 10.0, "29": 10.0, "30": 10.0, "31": 10.0, "32": 10.0, "33": 10.0, "34": 10.0, "35": 10.0, "36": 10.0, "37": 10.0, "38": 10.0, "39": 10.0, "40": 10.0, "41": 10.0, "42": 10.0, "43": 10.0, "44": 10.0, "45": 10.0, "46": 10.0, "47": 10.0, "48": 10.0, "49": 10.0, "50": 10.0, "51": 10.0, "52": 10.0, "53": 10.0, "54": 10.0, "55": 10.0, "56": 10.0, "57": 10.0, "58": 10.0, "59": 10.0, "60": 10.0, "61": 10.0, "62": 10.0, "63": 10.0, "64": 99999.0, "65": 99999.0, "66": 99999.0, "67": 99999.0}, "p1": {"0": 25.16939050135134, "1": 3.625, "2": 12.696428571428571, "3": 15.108433734939759, "4": 19.806122448979593, "5": 20.95762711864407, "6": 25.416, "7": 25.805755395683452, "8": 26.024793388429753, "9": 27.09917355371901, "10": 25.363636363636363, "11": 26.18348623853211, "12": 26.34259259259259, "13": 27.05785123966942, "14": 27.173076923076923, "15": 25.79824561403509, "16": 27.144, "17": 27.682539682539684, "18": 27.33587786259542, "19": 25.81512605042017, "20": 27.339805825242717, "21": 26.152, "22": 27.072727272727274, "23": 25.844660194174757, "24": 26.282608695652176, "25": 26.419847328244273, "26": 26.63157894736842, "27": 27.4, "28": 26.660550458715598, "29": 25.980198019801982, "30": 26.333333333333332, "31": 27.263636363636362, "32": 26.4296875, "33": 26.873873873873872, "34": 27.23076923076923, "35": 27.652173913043477, "36": 26.428571428571427, "37": 26.02912621359223, "38": 25.22, "39": 24.490909090909092, "40": 25.441176470588236, "41": 25.8989898989899, "42": 26.366071428571427, "43": 25.021978021978022, "44": 25.08256880733945, "45": 26.926315789473684, "46": 25.556818181818183, "47": 25.819148936170212, "48": 25.032258064516128, "49": 26.027027027027028, "50": 25.978021978021978, "51": 24.72043010752688, "52": 25.08080808080808, "53": 23.78494623655914, "54": 26.811764705882354, "55": 26.73076923076923, "56": 27.012345679012345, "57": 23.967741935483872, "58": 25.307692307692307, "59": 25.068181818181817, "60": 25.15686274509804, "61": 25.42222222222222, "62": 24.835443037974684, "63": 24.32051282051282, "64": 25.756410256410255, "65": 22.770833333333332, "66": 26.28, "67": 28.0}, "p2": {"0": 29.027528987811596, "1": 8.5, "2": 9.44, "3": 13.258823529411766, "4": 15.158415841584159, "5": 21.79824561403509, "6": 25.235294117647058, "7": 29.7027027027027, "8": 30.440944881889763, "9": 30.096296296296295, "10": 31.04375, "11": 29.884615384615383, "12": 30.32758620689655, "13": 32.0390625, "14": 27.478991596638654, "15": 29.92, "16": 30.76984126984127, "17": 32.032, "18": 30.158333333333335, "19": 30.475524475524477, "20": 32.0390625, "21": 29.586206896551722, "22": 31.673267326732674, "23": 31.272727272727273, "24": 29.315068493150687, "25": 34.90425531914894, "26": 35.53488372093023, "27": 31.91764705882353, "28": 34.157407407407405, "29": 34.45263157894737, "30": 29.09, "31": 31.93243243243243, "32": 28.96385542168675, "33": 30.023255813953487, "34": 31.2375, "35": 35.97959183673469, "36": 29.55263157894737, "37": 30.546511627906977, "38": 29.189873417721518, "39": 32.438202247191015, "40": 32.8876404494382, "41": 33.310810810810814, "42": 31.642857142857142, "43": 26.853658536585368, "44": 30.508196721311474, "45": 29.705128205128204, "46": 32.026315789473685, "47": 28.73015873015873, "48": 29.189655172413794, "49": 28.30188679245283, "50": 30.328358208955223, "51": 26.844827586206897, "52": 25.18918918918919, "53": 30.8, "54": 28.029850746268657, "55": 28.618181818181817, "56": 30.70769230769231, "57": 29.84285714285714, "58": 27.887323943661972, "59": 31.07246376811594, "60": 28.966101694915253, "61": 27.41304347826087, "62": 29.952380952380953, "63": 27.56756756756757, "64": 28.32075471698113, "65": 25.704545454545453, "66": 24.555555555555557, "67": 38.32}, "p3": {"0": 44.47339176732972, "1": 15.967032967032967, "2": 13.559322033898304, "3": 22.516483516483518, "4": 24.525, "5": 28.852941176470587, "6": 38.98473282442748, "7": 37.40714285714286, "8": 39.577922077922075, "9": 39.184397163120565, "10": 41.0, "11": 38.0709219858156, "12": 34.83529411764706, "13": 37.187134502923975, "14": 36.34756097560975, "15": 36.714285714285715, "16": 36.90909090909091, "17": 37.169117647058826, "18": 37.74803149606299, "19": 38.20261437908497, "20": 35.052287581699346, "21": 37.84662576687116, "22": 42.805755395683455, "23": 45.027522935779814, "24": 40.947826086956525, "25": 41.50413223140496, "26": 40.09243697478992, "27": 42.64957264957265, "28": 43.42016806722689, "29": 46.81132075471698, "30": 46.93636363636364, "31": 48.46923076923077, "32": 49.168067226890756, "33": 51.6271186440678, "34": 47.53913043478261, "35": 46.46666666666667, "36": 45.46086956521739, "37": 47.8252427184466, "38": 45.70796460176991, "39": 48.06930693069307, "40": 45.63461538461539, "41": 47.29807692307692, "42": 50.39393939393939, "43": 45.81553398058252, "44": 50.142857142857146, "45": 49.422680412371136, "46": 49.324561403508774, "47": 53.745098039215684, "48": 50.349514563106794, "49": 49.91379310344828, "50": 53.271844660194176, "51": 50.016949152542374, "52": 50.72941176470588, "53": 51.16, "54": 55.48979591836735, "55": 51.244897959183675, "56": 52.13392857142857, "57": 52.65137614678899, "58": 49.02857142857143, "59": 51.81818181818182, "60": 51.88, "61": 49.87826086956522, "62": 54.23255813953488, "63": 54.2289156626506, "64": 51.07142857142857, "65": 55.872093023255815, "66": 61.06172839506173, "67": 63.72}, "p4": {"0": 47.904230144015855, "1": 47.904230144015855, "2": 47.904230144015855, "3": 47.904230144015855, "4": 47.821621621621624, "5": 48.1953125, "6": 47.74873096446701, "7": 47.93434343434343, "8": 47.879356568364614, "9": 47.80890052356021, "10": 48.04960835509139, "11": 47.91798941798942, "12": 47.7025, "13": 48.16120906801007, "14": 47.853960396039604, "15": 47.65768194070081, "16": 48.394366197183096, "17": 48.177570093457945, "18": 48.014792899408285, "19": 48.109756097560975, "20": 48.20754716981132, "21": 47.95962732919255, "22": 48.19407894736842, "23": 47.97014925373134, "24": 48.32247557003257, "25": 47.44932432432432, "26": 47.541528239202655, "27": 47.466887417218544, "28": 47.7168458781362, "29": 47.386617100371744, "30": 47.84132841328413, "31": 48.1993006993007, "32": 48.0578231292517, "33": 48.325581395348834, "34": 48.3062015503876, "35": 47.959016393442624, "36": 48.29090909090909, "37": 48.07984790874525, "38": 47.739776951672866, "39": 48.08196721311475, "40": 47.75187969924812, "41": 47.724489795918366, "42": 47.8006993006993, "43": 48.034129692832764, "44": 47.53488372093023, "45": 47.65172413793103, "46": 47.8561872909699, "47": 47.615894039735096, "48": 47.743589743589745, "49": 47.37, "50": 47.6525974025974, "51": 47.400735294117645, "52": 47.34375, "53": 47.618589743589745, "54": 48.31384615384616, "55": 47.87943262411348, "56": 47.918088737201366, "57": 48.441471571906355, "58": 48.03988603988604, "59": 47.788690476190474, "60": 47.79375, "61": 48.13355048859935, "62": 48.14067278287462, "63": 48.083941605839414, "64": 48.25938566552901, "65": 48.449122807017545, "66": 47.84920634920635, "67": 47.156}}