{"p0": {"0": 10.0, "1": 10.0, "2": 10.0, "3": 10.0, "4": 10.0, "5": 10.0, "6": 10.0, "7": 10.0, "8": 10.0, "9": 10.0, "10": 10.0, "11": 10.0, "12": 10.0, "13": 10.0, "14": 10.0, "15": 10.0, "16": 10.0, "17": 10.0, "18": 10.0, "19": 10.0, "20": 10.0, "21": 10.0, "22": 10.0, "23": 10.0, "24": 10.0, "25": 10.0, "26": 10.0, "27": 10.0, "28": 10.0, "29": 10.0, "30": 10.0, "31": 10.0, "32": 10.0, "33": 10.0, "34": 10.0, "35": 10.0, "36": 10.0, "37": 10.0, "38": 10.0, "39": 10.0, "40": 10.0, "41": 10.0, "42": 10.0, "43": 10.0, "44": 10.0, "45": 10.0, "46": 10.0, "47": 10.0, "48": 10.0, "49": 10.0, "50": 10.0, "51": 10.0, "52": 10.0, "53": 10.0, "54": 99999.0, "55": 99999.0, "56": 99999.0}, "p1": {"0": 20.8521857960296, "1": 9.979591836734693, "2": 12.868131868131869, "3": 14.455696202531646, "4": 15.307692307692308, "5": 18.365482233502537, "6": 21.546296296296298, "7": 21.259615384615383, "8": 19.595, "9": 20.429951690821255, "10": 20.410714285714285, "11": 21.00657894736842, "12": 20.55135135135135, "13": 22.483333333333334, "14": 20.86631016042781, "15": 22.27173913043478, "16": 21.53900709219858, "17": 24.35928143712575, "18": 21.176829268292682, "19": 23.208333333333332, "20": 21.30817610062893, "21": 22.825301204819276, "22": 21.93243243243243, "23": 22.976608187134502, "24": 23.146198830409357, "25": 22.674698795180724, "26": 22.786585365853657, "27": 22.373333333333335, "28": 21.755555555555556, "29": 22.43971631205674, "30": 22.372413793103448, "31": 22.901960784313726, "32": 22.533834586466167, "33": 23.811023622047244, "34": 21.233766233766232, "35": 22.266666666666666, "36": 21.68548387096774, "37": 23.0990990990991, "38": 23.49579831932773, "39": 22.240384615384617, "40": 20.781512605042018, "41": 20.694214876033058, "42": 22.073170731707318, "43": 22.653061224489797, "44": 21.397959183673468, "45": 22.46846846846847, "46": 21.91860465116279, "47": 21.56, "48": 21.982142857142858, "49": 22.33, "50": 21.01219512195122, "51": 19.693548387096776, "52": 17.785714285714285, "53": 16.162790697674417, "54": 16.485714285714284, "55": 16.916666666666668, "56": 20.266666666666666}, "p2": {"0": 33.93387504129011, "1": 17.554054054054053, "2": 18.136363636363637, "3": 24.558823529411764, "4": 26.155339805825243, "5": 27.217054263565892, "6": 30.98876404494382, "7": 31.94090909090909, "8": 33.56390977443609, "9": 32.99264705882353, "10": 34.023809523809526, "11": 33.015325670498086, "12": 32.829383886255926, "13": 31.653061224489797, "14": 30.270642201834864, "15": 31.790243902439023, "16": 30.37918215613383, "17": 31.586666666666666, "18": 33.07692307692308, "19": 34.75892857142857, "20": 31.204347826086956, "21": 32.509009009009006, "22": 33.22171945701358, "23": 31.016528925619834, "24": 31.53921568627451, "25": 35.413145539906104, "26": 34.46296296296296, "27": 34.898477157360404, "28": 37.575129533678755, "29": 36.28502415458937, "30": 35.5377358490566, "31": 34.65909090909091, "32": 34.011428571428574, "33": 34.69736842105263, "34": 34.79874213836478, "35": 35.46308724832215, "36": 35.945454545454545, "37": 34.66467065868263, "38": 36.0, "39": 34.49382716049383, "40": 36.539568345323744, "41": 36.603896103896105, "42": 34.289655172413795, "43": 35.20610687022901, "44": 37.13008130081301, "45": 36.610169491525426, "46": 38.10526315789474, "47": 33.520833333333336, "48": 37.072072072072075, "49": 32.4765625, "50": 38.89523809523809, "51": 39.03409090909091, "52": 38.65094339622642, "53": 40.795918367346935, "54": 40.93421052631579, "55": 45.983870967741936, "56": 43.55952380952381}, "p3": {"0": 36.13255046893548, "1": 36.13255046893548, "2": 36.13255046893548, "3": 36.17247386759582, "4": 36.29522184300341, "5": 36.456228956228955, "6": 36.480327868852456, "7": 36.38585209003215, "8": 36.39967637540453, "9": 36.56239870340357, "10": 36.43769470404985, "11": 36.3497688751926, "12": 36.22292993630573, "13": 36.32, "14": 36.3108552631579, "15": 36.38927335640138, "16": 36.49029982363316, "17": 36.63003663003663, "18": 36.67729831144465, "19": 36.526978417266186, "20": 36.781885397412196, "21": 36.85951940850277, "22": 36.62825278810409, "23": 36.540642722117205, "24": 36.35795454545455, "25": 36.181086519114686, "26": 35.809615384615384, "27": 35.160751565762006, "28": 35.155361050328224, "29": 35.44885177453027, "30": 35.731610337972164, "31": 35.85360824742268, "32": 35.523711340206184, "33": 35.62448132780083, "34": 35.70521541950114, "35": 35.891454965357966, "36": 35.593607305936075, "37": 35.948905109489054, "38": 35.694117647058825, "39": 35.532879818594104, "40": 35.68941176470588, "41": 35.729847494553375, "42": 36.25053533190578, "43": 35.908183632734534, "44": 36.40159045725646, "45": 36.156716417910445, "46": 36.34404536862004, "47": 36.49619771863118, "48": 36.3062015503876, "49": 36.29141716566866, "50": 36.09493670886076, "51": 36.10805500982318, "52": 35.96218487394958, "53": 36.006211180124225, "54": 36.37529691211402, "55": 35.945626477541374, "56": 35.96043956043956}}