{"p0": {"0": 10.0, "1": 10.0, "2": 10.0, "3": 10.0, "4": 10.0, "5": 10.0, "6": 10.0, "7": 10.0, "8": 10.0, "9": 10.0, "10": 10.0, "11": 10.0, "12": 10.0, "13": 10.0, "14": 10.0, "15": 10.0, "16": 10.0, "17": 10.0, "18": 10.0, "19": 10.0, "20": 10.0, "21": 10.0, "22": 10.0, "23": 10.0, "24": 10.0, "25": 10.0, "26": 10.0, "27": 10.0, "28": 10.0, "29": 10.0, "30": 10.0, "31": 10.0, "32": 10.0, "33": 10.0, "34": 10.0, "35": 10.0, "36": 10.0, "37": 10.0, "38": 10.0, "39": 10.0, "40": 10.0, "41": 10.0, "42": 10.0, "43": 10.0, "44": 10.0, "45": 10.0, "46": 10.0, "47": 10.0, "48": 10.0, "49": 10.0, "50": 10.0, "51": 10.0, "52": 10.0, "53": 10.0, "54": 10.0, "55": 10.0, "56": 10.0, "57": 10.0, "58": 10.0, "59": 10.0, "60": 10.0, "61": 10.0, "62": 10.0, "63": 10.0, "64": 99999.0, "65": 99999.0, "66": 99999.0, "67": 99999.0, "68": 99999.0}, "p1": {"0": 16.956306162335572, "1": 11.197002141327623, "2": 12.94300518134715, "3": 12.852140077821012, "4": 14.816872427983538, "5": 16.11439842209073, "6": 18.004228329809724, "7": 17.76086956521739, "8": 18.025039123630673, "9": 17.522727272727273, "10": 17.20806451612903, "11": 17.865, "12": 17.3552, "13": 17.697802197802197, "14": 17.868189806678384, "15": 18.40152963671128, "16": 18.54296875, "17": 18.762096774193548, "18": 18.325, "19": 18.19291338582677, "20": 17.78395061728395, "21": 18.583505154639177, "22": 17.853383458646615, "23": 17.71269487750557, "24": 18.3008658008658, "25": 17.817745803357315, "26": 18.277904328018224, "27": 18.733050847457626, "28": 17.437070938215104, "29": 17.585714285714285, "30": 17.543778801843317, "31": 17.53956834532374, "32": 17.725055432372507, "33": 17.627586206896552, "34": 17.30701754385965, "35": 15.827338129496402, "36": 16.398104265402843, "37": 16.508849557522122, "38": 16.44, "39": 15.98728813559322, "40": 16.24604966139955, "41": 16.904139433551197, "42": 16.388372093023257, "43": 16.31168831168831, "44": 15.777227722772277, "45": 16.478747203579417, "46": 16.69330453563715, "47": 15.841163310961969, "48": 16.465324384787472, "49": 15.926108374384237, "50": 15.802439024390244, "51": 15.711340206185566, "52": 16.138248847926267, "53": 16.25980392156863, "54": 16.235294117647058, "55": 16.389548693586697, "56": 16.456233421750664, "57": 16.41952506596306, "58": 16.788918205804748, "59": 16.03235294117647, "60": 16.415300546448087, "61": 16.661538461538463, "62": 15.625748502994012, "63": 15.886297376093294, "64": 15.19732441471572, "65": 17.939814814814813, "66": 18.64, "67": 20.354430379746834, "68": 22.597014925373134}, "p2": {"0": 36.324714941710035, "1": 13.009900990099009, "2": 22.92, "3": 25.933962264150942, "4": 29.223140495867767, "5": 33.41479099678457, "6": 36.53012048192771, "7": 35.920833333333334, "8": 36.177734375, "9": 36.78545454545455, "10": 36.82118055555556, "11": 35.95598591549296, "12": 36.60923623445826, "13": 36.16630196936543, "14": 36.61733615221987, "15": 36.646929824561404, "16": 35.33130081300813, "17": 36.1559829059829, "18": 36.608602150537635, "19": 36.04641350210971, "20": 35.45107398568019, "21": 35.5796178343949, "22": 36.610978520286395, "23": 35.99349240780911, "24": 37.78345498783455, "25": 36.11084337349398, "26": 35.785894206549116, "27": 36.402150537634405, "28": 37.22117647058823, "29": 37.47641509433962, "30": 36.66589327146172, "31": 37.46135831381733, "32": 36.25247524752475, "33": 37.23002421307506, "34": 36.94764397905759, "35": 36.294117647058826, "36": 37.126943005181346, "37": 37.93112244897959, "38": 37.455919395466, "39": 37.145833333333336, "40": 37.0076726342711, "41": 36.41621621621621, "42": 36.78176795580111, "43": 36.90710382513661, "44": 37.20224719101124, "45": 37.310526315789474, "46": 36.94692737430167, "47": 36.62307692307692, "48": 36.095628415300546, "49": 37.68217054263566, "50": 37.49315068493151, "51": 37.7977207977208, "52": 38.11470588235294, "53": 37.38961038961039, "54": 36.92880258899677, "55": 38.50144927536232, "56": 38.68078175895766, "57": 38.0516717325228, "58": 38.17152103559871, "59": 37.80844155844156, "60": 38.33841463414634, "61": 38.294117647058826, "62": 37.18050541516246, "63": 39.019867549668874, "64": 38.4983164983165, "65": 40.02105263157895, "66": 40.98795180722892, "67": 40.43, "68": 41.59756097560975}, "p3": {"0": 36.81256588307734, "1": 20.595588235294116, "2": 23.003861003861005, "3": 27.441734417344172, "4": 29.890585241730278, "5": 32.24186046511628, "6": 37.75723830734967, "7": 40.67034990791897, "8": 37.49063670411985, "9": 36.99667221297837, "10": 39.50714285714286, "11": 36.41967213114754, "12": 38.90239410681399, "13": 40.05714285714286, "14": 39.0110294117647, "15": 38.425925925925924, "16": 39.169642857142854, "17": 37.60321100917431, "18": 37.94712643678161, "19": 38.766497461928935, "20": 39.05384615384615, "21": 37.63106796116505, "22": 38.079896907216494, "23": 36.25575447570333, "24": 38.2421875, "25": 39.13350785340314, "26": 38.82784810126582, "27": 37.067532467532466, "28": 37.721485411140584, "29": 38.94164456233422, "30": 37.28, "31": 36.97770700636943, "32": 38.05949008498584, "33": 37.35693215339233, "34": 36.85, "35": 36.969040247678016, "36": 37.54304635761589, "37": 35.707317073170735, "38": 36.83987915407855, "39": 39.10819672131147, "40": 36.671480144404335, "41": 37.013468013468014, "42": 36.74324324324324, "43": 38.019354838709674, "44": 37.940766550522646, "45": 36.45644599303136, "46": 37.493288590604024, "47": 38.07037037037037, "48": 37.49814126394052, "49": 37.03174603174603, "50": 35.544444444444444, "51": 36.38590604026846, "52": 38.12457912457913, "53": 36.593856655290104, "54": 35.69961977186312, "55": 35.81640625, "56": 36.48880597014925, "57": 34.68260869565217, "58": 36.80373831775701, "59": 36.11659192825112, "60": 36.27522935779817, "61": 35.47107438016529, "62": 34.32380952380952, "63": 34.243781094527364, "64": 36.50909090909091, "65": 33.75590551181102, "66": 36.58119658119658, "67": 44.5, "68": 50.854838709677416}, "p4": {"0": 53.614516489728615, "1": 26.010309278350515, "2": 27.492857142857144, "3": 30.04468085106383, "4": 34.780869565217394, "5": 38.00705467372134, "6": 43.237964236588724, "7": 45.2029702970297, "8": 46.93764434180139, "9": 48.02477477477478, "10": 48.82728272827283, "11": 47.73296703296703, "12": 48.54895104895105, "13": 49.180263157894736, "14": 49.11156462585034, "15": 48.7830985915493, "16": 51.98881118881119, "17": 50.19109195402299, "18": 50.1765625, "19": 51.84026622296173, "20": 51.55784469096672, "21": 51.12931034482759, "22": 51.003338898163605, "23": 49.85098743267505, "24": 48.762081784386616, "25": 51.38576779026217, "26": 50.26862745098039, "27": 52.863461538461536, "28": 52.13953488372093, "29": 54.2852233676976, "30": 53.733695652173914, "31": 55.998194945848375, "32": 55.632270168855534, "33": 56.04329896907217, "34": 57.090384615384615, "35": 56.05068226120858, "36": 56.48282828282828, "37": 56.424, "38": 56.66231343283582, "39": 56.559322033898304, "40": 56.337786259541986, "41": 56.854616895874265, "42": 57.06776180698152, "43": 57.36440677966102, "44": 56.74115456238361, "45": 56.252272727272725, "46": 56.931174089068826, "47": 56.931442080378254, "48": 57.06401766004415, "49": 60.24034334763949, "50": 61.032467532467535, "51": 57.31858407079646, "52": 58.77570093457944, "53": 57.89366515837104, "54": 59.03970223325062, "55": 58.719298245614034, "56": 58.69718309859155, "57": 58.897172236503856, "58": 59.213157894736845, "59": 58.69230769230769, "60": 60.1972972972973, "61": 60.06461538461539, "62": 55.520270270270274, "63": 58.66938775510204, "64": 60.34322033898305, "65": 61.22051282051282, "66": 62.13414634146341, "67": 76.8030303030303, "68": 80.72727272727273}, "p5": {"0": 64.21812094940712, "1": 64.21812094940712, "2": 64.21812094940712, "3": 64.21812094940712, "4": 64.21812094940712, "5": 64.21424565339316, "6": 64.26324689966178, "7": 64.18030842230131, "8": 64.05462724935732, "9": 63.86151491966335, "10": 63.852700490998366, "11": 63.77341137123746, "12": 64.1151566469094,