{"p0": {"0": 10.0, "1": 10.0, "2": 10.0, "3": 10.0, "4": 10.0, "5": 10.0, "6": 10.0, "7": 10.0, "8": 10.0, "9": 10.0, "10": 10.0, "11": 10.0, "12": 10.0, "13": 10.0, "14": 10.0, "15": 10.0, "16": 10.0, "17": 10.0, "18": 10.0, "19": 10.0, "20": 10.0, "21": 10.0, "22": 10.0, "23": 10.0, "24": 10.0, "25": 10.0, "26": 10.0, "27": 10.0, "28": 10.0, "29": 10.0, "30": 10.0, "31": 10.0, "32": 10.0, "33": 10.0, "34": 10.0, "35": 10.0, "36": 10.0, "37": 10.0, "38": 10.0, "39": 10.0, "40": 10.0, "41": 10.0, "42": 10.0, "43": 10.0, "44": 10.0, "45": 10.0, "46": 10.0, "47": 10.0, "48": 10.0, "49": 10.0, "50": 10.0, "51": 10.0, "52": 10.0, "53": 10.0, "54": 10.0, "55": 10.0, "56": 10.0, "57": 10.0, "58": 10.0, "59": 10.0, "60": 10.0, "61": 10.0, "62": 10.0, "63": 10.0, "64": 10.0, "65": 10.0, "66": 10.0, "67": 10.0, "68": 99999.0, "69": 99999.0, "70": 99999.0}, "p1": {"0": 20.35126349518468, "1": 3.2941176470588234, "2": 10.957446808510639, "3": 15.027397260273972, "4": 18.923809523809524, "5": 20.285714285714285, "6": 23.214876033057852, "7": 23.50980392156863, "8": 23.973684210526315, "9": 21.22077922077922, "10": 20.159420289855074, "11": 22.3875, "12": 19.380434782608695, "13": 20.03, "14": 24.516483516483518, "15": 22.172043010752688, "16": 22.740384615384617, "17": 20.377551020408163, "18": 21.462365591397848, "19": 21.53488372093023, "20": 23.7816091954023, "21": 20.77173913043478, "22": 22.38372093023256, "23": 22.93258426966292, "24": 20.632183908045977, "25": 21.689655172413794, "26": 20.74757281553398, "27": 23.206521739130434, "28": 20.8, "29": 21.7027027027027, "30": 20.583333333333332, "31": 20.470588235294116, "32": 20.59550561797753, "33": 20.855855855855857, "34": 21.682926829268293, "35": 20.160493827160494, "36": 20.20689655172414, "37": 22.08641975308642, "38": 20.57894736842105, "39": 19.84285714285714, "40": 20.603174603174605, "41": 23.322580645161292, "42": 19.89830508474576, "43": 20.85483870967742, "44": 21.323076923076922, "45": 21.453125, "46": 21.661538461538463, "47": 19.95, "48": 21.0, "49": 21.366197183098592, "50": 20.327272727272728, "51": 22.17241379310345, "52": 22.155172413793103, "53": 22.62264150943396, "54": 22.593220338983052, "55": 22.0, "56": 21.92, "57": 20.79310344827586, "58": 19.93220338983051, "59": 18.34426229508197, "60": 22.020408163265305, "61": 20.725490196078432, "62": 19.74, "63": 21.451612903225808, "64": 17.78, "65": 15.4, "66": 14.193548387096774, "67": 16.258064516129032, "68": 11.142857142857142, "69": 20.35126349518468, "70": 20.35126349518468}, "p2": {"0": 35.17956688908469, "1": 9.4, "2": 10.722222222222221, "3": 15.588235294117647, "4": 20.365384615384617, "5": 25.606060606060606, "6": 29.25, "7": 29.613861386138613, "8": 35.11643835616438, "9": 35.0, "10": 34.24390243902439, "11": 34.93793103448276, "12": 30.886363636363637, "13": 33.74803149606299, "14": 32.60683760683761, "15": 29.533834586466167, "16": 32.53125, "17": 32.357142857142854, "18": 30.975155279503106, "19": 30.557142857142857, "20": 33.328859060402685, "21": 32.50819672131148, "22": 35.27131782945737, "23": 34.709219858156025, "24": 34.48936170212766, "25": 33.15702479338843, "26": 34.55555555555556, "27": 35.52, "28": 37.61363636363637, "29": 36.8503937007874, "30": 35.053030303030305, "31": 37.322916666666664, "32": 35.35454545454545, "33": 36.898989898989896, "34": 36.06870229007634, "35": 34.87218045112782, "36": 37.584070796460175, "37": 36.89565217391304, "38": 37.308411214953274, "39": 39.354166666666664, "40": 39.80392156862745, "41": 39.649484536082475, "42": 34.93069306930693, "43": 36.46491228070175, "44": 35.943548387096776, "45": 37.63636363636363, "46": 38.136842105263156, "47": 37.947916666666664, "48": 41.375, "49": 39.6578947368421, "50": 35.839506172839506, "51": 40.39772727272727, "52": 37.91752577319588, "53": 37.5, "54": 37.913978494623656, "55": 38.720588235294116, "56": 38.032967032967036, "57": 40.858695652173914, "58": 40.65079365079365, "59": 36.74418604651163, "60": 39.06666666666667, "61": 38.91566265060241, "62": 41.16304347826087, "63": 38.38947368421053, "64": 36.81967213114754, "65": 39.906666666666666, "66": 38.36507936507937, "67": 40.16867469879518, "68": 42.17460317460318, "69": 47.588235294117645, "70": 46.13333333333333}, "p3": {"0": 36.85297457004553, "1": 36.85297457004553, "2": 36.85297457004553, "3": 35.982300884955755, "4": 36.37344398340249, "5": 36.41312741312741, "6": 37.10408921933085, "7": 36.39393939393939, "8": 36.74733096085409, "9": 36.986301369863014, "10": 37.05862068965517, "11": 36.630508474576274, "12": 37.20569620253165, "13": 36.919463087248324, "14": 37.08441558441559, "15": 36.859154929577464, "16": 36.7, "17": 36.070093457943926, "18": 36.50917431192661, "19": 36.35874439461883, "20": 36.285714285714285, "21": 36.37229437229437, "22": 36.45528455284553, "23": 36.49576271186441, "24": 36.16988416988417, "25": 36.26984126984127, "26": 36.05882352941177, "27": 35.96888888888889, "28": 37.02290076335878, "29": 36.822784810126585, "30": 37.123456790123456, "31": 36.96035242290749, "32": 37.271028037383175, "33": 37.4, "34": 36.67613636363637, "35": 36.60220994475138, "36": 36.438202247191015, "37": 37.36574074074074, "38": 37.12690355329949, "39": 36.55440414507772, "40": 36.878787878787875, "41": 36.46153846153846, "42": 36.78712871287129, "43": 36.62325581395349, "44": 36.73809523809524, "45": 36.70192307692308, "46": 37.75221238938053, "47": 36.90547263681592, "48": 37.193415637860085, "49": 37.07727272727273, "50": 37.28155339805825, "51": 37.07182320441989, "52": 37.11413043478261, "53": 36.95522388059702, "54": 37.53658536585366, "55": 37.29807692307692, "56": 37.24873096446701, "57": 38.110497237569064, "58": 37.994475138121544, "59": 37.44444444444444, "60": 36.39779005524862, "61": 37.42774566473989, "62": 35.853403141361255, "63": 36.45945945945946, "64": 36.91428571428571, "65": 36.77900552486188, "66": 37.13756613756614, "67": 37.43877551020408, "68": 37.38461538461539, "69": 36.903225806451616, "70": 37.294736842105266}}