{"p0": {"0": 10.0, "1": 10.0, "2": 10.0, "3": 10.0, "4": 10.0, "5": 10.0, "6": 10.0, "7": 10.0, "8": 10.0, "9": 10.0, "10": 10.0, "11": 10.0, "12": 10.0, "13": 10.0, "14": 10.0, "15": 10.0, "16": 10.0, "17": 10.0, "18": 10.0, "19": 10.0, "20": 10.0, "21": 10.0, "22": 10.0, "23": 10.0, "24": 10.0, "25": 10.0, "26": 10.0, "27": 10.0, "28": 10.0, "29": 10.0, "30": 10.0, "31": 10.0, "32": 10.0, "33": 10.0, "34": 10.0, "35": 10.0, "36": 10.0, "37": 10.0, "38": 10.0, "39": 10.0, "40": 10.0, "41": 10.0, "42": 10.0, "43": 10.0, "44": 10.0, "45": 10.0, "46": 10.0, "47": 10.0, "48": 10.0, "49": 10.0, "50": 10.0, "51": 10.0, "52": 10.0, "53": 10.0, "54": 10.0, "55": 10.0, "56": 10.0, "57": 10.0, "58": 10.0, "59": 10.0, "60": 10.0, "61": 10.0, "62": 10.0, "63": 10.0, "64": 10.0, "65": 10.0, "66": 10.0, "67": 10.0, "68": 10.0, "69": 99999.0, "70": 99999.0, "71": 99999.0, "72": 99999.0}, "p1": {"0": 21.681365622703694, "1": 5.595238095238095, "2": 9.25, "3": 13.187919463087248, "4": 16.60135135135135, "5": 20.693548387096776, "6": 23.508196721311474, "7": 21.612903225806452, "8": 20.155555555555555, "9": 21.415204678362574, "10": 20.74576271186441, "11": 20.65193370165746, "12": 21.583333333333332, "13": 22.096446700507613, "14": 23.491891891891893, "15": 22.00653594771242, "16": 21.973958333333332, "17": 22.976608187134502, "18": 22.505434782608695, "19": 23.09090909090909, "20": 22.75, "21": 23.00602409638554, "22": 22.376344086021504, "23": 24.015873015873016, "24": 23.124352331606218, "25": 23.074285714285715, "26": 22.964912280701753, "27": 23.726114649681527, "28": 22.930635838150287, "29": 21.819767441860463, "30": 22.57068062827225, "31": 22.54437869822485, "32": 21.525714285714287, "33": 21.738095238095237, "34": 21.62130177514793, "35": 22.73913043478261, "36": 22.98936170212766, "37": 22.43971631205674, "38": 22.964788732394368, "39": 22.058479532163744, "40": 22.152542372881356, "41": 20.897297297297296, "42": 22.9, "43": 21.70552147239264, "44": 23.624161073825505, "45": 22.100719424460433, "46": 23.27485380116959, "47": 23.352564102564102, "48": 21.59119496855346, "49": 21.99342105263158, "50": 22.953020134228186, "51": 21.651162790697676, "52": 21.877906976744185, "53": 21.28, "54": 21.130718954248366, "55": 22.428571428571427, "56": 19.993243243243242, "57": 23.68148148148148, "58": 22.102739726027398, "59": 22.944055944055943, "60": 21.568345323741006, "61": 21.08955223880597, "62": 21.76, "63": 19.587719298245613, "64": 21.598130841121495, "65": 23.265486725663717, "66": 21.382608695652173, "67": 20.306122448979593, "68": 20.072580645161292, "69": 20.21212121212121, "70": 24.136363636363637, "71": 29.0, "72": 27.321428571428573}, "p2": {"0": 31.32419187947609, "1": 9.957446808510639, "2": 17.27659574468085, "3": 19.45528455284553, "4": 21.335526315789473, "5": 24.056818181818183, "6": 26.534313725490197, "7": 30.548672566371682, "8": 32.97071129707113, "9": 32.972972972972975, "10": 34.455357142857146, "11": 36.02, "12": 32.98918918918919, "13": 31.156976744186046, "14": 33.3625, "15": 31.589189189189188, "16": 30.56084656084656, "17": 30.359116022099446, "18": 30.61006289308176, "19": 35.66483516483517, "20": 36.43859649122807, "21": 30.619883040935672, "22": 33.07954545454545, "23": 31.89864864864865, "24": 32.636986301369866, "25": 30.907801418439718, "26": 33.666666666666664, "27": 31.05, "28": 33.20886075949367, "29": 30.248062015503876, "30": 33.5578231292517, "31": 32.282442748091604, "32": 31.592307692307692, "33": 31.590551181102363, "34": 27.4296875, "35": 29.528, "36": 29.165137614678898, "37": 31.26050420168067, "38": 33.825688073394495, "39": 31.07017543859649, "40": 33.18796992481203, "41": 30.692307692307693, "42": 30.774193548387096, "43": 32.6695652173913, "44": 30.557522123893804, "45": 30.422764227642276, "46": 30.96124031007752, "47": 29.131782945736433, "48": 33.084210526315786, "49": 31.67676767676768, "50": 32.27777777777778, "51": 32.282828282828284, "52": 33.99, "53": 35.68181818181818, "54": 33.58163265306123, "55": 33.95412844036697, "56": 32.96511627906977, "57": 33.666666666666664, "58": 33.113821138211385, "59": 29.70873786407767, "60": 32.505494505494504, "61": 33.628865979381445, "62": 33.13725490196079, "63": 31.805309734513273, "64": 33.98780487804878, "65": 32.72727272727273, "66": 28.87912087912088, "67": 27.557142857142857, "68": 30.426470588235293, "69": 29.76923076923077, "70": 25.94736842105263, "71": 46.42857142857143, "72": 47.22727272727273}, "p3": {"0": 45.68265410595893, "1": 13.540983606557377, "2": 14.685, "3": 16.23913043478261, "4": 21.995283018867923, "5": 25.99126637554585, "6": 35.10958904109589, "7": 34.39930555555556, "8": 36.31772575250836, "9": 36.78637770897833, "10": 35.588235294117645, "11": 36.491289198606275, "12": 35.369127516778526, "13": 35.98251748251748, "14": 34.91475409836065, "15": 33.107142857142854, "16": 33.77272727272727, "17": 35.69795918367347, "18": 37.18421052631579, "19": 35.57017543859649, "20": 37.44206008583691, "21": 33.490990990990994, "22": 38.50212765957447, "23": 43.95454545454545, "24": 41.09090909090909, "25": 42.98148148148148, "26": 42.79710144927536, "27": 43.543956043956044, "28": 41.71, "29": 47.071005917159766, "30": 46.861111111111114, "31": 47.3494623655914, "32": 48.02162162162162, "33": 49.02564102564103, "34": 52.42580645161291, "35": 53.245714285714286, "36": 52.16315789473684, "37": 52.47093023255814, "38": 52.138728323699425, "39": 54.371428571428574, "40": 52.358024691358025, "41": 51.374233128834355, "42": 48.95454545454545, "43": 52.49689440993789, "44": 51.95061728395062, "45": 51.92528735632184, "46": 53.215053763440864, "47": 52.694736842105264, "48": 54.67934782608695, "49": 53.52, "50": 52.80446927374302, "51": 55.401162790697676, "52": 54.220338983050844, "53": 52.80701754385965, "54": 52.033112582781456, "55": 53.45070422535211, "56": 52.57575757575758, "57": 53.06707317073171, "58": 54.76978417266187, "59": 52.92546583850932, "60": 54.26086956521739, "61": 52.16197183098591, "62": 50.210144927536234, "63": 53.192546583850934, "64": 52.96195652173913, "65": 52.703947368421055, "66": 53.85526315789474, "67": 54.33540372670807, "68": 56.19178082191781, "69": 57.625766871165645, "70": 59.975, "71": 63.45783132530121, "72": 61.59440559440559}, "p4": {"0": 48.45341195788561, "1": 48.45341195788561, "2": 48.45341195788561, "3": 48.45341195788561, "4": 48.97250859106529, "5": 49.2962962962963, "6": 48.946996466431095, "7": 48.9246935201401, "8": 48.462311557788944, "9": 48.889078498293514, "10": 48.81487603305785, "11": 48.83216783216783, "12": 48.97719298245614, "13": 49.015306122448976, "14": 48.78973509933775, "15": 48.89630931458699, "16": 49.04593639575972, "17": 49.15370705244123, "18": 49.32200357781753, "19": 49.02616822429906, "20": 48.53653846153846, "21": 48.791666666666664, "22": 48.879629629629626, "23": 49.50851063829787, "24": 48.697916666666664, "25": 49.496855345911946, "26": 49.16814159292036, "27": 48.99767441860465, "28": 49.164414414414416, "29": 48.608801955990224, "30": 48.434679334916865, "31": 48.05865921787709, "32": 48.57824933687002, "33": 47.36065573770492, "34": 47.36923076923077, "35": 47.34862385321101, "36": 47.83641975308642, "37": 47.26162790697674, "38": 47.45070422535211, "39": 47.515068493150686, "40": 47.344919786096256, "41": 47.37808219178082, "42": 48.00263852242744, "43": 48.513297872340424, "44": 48.133495145631066, "45": 47.727923627684966, "46": 47.57342657342657, "47": 48.27250608272506, "48": 49.01146788990825, "49": 49.094202898550726, "50": 49.0, "51": 49.6953642384106, "52": 49.34977578475336, "53": 49.378, "54": 49.251521298174445, "55": 49.26138613861386, "56": 49.46680080482897, "57": 48.73069306930693, "58": 48.68859649122807, "59": 47.9915611814346, "60": 48.454356846473026, "61": 48.29956896551724, "62": 48.505494505494504, "63": 47.86711711711712, "64": 47.31738035264484, "65": 47.5, "66": 47.53061224489796, "67": 47.1, "68": 47.59803921568628, "69": 48.082926829268295,