{"p0": {"0": 10.0, "1": 10.0, "2": 10.0, "3": 10.0, "4": 10.0, "5": 10.0, "6": 10.0, "7": 10.0, "8": 10.0, "9": 10.0, "10": 10.0, "11": 10.0, "12": 10.0, "13": 10.0, "14": 10.0, "15": 10.0, "16": 10.0, "17": 10.0, "18": 10.0, "19": 10.0, "20": 10.0, "21": 10.0, "22": 10.0, "23": 10.0, "24": 10.0, "25": 10.0, "26": 10.0, "27": 10.0, "28": 10.0, "29": 10.0, "30": 10.0, "31": 10.0, "32": 10.0, "33": 10.0, "34": 10.0, "35": 10.0, "36": 10.0, "37": 10.0, "38": 10.0, "39": 10.0, "40": 10.0, "41": 10.0, "42": 10.0, "43": 10.0, "44": 10.0, "45": 10.0, "46": 10.0, "47": 10.0, "48": 10.0, "49": 10.0, "50": 10.0, "51": 10.0, "52": 10.0, "53": 10.0, "54": 10.0, "55": 10.0, "56": 10.0, "57": 10.0, "58": 10.0, "59": 10.0, "60": 10.0, "61": 10.0, "62": 10.0, "63": 10.0, "64": 10.0, "65": 10.0, "66": 10.0, "67": 10.0, "68": 10.0, "69": 10.0, "70": 10.0, "71": 10.0, "72": 10.0, "73": 10.0, "74": 10.0, "75": 10.0, "76": 10.0, "77": 10.0, "78": 10.0, "79": 10.0, "80": 10.0, "81": 10.0, "82": 10.0, "83": 10.0, "84": 10.0, "85": 10.0, "86": 10.0, "87": 10.0, "88": 10.0, "89": 10.0, "90": 10.0, "91": 10.0, "92": 10.0, "93": 10.0, "94": 10.0, "95": 10.0, "96": 99999.0, "97": 99999.0, "98": 99999.0, "99": 99999.0}, "p1": {"0": 21.2236158828036, "1": 5.4411764705882355, "2": 9.885714285714286, "3": 13.4, "4": 17.38938053097345, "5": 20.223776223776223, "6": 22.714285714285715, "7": 22.228813559322035, "8": 20.844827586206897, "9": 23.28688524590164, "10": 21.65891472868217, "11": 21.307692307692307, "12": 20.435374149659864, "13": 21.91156462585034, "14": 22.604477611940297, "15": 19.657894736842106, "16": 21.62142857142857, "17": 21.356060606060606, "18": 19.65573770491803, "19": 21.44, "20": 22.508474576271187, "21": 23.9453125, "22": 23.339130434782607, "23": 21.94736842105263, "24": 22.91743119266055, "25": 22.10144927536232, "26": 24.156462585034014, "27": 22.774774774774773, "28": 21.77777777777778, "29": 24.788617886178862, "30": 22.818181818181817, "31": 21.58, "32": 22.723076923076924, "33": 22.776859504132233, "34": 21.738317757009344, "35": 22.92792792792793, "36": 21.64, "37": 21.203389830508474, "38": 22.666666666666668, "39": 21.75, "40": 22.798319327731093, "41": 20.885964912280702, "42": 20.944, "43": 22.287037037037038, "44": 23.53846153846154, "45": 21.852941176470587, "46": 22.55263157894737, "47": 22.903225806451612, "48": 22.356060606060606, "49": 20.961165048543688, "50": 21.701030927835053, "51": 19.307692307692307, "52": 19.794642857142858, "53": 20.16470588235294, "54": 21.704761904761906, "55": 21.314606741573034, "56": 21.01123595505618, "57": 20.956989247311828, "58": 20.87735849056604, "59": 21.21, "60": 21.683168316831683, "61": 23.305263157894736, "62": 19.462962962962962, "63": 20.95049504950495, "64": 22.57894736842105, "65": 20.411214953271028, "66": 21.233644859813083, "67": 22.17241379310345, "68": 20.74774774774775, "69": 21.648936170212767, "70": 21.370786516853933, "71": 22.11320754716981, "72": 22.16504854368932, "73": 19.46938775510204, "74": 21.806122448979593, "75": 23.476190476190474, "76": 22.107142857142858, "77": 21.27906976744186, "78": 22.0561797752809, "79": 21.685393258426966, "80": 23.270833333333332, "81": 20.36082474226804, "82": 21.38888888888889, "83": 24.344827586206897, "84": 20.761904761904763, "85": 22.178571428571427, "86": 19.555555555555557, "87": 21.40449438202247, "88": 21.291666666666668, "89": 22.148936170212767, "90": 20.064102564102566, "91": 18.95, "92": 20.16867469879518, "93": 18.907894736842106, "94": 17.348837209302324, "95": 19.43548387096774, "96": 17.875, "97": 20.195652173913043, "98": 24.8, "99": 26.694444444444443}, "p2": {"0": 35.20386710966194, "1": 14.866666666666667, "2": 18.238095238095237, "3": 22.644444444444446, "4": 26.933333333333334, "5": 29.04123711340206, "6": 34.641304347826086, "7": 35.81395348837209, "8": 37.64393939393939, "9": 37.52054794520548, "10": 37.04964539007092, "11": 35.421875, "12": 35.798507462686565, "13": 35.88235294117647, "14": 32.55, "15": 34.306451612903224, "16": 33.19266055045872, "17": 32.43333333333333, "18": 33.39837398373984, "19": 35.00934579439252, "20": 36.417391304347824, "21": 34.271186440677965, "22": 34.625, "23": 34.95035460992908, "24": 34.88421052631579, "25": 36.53398058252427, "26": 30.992, "27": 38.13235294117647, "28": 34.189655172413794, "29": 37.114754098360656, "30": 36.81553398058252, "31": 35.354838709677416, "32": 35.34736842105263, "33": 35.029411764705884, "34": 38.56989247311828, "35": 39.724137931034484, "36": 36.42553191489362, "37": 36.90350877192982, "38": 38.48051948051948, "39": 39.42574257425743, "40": 38.4264705882353, "41": 38.507936507936506, "42": 38.38961038961039, "43": 37.376344086021504, "44": 34.637362637362635, "45": 36.342465753424655, "46": 35.12162162162162, "47": 36.285714285714285, "48": 36.492537313432834, "49": 35.859375, "50": 36.701492537313435, "51": 35.96923076923077, "52": 37.054794520547944, "53": 33.86666666666667, "54": 36.57971014492754, "55": 35.303030303030305, "56": 36.898305084745765, "57": 37.25423728813559, "58": 36.63235294117647, "59": 36.15714285714286, "60": 35.84615384615385, "61": 36.60294117647059, "62": 36.0126582278481, "63": 36.92982456140351, "64": 38.114285714285714, "65": 38.075, "66": 35.72727272727273, "67": 36.94871794871795, "68": 37.83098591549296, "69": 36.61538461538461, "70": 34.013888888888886, "71": 37.23880597014925, "72": 37.2, "73": 36.927536231884055, "74": 37.35897435897436, "75": 35.07142857142857, "76": 37.3859649122807, "77": 35.189655172413794, "78": 33.63934426229508, "79": 34.97014925373134, "80": 35.042857142857144, "81": 35.479166666666664, "82": 37.06382978723404, "83": 35.63793103448276, "84": 36.2, "85": 37.02, "86": 34.08771929824562, "87": 37.40816326530612, "88": 35.47222222222222, "89": 33.07692307692308, "90": 38.53164556962025, "91": 38.0875, "92": 34.75824175824176, "93": 34.24193548387097, "94": 35.588235294117645, "95": 29.40740740740741, "96": 28.4390243902439, "97": 30.52, "98": 37.833333333333336, "99": 37.1578947368421}, "p3": {"0": 41.84772845630953, "1": 16.57843137254902, "2": 18.933333333333334, "3": 22.614035087719298, "4": 25.892857142857142, "5": 32.8955223880597, "6": 34.2814371257485, "7": 34.06993006993007, "8": 35.15436241610738, "9": 34.86904761904762, "10": 37.1554054054054, "11": 37.03626943005181, "12": 38.72, "13": 37.66285714285714, "14": 36.78688524590164, "15": 36.34969325153374, "16": 37.149068322981364, "17": 35.36571428571428, "18": 34.526315789473685, "19": 36.34117647058824, "20": 36.29775280898876, "21": 37.65555555555556, "22": 35.38690476190476, "23": 38.73513513513514, "24": 34.28491620111732, "25": 36.899328859060404, "26": 32.95705521472393, "27": 36.21084337349398, "28": 35.9079754601227, "29": 35.36969696969697, "30": 35.733333333333334, "31": 37.958333333333336, "32": 35.106918238993714, "33": 38.2, "34": 35.793103448275865, "35": 34.0440251572327, "36": 38.48, "37": 37.5187969924812, "38": 36.1764705882353, "39": 38.660377358490564, "40": 37.94767441860465, "41": 35.61349693251534, "42": 34.515723270440255, "43": 39.91970802919708, "44": 38.49122807017544, "45": 38.96052631578947, "46": 40.04929577464789, "47": 47.96296296296296, "48": 43.84033613445378, "49": 43.875, "50": 44.42857142857143, "51": 40.69230769230769, "52": 43.12781954887218, "53": 45.716814159292035, "54": 43.172413793103445, "55": 47.992537313432834, "56": 46.66923076923077, "57": 45.27884615384615, "58": 43.45631067961165, "59": 45.39344262295082, "60": 44.956896551724135, "61": 45.211009174311926, "62": 48.252100840336134, "63": 45.17391304347826, "64": 43.357142857142854, "65": 46.20634920634921, "66": 47.112, "67": 46.90983606557377, "68": 46.36190476190476, "69": 46.0948275862069, "70": 47.14912280701754, "71": 45.291666666666664, "72": 46.768, "73": 46.92553191489362, "74": 48.06086956521739, "75": 50.23148148148148, "76": 49.56363636363636, "77": 49.103092783505154, "78": 47.90425531914894, "79": 46.724489795918366,