{"p0": {"0": 10.0, "1": 10.0, "2": 10.0, "3": 10.0, "4": 10.0, "5": 10.0, "6": 10.0, "7": 10.0, "8": 10.0, "9": 10.0, "10": 10.0, "11": 10.0, "12": 10.0, "13": 10.0, "14": 10.0, "15": 10.0, "16": 10.0, "17": 10.0, "18": 10.0, "19": 10.0, "20": 10.0, "21": 10.0, "22": 10.0, "23": 10.0, "24": 10.0, "25": 10.0, "26": 10.0, "27": 10.0, "28": 10.0, "29": 10.0, "30": 10.0, "31": 10.0, "32": 10.0, "33": 10.0, "34": 10.0, "35": 10.0, "36": 10.0, "37": 10.0, "38": 10.0, "39": 10.0, "40": 10.0, "41": 10.0, "42": 10.0, "43": 10.0, "44": 10.0, "45": 10.0, "46": 10.0, "47": 10.0, "48": 10.0, "49": 10.0, "50": 10.0, "51": 10.0, "52": 10.0, "53": 10.0, "54": 10.0, "55": 10.0, "56": 10.0, "57": 10.0, "58": 10.0, "59": 10.0, "60": 10.0, "61": 10.0, "62": 10.0, "63": 10.0, "64": 10.0, "65": 10.0, "66": 10.0, "67": 10.0, "68": 10.0, "69": 10.0, "70": 10.0, "71": 10.0, "72": 10.0, "73": 10.0, "74": 10.0, "75": 10.0, "76": 10.0, "77": 10.0, "78": 10.0, "79": 10.0, "80": 10.0, "81": 99999.0, "82": 99999.0, "83": 99999.0}, "p1": {"0": 14.998981684947688, "1": 10.110744891232697, "2": 10.557528409090908, "3": 10.652254478072884, "4": 12.23122238586156, "5": 14.468944099378882, "6": 16.038067349926795, "7": 15.981732469063052, "8": 15.847953216374268, "9": 15.94219010561423, "10": 15.990368271954674, "11": 16.174496644295303, "12": 15.65657177468201, "13": 15.61049902786779, "14": 15.861169837914025, "15": 16.03961084086171, "16": 15.967100753941056, "17": 16.152737752161382, "18": 16.195510499637944, "19": 15.70138888888889, "20": 15.622781065088757, "21": 15.575846833578792, "22": 15.853571428571428, "23": 15.94639027877055, "24": 15.683088235294118, "25": 15.34910783553142, "26": 15.723041117145074, "27": 15.585106382978724, "28": 15.495384615384616, "29": 15.064234734337827, "30": 14.870454545454546, "31": 15.167682926829269, "32": 14.818873668188736, "33": 15.188562596599692, "34": 15.198168193172357, "35": 15.583603896103897, "36": 14.912479740680713, "37": 15.029595015576325, "38": 14.568262411347519, "39": 15.423324150596878, "40": 15.44513826940232, "41": 14.90009425070688, "42": 15.969090909090909, "43": 15.76968503937008, "44": 15.497899159663865, "45": 15.68061224489796, "46": 15.848697394789578, "47": 15.405690200210747, "48": 15.268108108108109, "49": 15.38788522848034, "50": 15.739459459459459, "51": 15.604796663190823, "52": 15.46008869179601, "53": 15.725934314835786, "54": 15.402147971360382, "55": 15.06884875846501, "56": 15.766666666666667, "57": 15.727868852459016, "58": 15.302409638554217, "59": 15.286924939467312, "60": 15.139344262295081, "61": 15.453619909502262, "62": 15.088862559241706, "63": 15.557881773399014, "64": 15.065906210392903, "65": 15.958333333333334, "66": 15.518169582772543, "67": 15.215025906735752, "68": 15.808184143222507, "69": 15.805405405405406, "70": 15.724932249322492, "71": 15.393243243243242, "72": 15.486787204450627, "73": 15.675177304964539, "74": 15.955587392550143, "75": 14.764179104477613, "76": 14.241214057507987, "77": 12.817578772802653, "78": 12.55877034358047, "79": 10.93681917211329, "80": 10.39209726443769, "81": 7.71304347826087, "82": 11.214285714285714, "83": 19.333333333333332}, "p2": {"0": 33.59861783435209, "1": 13.896995708154506, "2": 20.281045751633986, "3": 28.537001897533205, "4": 27.837662337662337, "5": 31.290953545232274, "6": 33.4483306836248, "7": 34.1247537754432, "8": 33.664081145584724, "9": 34.53204419889503, "10": 34.096774193548384, "11": 34.81095890410959, "12": 33.86972770955686, "13": 33.862087912087915, "14": 32.71420422133485, "15": 32.88235294117647, "16": 32.05900816070307, "17": 32.43004513217279, "18": 33.06584615384615, "19": 32.89399509803921, "20": 33.35480093676815, "21": 32.76248548199768, "22": 32.3226586102719, "23": 33.08676377454085, "24": 32.78088861838101, "25": 32.623738872403564, "26": 32.52784653465346, "27": 32.51013941698352, "28": 32.943890274314214, "29": 32.112702366127024, "30": 32.88159509202454, "31": 32.704878048780486, "32": 33.10276923076923, "33": 32.82101167315175, "34": 33.3005148005148, "35": 33.471293375394325, "36": 33.47007397444519, "37": 34.08888888888889, "38": 34.37364043506078, "39": 34.129530201342284, "40": 33.86416558861578, "41": 34.148691767708996, "42": 34.19945909398242, "43": 34.01512163050624, "44": 34.407591785936525, "45": 34.42612137203166, "46": 33.83714846304775, "47": 34.26896551724138, "48": 33.81914144968332, "49": 33.852802160702225, "50": 34.58748317631225, "51": 34.4143059490085, "52": 34.500364166059725, "53": 34.08835904628331, "54": 33.78206896551724, "55": 34.24135446685879, "56": 34.54139668826494, "57": 34.12361111111111, "58": 34.67042042042042, "59": 34.50392017106201, "60": 34.37867078825348, "61": 34.98783269961977, "62": 34.373527373527374, "63": 34.30706742485784, "64": 34.37234878240377, "65": 34.9136690647482, "66": 35.0056, "67": 34.75467099918765, "68": 35.12709832134293, "69": 35.35128617363344, "70": 35.33253205128205, "71": 34.56713928273561, "72": 35.16383701188455, "73": 35.3425, "74": 34.793273174733386, "75": 34.92027729636049, "76": 35.36585365853659, "77": 35.35572139303483, "78": 35.05980528511822, "79": 35.20858895705521, "80": 35.89138576779026, "81": 37.46259842519685, "82": 41.30798479087453, "83": 39.38153846153846}, "p3": {"0": 36.037901577557946, "1": 36.037901577557946, "2": 36.037901577557946, "3": 36.03749417792268, "4": 36.038690476190474, "5": 36.00646248946333, "6": 36.02999417588818, "7": 36.05621558968415, "8": 36.08081104907435, "9": 36.04798628963153, "10": 36.078674351585015, "11": 36.06259013556389, "12": 36.098106712564544, "13": 36.047221422401385, "14": 36.02363325740319, "15": 36.04840546697039, "16": 36.11637193382772, "17": 36.035077630822315, "18": 36.06951254687049, "19": 36.05431675242996, "20": 36.015216767154755, "21": 36.038648726023474, "22": 36.016799544419136, "23": 36.00537026568683, "24": 36.025428413488115, "25": 36.04168952276467, "26": 35.9787527593819, "27": 35.966914805624484, "28": 35.933734939759034, "29": 36.03783203649048, "30": 36.02040816326531, "31": 36.01933924254633, "32": 35.96296296296296, "33": 36.00247865601763, "34": 36.01876529779712, "35": 35.959027588090684, "36": 36.00596852957135, "37": 36.04123429819771, "38": 36.05315975047464, "39": 36.06966232385004, "40": 36.06200707098178, "41": 36.03148959474261, "42": 36.000276090557705, "43": 36.03925389755011, "44": 35.999444907021925, "45": 36.02066115702479, "46": 36.0390365448505, "47": 35.977924944812365, "48": 36.02323008849557, "49": 35.953670108847334, "50": 35.88215767634855, "51": 36.03106796116505, "52": 35.949745906267644, "53": 35.97216810464793, "54": 35.9977311401021, "55": 35.985365853658536, "56": 36.02002861230329, "57": 35.96866096866097, "58": 36.00375939849624, "59": 36.020288150543955, "60": 36.04365423532813, "61": 36.116108171663726, "62": 36.055763150330556, "63": 36.04328751096812, "64": 36.02496328928047, "65": 36.043136111920724, "66": 35.89970149253731, "67": 35.975301204819274, "68": 36.057276995305166, "69": 36.02464454976303, "70": 36.09170579029734, "71": 35.91691200523389, "72": 36.235485975212, "73": 36.0692076228686, "74": 36.00327011118378, "75": 36.04172185430463, "76": 36.155915721231764, "77": 36.019013857557205, "78": 36.13049137650504, "79": 36.239377229970806, "80": 36.3, "81": 36.16143216080402, "82": 36.1624685138539, "83": 36.13626162231485}}