{"p0": {"0": 10.0, "1": 10.0, "2": 10.0, "3": 10.0, "4": 10.0, "5": 10.0, "6": 10.0, "7": 10.0, "8": 10.0, "9": 10.0, "10": 10.0, "11": 10.0, "12": 10.0, "13": 10.0, "14": 10.0, "15": 10.0, "16": 10.0, "17": 10.0, "18": 10.0, "19": 10.0, "20": 10.0, "21": 10.0, "22": 10.0, "23": 10.0, "24": 10.0, "25": 10.0, "26": 10.0, "27": 10.0, "28": 10.0, "29": 10.0, "30": 10.0, "31": 10.0, "32": 10.0, "33": 10.0, "34": 10.0, "35": 10.0, "36": 10.0, "37": 10.0, "38": 10.0, "39": 10.0, "40": 10.0, "41": 10.0, "42": 10.0, "43": 10.0, "44": 10.0, "45": 10.0, "46": 10.0, "47": 10.0, "48": 10.0, "49": 10.0, "50": 99999.0, "51": 99999.0, "52": 99999.0}, "p1": {"0": 21.066435187153044, "1": 8.810256410256411, "2": 11.207627118644067, "3": 14.601941747572816, "4": 17.993569131832796, "5": 20.216470588235293, "6": 23.804819277108432, "7": 24.396788990825687, "8": 23.711491442542787, "9": 23.777215189873417, "10": 24.520286396181383, "11": 23.338461538461537, "12": 22.94890510948905, "13": 22.973118279569892, "14": 22.69672131147541, "15": 23.156327543424318, "16": 23.34054054054054, "17": 23.207823960880194, "18": 21.603217158176943, "19": 22.694736842105264, "20": 22.720194647201946, "21": 22.43855421686747, "22": 22.077540106951872, "23": 22.347368421052632, "24": 22.54025974025974, "25": 22.68671679197995, "26": 22.132467532467533, "27": 21.796875, "28": 22.58080808080808, "29": 22.5, "30": 22.45682451253482, "31": 22.214477211796247, "32": 21.990881458966566, "33": 21.770833333333332, "34": 21.71604938271605, "35": 22.024539877300615, "36": 22.38871473354232, "37": 22.044117647058822, "38": 21.786184210526315, "39": 21.912337662337663, "40": 21.619377162629757, "41": 21.864864864864863, "42": 21.626666666666665, "43": 20.753521126760564, "44": 21.486206896551725, "45": 19.87, "46": 18.808873720136518, "47": 19.24175824175824, "48": 16.82967032967033, "49": 15.850393700787402, "50": 13.97979797979798, "51": 12.23076923076923, "52": 28.166666666666668}, "p2": {"0": 34.72396323350675, "1": 13.73939393939394, "2": 19.735099337748345, "3": 25.710084033613445, "4": 25.871900826446282, "5": 30.372972972972974, "6": 34.383141762452105, "7": 35.174067495559505, "8": 34.944532488114106, "9": 35.24148148148148, "10": 35.74814814814815, "11": 34.730357142857144, "12": 35.54455445544554, "13": 34.27810650887574, "14": 34.484913793103445, "15": 34.08936170212766, "16": 33.98494623655914, "17": 34.792635658914726, "18": 35.101604278074866, "19": 35.731285988483684, "20": 35.21513944223108, "21": 35.31422924901186, "22": 36.69527896995708, "23": 35.447084233261336, "24": 35.925, "25": 36.04708097928437, "26": 35.69022869022869, "27": 35.70216962524655, "28": 35.5063829787234, "29": 35.18016194331984, "30": 36.066825775656326, "31": 36.35269709543569, "32": 36.59340659340659, "33": 34.89208633093525, "34": 36.160377358490564, "35": 35.66025641025641, "36": 35.97674418604651, "37": 36.33649289099526, "38": 36.18266978922717, "39": 36.44332493702771, "40": 37.04830917874396, "41": 36.578947368421055, "42": 37.063876651982376, "43": 36.10182767624021, "44": 37.068010075566754, "45": 36.27925531914894, "46": 34.92079207920792, "47": 35.233050847457626, "48": 35.99628252788104, "49": 36.051383399209485, "50": 37.00892857142857, "51": 41.864583333333336, "52": 43.38461538461539}, "p3": {"0": 38.560489455341525, "1": 38.560489455341525, "2": 38.560489455341525, "3": 38.54674498286833, "4": 38.65047518479409, "5": 38.628964691801315, "6": 38.5286317058469, "7": 38.58139534883721, "8": 38.55926146515783, "9": 38.50509286998202, "10": 38.493317838466005, "11": 38.475878499106614, "12": 38.46341463414634, "13": 38.447432762836186, "14": 38.48708487084871, "15": 38.500310752019885, "16": 38.51162790697674, "17": 38.613259668508285, "18": 38.66526946107784, "19": 38.80467345715998, "20": 38.74562989752863, "21": 38.70808561236623, "22": 38.78230865746549, "23": 38.5569932224276, "24": 38.5767131594906, "25": 38.55433455433455, "26": 38.4525, "27": 38.38819320214669, "28": 38.391330166270784, "29": 38.372549019607845, "30": 38.30856123662307, "31": 38.425247236765564, "32": 38.434573829531814, "33": 38.3672514619883, "34": 38.4055522027761, "35": 38.49940476190476, "36": 38.57692307692308, "37": 38.56719022687609, "38": 38.80534572922719, "39": 38.57622130665097, "40": 38.72764465225015, "41": 38.8377581120944, "42": 38.877757901013716, "43": 38.66487775790102, "44": 38.56976029502151, "45": 38.6931216931217, "46": 38.66390041493776, "47": 38.62127659574468, "48": 38.473684210526315, "49": 38.3358925143954, "50": 38.411802030456855, "51": 38.56089943785134, "52": 38.628352490421456}}