{"p0": {"0": 10.0, "1": 10.0, "2": 10.0, "3": 10.0, "4": 10.0, "5": 10.0, "6": 10.0, "7": 10.0, "8": 10.0, "9": 10.0, "10": 10.0, "11": 10.0, "12": 10.0, "13": 10.0, "14": 10.0, "15": 10.0, "16": 10.0, "17": 10.0, "18": 10.0, "19": 10.0, "20": 10.0, "21": 10.0, "22": 10.0, "23": 10.0, "24": 10.0, "25": 10.0, "26": 10.0, "27": 10.0, "28": 10.0, "29": 10.0, "30": 10.0, "31": 10.0, "32": 10.0, "33": 10.0, "34": 10.0, "35": 10.0, "36": 10.0, "37": 10.0, "38": 10.0, "39": 10.0, "40": 10.0, "41": 10.0, "42": 10.0, "43": 10.0, "44": 10.0, "45": 10.0, "46": 10.0, "47": 10.0, "48": 10.0, "49": 10.0, "50": 10.0, "51": 10.0, "52": 10.0, "53": 10.0, "54": 10.0, "55": 10.0, "56": 10.0, "57": 10.0, "58": 10.0, "59": 10.0, "60": 10.0, "61": 10.0, "62": 10.0, "63": 99999.0, "64": 99999.0, "65": 99999.0, "66": 99999.0, "67": 99999.0}, "p1": {"0": 19.981132658425512, "1": 7.712765957446808, "2": 8.827272727272728, "3": 10.358333333333333, "4": 13.745762711864407, "5": 15.601449275362318, "6": 19.43448275862069, "7": 18.826315789473686, "8": 19.263157894736842, "9": 19.085106382978722, "10": 19.570588235294117, "11": 20.263473053892216, "12": 19.834355828220858, "13": 19.527173913043477, "14": 19.962962962962962, "15": 19.660818713450293, "16": 20.56547619047619, "17": 20.73170731707317, "18": 20.88622754491018, "19": 22.18125, "20": 20.843023255813954, "21": 19.964497041420117, "22": 20.623376623376622, "23": 22.65680473372781, "24": 21.48148148148148, "25": 20.155172413793103, "26": 20.64, "27": 19.897142857142857, "28": 20.451127819548873, "29": 23.30065359477124, "30": 19.819444444444443, "31": 20.46564885496183, "32": 20.242424242424242, "33": 20.44137931034483, "34": 21.68831168831169, "35": 22.089430894308943, "36": 22.63768115942029, "37": 21.062992125984252, "38": 20.252100840336134, "39": 20.155172413793103, "40": 20.84297520661157, "41": 23.0, "42": 20.483333333333334, "43": 22.1734693877551, "44": 20.577981651376145, "45": 20.548076923076923, "46": 22.234234234234233, "47": 19.25, "48": 20.0873786407767, "49": 20.46728971962617, "50": 20.875, "51": 20.125, "52": 20.933333333333334, "53": 19.842105263157894, "54": 19.523809523809526, "55": 20.989247311827956, "56": 20.202380952380953, "57": 19.90909090909091, "58": 20.35, "59": 22.228915662650603, "60": 18.761904761904763, "61": 20.5625, "62": 19.666666666666668, "63": 21.420289855072465, "64": 19.264705882352942, "65": 20.08108108108108, "66": 21.0, "67": 28.428571428571427}, "p2": {"0": 33.53545553698792, "1": 19.5, "2": 24.93103448275862, "3": 24.7875, "4": 25.6864406779661, "5": 29.213675213675213, "6": 31.152173913043477, "7": 33.484042553191486, "8": 34.16463414634146, "9": 33.57324840764331, "10": 35.57857142857143, "11": 32.97837837837838, "12": 34.117283950617285, "13": 35.41610738255034, "14": 34.30065359477124, "15": 32.51449275362319, "16": 33.83458646616541, "17": 35.535714285714285, "18": 31.72027972027972, "19": 33.58783783783784, "20": 36.695035460992905, "21": 34.4375, "22": 32.26573426573427, "23": 33.5, "24": 34.40689655172414, "25": 32.83076923076923, "26": 32.211009174311926, "27": 33.13385826771653, "28": 35.495726495726494, "29": 34.66, "30": 34.422413793103445, "31": 33.69090909090909, "32": 34.69491525423729, "33": 35.69230769230769, "34": 35.54054054054054, "35": 35.098214285714285, "36": 36.62637362637363, "37": 31.893203883495147, "38": 31.27927927927928, "39": 35.50442477876106, "40": 34.810526315789474, "41": 32.25423728813559, "42": 33.54455445544554, "43": 32.955555555555556, "44": 29.810526315789474, "45": 33.82828282828283, "46": 32.41860465116279, "47": 34.55813953488372, "48": 33.202127659574465, "49": 33.98837209302326, "50": 34.572916666666664, "51": 33.848837209302324, "52": 34.27272727272727, "53": 35.252873563218394, "54": 33.52808988764045, "55": 34.32876712328767, "56": 35.64772727272727, "57": 34.50877192982456, "58": 37.44047619047619, "59": 35.426829268292686, "60": 36.54430379746835, "61": 39.05882352941177, "62": 34.73134328358209, "63": 33.541666666666664, "64": 36.243589743589745, "65": 37.388888888888886, "66": 34.0, "67": 35.01219512195122}, "p3": {"0": 35.96364585238568, "1": 18.048192771084338, "2": 17.179775280898877, "3": 19.81512605042017, "4": 24.23913043478261, "5": 31.29746835443038, "6": 31.82125603864734, "7": 34.068627450980394, "8": 34.13300492610838, "9": 36.47867298578199, "10": 33.38423645320197, "11": 34.84581497797357, "12": 34.380208333333336, "13": 34.476190476190474, "14": 33.8, "15": 33.1156462585034, "16": 36.36296296296296, "17": 37.256637168141594, "18": 35.13008130081301, "19": 38.228813559322035, "20": 38.470588235294116, "21": 33.51401869158879, "22": 38.04761904761905, "23": 37.592592592592595, "24": 39.425925925925924, "25": 37.630434782608695, "26": 39.80434782608695, "27": 39.0, "28": 36.333333333333336, "29": 39.58536585365854, "30": 42.51960784313726, "31": 37.28735632183908, "32": 39.69047619047619, "33": 40.7037037037037, "34": 39.0, "35": 36.09722222222222, "36": 41.036144578313255, "37": 39.48571428571429, "38": 41.388888888888886, "39": 36.39393939393939, "40": 38.67567567567568, "41": 40.246753246753244, "42": 40.276595744680854, "43": 40.16438356164384, "44": 39.484848484848484, "45": 39.93103448275862, "46": 35.455882352941174, "47": 38.02857142857143, "48": 40.46268656716418, "49": 38.56944444444444, "50": 36.041666666666664, "51": 41.25423728813559, "52": 40.40677966101695, "53": 34.333333333333336, "54": 32.53333333333333, "55": 36.113207547169814, "56": 40.48529411764706, "57": 34.67741935483871, "58": 38.11594202898551, "59": 35.93333333333333, "60": 37.041666666666664, "61": 31.94, "62": 40.30232558139535, "63": 31.170731707317074, "64": 30.5, "65": 26.35, "66": 27.0, "67": 53.0}, "p4": {"0": 55.56740771054499, "1": 25.8, "2": 23.99346405228758, "3": 28.123456790123456, "4": 30.617511520737327, "5": 37.10232558139535, "6": 42.18217054263566, "7": 42.161764705882355, "8": 45.85098039215686, "9": 44.546816479400746, "10": 45.335907335907336, "11": 44.85616438356164, "12": 43.36244541484716, "13": 43.34513274336283, "14": 46.87029288702929, "15": 44.481617647058826, "16": 43.26335877862596, "17": 47.89958158995816, "18": 45.41509433962264, "19": 45.309178743961354, "20": 46.31472081218274, "21": 50.28846153846154, "22": 45.954802259887, "23": 45.203592814371255, "24": 44.19597989949749, "25": 52.30635838150289, "26": 49.68888888888889, "27": 52.89090909090909, "28": 52.9811320754717, "29": 59.25694444444444, "30": 60.01315789473684, "31": 60.41447368421053, "32": 59.58441558441559, "33": 64.4820143884892, "34": 60.05594405594405, "35": 67.9375, "36": 60.76, "37": 58.12987012987013, "38": 60.98290598290598, "39": 62.82945736434109, "40": 58.57657657657658, "41": 60.31428571428572, "42": 62.488, "43": 65.12949640287769, "44": 64.67441860465117, "45": 66.42635658914729, "46": 59.77235772357724, "47": 62.29126213592233, "48": 66.65254237288136, "49": 66.29752066115702, "50": 68.88990825688073, "51": 62.58620689655172, "52": 63.892561983471076, "53": 63.0, "54": 65.32038834951456, "55": 63.93258426966292, "56": 61.62264150943396, "57": 62.78260869565217, "58": 66.475, "59": 61.58119658119658, "60": 65.62135922330097, "61": 62.64556962025316, "62": 59.983870967741936, "63": 71.90140845070422, "64": 69.13698630136986, "65": 71.47368421052632, "66": 89.15217391304348, "67": 75.60655737704919}, "p5": {"0": 58.11270784262751, "1": 58.11270784262751, "2": 58.11270784262751, "3": 58.11270784262751, "4": 58.11270784262751, "5": 58.16465863453815, "6": 58.056112224448896, "7": 58.673469387755105, "8": 58.89765458422175, "9": 58.37391304347826, "10": 58.31956521739131, "11": 58.53747323340471, "12": 58.547210300429185, "13": 58.915766738660906, "14": 58.28982300884956, "15": 58.53610503282276, "16": 58.53303964757709, "17": 58.79953917050691, "18": 58.29854368932039, "19": 58.286384976525824, "20": 58.02097902097902, "21": 58.33990147783251, "22": 57.93939393939394, "23": 57.724675324675324, "24": 57.46134663341646,