{"p0": {"0": 10.0, "1": 10.0, "2": 10.0, "3": 10.0, "4": 10.0, "5": 10.0, "6": 10.0, "7": 10.0, "8": 10.0, "9": 10.0, "10": 10.0, "11": 10.0, "12": 10.0, "13": 10.0, "14": 10.0, "15": 10.0, "16": 10.0, "17": 10.0, "18": 10.0, "19": 10.0, "20": 10.0, "21": 10.0, "22": 10.0, "23": 10.0, "24": 10.0, "25": 10.0, "26": 10.0, "27": 10.0, "28": 10.0, "29": 10.0, "30": 10.0, "31": 10.0, "32": 10.0, "33": 10.0, "34": 10.0, "35": 10.0, "36": 10.0, "37": 10.0, "38": 10.0, "39": 10.0, "40": 10.0, "41": 10.0, "42": 10.0, "43": 10.0, "44": 10.0, "45": 10.0, "46": 10.0, "47": 10.0, "48": 10.0, "49": 10.0, "50": 10.0, "51": 10.0, "52": 10.0, "53": 99999.0, "54": 99999.0, "55": 99999.0, "56": 99999.0}, "p1": {"0": 24.16897964738637, "1": 6.6, "2": 13.588235294117647, "3": 17.065573770491802, "4": 19.094117647058823, "5": 23.573033707865168, "6": 26.232558139534884, "7": 25.64, "8": 26.333333333333332, "9": 23.896103896103895, "10": 24.75, "11": 23.545454545454547, "12": 24.824175824175825, "13": 25.1, "14": 24.908045977011493, "15": 24.583333333333332, "16": 24.357142857142858, "17": 25.240963855421686, "18": 24.89189189189189, "19": 25.2, "20": 25.234567901234566, "21": 25.324324324324323, "22": 22.470588235294116, "23": 26.096385542168676, "24": 25.75294117647059, "25": 25.364864864864863, "26": 25.44578313253012, "27": 24.602739726027398, "28": 25.693181818181817, "29": 25.098591549295776, "30": 25.633802816901408, "31": 24.231884057971016, "32": 25.646153846153847, "33": 26.232142857142858, "34": 23.378947368421052, "35": 25.452380952380953, "36": 23.970149253731343, "37": 25.507462686567163, "38": 24.183908045977013, "39": 24.87272727272727, "40": 24.02469135802469, "41": 25.34375, "42": 26.589285714285715, "43": 25.886363636363637, "44": 23.34426229508197, "45": 28.32, "46": 24.822222222222223, "47": 21.446428571428573, "48": 24.93846153846154, "49": 25.96551724137931, "50": 23.264150943396228, "51": 21.88235294117647, "52": 23.890625, "53": 23.88095238095238, "54": 26.441860465116278, "55": 27.444444444444443, "56": 26.36}, "p2": {"0": 29.30705577351961, "1": 9.235294117647058, "2": 9.458333333333334, "3": 16.170731707317074, "4": 19.955223880597014, "5": 24.285714285714285, "6": 29.308641975308642, "7": 33.52564102564103, "8": 33.79545454545455, "9": 34.82022471910113, "10": 31.45631067961165, "11": 33.60294117647059, "12": 32.44827586206897, "13": 31.76388888888889, "14": 31.62857142857143, "15": 29.661538461538463, "16": 29.0, "17": 31.757142857142856, "18": 31.887323943661972, "19": 34.01428571428571, "20": 33.52173913043478, "21": 33.392857142857146, "22": 34.301886792452834, "23": 33.19047619047619, "24": 35.32727272727273, "25": 32.275862068965516, "26": 29.52542372881356, "27": 28.639344262295083, "28": 34.57627118644068, "29": 30.816666666666666, "30": 32.17741935483871, "31": 32.80952380952381, "32": 31.714285714285715, "33": 32.31147540983606, "34": 27.19607843137255, "35": 28.274193548387096, "36": 30.620689655172413, "37": 30.074074074074073, "38": 30.1, "39": 27.023255813953487, "40": 31.529411764705884, "41": 30.675, "42": 26.866666666666667, "43": 27.725806451612904, "44": 29.74, "45": 26.214285714285715, "46": 30.033898305084747, "47": 27.68, "48": 26.5, "49": 31.785714285714285, "50": 23.825, "51": 29.114285714285714, "52": 26.075, "53": 23.77777777777778, "54": 27.193548387096776, "55": 31.272727272727273, "56": 35.541666666666664}, "p3": {"0": 44.3735534353495, "1": 20.45945945945946, "2": 14.0, "3": 20.672727272727272, "4": 29.41269841269841, "5": 33.96774193548387, "6": 40.960396039603964, "7": 39.56310679611651, "8": 37.56363636363636, "9": 38.067961165048544, "10": 41.544444444444444, "11": 42.516129032258064, "12": 41.10144927536232, "13": 43.345238095238095, "14": 43.59090909090909, "15": 46.4625, "16": 41.1025641025641, "17": 41.32394366197183, "18": 47.24742268041237, "19": 41.395604395604394, "20": 42.56410256410256, "21": 47.1125, "22": 45.632183908045974, "23": 43.5, "24": 46.857142857142854, "25": 44.693333333333335, "26": 43.97826086956522, "27": 47.21333333333333, "28": 47.109756097560975, "29": 46.0125, "30": 51.66265060240964, "31": 47.51162790697674, "32": 48.66265060240964, "33": 46.929577464788736, "34": 45.81443298969072, "35": 49.390243902439025, "36": 46.92857142857143, "37": 48.26373626373626, "38": 44.6625, "39": 42.775, "40": 50.416666666666664, "41": 48.98809523809524, "42": 44.43010752688172, "43": 45.36904761904762, "44": 46.714285714285715, "45": 45.44444444444444, "46": 49.724137931034484, "47": 47.397590361445786, "48": 47.65432098765432, "49": 49.342465753424655, "50": 50.69117647058823, "51": 53.067796610169495, "52": 48.80327868852459, "53": 54.74285714285714, "54": 51.145161290322584, "55": 57.61224489795919, "56": 61.80327868852459}, "p4": {"0": 48.139150127669666, "1": 48.139150127669666, "2": 48.139150127669666, "3": 48.139150127669666, "4": 48.167808219178085, "5": 48.07692307692308, "6": 48.13680781758958, "7": 47.8936877076412, "8": 48.21875, "9": 47.73287671232877, "10": 47.85294117647059, "11": 47.986622073578594, "12": 47.82142857142857, "13": 47.48965517241379, "14": 48.06521739130435, "15": 48.261648745519715, "16": 47.85338345864662, "17": 48.297413793103445, "18": 48.504347826086956, "19": 48.389558232931726, "20": 47.92511013215859, "21": 48.617777777777775, "22": 48.39914163090129, "23": 48.55980861244019, "24": 48.38095238095238, "25": 47.48913043478261, "26": 47.87362637362637, "27": 47.864197530864196, "28": 48.1953125, "29": 48.52662721893491, "30": 47.927536231884055, "31": 48.84393063583815, "32": 48.680473372781066, "33": 48.24193548387097, "34": 48.752941176470586, "35": 48.5625, "36": 48.43979057591623, "37": 47.61616161616162, "38": 48.06315789473684, "39": 48.21134020618557, "40": 48.35840707964602, "41": 49.16591928251121, "42": 47.86974789915966, "43": 48.63913043478261, "44": 47.91891891891892, "45": 47.74603174603175, "46": 47.86440677966102, "47": 47.63274336283186, "48": 48.70484581497797, "49": 48.517699115044245, "50": 47.72222222222222, "51": 47.5953488372093, "52": 47.43119266055046, "53": 48.65065502183406, "54": 47.91326530612245, "55": 48.415, "56": 47.30890052356021}}