{"p0": {"0": 10.0, "1": 10.0, "2": 10.0, "3": 10.0, "4": 10.0, "5": 10.0, "6": 10.0, "7": 10.0, "8": 10.0, "9": 10.0, "10": 10.0, "11": 10.0, "12": 10.0, "13": 10.0, "14": 10.0, "15": 10.0, "16": 10.0, "17": 10.0, "18": 10.0, "19": 10.0, "20": 10.0, "21": 10.0, "22": 10.0, "23": 10.0, "24": 10.0, "25": 10.0, "26": 10.0, "27": 10.0, "28": 10.0, "29": 10.0, "30": 10.0, "31": 10.0, "32": 10.0, "33": 10.0, "34": 10.0, "35": 10.0, "36": 10.0, "37": 10.0, "38": 10.0, "39": 10.0, "40": 10.0, "41": 10.0, "42": 10.0, "43": 10.0, "44": 10.0, "45": 10.0, "46": 10.0, "47": 10.0, "48": 10.0, "49": 10.0, "50": 10.0, "51": 99999.0, "52": 99999.0, "53": 99999.0, "54": 99999.0}, "p1": {"0": 22.901998244446627, "1": 11.923076923076923, "2": 13.436363636363636, "3": 15.528735632183908, "4": 19.77027027027027, "5": 21.333333333333332, "6": 22.560439560439562, "7": 22.29090909090909, "8": 22.795180722891565, "9": 22.433333333333334, "10": 23.166666666666668, "11": 23.06382978723404, "12": 22.08235294117647, "13": 22.26, "14": 23.21698113207547, "15": 24.26530612244898, "16": 21.821428571428573, "17": 23.457831325301203, "18": 22.563218390804597, "19": 22.6, "20": 22.99009900990099, "21": 23.817204301075268, "22": 23.192307692307693, "23": 25.49532710280374, "24": 26.052083333333332, "25": 21.91111111111111, "26": 21.522222222222222, "27": 21.666666666666668, "28": 23.133333333333333, "29": 24.84313725490196, "30": 23.53921568627451, "31": 25.453488372093023, "32": 23.141304347826086, "33": 23.82278481012658, "34": 22.289156626506024, "35": 23.48235294117647, "36": 24.164835164835164, "37": 23.88421052631579, "38": 24.93243243243243, "39": 24.774647887323944, "40": 23.32941176470588, "41": 22.974683544303797, "42": 23.38961038961039, "43": 25.806818181818183, "44": 26.315068493150687, "45": 23.844155844155843, "46": 24.493506493506494, "47": 24.484375, "48": 23.170731707317074, "49": 20.915254237288135, "50": 24.022988505747126, "51": 21.057971014492754, "52": 23.819444444444443, "53": 26.675, "54": 27.73170731707317}, "p2": {"0": 32.627170888414014, "1": 17.25, "2": 6.681818181818182, "3": 11.4, "4": 18.839622641509433, "5": 20.552, "6": 21.04191616766467, "7": 27.711111111111112, "8": 27.475935828877006, "9": 27.0, "10": 31.030864197530864, "11": 31.21153846153846, "12": 31.55704697986577, "13": 35.47682119205298, "14": 32.469026548672566, "15": 34.56666666666667, "16": 35.11711711711712, "17": 33.169642857142854, "18": 36.79120879120879, "19": 35.5360824742268, "20": 35.509433962264154, "21": 35.111111111111114, "22": 35.8, "23": 36.67857142857143, "24": 33.2289156626506, "25": 34.54545454545455, "26": 34.82051282051282, "27": 35.98360655737705, "28": 32.733333333333334, "29": 32.80821917808219, "30": 32.83582089552239, "31": 35.36619718309859, "32": 36.73015873015873, "33": 36.65573770491803, "34": 36.98571428571429, "35": 40.72222222222222, "36": 37.61702127659574, "37": 38.8, "38": 38.671875, "39": 36.21568627450981, "40": 30.775, "41": 34.18518518518518, "42": 33.30952380952381, "43": 34.82692307692308, "44": 40.63265306122449, "45": 37.0, "46": 37.81578947368421, "47": 36.57142857142857, "48": 36.8235294117647, "49": 34.851063829787236, "50": 31.11764705882353, "51": 28.4468085106383, "52": 32.69047619047619, "53": 43.166666666666664, "54": 36.95652173913044}, "p3": {"0": 37.74507943159709, "1": 30.07669616519174, "2": 31.67630057803468, "3": 30.970588235294116, "4": 29.56179775280899, "5": 31.350710900473935, "6": 33.45771144278607, "7": 34.125, "8": 33.54042553191489, "9": 34.204819277108435, "10": 34.43809523809524, "11": 34.96326530612245, "12": 34.41951219512195, "13": 33.262548262548265, "14": 34.063025210084035, "15": 33.54625550660793, "16": 33.25321888412017, "17": 35.14468085106383, "18": 33.80295566502463, "19": 35.246231155778894, "20": 34.61274509803921, "21": 34.78378378378378, "22": 36.691275167785236, "23": 34.07971014492754, "24": 38.69298245614035, "25": 37.09016393442623, "26": 34.074074074074076, "27": 36.369369369369366, "28": 37.2992125984252, "29": 35.60550458715596, "30": 35.89344262295082, "31": 36.90677966101695, "32": 37.75, "33": 36.532710280373834, "34": 38.32710280373832, "35": 37.801886792452834, "36": 35.83471074380165, "37": 35.755102040816325, "38": 39.51376146788991, "39": 40.63551401869159, "40": 38.06122448979592, "41": 37.26881720430107, "42": 39.202127659574465, "43": 37.337078651685395, "44": 36.754901960784316, "45": 42.95061728395062, "46": 40.4, "47": 39.121212121212125, "48": 38.25, "49": 43.36065573770492, "50": 47.394366197183096, "51": 55.885245901639344, "52": 55.333333333333336, "53": 63.31428571428572, "54": 58.246753246753244}, "p4": {"0": 49.49286511977992, "1": 49.49286511977992, "2": 49.49286511977992, "3": 49.49286511977992, "4": 49.806179775280896, "5": 49.78651685393258, "6": 49.48924731182796, "7": 49.795180722891565, "8": 49.80685358255452, "9": 50.026785714285715, "10": 49.73413897280967, "11": 49.705329153605014, "12": 49.450160771704184, "13": 50.0, "14": 49.67259786476868, "15": 49.29577464788732, "16": 50.06153846153846, "17": 50.02651515151515, "18": 49.952569169960476, "19": 50.0, "20": 49.80988593155894, "21": 49.48510638297872, "22": 49.36864406779661, "23": 49.567460317460316, "24": 48.964285714285715, "25": 49.03365384615385, "26": 48.177033492822964, "27": 48.25233644859813, "28": 48.92018779342723, "29": 49.51046025104603, "30": 49.00418410041841, "31": 48.90717299578059, "32": 49.16796875, "33": 49.767790262172284, "34": 50.50826446280992, "35": 50.21224489795918, "36": 49.925925925925924, "37": 49.421487603305785, "38": 49.22868217054263, "39": 49.423529411764704, "40": 48.8498023715415, "41": 48.87763713080169, "42": 49.505338078291814, "43": 49.9, "44": 49.416, "45": 49.257383966244724, "46": 49.22992700729927, "47": 48.89272030651341, "48": 49.57088122605364, "49": 49.17490494296578, "50": 49.12977099236641, "51": 49.51428571428571, "52": 49.083743842364534, "53": 50.08064516129032, "54": 50.387387387387385}}