{"p0": {"0": 10.0, "1": 10.0, "2": 10.0, "3": 10.0, "4": 10.0, "5": 10.0, "6": 10.0, "7": 10.0, "8": 10.0, "9": 10.0, "10": 10.0, "11": 10.0, "12": 10.0, "13": 10.0, "14": 10.0, "15": 10.0, "16": 10.0, "17": 10.0, "18": 10.0, "19": 10.0, "20": 10.0, "21": 10.0, "22": 10.0, "23": 10.0, "24": 10.0, "25": 10.0, "26": 10.0, "27": 10.0, "28": 10.0, "29": 10.0, "30": 10.0, "31": 10.0, "32": 10.0, "33": 10.0, "34": 10.0, "35": 10.0, "36": 10.0, "37": 10.0, "38": 10.0, "39": 10.0, "40": 10.0, "41": 10.0, "42": 10.0, "43": 10.0, "44": 10.0, "45": 10.0, "46": 10.0, "47": 10.0, "48": 10.0, "49": 10.0, "50": 10.0, "51": 10.0, "52": 10.0, "53": 10.0, "54": 10.0, "55": 10.0, "56": 10.0, "57": 99999.0, "58": 99999.0, "59": 99999.0}, "p1": {"0": 21.791053753764388, "1": 11.833333333333334, "2": 10.41095890410959, "3": 15.391666666666667, "4": 20.169354838709676, "5": 21.48051948051948, "6": 25.0625, "7": 26.147435897435898, "8": 25.037593984962406, "9": 24.02027027027027, "10": 24.246835443037973, "11": 23.723529411764705, "12": 23.533742331288344, "13": 23.766497461928935, "14": 24.375757575757575, "15": 25.091954022988507, "16": 24.0, "17": 26.496402877697843, "18": 24.58108108108108, "19": 22.375, "20": 24.076923076923077, "21": 23.889655172413793, "22": 23.12987012987013, "23": 23.28965517241379, "24": 21.652482269503547, "25": 22.692307692307693, "26": 21.8, "27": 21.756410256410255, "28": 20.78014184397163, "29": 21.884615384615383, "30": 21.533333333333335, "31": 21.81132075471698, "32": 22.866666666666667, "33": 22.203883495145632, "34": 22.572580645161292, "35": 21.266666666666666, "36": 21.3, "37": 23.06741573033708, "38": 22.294736842105262, "39": 21.285714285714285, "40": 22.84313725490196, "41": 21.83695652173913, "42": 21.174757281553397, "43": 20.741935483870968, "44": 23.445945945945947, "45": 22.353658536585368, "46": 22.912087912087912, "47": 21.61320754716981, "48": 22.096774193548388, "49": 22.142857142857142, "50": 22.238095238095237, "51": 22.164948453608247, "52": 20.536082474226806, "53": 20.243243243243242, "54": 18.180722891566266, "55": 16.905882352941177, "56": 17.67142857142857, "57": 18.044444444444444, "58": 20.210526315789473, "59": 21.416666666666668}, "p2": {"0": 31.899855631896063, "1": 7.344444444444444, "2": 8.626666666666667, "3": 12.447916666666666, "4": 17.124031007751938, "5": 21.14666666666667, "6": 25.387978142076502, "7": 25.495535714285715, "8": 27.488888888888887, "9": 27.105022831050228, "10": 28.128099173553718, "11": 29.856540084388186, "12": 29.302325581395348, "13": 28.886255924170616, "14": 26.738916256157637, "15": 26.478632478632477, "16": 26.754464285714285, "17": 28.211382113821138, "18": 27.884297520661157, "19": 27.0, "20": 27.990867579908677, "21": 28.857142857142858, "22": 30.730232558139534, "23": 29.685185185185187, "24": 29.915343915343914, "25": 30.528497409326423, "26": 32.05555555555556, "27": 31.433526011560694, "28": 32.758974358974356, "29": 32.77, "30": 33.738461538461536, "31": 34.3756906077348, "32": 35.21582733812949, "33": 34.56024096385542, "34": 34.95108695652174, "35": 35.06878306878307, "36": 36.04320987654321, "37": 35.29761904761905, "38": 35.417582417582416, "39": 37.725, "40": 36.43712574850299, "41": 37.880239520958085, "42": 37.93167701863354, "43": 37.966442953020135, "44": 37.64963503649635, "45": 35.5625, "46": 36.88235294117647, "47": 34.59281437125748, "48": 36.344086021505376, "49": 37.50810810810811, "50": 38.5, "51": 37.07738095238095, "52": 37.88513513513514, "53": 38.29370629370629, "54": 36.25179856115108, "55": 39.34532374100719, "56": 39.98425196850393, "57": 39.935483870967744, "58": 47.6551724137931, "59": 47.88135593220339}, "p3": {"0": 36.82788399460989, "1": 36.82788399460989, "2": 36.82788399460989, "3": 36.867924528301884, "4": 37.259634888438136, "5": 36.787234042553195, "6": 37.07258064516129, "7": 36.67967145790554, "8": 36.667307692307695, "9": 36.75, "10": 36.76007677543186, "11": 36.832451499118164, "12": 37.025454545454544, "13": 36.41404805914972, "14": 36.48449612403101, "15": 36.47540983606557, "16": 36.39307535641548, "17": 36.417607223476296, "18": 35.78846153846154, "19": 36.110849056603776, "20": 36.54475703324808, "21": 36.65094339622642, "22": 36.6374695863747, "23": 37.16752577319588, "24": 36.90430622009569, "25": 37.15384615384615, "26": 36.93798449612403, "27": 37.371134020618555, "28": 37.292682926829265, "29": 37.35883905013193, "30": 38.15748031496063, "31": 37.344, "32": 37.293800539083556, "33": 37.42820512820513, "34": 36.880434782608695, "35": 36.73890339425587, "36": 36.81869688385269, "37": 37.222535211267605, "38": 36.73224043715847, "39": 36.979643765903305, "40": 36.76063829787234, "41": 36.66259168704156, "42": 36.67942583732057, "43": 36.63069544364508, "44": 36.28710462287105, "45": 36.07178217821782, "46": 36.591885441527445, "47": 36.594847775175644, "48": 37.13062098501071, "49": 36.67983367983368, "50": 37.11802575107296, "51": 36.92338709677419, "52": 36.758691206543965, "53": 36.95169082125604, "54": 37.022935779816514, "55": 37.05072463768116, "56": 36.80049261083744, "57": 36.523696682464454, "58": 36.721354166666664, "59": 36.82725060827251}}