{"p0": {"0": 10.0, "1": 10.0, "2": 10.0, "3": 10.0, "4": 10.0, "5": 10.0, "6": 10.0, "7": 10.0, "8": 10.0, "9": 10.0, "10": 10.0, "11": 10.0, "12": 10.0, "13": 10.0, "14": 10.0, "15": 10.0, "16": 10.0, "17": 10.0, "18": 10.0, "19": 10.0, "20": 10.0, "21": 10.0, "22": 10.0, "23": 10.0, "24": 10.0, "25": 10.0, "26": 10.0, "27": 10.0, "28": 10.0, "29": 10.0, "30": 10.0, "31": 10.0, "32": 10.0, "33": 10.0, "34": 10.0, "35": 10.0, "36": 10.0, "37": 10.0, "38": 10.0, "39": 10.0, "40": 10.0, "41": 10.0, "42": 10.0, "43": 10.0, "44": 10.0, "45": 10.0, "46": 10.0, "47": 10.0, "48": 10.0, "49": 10.0, "50": 99999.0, "51": 99999.0, "52": 99999.0, "53": 99999.0}, "p1": {"0": 21.0809463814278, "1": 9.057142857142857, "2": 10.61111111111111, "3": 12.0078125, "4": 14.248175182481752, "5": 18.76158940397351, "6": 22.213333333333335, "7": 21.0, "8": 21.360655737704917, "9": 21.876106194690266, "10": 20.008130081300813, "11": 19.913385826771652, "12": 20.472868217054263, "13": 22.218309859154928, "14": 20.444444444444443, "15": 20.936363636363637, "16": 21.5, "17": 22.576576576576578, "18": 21.18548387096774, "19": 22.089285714285715, "20": 18.69078947368421, "21": 20.563492063492063, "22": 20.119402985074625, "23": 19.48951048951049, "24": 20.614864864864863, "25": 19.96638655462185, "26": 19.434782608695652, "27": 21.471153846153847, "28": 20.59633027522936, "29": 21.81981981981982, "30": 20.775510204081634, "31": 21.679611650485437, "32": 24.110169491525422, "33": 21.30392156862745, "34": 23.13, "35": 23.51578947368421, "36": 23.285714285714285, "37": 22.402439024390244, "38": 22.073684210526316, "39": 22.2680412371134, "40": 22.820224719101123, "41": 23.943181818181817, "42": 22.384615384615383, "43": 22.645833333333332, "44": 22.5, "45": 22.831683168316832, "46": 20.643564356435643, "47": 22.027522935779817, "48": 20.934782608695652, "49": 22.558441558441558, "50": 19.8, "51": 24.333333333333332, "52": 29.805555555555557, "53": 30.26923076923077}, "p2": {"0": 29.971896061630947, "1": 13.695238095238095, "2": 15.78, "3": 20.742857142857144, "4": 21.51063829787234, "5": 22.974193548387095, "6": 30.221698113207548, "7": 30.917073170731708, "8": 32.36293436293436, "9": 32.73646209386282, "10": 33.13879003558719, "11": 32.596, "12": 30.877659574468087, "13": 33.76282051282051, "14": 31.333333333333332, "15": 30.645569620253166, "16": 33.19230769230769, "17": 32.98159509202454, "18": 31.384180790960453, "19": 32.23456790123457, "20": 33.233082706766915, "21": 33.776119402985074, "22": 31.04635761589404, "23": 30.94078947368421, "24": 30.50632911392405, "25": 30.689655172413794, "26": 29.525925925925925, "27": 31.74074074074074, "28": 29.923664122137403, "29": 31.08130081300813, "30": 30.664233576642335, "31": 31.372413793103448, "32": 28.03937007874016, "33": 30.485507246376812, "34": 29.594202898550726, "35": 29.96875, "36": 28.857142857142858, "37": 30.547619047619047, "38": 31.797101449275363, "39": 30.031496062992126, "40": 29.023622047244096, "41": 30.801652892561982, "42": 31.541666666666668, "43": 29.88111888111888, "44": 29.108527131782946, "45": 30.352941176470587, "46": 30.976190476190474, "47": 30.587628865979383, "48": 28.16346153846154, "49": 29.38888888888889, "50": 30.444444444444443, "51": 29.076923076923077, "52": 34.55, "53": 37.7037037037037}, "p3": {"0": 46.56616589983649, "1": 14.28, "2": 16.594594594594593, "3": 22.032258064516128, "4": 30.864864864864863, "5": 34.9327731092437, "6": 44.66120218579235, "7": 44.69714285714286, "8": 46.99386503067485, "9": 46.60126582278481, "10": 46.38505747126437, "11": 44.51685393258427, "12": 46.445086705202314, "13": 45.8125, "14": 45.18857142857143, "15": 44.82098765432099, "16": 46.701298701298704, "17": 45.98795180722892, "18": 48.82113821138211, "19": 45.64705882352941, "20": 44.774193548387096, "21": 44.84090909090909, "22": 46.28767123287671, "23": 47.9448275862069, "24": 49.25, "25": 47.267605633802816, "26": 48.91379310344828, "27": 46.616, "28": 50.25, "29": 51.06956521739131, "30": 47.490566037735846, "31": 50.817460317460316, "32": 47.60144927536232, "33": 48.65289256198347, "34": 48.00909090909091, "35": 50.38135593220339, "36": 52.18487394957983, "37": 49.25757575757576, "38": 49.55395683453237, "39": 49.88095238095238, "40": 48.96875, "41": 50.279661016949156, "42": 51.276923076923076, "43": 48.711711711711715, "44": 51.33098591549296, "45": 51.32142857142857, "46": 52.00819672131148, "47": 50.76851851851852, "48": 53.54716981132076, "49": 47.839622641509436, "50": 50.891891891891895, "51": 55.303030303030305, "52": 62.857142857142854, "53": 59.872549019607845}, "p4": {"0": 49.041590010433865, "1": 49.041590010433865, "2": 49.041590010433865, "3": 49.041590010433865, "4": 49.248936170212765, "5": 49.57649667405765, "6": 49.475054229934926, "7": 49.34234234234234, "8": 49.4874715261959, "9": 49.24458874458875, "10": 49.666666666666664, "11": 49.672768878718536, "12": 49.25292740046839, "13": 49.34541062801932, "14": 49.045685279187815, "15": 48.93994778067885, "16": 48.87700534759358, "17": 49.44094488188976, "18": 49.5, "19": 49.33246753246753, "20": 49.54223433242507, "21": 49.87988826815643, "22": 50.55518394648829, "23": 50.486577181208055, "24": 49.2796052631579, "25": 49.482394366197184, "26": 49.61702127659574, "27": 48.69655172413793, "28": 48.33463035019455, "29": 47.84306569343066, "30": 48.30685920577617, "31": 47.813793103448276, "32": 48.0, "33": 48.208480565371026, "34": 48.23426573426573, "35": 48.49077490774908, "36": 48.62706270627063, "37": 49.360128617363344, "38": 49.35494880546075, "39": 48.374149659863946, "40": 49.19798657718121, "41": 49.71339563862929, "42": 48.948424068767906, "43": 48.87640449438202, "44": 48.56896551724138, "45": 49.46419098143236, "46": 48.93963254593176, "47": 49.31266846361186, "48": 48.44159544159544, "49": 48.76781002638523, "50": 48.18181818181818, "51": 47.96594427244582, "52": 48.95751633986928, "53": 48.80681818181818}}