{"p0": {"0": 10.0, "1": 10.0, "2": 10.0, "3": 10.0, "4": 10.0, "5": 10.0, "6": 10.0, "7": 10.0, "8": 10.0, "9": 10.0, "10": 10.0, "11": 10.0, "12": 10.0, "13": 10.0, "14": 10.0, "15": 10.0, "16": 10.0, "17": 10.0, "18": 10.0, "19": 10.0, "20": 10.0, "21": 10.0, "22": 10.0, "23": 10.0, "24": 10.0, "25": 10.0, "26": 10.0, "27": 10.0, "28": 10.0, "29": 10.0, "30": 10.0, "31": 10.0, "32": 10.0, "33": 10.0, "34": 10.0, "35": 10.0, "36": 10.0, "37": 10.0, "38": 10.0, "39": 10.0, "40": 10.0, "41": 10.0, "42": 10.0, "43": 10.0, "44": 10.0, "45": 10.0, "46": 10.0, "47": 10.0, "48": 10.0, "49": 10.0, "50": 10.0, "51": 10.0, "52": 10.0, "53": 10.0, "54": 10.0, "55": 10.0, "56": 10.0, "57": 10.0, "58": 10.0, "59": 10.0, "60": 10.0, "61": 10.0, "62": 10.0, "63": 10.0, "64": 10.0, "65": 10.0, "66": 10.0, "67": 10.0, "68": 10.0, "69": 10.0, "70": 10.0, "71": 10.0, "72": 10.0, "73": 10.0, "74": 10.0, "75": 10.0, "76": 10.0, "77": 10.0, "78": 10.0, "79": 10.0, "80": 10.0, "81": 10.0, "82": 10.0, "83": 10.0, "84": 10.0, "85": 10.0, "86": 10.0, "87": 10.0, "88": 10.0, "89": 99999.0, "90": 99999.0, "91": 99999.0, "92": 99999.0, "93": 99999.0}, "p1": {"0": 19.4644727689393, "1": 7.421052631578948, "2": 11.909090909090908, "3": 10.714285714285714, "4": 17.17948717948718, "5": 20.40909090909091, "6": 20.952380952380953, "7": 21.333333333333332, "8": 17.983050847457626, "9": 20.314814814814813, "10": 18.75, "11": 17.608695652173914, "12": 18.0, "13": 21.262295081967213, "14": 18.763636363636362, "15": 18.32758620689655, "16": 22.107692307692307, "17": 18.29230769230769, "18": 19.0, "19": 20.979591836734695, "20": 20.929577464788732, "21": 23.789473684210527, "22": 16.567164179104477, "23": 19.361702127659573, "24": 20.559322033898304, "25": 19.897959183673468, "26": 18.928571428571427, "27": 19.728813559322035, "28": 19.125, "29": 18.559322033898304, "30": 20.0, "31": 20.87037037037037, "32": 17.83050847457627, "33": 21.16949152542373, "34": 17.31111111111111, "35": 17.846153846153847, "36": 20.666666666666668, "37": 19.627118644067796, "38": 22.87272727272727, "39": 20.482142857142858, "40": 19.703703703703702, "41": 22.916666666666668, "42": 18.557692307692307, "43": 20.92, "44": 20.50793650793651, "45": 20.236363636363638, "46": 17.810344827586206, "47": 18.326923076923077, "48": 17.91304347826087, "49": 23.11111111111111, "50": 21.545454545454547, "51": 18.113636363636363, "52": 18.046511627906977, "53": 16.104166666666668, "54": 17.6046511627907, "55": 17.0, "56": 18.28358208955224, "57": 18.307692307692307, "58": 20.418181818181818, "59": 19.142857142857142, "60": 22.732142857142858, "61": 19.54385964912281, "62": 18.42105263157895, "63": 17.173076923076923, "64": 19.07843137254902, "65": 20.060606060606062, "66": 19.15909090909091, "67": 20.92452830188679, "68": 20.162790697674417, "69": 18.0, "70": 19.102040816326532, "71": 17.727272727272727, "72": 21.80392156862745, "73": 17.604166666666668, "74": 20.06382978723404, "75": 22.837209302325583, "76": 21.2, "77": 18.18421052631579, "78": 17.73170731707317, "79": 18.625, "80": 22.725, "81": 20.9, "82": 22.384615384615383, "83": 22.657894736842106, "84": 21.48936170212766, "85": 19.564102564102566, "86": 20.066666666666666, "87": 19.483870967741936, "88": 17.08108108108108, "89": 19.923076923076923, "90": 23.6, "91": 18.675675675675677, "92": 25.09090909090909, "93": 24.416666666666668}, "p2": {"0": 27.421797012591533, "1": 13.975, "2": 13.12, "3": 18.346938775510203, "4": 21.62264150943396, "5": 20.013513513513512, "6": 29.759036144578314, "7": 26.951219512195124, "8": 31.838709677419356, "9": 31.309278350515463, "10": 33.392857142857146, "11": 29.48913043478261, "12": 29.08139534883721, "13": 27.86111111111111, "14": 30.024390243902438, "15": 28.93975903614458, "16": 27.23611111111111, "17": 29.377551020408163, "18": 26.31168831168831, "19": 24.402298850574713, "20": 27.75, "21": 30.333333333333332, "22": 27.661971830985916, "23": 27.88888888888889, "24": 27.761363636363637, "25": 27.126582278481013, "26": 28.306818181818183, "27": 31.74074074074074, "28": 29.734177215189874, "29": 29.6056338028169, "30": 27.333333333333332, "31": 33.166666666666664, "32": 26.20253164556962, "33": 25.893617021276597, "34": 31.153846153846153, "35": 30.81578947368421, "36": 29.55128205128205, "37": 30.68, "38": 31.728395061728396, "39": 32.229729729729726, "40": 27.816091954022987, "41": 29.714285714285715, "42": 30.103896103896105, "43": 31.32051282051282, "44": 28.676056338028168, "45": 31.62162162162162, "46": 29.417721518987342, "47": 29.324675324675326, "48": 29.604395604395606, "49": 29.44736842105263, "50": 27.949367088607595, "51": 26.734177215189874, "52": 34.03488372093023, "53": 28.585365853658537, "54": 29.372093023255815, "55": 29.6, "56": 28.507246376811594, "57": 26.810126582278482, "58": 25.90625, "59": 25.06756756756757, "60": 27.4, "61": 29.864864864864863, "62": 26.772727272727273, "63": 26.360655737704917, "64": 24.446428571428573, "65": 25.291666666666668, "66": 25.83582089552239, "67": 27.695652173913043, "68": 25.45614035087719, "69": 22.692307692307693, "70": 27.112903225806452, "71": 21.45762711864407, "72": 27.09259259259259, "73": 25.070422535211268, "74": 26.33823529411765, "75": 26.316666666666666, "76": 27.527027027027028, "77": 25.098591549295776, "78": 24.808823529411764, "79": 24.862745098039216, "80": 25.01851851851852, "81": 27.48148148148148, "82": 25.016666666666666, "83": 24.90625, "84": 25.017543859649123, "85": 24.394736842105264, "86": 25.305084745762713, "87": 23.0, "88": 26.36111111111111, "89": 27.076923076923077, "90": 29.77777777777778, "91": 26.666666666666668, "92": 25.466666666666665, "93": 37.904761904761905}, "p3": {"0": 41.32936988676175, "1": 7.375, "2": 13.36111111111111, "3": 17.527272727272727, "4": 25.5, "5": 33.36, "6": 39.888888888888886, "7": 45.119565217391305, "8": 44.81132075471698, "9": 41.99065420560748, "10": 40.339622641509436, "11": 43.45054945054945, "12": 39.71134020618557, "13": 40.42574257425743, "14": 42.464285714285715, "15": 40.78021978021978, "16": 39.50526315789474, "17": 43.79775280898876, "18": 37.21782178217822, "19": 39.03092783505155, "20": 39.4054054054054, "21": 36.023529411764706, "22": 39.17567567567568, "23": 42.244680851063826, "24": 37.357894736842105, "25": 36.59493670886076, "26": 35.56190476190476, "27": 34.632183908045974, "28": 45.91358024691358, "29": 38.48571428571429, "30": 36.971014492753625, "31": 40.702127659574465, "32": 37.68, "33": 36.57954545454545, "34": 42.54794520547945, "35": 34.98550724637681, "36": 34.67857142857143, "37": 38.02597402597402, "38": 41.127906976744185, "39": 38.35, "40": 40.91891891891892, "41": 41.6375, "42": 36.88095238095238, "43": 37.1566265060241, "44": 32.821917808219176, "45": 37.98809523809524, "46": 37.69117647058823, "47": 37.04938271604938, "48": 33.9, "49": 37.26086956521739, "50": 35.193548387096776, "51": 41.855421686746986, "52": 39.134328358208954, "53": 36.258426966292134, "54": 37.16438356164384, "55": 42.71212121212121, "56": 45.60344827586207, "57": 41.98245614035088, "58": 44.12280701754386, "59": 42.80952380952381, "60": 49.520833333333336, "61": 38.28846153846154, "62": 49.0188679245283, "63": 45.56666666666667, "64": 44.932432432432435, "65": 46.54545454545455, "66": 47.264150943396224, "67": 43.0, "68": 42.7, "69": 42.66129032258065, "70": 48.276595744680854, "71": 45.473684210526315, "72": 44.6, "73": 44.13461538461539, "74": 50.94642857142857, "75": 45.19298245614035, "76": 48.25925925925926, "77": 48.029411764705884, "78": 50.888888888888886, "79": 53.06382978723404, "80": 51.325581395348834, "81": 48.48888888888889, "82": 44.41463414634146, "83": 48.43478260869565, "84": 48.55102040816327, "85": 52.32, "86": 56.61538461538461, "87": 52.0, "88": 47.142857142857146, "89": 48.666666666666664, "90": 47.205128205128204, "91": 45.25925925925926, "92": 52.0, "93": 50.0}, "p4": {"0": 66.2414876163656, "1": 13.571428571428571, "2": 44.666666666666664, "3": 53.23529411764706,