{"p0": {"0": 10.0, "1": 10.0, "2": 10.0, "3": 10.0, "4": 10.0, "5": 10.0, "6": 10.0, "7": 10.0, "8": 10.0, "9": 10.0, "10": 10.0, "11": 10.0, "12": 10.0, "13": 10.0, "14": 10.0, "15": 10.0, "16": 10.0, "17": 10.0, "18": 10.0, "19": 10.0, "20": 10.0, "21": 10.0, "22": 10.0, "23": 10.0, "24": 10.0, "25": 10.0, "26": 10.0, "27": 10.0, "28": 10.0, "29": 10.0, "30": 10.0, "31": 10.0, "32": 10.0, "33": 10.0, "34": 10.0, "35": 10.0, "36": 10.0, "37": 10.0, "38": 10.0, "39": 10.0, "40": 10.0, "41": 10.0, "42": 10.0, "43": 10.0, "44": 10.0, "45": 10.0, "46": 10.0, "47": 10.0, "48": 10.0, "49": 10.0, "50": 10.0, "51": 10.0, "52": 10.0, "53": 10.0, "54": 10.0, "55": 10.0, "56": 10.0, "57": 10.0, "58": 10.0, "59": 10.0, "60": 10.0, "61": 10.0, "62": 10.0, "63": 10.0, "64": 10.0, "65": 10.0, "66": 10.0, "67": 10.0, "68": 10.0, "69": 10.0, "70": 10.0, "71": 10.0, "72": 10.0, "73": 10.0, "74": 10.0, "75": 10.0, "76": 10.0, "77": 10.0, "78": 10.0, "79": 10.0, "80": 10.0, "81": 10.0, "82": 10.0, "83": 10.0, "84": 10.0, "85": 10.0, "86": 10.0, "87": 10.0, "88": 10.0, "89": 10.0, "90": 10.0, "91": 99999.0, "92": 99999.0, "93": 99999.0, "94": 99999.0, "95": 99999.0}, "p1": {"0": 23.74645864869607, "1": 9.538461538461538, "2": 13.196428571428571, "3": 16.364864864864863, "4": 19.282608695652176, "5": 21.295652173913044, "6": 26.297520661157026, "7": 24.932692307692307, "8": 24.42105263157895, "9": 25.583333333333332, "10": 23.744, "11": 25.962264150943398, "12": 26.991803278688526, "13": 26.771929824561404, "14": 25.87704918032787, "15": 24.81896551724138, "16": 24.431818181818183, "17": 25.275, "18": 24.69747899159664, "19": 26.25984251968504, "20": 25.860869565217392, "21": 25.747899159663866, "22": 23.32758620689655, "23": 26.972727272727273, "24": 27.064814814814813, "25": 24.96527777777778, "26": 24.654135338345863, "27": 26.00769230769231, "28": 25.99145299145299, "29": 23.76068376068376, "30": 24.963768115942027, "31": 22.99145299145299, "32": 25.66883116883117, "33": 24.545454545454547, "34": 22.951612903225808, "35": 24.607692307692307, "36": 25.195804195804197, "37": 24.732394366197184, "38": 25.669117647058822, "39": 24.6260162601626, "40": 24.64625850340136, "41": 23.354609929078013, "42": 23.07857142857143, "43": 25.008333333333333, "44": 26.559055118110237, "45": 25.068181818181817, "46": 25.705357142857142, "47": 24.21014492753623, "48": 25.111940298507463, "49": 25.04964539007092, "50": 25.392857142857142, "51": 25.194915254237287, "52": 24.784313725490197, "53": 24.110169491525422, "54": 24.115384615384617, "55": 23.376068376068375, "56": 24.733333333333334, "57": 25.54032258064516, "58": 22.743589743589745, "59": 22.59016393442623, "60": 21.941176470588236, "61": 22.240384615384617, "62": 24.761363636363637, "63": 24.761363636363637, "64": 24.959183673469386, "65": 23.951923076923077, "66": 23.45, "67": 22.738095238095237, "68": 25.65909090909091, "69": 24.85542168674699, "70": 25.70408163265306, "71": 22.978947368421053, "72": 22.495412844036696, "73": 22.51086956521739, "74": 24.030927835051546, "75": 24.928571428571427, "76": 22.557894736842105, "77": 24.061728395061728, "78": 22.980198019801982, "79": 23.094736842105263, "80": 22.725274725274726, "81": 21.677777777777777, "82": 23.362745098039216, "83": 23.025974025974026, "84": 23.73134328358209, "85": 23.313953488372093, "86": 23.182926829268293, "87": 23.891304347826086, "88": 21.03157894736842, "89": 20.605263157894736, "90": 19.94871794871795, "91": 19.930232558139537, "92": 19.434782608695652, "93": 20.68421052631579, "94": 23.818181818181817, "95": 24.466666666666665}, "p2": {"0": 36.79954071608251, "1": 12.612244897959183, "2": 20.878048780487806, "3": 28.611940298507463, "4": 26.137931034482758, "5": 29.238938053097346, "6": 33.96638655462185, "7": 37.18354430379747, "8": 37.293785310734464, "9": 37.26315789473684, "10": 36.909574468085104, "11": 35.35326086956522, "12": 35.31292517006803, "13": 37.62237762237762, "14": 33.6793893129771, "15": 37.76223776223776, "16": 35.76510067114094, "17": 36.31547619047619, "18": 36.73529411764706, "19": 38.163636363636364, "20": 38.02, "21": 37.6094674556213, "22": 36.04794520547945, "23": 37.59090909090909, "24": 37.65693430656934, "25": 37.94615384615385, "26": 38.593548387096774, "27": 38.701863354037265, "28": 38.25185185185185, "29": 40.723684210526315, "30": 36.22360248447205, "31": 35.921052631578945, "32": 38.97037037037037, "33": 38.74015748031496, "34": 41.23776223776224, "35": 37.36486486486486, "36": 41.86577181208054, "37": 36.223684210526315, "38": 38.848, "39": 36.038216560509554, "40": 36.26589595375722, "41": 37.08275862068965, "42": 35.16793893129771, "43": 36.945454545454545, "44": 39.127272727272725, "45": 37.87412587412587, "46": 36.913907284768214, "47": 40.50370370370371, "48": 39.60504201680672, "49": 35.20472440944882, "50": 33.288288288288285, "51": 38.153225806451616, "52": 37.304, "53": 37.32116788321168, "54": 37.049180327868854, "55": 35.55855855855856, "56": 37.373831775700936, "57": 35.01282051282051, "58": 36.78378378378378, "59": 33.61904761904762, "60": 37.22857142857143, "61": 36.666666666666664, "62": 36.2, "63": 37.93636363636364, "64": 39.19130434782609, "65": 37.144444444444446, "66": 36.483870967741936, "67": 35.9080459770115, "68": 35.56666666666667, "69": 36.10204081632653, "70": 36.825, "71": 37.885714285714286, "72": 37.04545454545455, "73": 35.271028037383175, "74": 38.958333333333336, "75": 38.22641509433962, "76": 37.42, "77": 40.083333333333336, "78": 35.45882352941177, "79": 35.010989010989015, "80": 39.17857142857143, "81": 39.5679012345679, "82": 40.392857142857146, "83": 37.666666666666664, "84": 39.2972972972973, "85": 35.82828282828283, "86": 34.63095238095238, "87": 39.02597402597402, "88": 37.52173913043478, "89": 37.986666666666665, "90": 35.63380281690141, "91": 38.36986301369863, "92": 41.293103448275865, "93": 40.886792452830186, "94": 45.78125, "95": 46.74576271186441}, "p3": {"0": 34.50970097500044, "1": 14.308510638297872, "2": 18.333333333333332, "3": 22.114285714285714, "4": 26.584745762711865, "5": 31.05732484076433, "6": 37.34426229508197, "7": 34.376543209876544, "8": 35.21264367816092, "9": 35.16425120772947, "10": 34.547486033519554, "11": 34.943005181347154, "12": 35.67894736842105, "13": 35.42583732057416, "14": 34.55882352941177, "15": 32.37096774193548, "16": 35.241176470588236, "17": 31.591463414634145, "18": 32.775757575757574, "19": 33.91891891891892, "20": 34.359375, "21": 30.442028985507246, "22": 32.83435582822086, "23": 31.248275862068965, "24": 31.263803680981596, "25": 34.264150943396224, "26": 31.203821656050955, "27": 30.215384615384615, "28": 29.721804511278197, "29": 33.04, "30": 32.513333333333335, "31": 33.53968253968254, "32": 34.90845070422535, "33": 29.777027027027028, "34": 33.229007633587784, "35": 32.723214285714285, "36": 27.93288590604027, "37": 29.484375, "38": 27.471014492753625, "39": 34.06603773584906, "40": 33.8014705882353, "41": 35.828828828828826, "42": 32.271028037383175, "43": 35.00847457627118, "44": 32.36507936507937, "45": 31.154545454545456, "46": 35.698113207547166, "47": 34.3859649122807, "48": 35.52173913043478, "49": 32.288288288288285, "50": 37.02040816326531, "51": 34.29347826086956, "52": 35.40449438202247, "53": 29.861538461538462, "54": 33.71111111111111, "55": 36.37662337662338, "56": 37.3625, "57": 33.149532710280376, "58": 37.946236559139784, "59": 34.16483516483517, "60": 37.588235294117645, "61": 33.73913043478261, "62": 39.573170731707314, "63": 34.07142857142857, "64": 39.0, "65": 37.2, "66": 38.8875, "67": 37.35294117647059, "68": 42.53225806451613, "69": 40.98684210526316, "70": 38.906666666666666, "71": 34.45762711864407, "72": 33.94202898550725, "73": 38.0, "74": 36.75, "75": 34.30769230769231, "76": 36.1625, "77": 35.776119402985074, "78": 35.3859649122807, "79": 33.87179487179487, "80": 41.473684210526315, "81": 38.98461538461538, "82": 38.37735849056604, "83": 33.86666666666667, "84": 38.904761904761905,