{"p0": {"0": 10.0, "1": 10.0, "2": 10.0, "3": 10.0, "4": 10.0, "5": 10.0, "6": 10.0, "7": 10.0, "8": 10.0, "9": 10.0, "10": 10.0, "11": 10.0, "12": 10.0, "13": 10.0, "14": 10.0, "15": 10.0, "16": 10.0, "17": 10.0, "18": 10.0, "19": 10.0, "20": 10.0, "21": 10.0, "22": 10.0, "23": 10.0, "24": 10.0, "25": 10.0, "26": 10.0, "27": 10.0, "28": 10.0, "29": 10.0, "30": 10.0, "31": 10.0, "32": 10.0, "33": 10.0, "34": 10.0, "35": 10.0, "36": 10.0, "37": 10.0, "38": 10.0, "39": 10.0, "40": 10.0, "41": 10.0, "42": 10.0, "43": 10.0, "44": 10.0, "45": 10.0, "46": 10.0, "47": 10.0, "48": 10.0, "49": 10.0, "50": 10.0, "51": 10.0, "52": 10.0, "53": 10.0, "54": 10.0, "55": 10.0, "56": 10.0, "57": 10.0, "58": 10.0, "59": 10.0, "60": 10.0, "61": 10.0, "62": 10.0, "63": 10.0, "64": 10.0, "65": 10.0, "66": 10.0, "67": 99999.0, "68": 99999.0, "69": 99999.0, "70": 99999.0}, "p1": {"0": 23.38992212426774, "1": 8.105263157894736, "2": 11.928571428571429, "3": 16.903225806451612, "4": 19.96153846153846, "5": 24.178217821782177, "6": 25.514285714285716, "7": 25.91588785046729, "8": 24.58139534883721, "9": 26.009174311926607, "10": 25.763440860215052, "11": 24.201923076923077, "12": 24.71559633027523, "13": 24.77777777777778, "14": 25.110091743119266, "15": 25.38738738738739, "16": 25.019801980198018, "17": 26.04040404040404, "18": 26.055555555555557, "19": 26.075, "20": 25.011111111111113, "21": 24.707964601769913, "22": 24.405172413793103, "23": 25.728155339805824, "24": 25.28421052631579, "25": 25.753086419753085, "26": 24.264705882352942, "27": 24.428571428571427, "28": 23.875, "29": 24.382022471910112, "30": 24.788732394366196, "31": 25.7625, "32": 24.21917808219178, "33": 24.2125, "34": 22.89887640449438, "35": 25.31645569620253, "36": 23.833333333333332, "37": 24.814814814814813, "38": 24.857142857142858, "39": 23.213333333333335, "40": 22.37837837837838, "41": 23.0, "42": 22.960526315789473, "43": 23.224137931034484, "44": 25.486842105263158, "45": 24.45945945945946, "46": 22.694117647058825, "47": 23.17721518987342, "48": 24.405405405405407, "49": 23.057471264367816, "50": 22.470588235294116, "51": 22.313253012048193, "52": 21.479166666666668, "53": 23.33783783783784, "54": 23.893939393939394, "55": 23.446153846153845, "56": 23.055555555555557, "57": 24.46511627906977, "58": 22.90909090909091, "59": 23.80392156862745, "60": 21.78125, "61": 22.442622950819672, "62": 20.671641791044777, "63": 22.23076923076923, "64": 19.859375, "65": 18.836734693877553, "66": 19.72, "67": 22.37142857142857, "68": 22.483870967741936, "69": 26.727272727272727, "70": 26.15}, "p2": {"0": 20.205303333949747, "1": 5.323076923076923, "2": 7.376237623762377, "3": 9.891089108910892, "4": 12.548076923076923, "5": 14.993150684931507, "6": 18.84, "7": 22.894039735099337, "8": 22.38150289017341, "9": 24.56020942408377, "10": 24.263157894736842, "11": 22.662721893491124, "12": 20.901315789473685, "13": 21.57046979865772, "14": 18.703225806451613, "15": 22.163841807909606, "16": 19.61783439490446, "17": 21.08176100628931, "18": 22.006666666666668, "19": 20.075342465753426, "20": 21.54601226993865, "21": 21.92207792207792, "22": 21.013513513513512, "23": 22.642857142857142, "24": 21.92105263157895, "25": 19.987577639751553, "26": 20.464052287581698, "27": 22.547445255474454, "28": 19.862903225806452, "29": 21.127388535031848, "30": 23.98611111111111, "31": 20.5, "32": 20.255172413793105, "33": 20.181102362204726, "34": 20.89189189189189, "35": 19.575757575757574, "36": 20.033112582781456, "37": 20.774436090225564, "38": 21.013986013986013, "39": 23.25619834710744, "40": 21.305084745762713, "41": 20.619834710743802, "42": 20.61904761904762, "43": 20.068702290076335, "44": 17.635593220338983, "45": 20.333333333333332, "46": 19.264900662251655, "47": 17.3135593220339, "48": 18.31111111111111, "49": 18.170542635658915, "50": 17.590476190476192, "51": 21.966666666666665, "52": 20.12878787878788, "53": 17.517543859649123, "54": 20.755905511811022, "55": 20.633333333333333, "56": 20.945945945945947, "57": 21.71551724137931, "58": 19.00862068965517, "59": 19.5, "60": 19.95967741935484, "61": 21.714285714285715, "62": 21.93877551020408, "63": 19.104347826086958, "64": 16.091666666666665, "65": 15.96039603960396, "66": 19.554455445544555, "67": 24.6, "68": 27.442307692307693, "69": 27.444444444444443, "70": 31.8}, "p3": {"0": 47.267786925452754, "1": 17.5, "2": 19.08, "3": 23.490909090909092, "4": 30.760563380281692, "5": 34.68807339449541, "6": 40.48412698412698, "7": 43.656, "8": 42.45238095238095, "9": 41.40625, "10": 43.15827338129496, "11": 38.47328244274809, "12": 43.241379310344826, "13": 41.226890756302524, "14": 40.943548387096776, "15": 42.41984732824427, "16": 42.30701754385965, "17": 46.0, "18": 45.614754098360656, "19": 43.421875, "20": 45.35, "21": 41.36752136752137, "22": 42.99212598425197, "23": 45.39370078740158, "24": 45.36082474226804, "25": 45.0, "26": 47.446280991735534, "27": 47.230088495575224, "28": 47.457142857142856, "29": 51.378151260504204, "30": 47.79527559055118, "31": 48.11570247933884, "32": 50.48695652173913, "33": 50.42727272727273, "34": 48.34653465346535, "35": 53.52777777777778, "36": 49.26890756302521, "37": 51.375, "38": 49.92307692307692, "39": 49.43809523809524, "40": 52.33644859813084, "41": 50.49107142857143, "42": 50.15748031496063, "43": 52.63809523809524, "44": 54.23300970873787, "45": 52.39344262295082, "46": 52.017857142857146, "47": 51.83050847457627, "48": 51.9646017699115, "49": 53.744897959183675, "50": 50.850467289719624, "51": 51.01923076923077, "52": 52.43518518518518, "53": 49.49107142857143, "54": 51.19626168224299, "55": 51.22549019607843, "56": 50.795698924731184, "57": 49.25, "58": 53.351063829787236, "59": 51.416666666666664, "60": 52.63461538461539, "61": 52.784946236559136, "62": 51.36363636363637, "63": 51.47572815533981, "64": 54.310679611650485, "65": 50.28421052631579, "66": 54.68, "67": 54.270833333333336, "68": 56.170212765957444, "69": 59.95238095238095, "70": 59.973684210526315}, "p4": {"0": 47.51301521423733, "1": 47.51301521423733, "2": 47.51301521423733, "3": 47.51301521423733, "4": 46.790055248618785, "5": 47.11345646437995, "6": 47.150510204081634, "7": 47.16712328767123, "8": 47.560344827586206, "9": 47.093939393939394, "10": 47.07909604519774, "11": 47.02445652173913, "12": 47.4056338028169, "13": 47.094763092269325, "14": 47.24164524421594, "15": 47.0, "16": 47.26243093922652, "17": 46.85674931129476, "18": 47.13265306122449, "19": 47.3952802359882, "20": 46.92638036809816, "21": 47.72, "22": 47.46439628482972, "23": 47.76027397260274, "24": 48.16352201257862, "25": 47.7246835443038, "26": 48.58736059479554, "27": 47.596, "28": 48.30357142857143, "29": 47.07509881422925, "30": 47.847517730496456, "31": 47.26480836236934, "32": 47.777372262773724, "33": 48.343511450381676, "34": 48.18775510204082, "35": 47.37358490566038, "36": 47.22134387351779, "37": 48.25092250922509, "38": 47.57875457875458, "39": 46.93478260869565, "40": 47.04460966542751, "41": 48.07241379310345, "42": 47.57089552238806, "43": 48.241379310344826, "44": 48.14728682170543, "45": 47.73863636363637, "46": 47.73010380622837, "47": 47.38019169329073, "48": 47.39473684210526, "49": 47.74447949526814, "50": 48.117834394904456, "51": 47.667655786350146, "52": 47.54220779220779, "53": 48.02622950819672, "54": 47.57608695652174, "55": 48.15384615384615, "56": 47.21835443037975, "57": 47.6360294117647, "58": 47.51803278688524, "59": 47.286184210526315, "60": 47.07941176470588, "61": 47.312714776632305, "62": 47.51700680272109, "63": 47.86538461538461, "64": 47.77257525083612, "65": 47.74916387959866, "66": 47.165016501650165, "67": 47.57627118644068, "68": 47.29333333333334, "69": 46.81528662420382, "70": 46.94888178913738}}