{"p0": {"0": 10.0, "1": 10.0, "2": 10.0, "3": 10.0, "4": 10.0, "5": 10.0, "6": 10.0, "7": 10.0, "8": 10.0, "9": 10.0, "10": 10.0, "11": 10.0, "12": 10.0, "13": 10.0, "14": 10.0, "15": 10.0, "16": 10.0, "17": 10.0, "18": 10.0, "19": 10.0, "20": 10.0, "21": 10.0, "22": 10.0, "23": 10.0, "24": 10.0, "25": 10.0, "26": 10.0, "27": 10.0, "28": 10.0, "29": 10.0, "30": 10.0, "31": 10.0, "32": 10.0, "33": 10.0, "34": 10.0, "35": 10.0, "36": 10.0, "37": 10.0, "38": 10.0, "39": 10.0, "40": 10.0, "41": 10.0, "42": 10.0, "43": 10.0, "44": 10.0, "45": 10.0, "46": 10.0, "47": 10.0, "48": 10.0, "49": 10.0, "50": 10.0, "51": 10.0, "52": 10.0, "53": 10.0, "54": 10.0, "55": 10.0, "56": 10.0, "57": 10.0, "58": 10.0, "59": 10.0, "60": 10.0, "61": 10.0, "62": 10.0, "63": 10.0, "64": 10.0, "65": 10.0, "66": 10.0, "67": 10.0, "68": 10.0, "69": 10.0, "70": 10.0, "71": 10.0, "72": 10.0, "73": 10.0, "74": 10.0, "75": 10.0, "76": 99999.0, "77": 99999.0, "78": 99999.0, "79": 99999.0, "80": 99999.0}, "p1": {"0": 25.363905111020582, "1": 5.166666666666667, "2": 11.222222222222221, "3": 17.618181818181817, "4": 21.158730158730158, "5": 21.734939759036145, "6": 28.30909090909091, "7": 26.229508196721312, "8": 26.982456140350877, "9": 25.041095890410958, "10": 24.22222222222222, "11": 26.37142857142857, "12": 25.51948051948052, "13": 25.416666666666668, "14": 26.73846153846154, "15": 26.2625, "16": 26.655172413793103, "17": 25.03448275862069, "18": 27.279411764705884, "19": 28.764044943820224, "20": 26.64, "21": 26.738095238095237, "22": 25.80246913580247, "23": 26.14864864864865, "24": 26.191011235955056, "25": 25.6625, "26": 26.32051282051282, "27": 27.746987951807228, "28": 27.356164383561644, "29": 24.691176470588236, "30": 26.604938271604937, "31": 26.905405405405407, "32": 26.391304347826086, "33": 27.80821917808219, "34": 27.857142857142858, "35": 23.647058823529413, "36": 28.880597014925375, "37": 25.71604938271605, "38": 25.661016949152543, "39": 26.6, "40": 23.227272727272727, "41": 24.814285714285713, "42": 26.5, "43": 25.569444444444443, "44": 26.10169491525424, "45": 26.308823529411764, "46": 25.2, "47": 24.390243902439025, "48": 27.454545454545453, "49": 25.35211267605634, "50": 27.7, "51": 28.23611111111111, "52": 26.714285714285715, "53": 25.54054054054054, "54": 27.0126582278481, "55": 24.216666666666665, "56": 27.253968253968253, "57": 25.227272727272727, "58": 24.875, "59": 27.0, "60": 27.0, "61": 26.314814814814813, "62": 24.01388888888889, "63": 25.806451612903224, "64": 26.676923076923078, "65": 26.217391304347824, "66": 25.09375, "67": 24.661538461538463, "68": 24.509090909090908, "69": 26.236363636363638, "70": 24.81081081081081, "71": 24.303030303030305, "72": 24.610169491525422, "73": 26.483870967741936, "74": 23.397058823529413, "75": 22.666666666666668, "76": 23.085714285714285, "77": 26.020833333333332, "78": 25.46153846153846, "79": 30.818181818181817, "80": 27.133333333333333}, "p2": {"0": 32.69109979711422, "1": 28.333333333333332, "2": 16.75, "3": 17.607142857142858, "4": 18.5, "5": 19.506849315068493, "6": 29.895522388059703, "7": 33.903225806451616, "8": 34.30088495575221, "9": 35.55555555555556, "10": 34.8974358974359, "11": 33.52, "12": 32.35616438356164, "13": 32.58904109589041, "14": 29.77777777777778, "15": 31.776119402985074, "16": 33.2463768115942, "17": 30.830188679245282, "18": 33.0, "19": 33.292307692307695, "20": 31.318181818181817, "21": 34.831460674157306, "22": 36.23684210526316, "23": 36.15384615384615, "24": 31.48051948051948, "25": 34.354838709677416, "26": 32.77777777777778, "27": 36.136986301369866, "28": 36.351351351351354, "29": 31.83823529411765, "30": 35.056603773584904, "31": 34.015151515151516, "32": 34.04838709677419, "33": 34.333333333333336, "34": 36.59756097560975, "35": 35.19047619047619, "36": 33.86206896551724, "37": 32.204081632653065, "38": 29.83582089552239, "39": 36.326530612244895, "40": 37.617283950617285, "41": 34.82692307692308, "42": 36.12307692307692, "43": 34.89041095890411, "44": 36.03508771929825, "45": 36.464285714285715, "46": 32.594202898550726, "47": 34.49180327868852, "48": 29.50793650793651, "49": 36.12307692307692, "50": 38.166666666666664, "51": 33.140625, "52": 33.9, "53": 33.4, "54": 32.125, "55": 32.529411764705884, "56": 29.755102040816325, "57": 34.42465753424658, "58": 34.666666666666664, "59": 31.795454545454547, "60": 30.94, "61": 30.813953488372093, "62": 32.80434782608695, "63": 35.745098039215684, "64": 32.02040816326531, "65": 30.225, "66": 32.04347826086956, "67": 27.90909090909091, "68": 31.804878048780488, "69": 31.796296296296298, "70": 31.327868852459016, "71": 34.36065573770492, "72": 35.45614035087719, "73": 31.5, "74": 31.88888888888889, "75": 29.48936170212766, "76": 32.59090909090909, "77": 33.1025641025641, "78": 30.129032258064516, "79": 43.2, "80": 40.97435897435897}, "p3": {"0": 38.73972703965808, "1": 14.619047619047619, "2": 24.069767441860463, "3": 23.12727272727273, "4": 29.396825396825395, "5": 36.43956043956044, "6": 42.53508771929825, "7": 44.411764705882355, "8": 43.43362831858407, "9": 40.1025641025641, "10": 38.846846846846844, "11": 42.78, "12": 42.91509433962264, "13": 46.92173913043478, "14": 42.68571428571428, "15": 42.89430894308943, "16": 44.23157894736842, "17": 37.7, "18": 41.15714285714286, "19": 46.63636363636363, "20": 42.46236559139785, "21": 37.08510638297872, "22": 47.18292682926829, "23": 44.96590909090909, "24": 45.39344262295082, "25": 43.455555555555556, "26": 45.523809523809526, "27": 40.15384615384615, "28": 41.5625, "29": 41.43589743589744, "30": 43.89655172413793, "31": 45.54666666666667, "32": 41.875, "33": 39.50819672131148, "34": 41.52238805970149, "35": 41.028985507246375, "36": 41.03846153846154, "37": 41.109756097560975, "38": 48.85245901639344, "39": 48.39705882352941, "40": 42.81666666666667, "41": 36.95238095238095, "42": 37.18, "43": 39.66153846153846, "44": 37.21052631578947, "45": 41.763636363636365, "46": 38.70967741935484, "47": 33.92, "48": 34.28846153846154, "49": 40.83606557377049, "50": 42.148148148148145, "51": 38.125, "52": 39.56521739130435, "53": 38.717948717948715, "54": 33.3125, "55": 35.265306122448976, "56": 39.04255319148936, "57": 36.79245283018868, "58": 40.05882352941177, "59": 29.48076923076923, "60": 32.94230769230769, "61": 41.71153846153846, "62": 36.2, "63": 32.86842105263158, "64": 36.473684210526315, "65": 37.351351351351354, "66": 39.08108108108108, "67": 37.68181818181818, "68": 35.78431372549019, "69": 44.369565217391305, "70": 32.254901960784316, "71": 31.952380952380953, "72": 37.325, "73": 35.63636363636363, "74": 30.89189189189189, "75": 34.0, "76": 42.333333333333336, "77": 33.542857142857144, "78": 35.25925925925926, "79": 39.76923076923077, "80": 29.0}, "p4": {"0": 51.397135688624815, "1": 18.844444444444445, "2": 20.703703703703702, "3": 18.864406779661017, "4": 23.813953488372093, "5": 38.203125, "6": 48.1875, "7": 49.55128205128205, "8": 48.5, "9": 54.07865168539326, "10": 50.40963855421687, "11": 44.81927710843374, "12": 41.492753623188406, "13": 46.55882352941177, "14": 43.666666666666664, "15": 39.94897959183673, "16": 42.54761904761905, "17": 41.247191011235955, "18": 34.59139784946237, "19": 40.48235294117647, "20": 34.614583333333336, "21": 40.0, "22": 41.116883116883116, "23": 39.742574257425744, "24": 39.81481481481482, "25": 46.0, "26": 46.3855421686747, "27": 50.151162790697676, "28": 52.03508771929825, "29": 55.940298507462686, "30": 51.70175438596491, "31": 55.07462686567164, "32": 51.303030303030305, "33": 49.07692307692308, "34": 52.46296296296296, "35": 60.231884057971016, "36": 54.776119402985074, "37": 57.81428571428572, "38": 55.075, "39": 53.4, "40": 51.96052631578947, "41": 53.47761194029851, "42": 57.69491525423729, "43": 56.75471698113208, "44": 52.854838709677416, "45": 59.52054794520548, "46": 50.80597014925373, "47": 54.676923076923075, "48": 53.66101694915254, "49": 57.34615384615385, "50": 50.355932203389834, "51": 60.298507462686565, "52": 58.64,