{"p3": {"3": 37.509186351706035, "4": 37.72863247863248, "5": 37.656964656964654, "6": 37.628787878787875, "7": 37.593971631205676, "8": 37.36333333333334, "9": 37.345565749235476, "10": 37.38995568685377, "11": 37.500693481276, "12": 37.372764786795045, "13": 37.364568081991216, "14": 37.479738562091505, "15": 37.19185282522996, "16": 37.09896602658789, "17": 37.3177304964539, "18": 37.2575976845152, "19": 37.282517482517484, "20": 37.37361111111111, "21": 37.50977653631285, "22": 37.34587554269175, "23": 37.40056022408964, "24": 37.513297872340424, "25": 37.27369826435247, "26": 37.224043715846996, "27": 37.50932568149211, "28": 37.459154929577466, "29": 37.37315436241611, "30": 37.543191800878475, "31": 37.17862165963432, "32": 37.23055934515689, "33": 37.48090523338048, "34": 37.4734693877551, "35": 37.3306342780027, "36": 37.56241426611797, "37": 37.397260273972606, "38": 37.61789772727273, "39": 37.45151515151515, "40": 37.44105409153953, "41": 37.55730659025788, "42": 37.54054054054054, "43": 37.52593659942363, "44": 37.470670391061454, "45": 37.349381017881704, "46": 37.36310395314788, "47": 37.35358255451713, "48": 37.188006482982175, "49": 37.490196078431374, "50": 37.63316582914573, "51": 37.41349480968858, "52": 37.65095986038394, "53": 37.386569872958255, "54": 37.61623616236162, "55": 37.89738805970149, "56": 37.829268292682926, "57": 37.79296875, "58": 38.10982658959538, "59": 37.737827715355806, "60": 38.17102615694165, "61": 38.06581740976645, "62": 37.95147679324894, "63": 38.096579476861166, "64": 37.80603448275862, "65": 38.04491725768322, "66": 37.69069767441861, "67": 37.89366515837104, "68": 37.84862385321101, "69": 37.593380614657214, "70": 37.53880266075388, "71": 37.855530474040634, "72": 37.94497607655502, "73": 38.60043668122271, "74": 38.32380952380952, "75": 37.96842105263158, "76": 37.68824940047961, "77": 37.928759894459105, "78": 37.71625344352617, "79": 37.94146341463415, "80": 37.4961038961039, "81": 37.596330275229356, "82": 37.73190348525469, "83": 37.356818181818184, "84": 36.72845953002611, "85": 36.286096256684495, "86": 36.68652849740933, "87": 36.44179894179894, "88": 37.23466666666667, "89": 37.056603773584904, "90": 36.70391061452514, "91": 36.27900552486188, "92": 36.50898203592814, "93": 36.91320754716981, "94": 36.520446096654275, "95": 36.29056603773585, "96": 35.80952380952381, "97": 35.32178217821782, "98": 35.673469387755105, "99": 35.83255813953488, "100": 36.2565445026178, "101": 35.72429906542056, "102": 35.29714285714286, "103": 35.815384615384616, "104": 36.075117370892016, "105": 35.51555555555556, "106": 35.97863247863248, "107": 35.72811059907834, "108": 35.38582677165354, "109": 35.63404255319149, "110": 35.41056910569106, "111": 35.392561983471076, "112": 36.74007220216607, "113": 36.666666666666664, "114": 36.090196078431376, "115": 36.23828125, "116": 36.69491525423729, "117": 36.451827242524914, "118": 36.751633986928105, "119": 37.14836795252226, "120": 37.26209677419355, "121": 38.0985401459854, "122": 37.30847457627119, "123": 37.16615384615385, "124": 37.304597701149426, "125": 37.721739130434784, "126": 37.557177615571774, "127": 37.177718832891244, "128": 38.20113314447592, "129": 38.08599508599509, "130": 37.87532467532468, "131": 37.71393034825871, "132": 37.993071593533486, "133": 37.71945701357466, "134": 37.430913348946135, "135": 37.786259541984734, "136": 37.4815668202765, "137": 37.481308411214954, "138": 38.05733944954128, "139": 37.898305084745765, "140": 37.6529284164859, "141": 37.41093117408907, "142": 37.63977485928705, "143": 37.317708333333336, "144": 37.92673992673993, "145": 37.65201465201465, "146": 37.0, "147": 37.525830258302584, "148": 37.542910447761194, "149": 37.621153846153845, "150": 37.32298136645963, "151": 37.570356472795496, "152": 37.68695652173913, "153": 37.435523114355234, "154": 37.333333333333336, "155": 37.226912928759894, "156": 37.348214285714285, "157": 37.75390625, "158": 37.3470715835141, "159": 37.135555555555555, "160": 37.44855967078189, "161": 37.22037422037422, "162": 36.756380510440835, "163": 37.22737819025522, "164": 37.34022988505747, "165": 37.431603773584904, "166": 37.92911392405063, "167": 37.44019138755981, "168": 37.78172588832487, "169": 37.455882352941174, "170": 37.56829268292683, "171": 37.62700228832952, "172": 37.03517587939699, "173": 37.252100840336134, "174": 37.58629441624365, "175": 37.464467005076145, "176": 37.74082568807339, "177": 37.72568578553616, "178": 37.54060913705584, "179": 37.90052356020942, "180": 37.704787234042556, "181": 37.77985948477752, "182": 38.02105263157895, "183": 38.2078239608802, "184": 37.795, "185": 38.22784810126582, "186": 37.95303867403315, "187": 38.10421836228288, "188": 37.76513317191284, "189": 37.606648199445985, "190": 38.090643274853804, "191": 37.87850467289719, "192": 37.97443181818182, "193": 38.411960132890364, "194": 37.9700272479564, "195": 37.54189944134078, "196": 37.347938144329895, "197": 37.43567251461988, "198": 37.01215805471124, "199": 36.66339869281046}, "p0": {"0": 0.0, "1": 0.0, "2": 0.0, "3": 0.0, "4": 0.0, "5": 0.0, "6": 0.0, "7": 0.0, "8": 0.0, "9": 0.0, "10": 0.0, "11": 0.0, "12": 0.0, "13": 0.0, "14": 0.0, "15": 0.0, "16": 0.0, "17": 0.0, "18": 0.0, "19": 0.0, "20": 0.0, "21": 0.0, "22": 0.0, "23": 0.0, "24": 0.0, "25": 0.0, "26": 0.0, "27": 0.0, "28": 0.0, "29": 0.0, "30": 0.0, "31": 0.0, "32": 0.0, "33": 0.0, "34": 0.0, "35": 0.0, "36": 0.0, "37": 0.0, "38": 0.0, "39": 0.0, "40": 0.0, "41": 0.0, "42": 0.0, "43": 0.0, "44": 0.0, "45": 0.0, "46": 0.0, "47": 0.0, "48": 0.0, "49": 0.0, "50": 0.0, "51": 0.0, "52": 0.0, "53": 0.0, "54": 0.0, "55": 0.0, "56": 0.0, "57": 0.0, "58": 0.0, "59": 0.0, "60": 0.0, "61": 0.0, "62": 0.0, "63": 0.0, "64": 0.0, "65": 0.0, "66": 0.0, "67": 0.0, "68": 0.0, "69": 0.0, "70": 0.0, "71": 0.0, "72": 0.0, "73": 0.0, "74": 0.0, "75": 0.0, "76": 0.0, "77": 0.0, "78": 0.0, "79": 0.0, "80": 0.0, "81": 0.0, "82": 0.0, "83": 0.0, "84": 0.0, "85": 0.0, "86": 0.0, "87": 0.0, "88": 0.0, "89": 0.0, "90": 0.0, "91": 0.0, "92": 0.0, "93": 0.0, "94": 0.0, "95": 0.0, "96": 0.0, "97": 0.0, "98": 0.0, "99": 0.0, "100": 0.0, "101": 0.0, "102": 0.0, "103": 0.0, "104": 0.0, "105": 0.0, "106": 0.0, "107": 0.0, "108": 0.0, "109": 0.0, "110": 0.0, "111": 0.0, "112": 0.0, "113": 0.0, "114": 0.0, "115": 0.0, "116": 0.0, "117": 0.0, "118": 0.0, "119": 0.0, "120": 0.0, "121": 0.0, "122": 0.0, "123": 0.0, "124": 0.0, "125": 0.0, "126": 0.0, "127": 0.0, "128": 0.0, "129": 0.0, "130": 0.0, "131": 0.0, "132": 0.0, "133": 0.0, "134": 0.0, "135": 0.0, "136": 0.0, "137": 0.0, "138": 0.0, "139": 0.0, "140": 0.0, "141": 0.0, "142": 0.0, "143": 0.0, "144": 0.0, "145": 0.0, "146": 0.0, "147": 0.0, "148": 0.0, "149": 0.0, "150": 0.0, "151": 0.0, "152": 0.0, "153": 0.0, "154": 0.0, "155": 0.0, "156": 0.0, "157": 0.0, "158": 0.0, "159": 0.0, "160": 0.0, "161": 0.0, "162": 0.0, "163": 0.0, "164": 0.0, "165": 0.0, "166": 0.0, "167": 0.0, "168": 0.0, "169": 0.0, "170": 0.0, "171": 0.0, "172": 0.0, "173": 0.0, "174": 0.0, "175": 0.0, "176": 0.0, "177": 0.0, "178": 0.0, "179": 0.0, "180": 0.0, "181": 0.0, "182": 0.0, "183": 0.0, "184": 0.0, "185": 0.0, "186": 0.0, "187": 0.0, "188": 0.0, "189": 0.0, "190": 0.0, "191": 0.0, "192": 0.0, "193": 0.0, "194": 0.0, "195": 0.0, "196": 0.0, "197": 0.0, "198": 0.0, "199": 0.0}, "p2": {"0": 0.0, "1": 0.0, "2": 0.0, "3": 0.0, "4": 0.0, "5": 0.0, "6": 0.0, "7": 0.0, "8": 0.0, "9": 0.0, "10": 0.0, "11": 0.0, "12": 0.0, "13": 0.0, "14": 0.0, "15": 0.0, "16": 0.0, "17": 0.0, "18": 0.0, "19": 0.0, "20": 0.0, "21": 0.0, "22": 0.0, "23": 0.0, "24": 0.0, "25": 0.0, "26": 0.0, "27": 0.0, "28": 0.0, "29": 0.0, "30": 0.0, "31": 0.0, "32": 0.0, "33": 0.0, "34": 0.0, "35": 0.0, "36": 0.0, "37": 0.0, "38": 0.0, "39": 0.0, "40": 0.0, "41": 0.0, "42": 0.0, "43": 0.0, "44": 0.0, "45": 0.0, "46": 0.0, "47": 0.0, "48": 0.0, "49": 0.0, "50": 0.0, "51": 0.0, "52": 0.0, "53": 0.0, "54": 0.0, "55": 0.0, "56": 0.0, "57": 0.0, "58": 0.0, "59": 0.0,