{"p0": {"0": 0.0, "1": 0.0, "2": 0.0, "3": 0.0, "4": 0.0, "5": 0.0, "6": 0.0, "7": 0.0, "8": 0.0, "9": 0.0, "10": 0.0, "11": 0.0, "12": 0.0, "13": 0.0, "14": 0.0, "15": 0.0, "16": 0.0, "17": 0.0, "18": 0.0, "19": 0.0, "20": 0.0, "21": 0.0, "22": 0.0, "23": 0.0, "24": 0.0, "25": 0.0, "26": 0.0, "27": 0.0, "28": 0.0, "29": 0.0, "30": 0.0, "31": 0.0, "32": 0.0, "33": 0.0, "34": 0.0, "35": 0.0, "36": 0.0, "37": 0.0, "38": 0.0, "39": 0.0, "40": 0.0, "41": 0.0, "42": 0.0, "43": 0.0, "44": 0.0, "45": 0.0, "46": 0.0, "47": 0.0, "48": 0.0, "49": 0.0, "50": 0.0, "51": 0.0, "52": 0.0, "53": 0.0, "54": 0.0, "55": 0.0, "56": 0.0, "57": 0.0, "58": 0.0, "59": 0.0, "60": 0.0, "61": 0.0, "62": 0.0, "63": 0.0, "64": 0.0, "65": 0.0, "66": 0.0, "67": 0.0, "68": 0.0, "69": 0.0, "70": 0.0, "71": 0.0, "72": 0.0, "73": 0.0, "74": 0.0, "75": 0.0, "76": 0.0, "77": 0.0, "78": 0.0, "79": 0.0, "80": 0.0}, "p3": {"3": 36.43867924528302, "4": 36.294372294372295, "5": 36.38243626062323, "6": 36.812820512820515, "7": 36.51670951156812, "8": 36.300242130750604, "9": 36.3054892601432, "10": 36.58314855875832, "11": 36.54382470119522, "12": 36.73593073593074, "13": 36.53258426966292, "14": 36.24735729386892, "15": 36.17570498915401, "16": 36.18987341772152, "17": 36.084158415841586, "18": 36.74452554744526, "19": 36.84615384615385, "20": 36.88859416445624, "21": 36.473262032085564, "22": 36.234375, "23": 37.12463768115942, "24": 37.08510638297872, "25": 37.29491525423729, "26": 37.04982206405694, "27": 37.99212598425197, "28": 37.80740740740741, "29": 37.81751824817518, "30": 37.236559139784944, "31": 37.4760147601476, "32": 37.39754098360656, "33": 36.86896551724138, "34": 38.26996197718631, "35": 37.15447154471545, "36": 37.38793103448276, "37": 36.774744027303754, "38": 35.44485294117647, "39": 35.25660377358491, "40": 34.34387351778656, "41": 35.16279069767442, "42": 34.09139784946237, "43": 34.258620689655174, "44": 33.92946058091286, "45": 34.14553990610329, "46": 35.49372384937239, "47": 34.383720930232556, "48": 34.416666666666664, "49": 34.8125, "50": 34.96491228070175, "51": 35.99619771863118, "52": 34.86507936507937, "53": 36.608108108108105, "54": 36.030701754385966, "55": 35.493449781659386, "56": 36.101694915254235, "57": 37.06514657980456, "58": 36.81159420289855, "59": 36.244224422442244, "60": 36.07761194029851, "61": 36.98965517241379, "62": 36.943820224719104, "63": 35.956923076923076, "64": 36.419444444444444, "65": 37.04833836858006, "66": 36.28644501278772, "67": 36.36338028169014, "68": 36.351351351351354, "69": 37.370262390670554, "70": 36.5, "71": 36.51206434316354, "72": 37.13947368421053, "73": 36.85204081632653, "74": 37.38059701492537, "75": 35.934844192634564, "76": 36.72222222222222, "77": 36.787234042553195, "78": 35.92579505300353, "79": 35.78716216216216, "80": 37.05882352941177}, "p1": {"0": 0.0, "1": 0.0, "2": 0.0, "3": 0.0, "4": 0.0, "5": 0.0, "6": 0.0, "7": 0.0, "8": 0.0, "9": 0.0, "10": 0.0, "11": 0.0, "12": 0.0, "13": 0.0, "14": 0.0, "15": 0.0, "16": 0.0, "17": 0.0, "18": 0.0, "19": 0.0, "20": 0.0, "21": 0.0, "22": 0.0, "23": 0.0, "24": 0.0, "25": 0.0, "26": 0.0, "27": 0.0, "28": 0.0, "29": 0.0, "30": 0.0, "31": 0.0, "32": 0.0, "33": 0.0, "34": 0.0, "35": 0.0, "36": 0.0, "37": 0.0, "38": 0.0, "39": 0.0, "40": 0.0, "41": 0.0, "42": 0.0, "43": 0.0, "44": 0.0, "45": 0.0, "46": 0.0, "47": 0.0, "48": 0.0, "49": 0.0, "50": 0.0, "51": 0.0, "52": 0.0, "53": 0.0, "54": 0.0, "55": 0.0, "56": 0.0, "57": 0.0, "58": 0.0, "59": 0.0, "60": 0.0, "61": 0.0, "62": 0.0, "63": 0.0, "64": 0.0, "65": 0.0, "66": 0.0, "67": 0.0, "68": 0.0, "69": 0.0, "70": 0.0, "71": 0.0, "72": 0.0, "73": 0.0, "74": 0.0, "75": 0.0, "76": 0.0, "77": 0.0, "78": 0.0, "79": 0.0, "80": 0.0}, "p2": {"0": 0.0, "1": 0.0, "2": 0.0, "3": 0.0, "4": 0.0, "5": 0.0, "6": 0.0, "7": 0.0, "8": 0.0, "9": 0.0, "10": 0.0, "11": 0.0, "12": 0.0, "13": 0.0, "14": 0.0, "15": 0.0, "16": 0.0, "17": 0.0, "18": 0.0, "19": 0.0, "20": 0.0, "21": 0.0, "22": 0.0, "23": 0.0, "24": 0.0, "25": 0.0, "26": 0.0, "27": 0.0, "28": 0.0, "29": 0.0, "30": 0.0, "31": 0.0, "32": 0.0, "33": 0.0, "34": 0.0, "35": 0.0, "36": 0.0, "37": 0.0, "38": 0.0, "39": 0.0, "40": 0.0, "41": 0.0, "42": 0.0, "43": 0.0, "44": 0.0, "45": 0.0, "46": 0.0, "47": 0.0, "48": 0.0, "49": 0.0, "50": 0.0, "51": 0.0, "52": 0.0, "53": 0.0, "54": 0.0, "55": 0.0, "56": 0.0, "57": 0.0, "58": 0.0, "59": 0.0, "60": 0.0, "61": 0.0, "62": 0.0, "63": 0.0, "64": 0.0, "65": 0.0, "66": 0.0, "67": 0.0, "68": 0.0, "69": 0.0, "70": 0.0, "71": 0.0, "72": 0.0, "73": 0.0, "74": 0.0, "75": 0.0, "76": 0.0, "77": 0.0, "78": 0.0, "79": 0.0, "80": 0.0}}