{"p0": {"0": {"0": 1.0}, "1": {"0": 1.0}, "2": {"0": 1.0}, "3": {"0": 1.0}, "4": {"0": 1.0}, "5": {"0": 1.0}, "6": {"0": 1.0}, "7": {"0": 1.0}, "8": {"0": 1.0}, "9": {"0": 1.0}, "10": {"0": 1.0}, "11": {"0": 1.0}, "12": {"0": 1.0}, "13": {"0": 1.0}, "14": {"0": 1.0}, "15": {"0": 1.0}, "16": {"0": 1.0}, "17": {"0": 1.0}, "18": {"0": 1.0}, "19": {"0": 1.0}, "20": {"0": 1.0}, "21": {"0": 1.0}, "22": {"0": 1.0}, "23": {"0": 1.0}, "24": {"0": 1.0}, "25": {"0": 1.0}, "26": {"0": 1.0}, "27": {"0": 1.0}, "28": {"0": 1.0}, "29": {"0": 1.0}, "30": {"0": 1.0}, "31": {"0": 1.0}, "32": {"0": 1.0}, "33": {"0": 1.0}, "34": {"0": 1.0}, "35": {"0": 1.0}, "36": {"0": 1.0}, "37": {"0": 1.0}, "38": {"0": 1.0}, "39": {"0": 1.0}, "40": {"0": 1.0}, "41": {"0": 1.0}, "42": {"0": 1.0}, "43": {"0": 1.0}, "44": {"0": 1.0}, "45": {"0": 1.0}, "46": {"0": 1.0}, "47": {"0": 1.0}, "48": {"0": 1.0}, "49": {"0": 1.0}, "50": {"0": 1.0}, "51": {"0": 1.0}, "52": {"0": 1.0}, "53": {"0": 1.0}, "54": {"0": 1.0}, "55": {"0": 1.0}, "56": {"0": 1.0}, "57": {"0": 1.0}, "58": {"0": 1.0}, "59": {"0": 1.0}, "60": {"0": 1.0}, "61": {"0": 1.0}, "62": {"0": 1.0}, "63": {"0": 1.0}, "64": {"0": 1.0}, "65": {"0": 1.0}, "66": {"0": 1.0}, "67": {"0": 1.0}, "68": {"0": 1.0}, "69": {"0": 1.0}, "70": {"0": 1.0}, "71": {"0": 1.0}, "72": {"0": 1.0}, "73": {"0": 1.0}, "74": {"0": 1.0}, "75": {"0": 1.0}, "76": {"0": 1.0}, "77": {"0": 1.0}, "78": {"0": 1.0}, "79": {"0": 1.0}, "80": {"0": 1.0}}, "p3": {"0": {"0": 1.0}, "1": {"0": 1.0}, "2": {"0": 1.0}, "3": {"1": 0.26881720430107525, "2": 0.45161290322580644, "3": 0.12903225806451613, "4": 0.053763440860215055, "5": 0.07526881720430108, "6": 0.021505376344086023}, "4": {"1": 0.3238095238095238, "2": 0.3142857142857143, "3": 0.21904761904761905, "4": 0.12380952380952381, "5": 0.01904761904761905}, "5": {"1": 0.37349397590361444, "2": 0.2891566265060241, "3": 0.21084337349397592, "4": 0.0963855421686747, "5": 0.024096385542168676, "6": 0.006024096385542169}, "6": {"1": 0.2874251497005988, "2": 0.3473053892215569, "3": 0.18562874251497005, "4": 0.1317365269461078, "5": 0.023952095808383235, "6": 0.017964071856287425, "7": 0.005988023952095809}, "7": {"1": 0.3076923076923077, "2": 0.33727810650887574, "3": 0.17751479289940827, "4": 0.11242603550295859, "5": 0.05325443786982249, "6": 0.011834319526627219}, "8": {"1": 0.28901734104046245, "2": 0.2947976878612717, "3": 0.24277456647398843, "4": 0.12138728323699421, "5": 0.017341040462427744, "6": 0.03468208092485549}, "9": {"1": 0.3314917127071823, "2": 0.292817679558011, "3": 0.20441988950276244, "4": 0.09944751381215469, "5": 0.049723756906077346, "6": 0.016574585635359115, "7": 0.0055248618784530384}, "10": {"1": 0.36633663366336633, "2": 0.29207920792079206, "3": 0.1782178217821782, "4": 0.09405940594059406, "5": 0.04950495049504951, "6": 0.01485148514851485, "7": 0.0049504950495049506}, "11": {"1": 0.2903225806451613, "2": 0.3456221198156682, "3": 0.22580645161290322, "4": 0.07373271889400922, "5": 0.04608294930875576, "6": 0.004608294930875576, "7": 0.009216589861751152, "8": 0.004608294930875576}, "12": {"1": 0.2648648648648649, "2": 0.2810810810810811, "3": 0.24864864864864866, "4": 0.12972972972972974, "5": 0.04864864864864865, "6": 0.02702702702702703}, "13": {"1": 0.3125, "2": 0.2916666666666667, "3": 0.2552083333333333, "4": 0.078125, "5": 0.036458333333333336, "6": 0.020833333333333332, "7": 0.005208333333333333}, "14": {"1": 0.3282051282051282, "2": 0.2717948717948718, "3": 0.16923076923076924, "4": 0.13846153846153847, "5": 0.06153846153846154, "6": 0.03076923076923077}, "15": {"1": 0.31840796019900497, "2": 0.31343283582089554, "3": 0.208955223880597, "4": 0.09950248756218906, "5": 0.03980099502487562, "6": 0.014925373134328358, "7": 0.004975124378109453}, "16": {"1": 0.36574074074074076, "2": 0.32407407407407407, "3": 0.18055555555555555, "4": 0.06018518518518518, "5": 0.037037037037037035, "6": 0.023148148148148147, "7": 0.004629629629629629, "9": 0.004629629629629629}, "17": {"1": 0.28160919540229884, "2": 0.367816091954023, "3": 0.1839080459770115, "4": 0.09770114942528736, "5": 0.05172413793103448, "6": 0.017241379310344827}, "18": {"1": 0.24260355029585798, "2": 0.38461538461538464, "3": 0.14792899408284024, "4": 0.17159763313609466, "5": 0.029585798816568046, "6": 0.023668639053254437}, "19": {"1": 0.2934131736526946, "2": 0.3652694610778443, "3": 0.20958083832335328, "4": 0.08383233532934131, "5": 0.029940119760479042, "6": 0.011976047904191617, "8": 0.005988023952095809}, "20": {"1": 0.3076923076923077, "2": 0.28205128205128205, "3": 0.21153846153846154, "4": 0.12179487179487179, "5": 0.05128205128205128, "6": 0.019230769230769232, "8": 0.00641025641025641}, "21": {"1": 0.3231707317073171, "2": 0.3048780487804878, "3": 0.23170731707317074, "4": 0.07317073170731707, "5": 0.04878048780487805, "6": 0.012195121951219513, "7": 0.006097560975609756}, "22": {"1": 0.2777777777777778, "2": 0.32098765432098764, "3": 0.24691358024691357, "4": 0.10493827160493827, "5": 0.018518518518518517, "6": 0.024691358024691357, "8": 0.006172839506172839}, "23": {"1": 0.33121019108280253, "2": 0.3630573248407643, "3": 0.18471337579617833, "4": 0.050955414012738856, "5": 0.050955414012738856, "6": 0.006369426751592357, "7": 0.012738853503184714}, "24": {"1": 0.3402777777777778, "2": 0.2916666666666667, "3": 0.19444444444444445, "4": 0.1111111111111111, "5": 0.041666666666666664, "6": 0.020833333333333332}, "25": {"1": 0.2857142857142857, "2": 0.37593984962406013, "3": 0.22556390977443608, "4": 0.06766917293233082, "5": 0.03759398496240601, "6": 0.007518796992481203}, "26": {"1": 0.3939393939393939, "2": 0.3106060606060606, "3": 0.16666666666666666, "4": 0.06060606060606061, "5": 0.05303030303030303, "6": 0.007575757575757576, "8": 0.007575757575757576}, "27": {"1": 0.308411214953271, "2": 0.2803738317757009, "3": 0.24299065420560748, "4": 0.09345794392523364, "5": 0.056074766355140186, "6": 0.009345794392523364, "7": 0.009345794392523364}, "28": {"1": 0.34782608695652173, "2": 0.26956521739130435, "3": 0.19130434782608696, "4": 0.13043478260869565, "5": 0.017391304347826087, "6": 0.02608695652173913, "7": 0.017391304347826087}, "29": {"1": 0.3305785123966942, "2": 0.32231404958677684, "3": 0.19834710743801653, "4": 0.0743801652892562, "5": 0.05785123966942149, "6": 0.008264462809917356, "7": 0.008264462809917356}, "30": {"1": 0.4015748031496063, "2": 0.25196850393700787, "3": 0.2047244094488189, "4": 0.07086614173228346, "5": 0.03937007874015748, "6": 0.023622047244094488, "7": 0.007874015748031496}, "31": {"1": 0.4112903225806452, "2": 0.25806451612903225, "3": 0.1532258064516129, "4": 0.10483870967741936, "5": 0.06451612903225806, "7": 0.008064516129032258}, "32": {"1": 0.34234234234234234, "2": 0.32432432432432434, "3": 0.18018018018018017, "4": 0.10810810810810811, "5": 0.036036036036036036, "6": 0.009009009009009009}, "33": {"1": 0.29838709677419356, "2": 0.33064516129032256, "3": 0.1774193548387097, "4": 0.12903225806451613, "5": 0.056451612903225805, "6": 0.008064516129032258}, "34": {"1": 0.30973451327433627, "2": 0.30973451327433627, "3": 0.21238938053097345, "4": 0.10619469026548672, "5": 0.04424778761061947, "6": 0.008849557522123894, "7": 0.008849557522123894}, "35": {"1": 0.27884615384615385, "2": 0.3269230769230769, "3": 0.22115384615384615, "4": 0.09615384615384616, "5": 0.07692307692307693}, "36": {"1": 0.3020833333333333, "2": 0.28125, "3": 0.21875, "4": 0.11458333333333333, "5": 0.0625, "6": 0.020833333333333332}, "37": {"1": 0.34615384615384615, "2": 0.3076923076923077, "3": 0.18461538461538463, "4": 0.1076923076923077, "5": 0.03076923076923077, "6": 0.007692307692307693, "7": 0.015384615384615385}, "38": {"1": 0.2982456140350877, "2": 0.3157894736842105, "3": 0.19298245614035087, "4": 0.10526315789473684, "5": 0.07017543859649122, "6": 0.017543859649122806}, "39": {"1": 0.2777777777777778, "2": 0.3055555555555556, "3": 0.2222222222222222, "4": 0.10185185185185185, "5": 0.06481481481481481,