{"p0": {"0": {"0": 1.0}, "1": {"0": 1.0}, "2": {"0": 1.0}, "3": {"0": 1.0}, "4": {"0": 1.0}, "5": {"0": 1.0}, "6": {"0": 1.0}, "7": {"0": 1.0}, "8": {"0": 1.0}, "9": {"0": 1.0}, "10": {"0": 1.0}, "11": {"0": 1.0}, "12": {"0": 1.0}, "13": {"0": 1.0}, "14": {"0": 1.0}, "15": {"0": 1.0}, "16": {"0": 1.0}, "17": {"0": 1.0}, "18": {"0": 1.0}, "19": {"0": 1.0}, "20": {"0": 1.0}, "21": {"0": 1.0}, "22": {"0": 1.0}, "23": {"0": 1.0}, "24": {"0": 1.0}, "25": {"0": 1.0}, "26": {"0": 1.0}, "27": {"0": 1.0}, "28": {"0": 1.0}, "29": {"0": 1.0}, "30": {"0": 1.0}, "31": {"0": 1.0}, "32": {"0": 1.0}, "33": {"0": 1.0}, "34": {"0": 1.0}, "35": {"0": 1.0}, "36": {"0": 1.0}, "37": {"0": 1.0}, "38": {"0": 1.0}, "39": {"0": 1.0}, "40": {"0": 1.0}, "41": {"0": 1.0}, "42": {"0": 1.0}, "43": {"0": 1.0}, "44": {"0": 1.0}, "45": {"0": 1.0}, "46": {"0": 1.0}, "47": {"0": 1.0}, "48": {"0": 1.0}, "49": {"0": 1.0}}, "p4": {"0": {"0": 1.0}, "1": {"0": 1.0}, "2": {"0": 1.0}, "3": {"0": 1.0}, "4": {"1": 0.3574468085106383, "2": 0.2851063829787234, "3": 0.19148936170212766, "4": 0.1276595744680851, "5": 0.029787234042553193, "6": 0.00425531914893617, "8": 0.00425531914893617}, "5": {"1": 0.2880658436213992, "2": 0.40329218106995884, "3": 0.16049382716049382, "4": 0.09465020576131687, "5": 0.0411522633744856, "6": 0.00823045267489712, "8": 0.00411522633744856}, "6": {"1": 0.32677165354330706, "2": 0.28346456692913385, "3": 0.23622047244094488, "4": 0.1062992125984252, "5": 0.04330708661417323, "6": 0.003937007874015748}, "7": {"1": 0.32270916334661354, "2": 0.3187250996015936, "3": 0.20318725099601595, "4": 0.10756972111553785, "5": 0.03187250996015936, "6": 0.01195219123505976, "7": 0.00398406374501992}, "8": {"1": 0.3020408163265306, "2": 0.2816326530612245, "3": 0.22857142857142856, "4": 0.11020408163265306, "5": 0.024489795918367346, "6": 0.04897959183673469, "7": 0.004081632653061225}, "9": {"1": 0.27058823529411763, "2": 0.3254901960784314, "3": 0.2235294117647059, "4": 0.10980392156862745, "5": 0.054901960784313725, "6": 0.011764705882352941, "7": 0.00392156862745098}, "10": {"1": 0.28679245283018867, "2": 0.33584905660377357, "3": 0.21509433962264152, "4": 0.07169811320754717, "5": 0.06415094339622641, "6": 0.007547169811320755, "7": 0.018867924528301886}, "11": {"1": 0.37751004016064255, "2": 0.24096385542168675, "3": 0.2248995983935743, "4": 0.08032128514056225, "5": 0.03614457831325301, "6": 0.0321285140562249, "7": 0.008032128514056224}, "12": {"1": 0.3404255319148936, "2": 0.2723404255319149, "3": 0.225531914893617, "4": 0.10638297872340426, "5": 0.04680851063829787, "6": 0.00425531914893617, "7": 0.00425531914893617}, "13": {"1": 0.35714285714285715, "2": 0.29523809523809524, "3": 0.18095238095238095, "4": 0.10952380952380952, "5": 0.0380952380952381, "6": 0.01904761904761905}, "14": {"1": 0.3641304347826087, "2": 0.23369565217391305, "3": 0.20652173913043478, "4": 0.10869565217391304, "5": 0.05434782608695652, "6": 0.03260869565217391}, "15": {"1": 0.33163265306122447, "2": 0.33163265306122447, "3": 0.1989795918367347, "4": 0.09183673469387756, "5": 0.030612244897959183, "6": 0.01020408163265306, "7": 0.00510204081632653}, "16": {"1": 0.3316062176165803, "2": 0.32124352331606215, "3": 0.17098445595854922, "4": 0.09844559585492228, "5": 0.05181347150259067, "6": 0.025906735751295335}, "17": {"1": 0.2835820895522388, "2": 0.3482587064676617, "3": 0.22885572139303484, "4": 0.0845771144278607, "5": 0.03482587064676617, "6": 0.014925373134328358, "8": 0.004975124378109453}, "18": {"1": 0.3463414634146341, "2": 0.2682926829268293, "3": 0.2048780487804878, "4": 0.11707317073170732, "5": 0.03902439024390244, "6": 0.01951219512195122, "7": 0.004878048780487805}, "19": {"1": 0.40414507772020725, "2": 0.27461139896373055, "3": 0.16580310880829016, "4": 0.08290155440414508, "5": 0.046632124352331605, "6": 0.015544041450777202, "8": 0.010362694300518135}, "20": {"1": 0.3790849673202614, "2": 0.2549019607843137, "3": 0.1568627450980392, "4": 0.16339869281045752, "5": 0.032679738562091505, "6": 0.013071895424836602}, "21": {"1": 0.30158730158730157, "2": 0.30158730158730157, "3": 0.20634920634920634, "4": 0.12698412698412698, "5": 0.031746031746031744, "6": 0.023809523809523808, "7": 0.007936507936507936}, "22": {"1": 0.3467741935483871, "2": 0.33064516129032256, "3": 0.16129032258064516, "4": 0.11290322580645161, "5": 0.04838709677419355}, "23": {"1": 0.38, "2": 0.23, "3": 0.18, "4": 0.12, "5": 0.05, "6": 0.04}, "24": {"1": 0.2631578947368421, "2": 0.29473684210526313, "3": 0.23157894736842105, "4": 0.14736842105263157, "5": 0.021052631578947368, "6": 0.042105263157894736}, "25": {"1": 0.3010752688172043, "2": 0.27956989247311825, "3": 0.23655913978494625, "4": 0.08602150537634409, "5": 0.053763440860215055, "6": 0.021505376344086023, "7": 0.021505376344086023}, "26": {"1": 0.32051282051282054, "2": 0.2692307692307692, "3": 0.20512820512820512, "4": 0.07692307692307693, "5": 0.0641025641025641, "6": 0.05128205128205128, "7": 0.01282051282051282}, "27": {"1": 0.32222222222222224, "2": 0.36666666666666664, "3": 0.16666666666666666, "4": 0.07777777777777778, "5": 0.044444444444444446, "6": 0.022222222222222223}, "28": {"1": 0.308411214953271, "2": 0.3925233644859813, "3": 0.21495327102803738, "4": 0.037383177570093455, "5": 0.028037383177570093, "6": 0.018691588785046728}, "29": {"1": 0.3418803418803419, "2": 0.3162393162393162, "3": 0.17094017094017094, "4": 0.11965811965811966, "5": 0.03418803418803419, "6": 0.008547008547008548, "7": 0.008547008547008548}, "30": {"1": 0.36363636363636365, "2": 0.24545454545454545, "3": 0.23636363636363636, "4": 0.08181818181818182, "5": 0.03636363636363636, "6": 0.02727272727272727, "7": 0.00909090909090909}, "31": {"1": 0.3050847457627119, "2": 0.2542372881355932, "3": 0.3050847457627119, "4": 0.07627118644067797, "5": 0.0423728813559322, "6": 0.01694915254237288}, "32": {"1": 0.2922077922077922, "2": 0.3246753246753247, "3": 0.21428571428571427, "4": 0.11038961038961038, "5": 0.03896103896103896, "6": 0.012987012987012988, "7": 0.006493506493506494}, "33": {"1": 0.36024844720496896, "2": 0.2670807453416149, "3": 0.18633540372670807, "4": 0.09937888198757763, "5": 0.062111801242236024, "6": 0.012422360248447204, "7": 0.012422360248447204}, "34": {"1": 0.2974683544303797, "2": 0.2974683544303797, "3": 0.23417721518987342, "4": 0.10126582278481013, "5": 0.04430379746835443, "6": 0.012658227848101266, "7": 0.012658227848101266}, "35": {"1": 0.2875816993464052, "2": 0.2679738562091503, "3": 0.23529411764705882, "4": 0.12418300653594772, "5": 0.05228758169934641, "6": 0.032679738562091505}, "36": {"1": 0.2625, "2": 0.34375, "3": 0.2125, "4": 0.0875, "5": 0.075, "6": 0.01875}, "37": {"1": 0.3072289156626506, "2": 0.3072289156626506, "3": 0.22289156626506024, "4": 0.08433734939759036, "5": 0.060240963855421686, "6": 0.012048192771084338, "7": 0.006024096385542169}, "38": {"1": 0.30939226519337015, "2": 0.3259668508287293, "3": 0.20994475138121546, "4": 0.08839779005524862, "5": 0.055248618784530384, "7": 0.011049723756906077}, "39": {"1": 0.32701421800947866, "2": 0.2938388625592417, "3": 0.20853080568720378, "4": 0.0995260663507109, "5": 0.052132701421800945, "6": 0.018957345971563982}, "40": {"1": 0.3404255319148936, "2": 0.30319148936170215, "3": 0.2127659574468085, "4": 0.09574468085106383, "5": 0.0425531914893617, "7": 0.005319148936170213}, "41": {"1": 0.3315508021390374, "2": 0.33689839572192515, "3": 0.1657754010695187, "4": 0.09090909090909091, "5": 0.06951871657754011, "6": 0.0053475935828877}, "42": {"1": 0.33175355450236965, "2": 0.3459715639810427, "3": 0.1943127962085308, "4": 0.08056872037914692, "5": 0.04265402843601896, "6": 0.004739336492890996}, "43": {"1": 0.39344262295081966, "2": 0.29508196721311475, "3": 0.14207650273224043, "4": 0.11475409836065574, "5": 0.03278688524590164, "6": 0.01639344262295082, "7": 0.00546448087431694}, "44": {"1": 0.33157894736842103, "2": 0.3, "3": 0.18947368421052632, "4": 0.08421052631578947,