{"p0": {"0": {"0": 1.0}, "1": {"0": 1.0}, "2": {"0": 1.0}, "3": {"0": 1.0}, "4": {"0": 1.0}, "5": {"0": 1.0}, "6": {"0": 1.0}, "7": {"0": 1.0}, "8": {"0": 1.0}, "9": {"0": 1.0}, "10": {"0": 1.0}, "11": {"0": 1.0}, "12": {"0": 1.0}, "13": {"0": 1.0}, "14": {"0": 1.0}, "15": {"0": 1.0}, "16": {"0": 1.0}, "17": {"0": 1.0}, "18": {"0": 1.0}, "19": {"0": 1.0}, "20": {"0": 1.0}, "21": {"0": 1.0}, "22": {"0": 1.0}, "23": {"0": 1.0}, "24": {"0": 1.0}, "25": {"0": 1.0}, "26": {"0": 1.0}, "27": {"0": 1.0}, "28": {"0": 1.0}, "29": {"0": 1.0}, "30": {"0": 1.0}, "31": {"0": 1.0}, "32": {"0": 1.0}, "33": {"0": 1.0}, "34": {"0": 1.0}, "35": {"0": 1.0}, "36": {"0": 1.0}, "37": {"0": 1.0}, "38": {"0": 1.0}, "39": {"0": 1.0}, "40": {"0": 1.0}, "41": {"0": 1.0}, "42": {"0": 1.0}, "43": {"0": 1.0}, "44": {"0": 1.0}, "45": {"0": 1.0}, "46": {"0": 1.0}, "47": {"0": 1.0}, "48": {"0": 1.0}, "49": {"0": 1.0}, "50": {"0": 1.0}}, "p4": {"0": {"0": 1.0}, "1": {"0": 1.0}, "2": {"0": 1.0}, "3": {"0": 1.0}, "4": {"1": 0.33962264150943394, "2": 0.2578616352201258, "3": 0.16981132075471697, "4": 0.12578616352201258, "5": 0.0880503144654088, "6": 0.012578616352201259, "8": 0.006289308176100629}, "5": {"1": 0.34415584415584416, "2": 0.24675324675324675, "3": 0.16883116883116883, "4": 0.12987012987012986, "5": 0.05844155844155844, "6": 0.032467532467532464, "7": 0.012987012987012988, "9": 0.006493506493506494}, "6": {"1": 0.29651162790697677, "2": 0.29069767441860467, "3": 0.20930232558139536, "4": 0.12209302325581395, "5": 0.05813953488372093, "6": 0.011627906976744186, "7": 0.005813953488372093, "8": 0.005813953488372093}, "7": {"1": 0.3146067415730337, "2": 0.29775280898876405, "3": 0.1797752808988764, "4": 0.10112359550561797, "5": 0.09550561797752809, "6": 0.011235955056179775}, "8": {"1": 0.26380368098159507, "2": 0.3312883435582822, "3": 0.19631901840490798, "4": 0.12269938650306748, "5": 0.049079754601226995, "6": 0.03680981595092025}, "9": {"1": 0.3218390804597701, "2": 0.27586206896551724, "3": 0.20114942528735633, "4": 0.1206896551724138, "5": 0.04597701149425287, "6": 0.034482758620689655}, "10": {"1": 0.24528301886792453, "2": 0.2830188679245283, "3": 0.27044025157232704, "4": 0.11320754716981132, "5": 0.050314465408805034, "6": 0.025157232704402517, "7": 0.006289308176100629, "8": 0.006289308176100629}, "11": {"1": 0.2388888888888889, "2": 0.35, "3": 0.24444444444444444, "4": 0.10555555555555556, "5": 0.03888888888888889, "6": 0.022222222222222223}, "12": {"1": 0.2911392405063291, "2": 0.25949367088607594, "3": 0.25949367088607594, "4": 0.12025316455696203, "5": 0.04430379746835443, "6": 0.006329113924050633, "7": 0.0189873417721519}, "13": {"1": 0.3422818791946309, "2": 0.28187919463087246, "3": 0.18120805369127516, "4": 0.10738255033557047, "5": 0.040268456375838924, "6": 0.03355704697986577, "7": 0.006711409395973154, "8": 0.006711409395973154}, "14": {"1": 0.26174496644295303, "2": 0.3825503355704698, "3": 0.15436241610738255, "4": 0.11409395973154363, "5": 0.06040268456375839, "6": 0.026845637583892617}, "15": {"1": 0.3333333333333333, "2": 0.3412698412698413, "3": 0.18253968253968253, "4": 0.07936507936507936, "5": 0.023809523809523808, "6": 0.03968253968253968}, "16": {"1": 0.35, "2": 0.3416666666666667, "3": 0.2, "4": 0.06666666666666667, "5": 0.025, "6": 0.016666666666666666}, "17": {"1": 0.36666666666666664, "2": 0.2777777777777778, "3": 0.12222222222222222, "4": 0.18888888888888888, "5": 0.022222222222222223, "6": 0.011111111111111112, "7": 0.011111111111111112}, "18": {"1": 0.3088235294117647, "2": 0.3235294117647059, "3": 0.19117647058823528, "4": 0.08823529411764706, "5": 0.08823529411764706}, "19": {"1": 0.32926829268292684, "2": 0.3170731707317073, "3": 0.21951219512195122, "4": 0.0975609756097561, "6": 0.036585365853658534}, "20": {"1": 0.27906976744186046, "2": 0.38372093023255816, "3": 0.13953488372093023, "4": 0.08139534883720931, "5": 0.06976744186046512, "6": 0.03488372093023256, "7": 0.011627906976744186}, "21": {"1": 0.2621359223300971, "2": 0.27184466019417475, "3": 0.20388349514563106, "4": 0.10679611650485436, "5": 0.11650485436893204, "6": 0.038834951456310676}, "22": {"1": 0.36538461538461536, "2": 0.18269230769230768, "3": 0.25961538461538464, "4": 0.125, "5": 0.019230769230769232, "6": 0.038461538461538464, "7": 0.009615384615384616}, "23": {"1": 0.35051546391752575, "2": 0.27835051546391754, "3": 0.12371134020618557, "4": 0.1134020618556701, "5": 0.08247422680412371, "6": 0.05154639175257732}, "24": {"1": 0.26744186046511625, "2": 0.3023255813953488, "3": 0.22093023255813954, "4": 0.11627906976744186, "5": 0.05813953488372093, "6": 0.023255813953488372, "7": 0.011627906976744186}, "25": {"1": 0.25862068965517243, "2": 0.29310344827586204, "3": 0.3448275862068966, "4": 0.08620689655172414, "5": 0.017241379310344827}, "26": {"1": 0.37662337662337664, "2": 0.2597402597402597, "3": 0.16883116883116883, "4": 0.1038961038961039, "5": 0.03896103896103896, "6": 0.05194805194805195}, "27": {"1": 0.336734693877551, "2": 0.3163265306122449, "3": 0.1836734693877551, "4": 0.061224489795918366, "5": 0.07142857142857142, "6": 0.01020408163265306, "7": 0.01020408163265306, "8": 0.01020408163265306}, "28": {"1": 0.32978723404255317, "2": 0.30851063829787234, "3": 0.09574468085106383, "4": 0.1276595744680851, "5": 0.0851063829787234, "6": 0.0425531914893617, "7": 0.010638297872340425}, "29": {"1": 0.26666666666666666, "2": 0.24761904761904763, "3": 0.29523809523809524, "4": 0.11428571428571428, "5": 0.05714285714285714, "6": 0.009523809523809525, "7": 0.009523809523809525}, "30": {"1": 0.25925925925925924, "2": 0.2839506172839506, "3": 0.2345679012345679, "4": 0.1111111111111111, "5": 0.06172839506172839, "6": 0.037037037037037035, "8": 0.012345679012345678}, "31": {"1": 0.25773195876288657, "2": 0.31958762886597936, "3": 0.20618556701030927, "4": 0.12371134020618557, "5": 0.061855670103092786, "6": 0.020618556701030927, "7": 0.010309278350515464}, "32": {"1": 0.35789473684210527, "2": 0.2631578947368421, "3": 0.14736842105263157, "4": 0.1368421052631579, "5": 0.05263157894736842, "6": 0.031578947368421054, "7": 0.010526315789473684}, "33": {"1": 0.3157894736842105, "2": 0.30526315789473685, "3": 0.24210526315789474, "4": 0.09473684210526316, "5": 0.010526315789473684, "6": 0.010526315789473684, "7": 0.021052631578947368}, "34": {"1": 0.2682926829268293, "2": 0.3170731707317073, "3": 0.21951219512195122, "4": 0.10975609756097561, "5": 0.012195121951219513, "6": 0.04878048780487805, "7": 0.024390243902439025}, "35": {"1": 0.3, "2": 0.33636363636363636, "3": 0.21818181818181817, "4": 0.08181818181818182, "5": 0.045454545454545456, "6": 0.01818181818181818}, "36": {"1": 0.32038834951456313, "2": 0.2815533980582524, "3": 0.1941747572815534, "4": 0.13592233009708737, "5": 0.02912621359223301, "6": 0.02912621359223301, "7": 0.009708737864077669}, "37": {"1": 0.3148148148148148, "2": 0.3333333333333333, "3": 0.2037037037037037, "4": 0.08333333333333333, "5": 0.05555555555555555, "6": 0.009259259259259259}, "38": {"1": 0.4090909090909091, "2": 0.23863636363636365, "3": 0.18181818181818182, "4": 0.13636363636363635, "5": 0.011363636363636364, "6": 0.011363636363636364, "7": 0.011363636363636364}, "39": {"1": 0.3178294573643411, "2": 0.2868217054263566, "3": 0.20155038759689922, "4": 0.12403100775193798, "5": 0.046511627906976744, "6": 0.023255813953488372}, "40": {"1": 0.29411764705882354, "2": 0.3025210084033613, "3": 0.2605042016806723, "4": 0.08403361344537816, "5": 0.04201680672268908, "6": 0.008403361344537815, "7": 0.008403361344537815}, "41": {"1": 0.26548672566371684, "2": 0.3185840707964602, "3": 0.17699115044247787, "4": 0.13274336283185842, "5": 0.07964601769911504, "6": 0.017699115044247787, "7": 0.008849557522123894}, "42": {"1": 0.32727272727272727, "2": 0.2818181818181818, "3": 0.17272727272727273, "4": 0.11818181818181818, "5": 0.06363636363636363, "6": 0.01818181818181818, "7": 0.01818181818181818}, "43": {"1": 0.3488372093023256,