{"p0": {"0": {"0": 1.0}, "1": {"0": 1.0}, "2": {"0": 1.0}, "3": {"0": 1.0}, "4": {"0": 1.0}, "5": {"0": 1.0}, "6": {"0": 1.0}, "7": {"0": 1.0}, "8": {"0": 1.0}, "9": {"0": 1.0}, "10": {"0": 1.0}, "11": {"0": 1.0}, "12": {"0": 1.0}, "13": {"0": 1.0}, "14": {"0": 1.0}, "15": {"0": 1.0}, "16": {"0": 1.0}, "17": {"0": 1.0}, "18": {"0": 1.0}, "19": {"0": 1.0}, "20": {"0": 1.0}, "21": {"0": 1.0}, "22": {"0": 1.0}, "23": {"0": 1.0}, "24": {"0": 1.0}, "25": {"0": 1.0}, "26": {"0": 1.0}, "27": {"0": 1.0}, "28": {"0": 1.0}, "29": {"0": 1.0}, "30": {"0": 1.0}, "31": {"0": 1.0}, "32": {"0": 1.0}, "33": {"0": 1.0}, "34": {"0": 1.0}, "35": {"0": 1.0}, "36": {"0": 1.0}, "37": {"0": 1.0}, "38": {"0": 1.0}, "39": {"0": 1.0}, "40": {"0": 1.0}, "41": {"0": 1.0}, "42": {"0": 1.0}, "43": {"0": 1.0}, "44": {"0": 1.0}, "45": {"0": 1.0}, "46": {"0": 1.0}, "47": {"0": 1.0}, "48": {"0": 1.0}, "49": {"0": 1.0}, "50": {"0": 1.0}, "51": {"0": 1.0}, "52": {"0": 1.0}, "53": {"0": 1.0}, "54": {"0": 1.0}, "55": {"0": 1.0}, "56": {"0": 1.0}, "57": {"0": 1.0}, "58": {"0": 1.0}, "59": {"0": 1.0}, "60": {"0": 1.0}, "61": {"0": 1.0}, "62": {"0": 1.0}, "63": {"0": 1.0}, "64": {"0": 1.0}, "65": {"0": 1.0}, "66": {"0": 1.0}, "67": {"0": 1.0}, "68": {"0": 1.0}, "69": {"0": 1.0}, "70": {"0": 1.0}, "71": {"0": 1.0}, "72": {"0": 1.0}, "73": {"0": 1.0}, "74": {"0": 1.0}, "75": {"0": 1.0}, "76": {"0": 1.0}, "77": {"0": 1.0}}, "p3": {"0": {"0": 1.0}, "1": {"0": 1.0}, "2": {"0": 1.0}, "3": {"1": 0.25, "3": 0.75}, "4": {"1": 0.3333333333333333, "3": 0.3333333333333333, "6": 0.3333333333333333}, "5": {"1": 0.5, "4": 0.5}, "6": {"2": 0.5, "3": 0.5}, "7": {"1": 0.2, "3": 0.6, "5": 0.2}, "8": {"1": 0.3333333333333333, "2": 0.3333333333333333, "5": 0.3333333333333333}, "9": {"2": 0.8, "3": 0.2}, "10": {"2": 0.75, "3": 0.25}, "11": {"1": 0.5, "2": 0.25, "5": 0.25}, "12": {"1": 0.2, "2": 0.2, "3": 0.6}, "13": {"1": 0.4, "2": 0.4, "5": 0.2}, "14": {"1": 0.25, "2": 0.5, "4": 0.25}, "15": {"1": 0.25, "2": 0.5, "4": 0.25}, "16": {"2": 0.3333333333333333, "4": 0.3333333333333333, "5": 0.3333333333333333}, "17": {"1": 0.3333333333333333, "3": 0.3333333333333333, "5": 0.3333333333333333}, "18": {"1": 0.4, "2": 0.2, "3": 0.2, "4": 0.2}, "19": {"1": 0.3333333333333333, "2": 0.3333333333333333, "5": 0.3333333333333333}, "20": {"1": 0.4, "2": 0.2, "3": 0.2, "4": 0.2}, "21": {"0": 1.0}, "22": {"0": 1.0}, "23": {"0": 1.0}, "24": {"0": 1.0}, "25": {"0": 1.0}, "26": {"0": 1.0}, "27": {"0": 1.0}, "28": {"0": 1.0}, "29": {"0": 1.0}, "30": {"0": 1.0}, "31": {"0": 1.0}, "32": {"0": 1.0}, "33": {"1": 0.4, "2": 0.4, "6": 0.2}, "34": {"2": 1.0}, "35": {"2": 0.3333333333333333, "3": 0.3333333333333333, "4": 0.3333333333333333}, "36": {"1": 0.25, "2": 0.5, "4": 0.25}, "37": {"1": 0.2857142857142857, "2": 0.42857142857142855, "4": 0.2857142857142857}, "38": {"1": 0.2, "2": 0.4, "3": 0.4}, "39": {"1": 0.2, "2": 0.6, "4": 0.2}, "40": {"1": 0.25, "2": 0.5, "4": 0.25}, "41": {"1": 0.25, "2": 0.25, "3": 0.5}, "42": {"1": 0.4, "3": 0.4, "4": 0.2}, "43": {"0": 1.0}, "44": {"3": 0.6666666666666666, "4": 0.3333333333333333}, "45": {"0": 1.0}, "46": {"0": 1.0}, "47": {"2": 0.25, "3": 0.75}, "48": {"0": 1.0}, "49": {"0": 1.0}, "50": {"0": 1.0}, "51": {"0": 1.0}, "52": {"1": 0.3333333333333333, "3": 0.3333333333333333, "4": 0.3333333333333333}, "53": {"0": 1.0}, "54": {"1": 0.2, "2": 0.6, "4": 0.2}, "55": {"1": 0.3333333333333333, "3": 0.6666666666666666}, "56": {"0": 1.0}, "57": {"2": 1.0}, "58": {"1": 0.3333333333333333, "3": 0.3333333333333333, "4": 0.3333333333333333}, "59": {"1": 0.2, "2": 0.4, "3": 0.2, "4": 0.2}, "60": {"1": 0.16666666666666666, "2": 0.5, "3": 0.3333333333333333}, "61": {"2": 0.5, "3": 0.25, "5": 0.25}, "62": {"1": 0.4, "3": 0.4, "5": 0.2}, "63": {"1": 0.5, "2": 0.16666666666666666, "3": 0.16666666666666666, "5": 0.16666666666666666}, "64": {"1": 0.3333333333333333, "2": 0.3333333333333333, "3": 0.16666666666666666, "5": 0.16666666666666666}, "65": {"2": 0.6, "3": 0.2, "4": 0.2}, "66": {"2": 0.5, "3": 0.5}, "67": {"2": 1.0}, "68": {"0": 1.0}, "69": {"1": 0.25, "2": 0.25, "3": 0.25, "4": 0.25}, "70": {"2": 1.0}, "71": {"0": 1.0}, "72": {"0": 1.0}, "73": {"0": 1.0}, "74": {"0": 1.0}, "75": {"0": 1.0}, "76": {"0": 1.0}, "77": {"0": 1.0}}, "p1": {"0": {"0": 1.0}, "1": {"0": 1.0}, "2": {"0": 1.0}, "3": {"0": 1.0}, "4": {"0": 1.0}, "5": {"0": 1.0}, "6": {"0": 1.0}, "7": {"0": 1.0}, "8": {"0": 1.0}, "9": {"0": 1.0}, "10": {"0": 1.0}, "11": {"0": 1.0}, "12": {"0": 1.0}, "13": {"0": 1.0}, "14": {"0": 1.0}, "15": {"0": 1.0}, "16": {"0": 1.0}, "17": {"0": 1.0}, "18": {"0": 1.0}, "19": {"0": 1.0}, "20": {"0": 1.0}, "21": {"0": 1.0}, "22": {"0": 1.0}, "23": {"0": 1.0}, "24": {"0": 1.0}, "25": {"0": 1.0}, "26": {"0": 1.0}, "27": {"0": 1.0}, "28": {"0": 1.0}, "29": {"0": 1.0}, "30": {"0": 1.0}, "31": {"0": 1.0}, "32": {"0": 1.0}, "33": {"0": 1.0}, "34": {"0": 1.0}, "35": {"0": 1.0}, "36": {"0": 1.0}, "37": {"0": 1.0}, "38": {"0": 1.0}, "39": {"0": 1.0}, "40": {"0": 1.0}, "41": {"0": 1.0}, "42": {"0": 1.0}, "43": {"0": 1.0}, "44": {"0": 1.0}, "45": {"0": 1.0}, "46": {"0": 1.0}, "47": {"0": 1.0}, "48": {"0": 1.0}, "49": {"0": 1.0}, "50": {"0": 1.0}, "51": {"0": 1.0}, "52": {"0": 1.0}, "53": {"0": 1.0}, "54": {"0": 1.0}, "55": {"0": 1.0}, "56": {"0": 1.0}, "57": {"0": 1.0}, "58": {"0": 1.0}, "59": {"0": 1.0}, "60": {"0": 1.0}, "61": {"0": 1.0}, "62": {"0": 1.0}, "63": {"0": 1.0}, "64": {"0": 1.0}, "65": {"0": 1.0}, "66": {"0": 1.0}, "67": {"0": 1.0}, "68": {"0": 1.0}, "69": {"0": 1.0}, "70": {"0": 1.0}, "71": {"0": 1.0}, "72": {"0": 1.0}, "73": {"0": 1.0}, "74": {"0": 1.0}, "75": {"0": 1.0}, "76": {"0": 1.0}, "77": {"0": 1.0}}, "p2": {"0": {"0": 1.0}, "1": {"0": 1.0}, "2": {"0": 1.0}, "3": {"0": 1.0}, "4": {"0": 1.0}, "5": {"0": 1.0}, "6": {"0": 1.0}, "7": {"0": 1.0}, "8": {"0": 1.0}, "9": {"0": 1.0}, "10": {"0": 1.0}, "11": {"0": 1.0}, "12": {"0": 1.0}, "13": {"0": 1.0}, "14": {"0": 1.0}, "15": {"0": 1.0}, "16": {"0": 1.0}, "17": {"0": 1.0}, "18": {"0": 1.0}, "19": {"0": 1.0}, "20": {"0": 1.0}, "21": {"0": 1.0}, "22": {"0": 1.0}, "23": {"0": 1.0}, "24": {"0": 1.0}, "25": {"0": 1.0}, "26": {"0": 1.0}, "27": {"0": 1.0}, "28": {"0": 1.0}, "29": {"0": 1.0}, "30": {"0": 1.0}, "31": {"0": 1.0}, "32": {"0": 1.0}, "33": {"0": 1.0}, "34": {"0": 1.0}, "35": {"0": 1.0}, "36": {"0": 1.0}, "37": {"0": 1.0}, "38": {"0": 1.0}, "39": {"0": 1.0}, "40": {"0": 1.0}, "41": {"0": 1.0}, "42": {"0": 1.0}, "43": {"0": 1.0}, "44": {"0": 1.0}, "45": {"0": 1.0}, "46": {"0": 1.0}, "47": {"0": 1.0}, "48": {"0": 1.0}, "49": {"0": 1.0}, "50": {"0": 1.0}, "51": {"0": 1.0}, "52": {"0": 1.0}, "53": {"0": 1.0}, "54": {"0": 1.0}, "55": {"0": 1.0}, "56": {"0": 1.0}, "57": {"0": 1.0}, "58": {"0": 1.0}, "59": {"0": 1.0}, "60": {"0": 1.0}, "61": {"0": 1.0}, "62": {"0": 1.0}, "63": {"0": 1.0}, "64": {"0": 1.0}, "65": {"0": 1.0}, "66": {"0": 1.0}, "67": {"0": 1.0}, "68": {"0": 1.0}, "69": {"0": 1.0}, "70": {"0": 1.0}, "71": {"0": 1.0}, "72": {"0": 1.0}, "73": {"0": 1.0}, "74": {"0": 1.0}, "75": {"0": 1.0}, "76": {"0": 1.0}, "77": {"0": 1.0}}}