{"p0": {"0": {"0": 1.0}, "1": {"0": 1.0}, "2": {"0": 1.0}, "3": {"0": 1.0}, "4": {"0": 1.0}, "5": {"0": 1.0}, "6": {"0": 1.0}, "7": {"0": 1.0}, "8": {"0": 1.0}, "9": {"0": 1.0}, "10": {"0": 1.0}, "11": {"0": 1.0}, "12": {"0": 1.0}, "13": {"0": 1.0}, "14": {"0": 1.0}, "15": {"0": 1.0}, "16": {"0": 1.0}, "17": {"0": 1.0}, "18": {"0": 1.0}, "19": {"0": 1.0}, "20": {"0": 1.0}, "21": {"0": 1.0}, "22": {"0": 1.0}, "23": {"0": 1.0}, "24": {"0": 1.0}, "25": {"0": 1.0}, "26": {"0": 1.0}, "27": {"0": 1.0}, "28": {"0": 1.0}, "29": {"0": 1.0}, "30": {"0": 1.0}, "31": {"0": 1.0}, "32": {"0": 1.0}, "33": {"0": 1.0}, "34": {"0": 1.0}, "35": {"0": 1.0}, "36": {"0": 1.0}, "37": {"0": 1.0}, "38": {"0": 1.0}, "39": {"0": 1.0}, "40": {"0": 1.0}, "41": {"0": 1.0}, "42": {"0": 1.0}, "43": {"0": 1.0}, "44": {"0": 1.0}, "45": {"0": 1.0}, "46": {"0": 1.0}, "47": {"0": 1.0}, "48": {"0": 1.0}, "49": {"0": 1.0}, "50": {"0": 1.0}, "51": {"0": 1.0}, "52": {"0": 1.0}, "53": {"0": 1.0}, "54": {"0": 1.0}, "55": {"0": 1.0}, "56": {"0": 1.0}, "57": {"0": 1.0}, "58": {"0": 1.0}, "59": {"0": 1.0}, "60": {"0": 1.0}, "61": {"0": 1.0}, "62": {"0": 1.0}, "63": {"0": 1.0}, "64": {"0": 1.0}, "65": {"0": 1.0}, "66": {"0": 1.0}, "67": {"0": 1.0}, "68": {"0": 1.0}, "69": {"0": 1.0}, "70": {"0": 1.0}, "71": {"0": 1.0}, "72": {"0": 1.0}, "73": {"0": 1.0}, "74": {"0": 1.0}, "75": {"0": 1.0}, "76": {"0": 1.0}, "77": {"0": 1.0}, "78": {"0": 1.0}, "79": {"0": 1.0}, "80": {"0": 1.0}, "81": {"0": 1.0}, "82": {"0": 1.0}, "83": {"0": 1.0}, "84": {"0": 1.0}, "85": {"0": 1.0}, "86": {"0": 1.0}, "87": {"0": 1.0}, "88": {"0": 1.0}, "89": {"0": 1.0}, "90": {"0": 1.0}, "91": {"0": 1.0}, "92": {"0": 1.0}, "93": {"0": 1.0}, "94": {"0": 1.0}, "95": {"0": 1.0}, "96": {"0": 1.0}, "97": {"0": 1.0}}, "p4": {"0": {"0": 1.0}, "1": {"0": 1.0}, "2": {"0": 1.0}, "3": {"0": 1.0}, "4": {"2": 0.3333333333333333, "4": 0.3333333333333333, "5": 0.3333333333333333}, "5": {"3": 0.3333333333333333, "4": 0.3333333333333333, "5": 0.3333333333333333}, "6": {"3": 0.25, "4": 0.5, "5": 0.25}, "7": {"1": 0.25, "2": 0.25, "5": 0.25, "6": 0.25}, "8": {"2": 0.25, "4": 0.5, "5": 0.25}, "9": {"2": 0.4, "4": 0.2, "5": 0.2, "7": 0.2}, "10": {"1": 0.2, "2": 0.2, "5": 0.4, "7": 0.2}, "11": {"3": 0.4, "4": 0.4, "6": 0.2}, "12": {"4": 0.5, "8": 0.5}, "13": {"2": 0.25, "3": 0.25, "4": 0.25, "8": 0.25}, "14": {"3": 0.5, "4": 0.25, "6": 0.25}, "15": {"3": 0.5, "5": 0.25, "6": 0.25}, "16": {"1": 0.2, "2": 0.2, "4": 0.2, "6": 0.2, "7": 0.2}, "17": {"2": 0.3333333333333333, "3": 0.16666666666666666, "4": 0.3333333333333333, "5": 0.16666666666666666}, "18": {"2": 0.2, "4": 0.4, "5": 0.4}, "19": {"4": 0.75, "5": 0.25}, "20": {"2": 0.25, "3": 0.25, "5": 0.5}, "21": {"1": 0.2, "3": 0.2, "4": 0.2, "5": 0.2, "7": 0.2}, "22": {"1": 0.16666666666666666, "2": 0.3333333333333333, "5": 0.5}, "23": {"2": 0.2, "4": 0.4, "5": 0.4}, "24": {"3": 0.6, "5": 0.2, "6": 0.2}, "25": {"1": 0.4, "4": 0.2, "7": 0.4}, "26": {"1": 0.2, "4": 0.2, "5": 0.6}, "27": {"3": 0.2, "4": 0.6, "5": 0.2}, "28": {"1": 0.16666666666666666, "2": 0.16666666666666666, "3": 0.16666666666666666, "4": 0.3333333333333333, "6": 0.16666666666666666}, "29": {"3": 0.6, "4": 0.2, "7": 0.2}, "30": {"2": 0.2, "3": 0.2, "4": 0.4, "7": 0.2}, "31": {"1": 0.4, "5": 0.2, "6": 0.2, "7": 0.2}, "32": {"3": 0.6, "5": 0.2, "6": 0.2}, "33": {"3": 0.2, "4": 0.6, "5": 0.2}, "34": {"2": 0.2, "3": 0.2, "4": 0.2, "5": 0.2, "6": 0.2}, "35": {"2": 0.2, "3": 0.2, "4": 0.2, "5": 0.2, "6": 0.2}, "36": {"2": 0.3333333333333333, "3": 0.16666666666666666, "4": 0.3333333333333333, "5": 0.16666666666666666}, "37": {"2": 0.2, "3": 0.2, "4": 0.2, "5": 0.2, "6": 0.2}, "38": {"3": 0.25, "4": 0.25, "6": 0.25, "7": 0.25}, "39": {"1": 0.2, "3": 0.2, "4": 0.2, "6": 0.4}, "40": {"3": 0.4, "4": 0.2, "5": 0.4}, "41": {"3": 0.4, "4": 0.2, "5": 0.4}, "42": {"2": 0.4, "5": 0.4, "6": 0.2}, "43": {"3": 0.8, "8": 0.2}, "44": {"0": 1.0}, "45": {"0": 1.0}, "46": {"0": 1.0}, "47": {"0": 1.0}, "48": {"0": 1.0}, "49": {"0": 1.0}, "50": {"0": 1.0}, "51": {"0": 1.0}, "52": {"0": 1.0}, "53": {"0": 1.0}, "54": {"0": 1.0}, "55": {"0": 1.0}, "56": {"0": 1.0}, "57": {"0": 1.0}, "58": {"0": 1.0}, "59": {"0": 1.0}, "60": {"0": 1.0}, "61": {"1": 0.5, "4": 0.25, "8": 0.25}, "62": {"2": 0.3333333333333333, "4": 0.6666666666666666}, "63": {"0": 1.0}, "64": {"1": 0.5, "3": 0.5}, "65": {"0": 1.0}, "66": {"0": 1.0}, "67": {"2": 0.3333333333333333, "4": 0.3333333333333333, "5": 0.3333333333333333}, "68": {"3": 0.5, "5": 0.5}, "69": {"2": 0.2, "4": 0.4, "5": 0.4}, "70": {"4": 0.5, "5": 0.5}, "71": {"1": 0.25, "4": 0.25, "5": 0.25, "6": 0.25}, "72": {"2": 0.2, "3": 0.2, "5": 0.6}, "73": {"1": 0.16666666666666666, "3": 0.5, "5": 0.3333333333333333}, "74": {"2": 0.16666666666666666, "3": 0.5, "4": 0.16666666666666666, "5": 0.16666666666666666}, "75": {"1": 0.2, "2": 0.2, "4": 0.2, "6": 0.2, "7": 0.2}, "76": {"2": 0.3333333333333333, "4": 0.6666666666666666}, "77": {"3": 0.4, "4": 0.4, "6": 0.2}, "78": {"2": 0.6, "7": 0.4}, "79": {"2": 0.5, "4": 0.3333333333333333, "6": 0.16666666666666666}, "80": {"3": 0.4, "4": 0.2, "5": 0.4}, "81": {"2": 0.2, "3": 0.2, "4": 0.4, "7": 0.2}, "82": {"2": 0.2, "3": 0.2, "4": 0.2, "5": 0.2, "6": 0.2}, "83": {"3": 0.4, "4": 0.2, "5": 0.4}, "84": {"1": 0.2, "3": 0.2, "4": 0.2, "5": 0.2, "7": 0.2}, "85": {"2": 0.2, "3": 0.2, "4": 0.2, "5": 0.2, "6": 0.2}, "86": {"3": 0.75, "4": 0.25}, "87": {"2": 0.2, "3": 0.2, "4": 0.2, "5": 0.2, "6": 0.2}, "88": {"3": 0.4, "4": 0.4, "6": 0.2}, "89": {"3": 0.2, "4": 0.6, "5": 0.2}, "90": {"1": 0.25, "2": 0.25, "4": 0.25, "6": 0.25}, "91": {"3": 0.5, "6": 0.5}, "92": {"1": 0.3333333333333333, "5": 0.6666666666666666}, "93": {"1": 0.3333333333333333, "4": 0.3333333333333333, "6": 0.3333333333333333}, "94": {"2": 0.5, "5": 0.5}, "95": {"0": 1.0}, "96": {"2": 1.0}, "97": {"3": 0.3333333333333333, "4": 0.3333333333333333, "5": 0.3333333333333333}}, "p1": {"0": {"0": 1.0}, "1": {"0": 1.0}, "2": {"0": 1.0}, "3": {"0": 1.0}, "4": {"0": 1.0}, "5": {"0": 1.0}, "6": {"0": 1.0}, "7": {"0": 1.0}, "8": {"0": 1.0}, "9": {"0": 1.0}, "10": {"0": 1.0}, "11": {"0": 1.0}, "12": {"0": 1.0}, "13": {"0": 1.0}, "14": {"0": 1.0}, "15": {"0": 1.0}, "16": {"0": 1.0}, "17": {"0": 1.0}, "18": {"0": 1.0}, "19": {"0": 1.0}, "20": {"0": 1.0}, "21": {"0": 1.0}, "22": {"0": 1.0}, "23": {"0": 1.0}, "24": {"0": 1.0}, "25": {"0": 1.0}, "26": {"0": 1.0}, "27": {"0": 1.0}, "28": {"0": 1.0}, "29": {"0": 1.0}, "30": {"0": 1.0}, "31": {"0": 1.0}, "32": {"0": 1.0}, "33": {"0": 1.0}, "34": {"0": 1.0}, "35": {"0": 1.0}, "36": {"0": 1.0}, "37": {"0": 1.0}, "38": {"0": 1.0}, "39": {"0": 1.0}, "40": {"0": 1.0}, "41": {"0": 1.0}, "42": {"0": 1.0}, "43": {"0": 1.0}, "44": {"0": 1.0}, "45": {"0": 1.0}, "46": {"0": 1.0}, "47": {"0": 1.0}, "48": {"0": 1.0}, "49": {"0": 1.0}, "50": {"0": 1.0}, "51": {"0": 1.0}, "52": {"0": 1.0}, "53": {"0": 1.0}, "54": {"0": 1.0}, "55": {"0": 1.0}, "56": {"0": 1.0}, "57": {"0": 1.0}, "58": {"0": 1.0}, "59": {"0": 1.0}, "60": {"0": 1.0}, "61": {"0": 1.0}, "62": {"0": 1.0}, "63": {"0": 1.0}, "64": {"0": 1.0}, "65": {"0": 1.0}, "66": {"0": 1.0}, "67": {"0": 1.0}, "68": {"0": 1.0}, "69": {"0": 1.0}, "70": {"0": 1.0}, "71": {"0": 1.0}, "72": {"0": 1.0}, "73": {"0": 1.0}, "74": {"0": 1.0}, "75": {"0": 1.0}, "76": {"0": 1.0}, "77": {"0": 1.0}, "78": {"0": 1.0}, "79": {"0": 1.0}, "80": {"0": 1.0}, "81": {"0": 1.0}, "82": {"0": 1.0}, "83": {"0": 1.0}, "84": {"0": 1.0}, "85": {"0": 1.0}, "86": {"0": 1.0}, "87": {"0": 1.0}, "88": {"0": 1.0}, "89": {"0": 1.0}, "90": {"0": 1.0}, "91": {"0": 1.0}, "92": {"0": 1.0}, "93": {"0": 1.0}, "94": {"0": 1.0}, "95": {"0": 1.0}, "96": {"0": 1.0}, "97": {"0": 1.0}}, "p3": {"0": {"0": 1.0}, "1": {"0": 1.0}, "2": {"0": 1.0}, "3": {"0": 1.0}, "4": {"0": 1.0}, "5": {"0": 1.0}, "6": {"0": 1.0}, "7": {"0": 1.0}, "8": {"0": 1.0}, "9": {"0": 1.0}, "10": {"0": 1.0}, "11": {"0": 1.0}, "12": {"0": 1.0}, "13": {"0": 1.0}, "14": {"0": 1.0}, "15": {"0": 1.0}, "16": {"0": 1.0}, "17": {"0": 1.0}, "18": {"0": 1.0},