{"p0": {"0": {"0": 1.0}, "1": {"0": 1.0}, "2": {"0": 1.0}, "3": {"0": 1.0}, "4": {"0": 1.0}, "5": {"0": 1.0}, "6": {"0": 1.0}, "7": {"0": 1.0}, "8": {"0": 1.0}, "9": {"0": 1.0}, "10": {"0": 1.0}, "11": {"0": 1.0}, "12": {"0": 1.0}, "13": {"0": 1.0}, "14": {"0": 1.0}, "15": {"0": 1.0}, "16": {"0": 1.0}, "17": {"0": 1.0}, "18": {"0": 1.0}, "19": {"0": 1.0}, "20": {"0": 1.0}, "21": {"0": 1.0}, "22": {"0": 1.0}, "23": {"0": 1.0}, "24": {"0": 1.0}, "25": {"0": 1.0}, "26": {"0": 1.0}, "27": {"0": 1.0}, "28": {"0": 1.0}, "29": {"0": 1.0}, "30": {"0": 1.0}, "31": {"0": 1.0}, "32": {"0": 1.0}, "33": {"0": 1.0}, "34": {"0": 1.0}, "35": {"0": 1.0}, "36": {"0": 1.0}, "37": {"0": 1.0}, "38": {"0": 1.0}, "39": {"0": 1.0}, "40": {"0": 1.0}, "41": {"0": 1.0}, "42": {"0": 1.0}, "43": {"0": 1.0}, "44": {"0": 1.0}, "45": {"0": 1.0}, "46": {"0": 1.0}, "47": {"0": 1.0}, "48": {"0": 1.0}, "49": {"0": 1.0}, "50": {"0": 1.0}, "51": {"0": 1.0}, "52": {"0": 1.0}, "53": {"0": 1.0}, "54": {"0": 1.0}, "55": {"0": 1.0}, "56": {"0": 1.0}, "57": {"0": 1.0}, "58": {"0": 1.0}, "59": {"0": 1.0}, "60": {"0": 1.0}, "61": {"0": 1.0}, "62": {"0": 1.0}, "63": {"0": 1.0}, "64": {"0": 1.0}, "65": {"0": 1.0}, "66": {"0": 1.0}, "67": {"0": 1.0}, "68": {"0": 1.0}, "69": {"0": 1.0}, "70": {"0": 1.0}, "71": {"0": 1.0}, "72": {"0": 1.0}, "73": {"0": 1.0}, "74": {"0": 1.0}, "75": {"0": 1.0}, "76": {"0": 1.0}, "77": {"0": 1.0}, "78": {"0": 1.0}, "79": {"0": 1.0}, "80": {"0": 1.0}, "81": {"0": 1.0}, "82": {"0": 1.0}, "83": {"0": 1.0}, "84": {"0": 1.0}, "85": {"0": 1.0}, "86": {"0": 1.0}, "87": {"0": 1.0}, "88": {"0": 1.0}, "89": {"0": 1.0}, "90": {"0": 1.0}, "91": {"0": 1.0}, "92": {"0": 1.0}, "93": {"0": 1.0}, "94": {"0": 1.0}, "95": {"0": 1.0}, "96": {"0": 1.0}, "97": {"0": 1.0}, "98": {"0": 1.0}}, "p4": {"0": {"0": 1.0}, "1": {"0": 1.0}, "2": {"0": 1.0}, "3": {"0": 1.0}, "4": {"2": 0.5, "3": 0.5}, "5": {"1": 0.4, "2": 0.2, "3": 0.4}, "6": {"0": 1.0}, "7": {"1": 0.6, "2": 0.2, "3": 0.2}, "8": {"4": 1.0}, "9": {"1": 0.5, "2": 0.25, "3": 0.25}, "10": {"2": 1.0}, "11": {"2": 0.5, "3": 0.5}, "12": {"0": 1.0}, "13": {"1": 1.0}, "14": {"1": 0.3333333333333333, "3": 0.3333333333333333, "4": 0.3333333333333333}, "15": {"1": 0.25, "2": 0.75}, "16": {"1": 0.25, "2": 0.5, "3": 0.125, "4": 0.125}, "17": {"1": 0.2222222222222222, "2": 0.5555555555555556, "3": 0.2222222222222222}, "18": {"1": 0.3333333333333333, "2": 0.2222222222222222, "3": 0.3333333333333333, "4": 0.1111111111111111}, "19": {"2": 0.5, "3": 0.16666666666666666, "4": 0.16666666666666666, "6": 0.16666666666666666}, "20": {"3": 1.0}, "21": {"1": 0.25, "2": 0.5, "5": 0.25}, "22": {"1": 0.6, "2": 0.2, "4": 0.2}, "23": {"1": 0.4, "3": 0.6}, "24": {"1": 0.375, "2": 0.25, "3": 0.25, "4": 0.125}, "25": {"1": 0.5, "2": 0.3, "3": 0.2}, "26": {"1": 0.375, "2": 0.375, "3": 0.125, "4": 0.125}, "27": {"1": 0.5, "2": 0.25, "3": 0.25}, "28": {"1": 0.4, "2": 0.3, "3": 0.2, "4": 0.1}, "29": {"1": 0.25, "2": 0.25, "3": 0.5}, "30": {"1": 0.25, "2": 0.75}, "31": {"1": 0.2, "2": 0.4, "3": 0.2, "4": 0.2}, "32": {"1": 0.2, "2": 0.6, "3": 0.2}, "33": {"1": 0.2222222222222222, "2": 0.3333333333333333, "3": 0.4444444444444444}, "34": {"0": 1.0}, "35": {"0": 1.0}, "36": {"0": 1.0}, "37": {"0": 1.0}, "38": {"0": 1.0}, "39": {"0": 1.0}, "40": {"0": 1.0}, "41": {"0": 1.0}, "42": {"0": 1.0}, "43": {"0": 1.0}, "44": {"0": 1.0}, "45": {"0": 1.0}, "46": {"1": 0.3333333333333333, "2": 0.3333333333333333, "5": 0.3333333333333333}, "47": {"1": 0.16666666666666666, "2": 0.6666666666666666, "3": 0.16666666666666666}, "48": {"1": 0.16666666666666666, "2": 0.5, "3": 0.16666666666666666, "4": 0.16666666666666666}, "49": {"1": 0.16666666666666666, "2": 0.6666666666666666, "4": 0.16666666666666666}, "50": {"0": 1.0}, "51": {"0": 1.0}, "52": {"1": 0.3333333333333333, "2": 0.3333333333333333, "3": 0.3333333333333333}, "53": {"1": 0.4, "2": 0.3, "3": 0.2, "4": 0.1}, "54": {"1": 0.3333333333333333, "2": 0.3333333333333333, "3": 0.1111111111111111, "4": 0.2222222222222222}, "55": {"1": 0.125, "2": 0.25, "3": 0.625}, "56": {"1": 0.2, "2": 0.6, "3": 0.2}, "57": {"1": 0.3333333333333333, "2": 0.5555555555555556, "7": 0.1111111111111111}, "58": {"1": 0.4, "2": 0.3, "3": 0.2, "4": 0.1}, "59": {"1": 0.2222222222222222, "2": 0.4444444444444444, "3": 0.2222222222222222, "4": 0.1111111111111111}, "60": {"1": 0.4, "2": 0.4, "3": 0.1, "5": 0.1}, "61": {"1": 0.3333333333333333, "2": 0.16666666666666666, "3": 0.16666666666666666, "4": 0.3333333333333333}, "62": {"1": 0.2222222222222222, "2": 0.4444444444444444, "3": 0.2222222222222222, "4": 0.1111111111111111}, "63": {"1": 0.25, "2": 0.5, "4": 0.125, "6": 0.125}, "64": {"1": 0.5555555555555556, "2": 0.1111111111111111, "4": 0.2222222222222222, "5": 0.1111111111111111}, "65": {"1": 0.25, "2": 0.375, "3": 0.125, "4": 0.125, "5": 0.125}, "66": {"1": 0.3333333333333333, "2": 0.3333333333333333, "3": 0.2222222222222222, "5": 0.1111111111111111}, "67": {"1": 0.3, "2": 0.4, "3": 0.3}, "68": {"1": 0.2222222222222222, "2": 0.4444444444444444, "3": 0.2222222222222222, "4": 0.1111111111111111}, "69": {"1": 0.5, "2": 0.25, "3": 0.25}, "70": {"1": 0.16666666666666666, "2": 0.6666666666666666, "4": 0.16666666666666666}, "71": {"0": 1.0}, "72": {"1": 0.4, "2": 0.6}, "73": {"0": 1.0}, "74": {"1": 1.0}, "75": {"0": 1.0}, "76": {"2": 0.6666666666666666, "5": 0.3333333333333333}, "77": {"0": 1.0}, "78": {"0": 1.0}, "79": {"2": 1.0}, "80": {"1": 0.5714285714285714, "2": 0.14285714285714285, "3": 0.2857142857142857}, "81": {"1": 0.3, "2": 0.4, "3": 0.3}, "82": {"1": 0.3333333333333333, "2": 0.16666666666666666, "3": 0.5}, "83": {"0": 1.0}, "84": {"1": 0.6, "2": 0.2, "5": 0.2}, "85": {"1": 0.25, "3": 0.75}, "86": {"2": 0.6666666666666666, "3": 0.3333333333333333}, "87": {"1": 0.3333333333333333, "3": 0.6666666666666666}, "88": {"1": 0.4444444444444444, "2": 0.2222222222222222, "3": 0.1111111111111111, "4": 0.1111111111111111, "5": 0.1111111111111111}, "89": {"1": 0.3, "2": 0.4, "3": 0.3}, "90": {"1": 0.4444444444444444, "2": 0.1111111111111111, "3": 0.3333333333333333, "5": 0.1111111111111111}, "91": {"1": 0.2727272727272727, "2": 0.6363636363636364, "3": 0.09090909090909091}, "92": {"1": 0.3, "2": 0.5, "3": 0.1, "4": 0.1}, "93": {"2": 0.7777777777777778, "3": 0.2222222222222222}, "94": {"1": 0.125, "2": 0.375, "3": 0.375, "4": 0.125}, "95": {"2": 1.0}, "96": {"1": 0.5714285714285714, "2": 0.14285714285714285, "4": 0.14285714285714285, "5": 0.14285714285714285}, "97": {"1": 0.5, "2": 0.3333333333333333, "4": 0.16666666666666666}, "98": {"1": 0.125, "2": 0.375, "3": 0.375, "4": 0.125}}, "p1": {"0": {"0": 1.0}, "1": {"0": 1.0}, "2": {"0": 1.0}, "3": {"0": 1.0}, "4": {"0": 1.0}, "5": {"0": 1.0}, "6": {"0": 1.0}, "7": {"0": 1.0}, "8": {"0": 1.0}, "9": {"0": 1.0}, "10": {"0": 1.0}, "11": {"0": 1.0}, "12": {"0": 1.0}, "13": {"0": 1.0}, "14": {"0": 1.0}, "15": {"0": 1.0}, "16": {"0": 1.0}, "17": {"0": 1.0}, "18": {"0": 1.0}, "19": {"0": 1.0}, "20": {"0": 1.0}, "21": {"0": 1.0}, "22": {"0": 1.0}, "23": {"0": 1.0}, "24": {"0": 1.0}, "25": {"0": 1.0}, "26": {"0": 1.0}, "27": {"0": 1.0}, "28": {"0": 1.0}, "29": {"0": 1.0}, "30": {"0": 1.0}, "31": {"0": 1.0}, "32": {"0": 1.0}, "33": {"0": 1.0}, "34": {"0": 1.0}, "35": {"0": 1.0}, "36": {"0": 1.0}, "37": {"0": 1.0}, "38": {"0": 1.0}, "39": {"0": 1.0}, "40": {"0": 1.0}, "41": {"0": 1.0}, "42": {"0": 1.0}, "43": {"0": 1.0}, "44": {"0": 1.0}, "45": {"0": 1.0}, "46": {"0": 1.0}, "47": {"0": 1.0}, "48": {"0": 1.0}, "49": {"0": 1.0}, "50": {"0": 1.0}, "51": {"0": 1.0}, "52": {"0": 1.0}, "53": {"0": 1.0}, "54": {"0": 1.0}, "55": {"0": 1.0}, "56": {"0": 1.0}, "57": {"0": 1.0}, "58": {"0": 1.0}, "59": {"0": 1.0}, "60": {"0": 1.0}, "61": {"0": 1.0}, "62": {"0": 1.0}, "63": {"0": 1.0}, "64": {"0": 1.0}, "65": {"0": 1.0}, "66": {"0": 1.0}, "67": {"0": 1.0}, "68": {"0": 1.0}, "69": {"0": 1.0}, "70": {"0": 1.0}, "71": {"0": 1.0}, "72": {"0": 1.0}, "73": {"0": 1.0}, "74": {"0": 1.0}, "75": {"0": 1.0}, "76": {"0": 1.0}, "77": {"0": 1.0}, "78": {"0": 1.0},