{"p0": {"0": {"0": 1.0}, "1": {"0": 1.0}, "2": {"0": 1.0}, "3": {"0": 1.0}, "4": {"0": 1.0}, "5": {"0": 1.0}, "6": {"0": 1.0}, "7": {"0": 1.0}, "8": {"0": 1.0}, "9": {"0": 1.0}, "10": {"0": 1.0}, "11": {"0": 1.0}, "12": {"0": 1.0}, "13": {"0": 1.0}, "14": {"0": 1.0}, "15": {"0": 1.0}, "16": {"0": 1.0}, "17": {"0": 1.0}, "18": {"0": 1.0}, "19": {"0": 1.0}, "20": {"0": 1.0}, "21": {"0": 1.0}, "22": {"0": 1.0}, "23": {"0": 1.0}, "24": {"0": 1.0}, "25": {"0": 1.0}, "26": {"0": 1.0}, "27": {"0": 1.0}, "28": {"0": 1.0}, "29": {"0": 1.0}, "30": {"0": 1.0}, "31": {"0": 1.0}, "32": {"0": 1.0}, "33": {"0": 1.0}, "34": {"0": 1.0}, "35": {"0": 1.0}, "36": {"0": 1.0}, "37": {"0": 1.0}, "38": {"0": 1.0}, "39": {"0": 1.0}, "40": {"0": 1.0}, "41": {"0": 1.0}, "42": {"0": 1.0}, "43": {"0": 1.0}, "44": {"0": 1.0}, "45": {"0": 1.0}, "46": {"0": 1.0}, "47": {"0": 1.0}, "48": {"0": 1.0}, "49": {"0": 1.0}, "50": {"0": 1.0}, "51": {"0": 1.0}, "52": {"0": 1.0}, "53": {"0": 1.0}, "54": {"0": 1.0}, "55": {"0": 1.0}, "56": {"0": 1.0}, "57": {"0": 1.0}, "58": {"0": 1.0}, "59": {"0": 1.0}, "60": {"0": 1.0}, "61": {"0": 1.0}, "62": {"0": 1.0}, "63": {"0": 1.0}, "64": {"0": 1.0}, "65": {"0": 1.0}, "66": {"0": 1.0}, "67": {"0": 1.0}, "68": {"0": 1.0}, "69": {"0": 1.0}, "70": {"0": 1.0}, "71": {"0": 1.0}, "72": {"0": 1.0}, "73": {"0": 1.0}, "74": {"0": 1.0}, "75": {"0": 1.0}, "76": {"0": 1.0}, "77": {"0": 1.0}, "78": {"0": 1.0}, "79": {"0": 1.0}, "80": {"0": 1.0}}, "p4": {"0": {"0": 1.0}, "1": {"0": 1.0}, "2": {"0": 1.0}, "3": {"0": 1.0}, "4": {"1": 0.389937106918239, "2": 0.23270440251572327, "3": 0.22641509433962265, "4": 0.09433962264150944, "5": 0.0440251572327044, "6": 0.012578616352201259}, "5": {"1": 0.3502824858757062, "2": 0.327683615819209, "3": 0.1694915254237288, "4": 0.1016949152542373, "5": 0.03389830508474576, "6": 0.01694915254237288}, "6": {"1": 0.2981366459627329, "2": 0.36024844720496896, "3": 0.19254658385093168, "4": 0.10559006211180125, "5": 0.031055900621118012, "6": 0.006211180124223602, "7": 0.006211180124223602}, "7": {"1": 0.3850267379679144, "2": 0.2994652406417112, "3": 0.1925133689839572, "4": 0.06417112299465241, "5": 0.0481283422459893, "7": 0.0106951871657754}, "8": {"1": 0.3423913043478261, "2": 0.31521739130434784, "3": 0.1956521739130435, "4": 0.10326086956521739, "5": 0.03804347826086957, "6": 0.005434782608695652}, "9": {"1": 0.37790697674418605, "2": 0.27906976744186046, "3": 0.18023255813953487, "4": 0.09883720930232558, "5": 0.046511627906976744, "6": 0.005813953488372093, "7": 0.011627906976744186}, "10": {"1": 0.4, "2": 0.25555555555555554, "3": 0.16666666666666666, "4": 0.11666666666666667, "5": 0.044444444444444446, "6": 0.011111111111111112, "7": 0.005555555555555556}, "11": {"1": 0.4307692307692308, "2": 0.2923076923076923, "3": 0.14358974358974358, "4": 0.08717948717948718, "5": 0.035897435897435895, "6": 0.005128205128205128, "7": 0.005128205128205128}, "12": {"1": 0.3817204301075269, "2": 0.3118279569892473, "3": 0.14516129032258066, "4": 0.10215053763440861, "5": 0.04838709677419355, "6": 0.010752688172043012}, "13": {"1": 0.37790697674418605, "2": 0.28488372093023256, "3": 0.16279069767441862, "4": 0.10465116279069768, "5": 0.03488372093023256, "6": 0.023255813953488372, "7": 0.011627906976744186}, "14": {"1": 0.3894736842105263, "2": 0.2578947368421053, "3": 0.20526315789473684, "4": 0.11052631578947368, "5": 0.02631578947368421, "6": 0.010526315789473684}, "15": {"1": 0.34285714285714286, "2": 0.3028571428571429, "3": 0.19428571428571428, "4": 0.08571428571428572, "5": 0.045714285714285714, "6": 0.022857142857142857, "7": 0.005714285714285714}, "16": {"1": 0.33658536585365856, "2": 0.375609756097561, "3": 0.18048780487804877, "4": 0.08292682926829269, "5": 0.014634146341463415, "6": 0.004878048780487805, "7": 0.004878048780487805}, "17": {"1": 0.32065217391304346, "2": 0.33152173913043476, "3": 0.21739130434782608, "4": 0.09239130434782608, "5": 0.021739130434782608, "6": 0.016304347826086956}, "18": {"1": 0.3107344632768362, "2": 0.3163841807909605, "3": 0.2542372881355932, "4": 0.07909604519774012, "5": 0.02824858757062147, "7": 0.005649717514124294, "9": 0.005649717514124294}, "19": {"1": 0.31446540880503143, "2": 0.32075471698113206, "3": 0.18238993710691823, "4": 0.13836477987421383, "5": 0.031446540880503145, "6": 0.012578616352201259}, "20": {"1": 0.34838709677419355, "2": 0.32903225806451614, "3": 0.18064516129032257, "4": 0.07741935483870968, "5": 0.05806451612903226, "6": 0.0064516129032258064}, "21": {"1": 0.32748538011695905, "2": 0.3216374269005848, "3": 0.21052631578947367, "4": 0.08771929824561403, "5": 0.04093567251461988, "6": 0.011695906432748537}, "22": {"1": 0.32748538011695905, "2": 0.3216374269005848, "3": 0.23391812865497075, "4": 0.06432748538011696, "5": 0.04093567251461988, "6": 0.005847953216374269, "7": 0.005847953216374269}, "23": {"1": 0.2857142857142857, "2": 0.3116883116883117, "3": 0.24025974025974026, "4": 0.12337662337662338, "5": 0.032467532467532464, "6": 0.006493506493506494}, "24": {"1": 0.3225806451612903, "2": 0.3419354838709677, "3": 0.1935483870967742, "4": 0.07741935483870968, "5": 0.025806451612903226, "6": 0.03225806451612903, "7": 0.0064516129032258064}, "25": {"1": 0.3541666666666667, "2": 0.3055555555555556, "3": 0.16666666666666666, "4": 0.1111111111111111, "5": 0.05555555555555555, "6": 0.006944444444444444}, "26": {"1": 0.30612244897959184, "2": 0.3401360544217687, "3": 0.25170068027210885, "4": 0.061224489795918366, "5": 0.034013605442176874, "6": 0.006802721088435374}, "27": {"1": 0.3381294964028777, "2": 0.30935251798561153, "3": 0.2014388489208633, "4": 0.10071942446043165, "5": 0.04316546762589928, "6": 0.007194244604316547}, "28": {"1": 0.4342105263157895, "2": 0.28289473684210525, "3": 0.15789473684210525, "4": 0.08552631578947369, "5": 0.013157894736842105, "6": 0.019736842105263157, "7": 0.006578947368421052}, "29": {"1": 0.36065573770491804, "2": 0.2786885245901639, "3": 0.19672131147540983, "4": 0.11475409836065574, "5": 0.040983606557377046, "6": 0.00819672131147541}, "30": {"1": 0.3893805309734513, "2": 0.3008849557522124, "3": 0.1415929203539823, "4": 0.1504424778761062, "5": 0.017699115044247787}, "31": {"1": 0.3302752293577982, "2": 0.3302752293577982, "3": 0.1834862385321101, "4": 0.09174311926605505, "5": 0.06422018348623854}, "32": {"1": 0.38, "2": 0.34, "3": 0.15, "4": 0.1, "5": 0.02, "6": 0.01}, "33": {"1": 0.35294117647058826, "2": 0.37254901960784315, "3": 0.17647058823529413, "4": 0.0392156862745098, "5": 0.058823529411764705}, "34": {"1": 0.37383177570093457, "2": 0.38317757009345793, "3": 0.1588785046728972, "4": 0.04672897196261682, "5": 0.028037383177570093, "6": 0.009345794392523364}, "35": {"1": 0.3617021276595745, "2": 0.2872340425531915, "3": 0.22340425531914893, "4": 0.0851063829787234, "5": 0.031914893617021274, "6": 0.010638297872340425}, "36": {"1": 0.25, "2": 0.4166666666666667, "3": 0.16666666666666666, "4": 0.09523809523809523, "5": 0.047619047619047616, "6": 0.023809523809523808}, "37": {"1": 0.4230769230769231, "2": 0.3076923076923077, "3": 0.15384615384615385, "4": 0.0641025641025641, "5": 0.02564102564102564, "6": 0.02564102564102564}, "38": {"1": 0.36, "2": 0.32, "3": 0.2, "4": 0.06, "5": 0.06}, "39": {"1": 0.3333333333333333, "2": 0.36507936507936506, "3": 0.19047619047619047, "4": 0.06349206349206349, "5": 0.047619047619047616}, "40": {"1": 0.39655172413793105, "2": 0.2413793103448276, "3": 0.13793103448275862, "4": 0.08620689655172414, "5": 0.10344827586206896, "6": 0.034482758620689655}, "41": {"1": 0.375, "2": 0.2857142857142857, "3": 0.17857142857142858, "4": 0.10714285714285714, "5": 0.017857142857142856, "6": 0.03571428571428571}, "42": {"1": 0.3269230769230769, "2": 0.25, "3": 0.23076923076923078, "4": 0.15384615384615385, "5": 0.038461538461538464}, "43": {"1": 0.34615384615384615, "2": 0.3076923076923077, "3": 0.23076923076923078, "4": 0.038461538461538464, "5": 0.038461538461538464, "6": 0.019230769230769232,