{"p3": {"0": {"0": 1.0}, "1": {"0": 1.0}, "2": {"0": 1.0}, "3": {"0": 1.0}, "4": {"2": 0.5, "6": 0.5}, "5": {"0": 1.0}, "6": {"2": 0.5, "5": 0.5}, "7": {"0": 1.0}, "8": {"5": 1.0}, "9": {"2": 1.0}, "10": {"4": 1.0}, "11": {"2": 0.3333333333333333, "3": 0.3333333333333333, "4": 0.3333333333333333}, "12": {"3": 0.5, "5": 0.5}, "13": {"1": 0.3333333333333333, "4": 0.3333333333333333, "5": 0.3333333333333333}, "14": {"2": 0.3333333333333333, "4": 0.3333333333333333, "5": 0.3333333333333333}, "15": {"3": 0.6666666666666666, "4": 0.3333333333333333}, "16": {"1": 0.3333333333333333, "2": 0.3333333333333333, "6": 0.3333333333333333}, "17": {"3": 0.3333333333333333, "4": 0.6666666666666666}, "18": {"4": 1.0}, "19": {"2": 0.3333333333333333, "3": 0.3333333333333333, "5": 0.3333333333333333}, "20": {"2": 0.5, "5": 0.5}, "21": {"1": 0.5, "7": 0.5}, "22": {"2": 0.3333333333333333, "3": 0.3333333333333333, "4": 0.3333333333333333}, "23": {"2": 0.25, "3": 0.5, "4": 0.25}, "24": {"1": 0.3333333333333333, "4": 0.6666666666666666}, "25": {"3": 0.3333333333333333, "4": 0.6666666666666666}, "26": {"2": 0.5, "3": 0.25, "6": 0.25}, "27": {"2": 0.3333333333333333, "3": 0.3333333333333333, "4": 0.3333333333333333}, "28": {"1": 0.3333333333333333, "2": 0.3333333333333333, "7": 0.3333333333333333}, "29": {"3": 0.3333333333333333, "4": 0.6666666666666666}, "30": {"1": 0.3333333333333333, "3": 0.3333333333333333, "4": 0.3333333333333333}, "31": {"2": 0.3333333333333333, "3": 0.3333333333333333, "4": 0.3333333333333333}, "32": {"1": 0.3333333333333333, "2": 0.3333333333333333, "3": 0.3333333333333333}, "33": {"4": 0.5, "5": 0.5}, "34": {"3": 0.6666666666666666, "5": 0.3333333333333333}, "35": {"4": 1.0}, "36": {"3": 1.0}, "37": {"3": 0.6666666666666666, "4": 0.3333333333333333}, "38": {"1": 0.3333333333333333, "3": 0.3333333333333333, "5": 0.3333333333333333}, "39": {"2": 0.3333333333333333, "3": 0.3333333333333333, "4": 0.3333333333333333}, "40": {"1": 0.25, "3": 0.25, "4": 0.25, "5": 0.25}, "41": {"1": 0.25, "2": 0.25, "4": 0.25, "6": 0.25}, "42": {"1": 0.3333333333333333, "4": 0.6666666666666666}, "43": {"2": 0.3333333333333333, "4": 0.3333333333333333, "5": 0.3333333333333333}, "44": {"3": 0.6666666666666666, "4": 0.3333333333333333}, "45": {"3": 0.6666666666666666, "4": 0.3333333333333333}, "46": {"3": 0.3333333333333333, "4": 0.6666666666666666}, "47": {"2": 0.5, "6": 0.5}, "48": {"2": 0.3333333333333333, "4": 0.3333333333333333, "5": 0.3333333333333333}, "49": {"3": 0.5, "4": 0.5}, "50": {"2": 0.3333333333333333, "3": 0.3333333333333333, "5": 0.3333333333333333}, "51": {"3": 0.5, "5": 0.5}, "52": {"2": 0.3333333333333333, "3": 0.3333333333333333, "7": 0.3333333333333333}, "53": {"3": 0.3333333333333333, "4": 0.6666666666666666}, "54": {"3": 0.5, "5": 0.5}, "55": {"3": 0.5, "5": 0.5}, "56": {"2": 0.3333333333333333, "3": 0.3333333333333333, "5": 0.3333333333333333}, "57": {"2": 0.25, "3": 0.5, "4": 0.25}, "58": {"1": 0.25, "2": 0.25, "4": 0.25, "5": 0.25}, "59": {"3": 1.0}, "60": {"2": 0.5, "3": 0.25, "5": 0.25}, "61": {"3": 1.0}, "62": {"1": 0.25, "2": 0.25, "4": 0.25, "6": 0.25}, "63": {"2": 0.5, "3": 0.25, "5": 0.25}, "64": {"2": 0.3333333333333333, "4": 0.3333333333333333, "5": 0.3333333333333333}, "65": {"4": 1.0}, "66": {"1": 0.3333333333333333, "4": 0.3333333333333333, "6": 0.3333333333333333}, "67": {"2": 0.3333333333333333, "3": 0.3333333333333333, "4": 0.3333333333333333}, "68": {"1": 0.5, "4": 0.5}, "69": {"3": 1.0}, "70": {"3": 0.3333333333333333, "4": 0.3333333333333333, "8": 0.3333333333333333}, "71": {"0": 1.0}, "72": {"0": 1.0}, "73": {"0": 1.0}, "74": {"0": 1.0}, "75": {"0": 1.0}, "76": {"0": 1.0}, "77": {"0": 1.0}, "78": {"0": 1.0}, "79": {"0": 1.0}, "80": {"0": 1.0}, "81": {"0": 1.0}, "82": {"0": 1.0}, "83": {"0": 1.0}, "84": {"0": 1.0}, "85": {"0": 1.0}, "86": {"0": 1.0}, "87": {"0": 1.0}, "88": {"0": 1.0}, "89": {"0": 1.0}, "90": {"0": 1.0}, "91": {"0": 1.0}, "92": {"0": 1.0}, "93": {"0": 1.0}, "94": {"0": 1.0}, "95": {"0": 1.0}, "96": {"0": 1.0}, "97": {"0": 1.0}, "98": {"0": 1.0}, "99": {"0": 1.0}, "100": {"0": 1.0}, "101": {"0": 1.0}, "102": {"0": 1.0}, "103": {"0": 1.0}, "104": {"1": 0.3333333333333333, "3": 0.3333333333333333, "6": 0.3333333333333333}, "105": {"1": 0.3333333333333333, "4": 0.3333333333333333, "6": 0.3333333333333333}, "106": {"2": 0.3333333333333333, "5": 0.6666666666666666}, "107": {"1": 0.25, "3": 0.25, "4": 0.5}, "108": {"2": 0.3333333333333333, "3": 0.3333333333333333, "6": 0.3333333333333333}, "109": {"1": 0.5, "2": 0.25, "9": 0.25}, "110": {"0": 1.0}, "111": {"0": 1.0}, "112": {"0": 1.0}, "113": {"0": 1.0}, "114": {"2": 0.3333333333333333, "3": 0.3333333333333333, "4": 0.3333333333333333}, "115": {"1": 0.3333333333333333, "4": 0.3333333333333333, "5": 0.3333333333333333}, "116": {"1": 0.5, "6": 0.5}, "117": {"2": 0.3333333333333333, "3": 0.3333333333333333, "5": 0.3333333333333333}, "118": {"2": 0.3333333333333333, "3": 0.3333333333333333, "5": 0.3333333333333333}, "119": {"2": 0.5, "4": 0.25, "5": 0.25}, "120": {"2": 0.3333333333333333, "3": 0.3333333333333333, "4": 0.3333333333333333}, "121": {"4": 1.0}, "122": {"2": 0.25, "3": 0.25, "4": 0.5}, "123": {"2": 0.5, "6": 0.5}, "124": {"1": 0.5, "4": 0.5}, "125": {"1": 0.3333333333333333, "3": 0.3333333333333333, "6": 0.3333333333333333}, "126": {"3": 1.0}, "127": {"2": 0.3333333333333333, "3": 0.3333333333333333, "4": 0.3333333333333333}, "128": {"3": 0.5, "4": 0.5}, "129": {"2": 0.5, "4": 0.5}, "130": {"1": 0.5, "7": 0.5}, "131": {"2": 0.3333333333333333, "4": 0.3333333333333333, "5": 0.3333333333333333}, "132": {"2": 0.3333333333333333, "4": 0.6666666666666666}, "133": {"1": 0.25, "3": 0.25, "4": 0.25, "5": 0.25}, "134": {"3": 1.0}, "135": {"3": 0.3333333333333333, "4": 0.6666666666666666}, "136": {"3": 0.6666666666666666, "5": 0.3333333333333333}, "137": {"2": 0.3333333333333333, "3": 0.3333333333333333, "4": 0.3333333333333333}, "138": {"3": 0.3333333333333333, "4": 0.6666666666666666}, "139": {"0": 1.0}, "140": {"2": 0.5, "6": 0.5}, "141": {"1": 0.3333333333333333, "4": 0.3333333333333333, "5": 0.3333333333333333}, "142": {"3": 0.5, "5": 0.5}, "143": {"2": 0.3333333333333333, "3": 0.3333333333333333, "4": 0.3333333333333333}, "144": {"2": 0.5, "5": 0.5}, "145": {"2": 0.6666666666666666, "6": 0.3333333333333333}, "146": {"3": 1.0}, "147": {"2": 0.3333333333333333, "4": 0.6666666666666666}, "148": {"1": 0.3333333333333333, "4": 0.3333333333333333, "6": 0.3333333333333333}, "149": {"4": 1.0}, "150": {"3": 1.0}, "151": {"0": 1.0}, "152": {"0": 1.0}, "153": {"0": 1.0}, "154": {"0": 1.0}, "155": {"2": 0.5, "3": 0.5}, "156": {"0": 1.0}, "157": {"0": 1.0}}, "p0": {"0": {"0": 1.0}, "1": {"0": 1.0}, "2": {"0": 1.0}, "3": {"0": 1.0}, "4": {"0": 1.0}, "5": {"0": 1.0}, "6": {"0": 1.0}, "7": {"0": 1.0}, "8": {"0": 1.0}, "9": {"0": 1.0}, "10": {"0": 1.0}, "11": {"0": 1.0}, "12": {"0": 1.0}, "13": {"0": 1.0}, "14": {"0": 1.0}, "15": {"0": 1.0}, "16": {"0": 1.0}, "17": {"0": 1.0}, "18": {"0": 1.0}, "19": {"0": 1.0}, "20": {"0": 1.0}, "21": {"0": 1.0}, "22": {"0": 1.0}, "23": {"0": 1.0}, "24": {"0": 1.0}, "25": {"0": 1.0}, "26": {"0": 1.0}, "27": {"0": 1.0}, "28": {"0": 1.0}, "29": {"0": 1.0}, "30": {"0": 1.0}, "31": {"0": 1.0}, "32": {"0": 1.0}, "33": {"0": 1.0}, "34": {"0": 1.0}, "35": {"0": 1.0}, "36": {"0": 1.0}, "37": {"0": 1.0}, "38": {"0": 1.0}, "39": {"0": 1.0}, "40": {"0": 1.0}, "41": {"0": 1.0}, "42": {"0": 1.0}, "43": {"0": 1.0}, "44": {"0": 1.0}, "45": {"0": 1.0}, "46": {"0": 1.0}, "47": {"0": 1.0}, "48": {"0": 1.0}, "49": {"0": 1.0}, "50": {"0": 1.0}, "51": {"0": 1.0}, "52": {"0": 1.0}, "53": {"0": 1.0}, "54": {"0": 1.0}, "55": {"0": 1.0}, "56": {"0": 1.0}, "57": {"0": 1.0}, "58": {"0": 1.0}, "59": {"0": 1.0}, "60": {"0": 1.0}, "61": {"0": 1.0}, "62": {"0": 1.0}, "63": {"0": 1.0}, "64": {"0": 1.0}, "65": {"0": 1.0}, "66": {"0": 1.0}, "67": {"0": 1.0}, "68": {"0": 1.0}, "69": {"0": 1.0}, "70": {"0": 1.0}, "71": {"0": 1.0}, "72": {"0": 1.0}, "73": {"0": 1.0}, "74": {"0": 1.0},