{"p0": {"0": {"0": 1.0}, "1": {"0": 1.0}, "2": {"0": 1.0}, "3": {"0": 1.0}, "4": {"0": 1.0}, "5": {"0": 1.0}, "6": {"0": 1.0}, "7": {"0": 1.0}, "8": {"0": 1.0}, "9": {"0": 1.0}, "10": {"0": 1.0}, "11": {"0": 1.0}, "12": {"0": 1.0}, "13": {"0": 1.0}, "14": {"0": 1.0}, "15": {"0": 1.0}, "16": {"0": 1.0}, "17": {"0": 1.0}, "18": {"0": 1.0}, "19": {"0": 1.0}, "20": {"0": 1.0}, "21": {"0": 1.0}, "22": {"0": 1.0}, "23": {"0": 1.0}, "24": {"0": 1.0}, "25": {"0": 1.0}, "26": {"0": 1.0}, "27": {"0": 1.0}, "28": {"0": 1.0}, "29": {"0": 1.0}, "30": {"0": 1.0}, "31": {"0": 1.0}, "32": {"0": 1.0}, "33": {"0": 1.0}, "34": {"0": 1.0}, "35": {"0": 1.0}, "36": {"0": 1.0}, "37": {"0": 1.0}, "38": {"0": 1.0}, "39": {"0": 1.0}, "40": {"0": 1.0}, "41": {"0": 1.0}, "42": {"0": 1.0}, "43": {"0": 1.0}, "44": {"0": 1.0}, "45": {"0": 1.0}, "46": {"0": 1.0}, "47": {"0": 1.0}, "48": {"0": 1.0}, "49": {"0": 1.0}, "50": {"0": 1.0}, "51": {"0": 1.0}, "52": {"0": 1.0}, "53": {"0": 1.0}, "54": {"0": 1.0}, "55": {"0": 1.0}, "56": {"0": 1.0}, "57": {"0": 1.0}, "58": {"0": 1.0}, "59": {"0": 1.0}, "60": {"0": 1.0}, "61": {"0": 1.0}}, "p4": {"0": {"0": 1.0}, "1": {"0": 1.0}, "2": {"0": 1.0}, "3": {"0": 1.0}, "4": {"1": 0.35344827586206895, "2": 0.3103448275862069, "3": 0.21551724137931033, "4": 0.08620689655172414, "5": 0.017241379310344827, "6": 0.008620689655172414, "7": 0.008620689655172414}, "5": {"1": 0.2830188679245283, "2": 0.3018867924528302, "3": 0.27358490566037735, "4": 0.08490566037735849, "5": 0.05660377358490566}, "6": {"1": 0.2755905511811024, "2": 0.33858267716535434, "3": 0.23622047244094488, "4": 0.08661417322834646, "5": 0.05511811023622047, "8": 0.007874015748031496}, "7": {"1": 0.3511450381679389, "2": 0.31297709923664124, "3": 0.17557251908396945, "4": 0.0916030534351145, "5": 0.05343511450381679, "6": 0.015267175572519083}, "8": {"1": 0.2601626016260163, "2": 0.43089430894308944, "3": 0.1951219512195122, "4": 0.06504065040650407, "5": 0.04065040650406504, "8": 0.008130081300813009}, "9": {"1": 0.31343283582089554, "2": 0.39552238805970147, "3": 0.19402985074626866, "4": 0.05223880597014925, "5": 0.03731343283582089, "6": 0.007462686567164179}, "10": {"1": 0.3691275167785235, "2": 0.33557046979865773, "3": 0.14093959731543623, "4": 0.12080536912751678, "5": 0.03355704697986577}, "11": {"1": 0.35, "2": 0.2857142857142857, "3": 0.19285714285714287, "4": 0.1, "5": 0.05714285714285714, "6": 0.014285714285714285}, "12": {"1": 0.34306569343065696, "2": 0.29927007299270075, "3": 0.1897810218978102, "4": 0.13138686131386862, "5": 0.0364963503649635}, "13": {"1": 0.2671232876712329, "2": 0.3767123287671233, "3": 0.2191780821917808, "4": 0.0958904109589041, "5": 0.0136986301369863, "6": 0.0136986301369863, "8": 0.0136986301369863}, "14": {"1": 0.2966101694915254, "2": 0.3813559322033898, "3": 0.19491525423728814, "4": 0.06779661016949153, "5": 0.03389830508474576, "6": 0.025423728813559324}, "15": {"1": 0.2636363636363636, "2": 0.37272727272727274, "3": 0.22727272727272727, "4": 0.06363636363636363, "5": 0.05454545454545454, "6": 0.01818181818181818}, "16": {"1": 0.3853211009174312, "2": 0.27522935779816515, "3": 0.1559633027522936, "4": 0.12844036697247707, "5": 0.03669724770642202, "6": 0.009174311926605505, "7": 0.009174311926605505}, "17": {"1": 0.35135135135135137, "2": 0.27927927927927926, "3": 0.21621621621621623, "4": 0.11711711711711711, "5": 0.036036036036036036}, "18": {"1": 0.3333333333333333, "2": 0.2894736842105263, "3": 0.21929824561403508, "4": 0.12280701754385964, "5": 0.02631578947368421, "6": 0.008771929824561403}, "19": {"1": 0.31666666666666665, "2": 0.325, "3": 0.25, "4": 0.075, "5": 0.03333333333333333}, "20": {"1": 0.32038834951456313, "2": 0.33980582524271846, "3": 0.21359223300970873, "4": 0.08737864077669903, "5": 0.019417475728155338, "6": 0.019417475728155338}, "21": {"1": 0.36065573770491804, "2": 0.319672131147541, "3": 0.1885245901639344, "4": 0.09836065573770492, "5": 0.02459016393442623, "6": 0.00819672131147541}, "22": {"1": 0.37349397590361444, "2": 0.2891566265060241, "3": 0.21686746987951808, "4": 0.08433734939759036, "5": 0.024096385542168676, "6": 0.012048192771084338}, "23": {"1": 0.4714285714285714, "2": 0.18571428571428572, "3": 0.2571428571428571, "4": 0.07142857142857142, "6": 0.014285714285714285}, "24": {"1": 0.44, "2": 0.34, "3": 0.14, "4": 0.04, "5": 0.02, "7": 0.02}, "25": {"1": 0.3220338983050847, "2": 0.3389830508474576, "3": 0.22033898305084745, "4": 0.0847457627118644, "5": 0.03389830508474576}, "26": {"1": 0.2903225806451613, "2": 0.45161290322580644, "3": 0.0967741935483871, "4": 0.06451612903225806, "5": 0.0967741935483871}, "27": {"1": 0.45652173913043476, "2": 0.1956521739130435, "3": 0.1956521739130435, "4": 0.021739130434782608, "5": 0.06521739130434782, "6": 0.043478260869565216, "7": 0.021739130434782608}, "28": {"1": 0.3125, "2": 0.375, "3": 0.125, "4": 0.0625, "5": 0.0625, "6": 0.0625}, "29": {"1": 0.4411764705882353, "2": 0.29411764705882354, "3": 0.17647058823529413, "4": 0.08823529411764706}, "30": {"1": 0.21212121212121213, "2": 0.36363636363636365, "3": 0.18181818181818182, "4": 0.15151515151515152, "5": 0.030303030303030304, "6": 0.030303030303030304, "7": 0.030303030303030304}, "31": {"1": 0.26666666666666666, "2": 0.26666666666666666, "3": 0.17777777777777778, "4": 0.17777777777777778, "5": 0.08888888888888889, "6": 0.022222222222222223}, "32": {"1": 0.39285714285714285, "2": 0.23214285714285715, "3": 0.16071428571428573, "4": 0.08928571428571429, "5": 0.10714285714285714, "6": 0.017857142857142856}, "33": {"1": 0.3064516129032258, "2": 0.2903225806451613, "3": 0.1774193548387097, "4": 0.1774193548387097, "5": 0.03225806451612903, "8": 0.016129032258064516}, "34": {"1": 0.2962962962962963, "2": 0.18518518518518517, "3": 0.3148148148148148, "4": 0.1111111111111111, "5": 0.05555555555555555, "6": 0.037037037037037035}, "35": {"1": 0.40298507462686567, "2": 0.208955223880597, "3": 0.2835820895522388, "4": 0.05970149253731343, "5": 0.029850746268656716, "7": 0.014925373134328358}, "36": {"1": 0.40789473684210525, "2": 0.27631578947368424, "3": 0.23684210526315788, "4": 0.039473684210526314, "5": 0.02631578947368421, "6": 0.013157894736842105}, "37": {"1": 0.3119266055045872, "2": 0.3853211009174312, "3": 0.1834862385321101, "4": 0.07339449541284404, "5": 0.03669724770642202, "7": 0.009174311926605505}, "38": {"1": 0.37962962962962965, "2": 0.35185185185185186, "3": 0.14814814814814814, "4": 0.06481481481481481, "5": 0.05555555555555555}, "39": {"1": 0.3884297520661157, "2": 0.2975206611570248, "3": 0.19008264462809918, "4": 0.08264462809917356, "5": 0.024793388429752067, "6": 0.01652892561983471}, "40": {"1": 0.37168141592920356, "2": 0.25663716814159293, "3": 0.168141592920354, "4": 0.17699115044247787, "5": 0.017699115044247787, "6": 0.008849557522123894}, "41": {"1": 0.28695652173913044, "2": 0.3565217391304348, "3": 0.1826086956521739, "4": 0.13043478260869565, "5": 0.034782608695652174, "6": 0.008695652173913044}, "42": {"1": 0.2905982905982906, "2": 0.3418803418803419, "3": 0.24786324786324787, "4": 0.08547008547008547, "5": 0.02564102564102564, "7": 0.008547008547008548}, "43": {"1": 0.38144329896907214, "2": 0.32989690721649484, "3": 0.18556701030927836, "4": 0.08247422680412371, "5": 0.010309278350515464, "6": 0.010309278350515464}, "44": {"1": 0.3411764705882353, "2": 0.29411764705882354, "3": 0.23529411764705882, "4": 0.047058823529411764, "5": 0.07058823529411765, "6": 0.011764705882352941}, "45": {"1": 0.31521739130434784, "2": 0.2717391304347826, "3": 0.1956521739130435, "4": 0.16304347826086957, "5": 0.05434782608695652}, "46": {"1": 0.3026315789473684, "2": 0.3684210526315789, "3": 0.18421052631578946, "4": 0.10526315789473684, "5": 0.02631578947368421, "7": 0.013157894736842105}, "47": {"1": 0.40350877192982454, "2": 0.2631578947368421, "3": 0.14035087719298245, "4": 0.12280701754385964, "5": 0.03508771929824561, "6": 0.03508771929824561}, "48": {"1": 0.29850746268656714,