{"p3": {"0": {"0": 1.0}, "1": {"0": 1.0}, "2": {"0": 1.0}, "3": {"1": 0.2, "2": 0.2, "3": 0.6}, "4": {"1": 0.16666666666666666, "3": 0.3333333333333333, "4": 0.3333333333333333, "5": 0.16666666666666666}, "5": {"1": 0.2, "2": 0.2, "3": 0.2, "4": 0.2, "6": 0.2}, "6": {"1": 0.3333333333333333, "3": 0.16666666666666666, "5": 0.5}, "7": {"1": 0.16666666666666666, "3": 0.3333333333333333, "4": 0.3333333333333333, "5": 0.16666666666666666}, "8": {"2": 0.16666666666666666, "3": 0.3333333333333333, "4": 0.5}, "9": {"4": 0.5, "5": 0.5}, "10": {"2": 0.2, "4": 0.4, "5": 0.4}, "11": {"2": 0.3333333333333333, "3": 0.16666666666666666, "4": 0.3333333333333333, "5": 0.16666666666666666}, "12": {"2": 0.16666666666666666, "3": 0.3333333333333333, "4": 0.5}, "13": {"2": 0.4, "4": 0.2, "5": 0.4}, "14": {"2": 0.4, "3": 0.2, "4": 0.2, "5": 0.2}, "15": {"1": 0.2, "2": 0.2, "5": 0.2, "6": 0.4}, "16": {"2": 0.3333333333333333, "3": 0.16666666666666666, "4": 0.3333333333333333, "5": 0.16666666666666666}, "17": {"2": 0.3333333333333333, "3": 0.3333333333333333, "4": 0.16666666666666666, "6": 0.16666666666666666}, "18": {"2": 0.5, "3": 0.16666666666666666, "4": 0.16666666666666666, "7": 0.16666666666666666}, "19": {"2": 0.5, "3": 0.16666666666666666, "5": 0.16666666666666666, "6": 0.16666666666666666}, "20": {"1": 0.16666666666666666, "2": 0.3333333333333333, "3": 0.16666666666666666, "4": 0.16666666666666666, "8": 0.16666666666666666}, "21": {"2": 0.25, "3": 0.25, "4": 0.5}, "22": {"2": 0.3333333333333333, "3": 0.3333333333333333, "4": 0.16666666666666666, "6": 0.16666666666666666}, "23": {"1": 0.4, "4": 0.6}, "24": {"2": 0.16666666666666666, "3": 0.3333333333333333, "4": 0.5}, "25": {"2": 0.16666666666666666, "3": 0.5, "4": 0.16666666666666666, "5": 0.16666666666666666}, "26": {"2": 0.5, "4": 0.16666666666666666, "5": 0.3333333333333333}, "27": {"1": 0.16666666666666666, "2": 0.16666666666666666, "3": 0.16666666666666666, "4": 0.3333333333333333, "6": 0.16666666666666666}, "28": {"2": 0.16666666666666666, "3": 0.5, "4": 0.16666666666666666, "5": 0.16666666666666666}, "29": {"1": 0.3333333333333333, "4": 0.3333333333333333, "5": 0.3333333333333333}, "30": {"2": 0.2, "3": 0.2, "4": 0.4, "5": 0.2}, "31": {"2": 0.4, "3": 0.4, "6": 0.2}, "32": {"1": 0.16666666666666666, "2": 0.16666666666666666, "3": 0.16666666666666666, "4": 0.16666666666666666, "5": 0.3333333333333333}, "33": {"1": 0.2, "2": 0.4, "5": 0.2, "6": 0.2}, "34": {"1": 0.3333333333333333, "3": 0.3333333333333333, "6": 0.3333333333333333}, "35": {"2": 0.25, "3": 0.5, "5": 0.25}, "36": {"1": 0.4, "3": 0.2, "4": 0.2, "6": 0.2}, "37": {"1": 0.16666666666666666, "2": 0.16666666666666666, "3": 0.3333333333333333, "5": 0.16666666666666666, "6": 0.16666666666666666}, "38": {"1": 0.16666666666666666, "2": 0.16666666666666666, "4": 0.5, "5": 0.16666666666666666}, "39": {"1": 0.16666666666666666, "2": 0.3333333333333333, "4": 0.16666666666666666, "5": 0.16666666666666666, "6": 0.16666666666666666}, "40": {"1": 0.16666666666666666, "2": 0.16666666666666666, "3": 0.16666666666666666, "4": 0.16666666666666666, "5": 0.3333333333333333}, "41": {"2": 0.16666666666666666, "3": 0.5, "4": 0.16666666666666666, "5": 0.16666666666666666}, "42": {"1": 0.16666666666666666, "2": 0.3333333333333333, "4": 0.16666666666666666, "5": 0.16666666666666666, "6": 0.16666666666666666}, "43": {"2": 0.3333333333333333, "4": 0.6666666666666666}, "44": {"2": 0.2, "4": 0.4, "5": 0.4}, "45": {"1": 0.16666666666666666, "3": 0.3333333333333333, "4": 0.3333333333333333, "5": 0.16666666666666666}, "46": {"2": 0.3333333333333333, "3": 0.16666666666666666, "4": 0.3333333333333333, "5": 0.16666666666666666}, "47": {"2": 0.16666666666666666, "3": 0.5, "4": 0.16666666666666666, "5": 0.16666666666666666}, "48": {"2": 0.3333333333333333, "3": 0.3333333333333333, "4": 0.16666666666666666, "6": 0.16666666666666666}, "49": {"1": 0.16666666666666666, "2": 0.3333333333333333, "3": 0.16666666666666666, "6": 0.3333333333333333}, "50": {"2": 0.16666666666666666, "3": 0.3333333333333333, "4": 0.5}, "51": {"1": 0.16666666666666666, "2": 0.16666666666666666, "3": 0.16666666666666666, "4": 0.16666666666666666, "5": 0.3333333333333333}, "52": {"1": 0.16666666666666666, "2": 0.16666666666666666, "3": 0.3333333333333333, "5": 0.16666666666666666, "6": 0.16666666666666666}, "53": {"2": 0.5, "3": 0.16666666666666666, "5": 0.16666666666666666, "6": 0.16666666666666666}, "54": {"1": 0.16666666666666666, "3": 0.16666666666666666, "4": 0.6666666666666666}, "55": {"2": 0.3333333333333333, "3": 0.3333333333333333, "5": 0.3333333333333333}, "56": {"2": 0.16666666666666666, "3": 0.5, "4": 0.16666666666666666, "5": 0.16666666666666666}, "57": {"2": 0.3333333333333333, "3": 0.3333333333333333, "5": 0.3333333333333333}, "58": {"2": 0.16666666666666666, "3": 0.5, "4": 0.16666666666666666, "5": 0.16666666666666666}, "59": {"1": 0.16666666666666666, "3": 0.3333333333333333, "4": 0.3333333333333333, "5": 0.16666666666666666}, "60": {"2": 0.3333333333333333, "3": 0.3333333333333333, "4": 0.16666666666666666, "6": 0.16666666666666666}, "61": {"1": 0.16666666666666666, "2": 0.5, "5": 0.16666666666666666, "8": 0.16666666666666666}, "62": {"1": 0.16666666666666666, "2": 0.16666666666666666, "3": 0.16666666666666666, "4": 0.3333333333333333, "6": 0.16666666666666666}, "63": {"2": 0.16666666666666666, "3": 0.5, "4": 0.16666666666666666, "5": 0.16666666666666666}, "64": {"2": 0.3333333333333333, "3": 0.16666666666666666, "4": 0.3333333333333333, "5": 0.16666666666666666}, "65": {"1": 0.3333333333333333, "2": 0.3333333333333333, "7": 0.3333333333333333}, "66": {"2": 0.16666666666666666, "3": 0.3333333333333333, "4": 0.5}, "67": {"1": 0.3333333333333333, "3": 0.3333333333333333, "5": 0.16666666666666666, "7": 0.16666666666666666}, "68": {"2": 0.3333333333333333, "3": 0.16666666666666666, "4": 0.3333333333333333, "5": 0.16666666666666666}, "69": {"1": 0.3333333333333333, "4": 0.5, "6": 0.16666666666666666}, "70": {"1": 0.16666666666666666, "3": 0.5, "4": 0.16666666666666666, "6": 0.16666666666666666}, "71": {"0": 1.0}, "72": {"0": 1.0}, "73": {"0": 1.0}, "74": {"0": 1.0}, "75": {"0": 1.0}, "76": {"0": 1.0}, "77": {"0": 1.0}, "78": {"0": 1.0}, "79": {"0": 1.0}, "80": {"0": 1.0}, "81": {"0": 1.0}, "82": {"0": 1.0}, "83": {"0": 1.0}, "84": {"0": 1.0}, "85": {"0": 1.0}, "86": {"0": 1.0}, "87": {"0": 1.0}, "88": {"0": 1.0}, "89": {"0": 1.0}, "90": {"0": 1.0}, "91": {"0": 1.0}, "92": {"0": 1.0}, "93": {"0": 1.0}, "94": {"0": 1.0}, "95": {"0": 1.0}, "96": {"0": 1.0}, "97": {"0": 1.0}, "98": {"0": 1.0}, "99": {"0": 1.0}, "100": {"0": 1.0}, "101": {"0": 1.0}, "102": {"0": 1.0}, "103": {"0": 1.0}, "104": {"4": 1.0}, "105": {"1": 1.0}, "106": {"1": 0.25, "2": 0.25, "3": 0.25, "6": 0.25}, "107": {"0": 1.0}, "108": {"3": 0.75, "4": 0.25}, "109": {"1": 0.4, "4": 0.4, "5": 0.2}, "110": {"0": 1.0}, "111": {"1": 0.3333333333333333, "2": 0.16666666666666666, "3": 0.16666666666666666, "6": 0.16666666666666666, "7": 0.16666666666666666}, "112": {"2": 0.3333333333333333, "4": 0.6666666666666666}, "113": {"1": 0.16666666666666666, "2": 0.16666666666666666, "3": 0.3333333333333333, "5": 0.16666666666666666, "6": 0.16666666666666666}, "114": {"1": 0.16666666666666666, "2": 0.16666666666666666, "4": 0.5, "5": 0.16666666666666666}, "115": {"2": 0.16666666666666666, "3": 0.3333333333333333, "4": 0.5}, "116": {"2": 0.3333333333333333, "3": 0.16666666666666666, "4": 0.3333333333333333, "5": 0.16666666666666666}, "117": {"2": 0.16666666666666666, "3": 0.5, "4": 0.16666666666666666, "5": 0.16666666666666666}, "118": {"1": 0.16666666666666666, "2": 0.16666666666666666, "3": 0.16666666666666666, "4": 0.16666666666666666, "5": 0.3333333333333333}, "119": {"2": 0.16666666666666666, "3": 0.5, "4": 0.16666666666666666, "5": 0.16666666666666666}, "120": {"2": 0.3333333333333333, "4": 0.6666666666666666}, "121": {"2": 0.3333333333333333, "3": 0.3333333333333333, "4": 0.16666666666666666, "6": 0.16666666666666666}, "122": {"1": 0.25, "2": 0.5,