{"p3": {"0": {"0": 1.0}, "1": {"0": 1.0}, "2": {"0": 1.0}, "3": {"3": 1.0}, "4": {"0": 1.0}, "5": {"4": 0.5, "6": 0.5}, "6": {"3": 0.5, "5": 0.5}, "7": {"2": 0.3333333333333333, "3": 0.3333333333333333, "5": 0.3333333333333333}, "8": {"0": 1.0}, "9": {"3": 0.5, "4": 0.5}, "10": {"3": 0.3333333333333333, "4": 0.6666666666666666}, "11": {"1": 0.3333333333333333, "4": 0.3333333333333333, "5": 0.3333333333333333}, "12": {"2": 0.3333333333333333, "3": 0.3333333333333333, "4": 0.3333333333333333}, "13": {"1": 0.3333333333333333, "2": 0.3333333333333333, "6": 0.3333333333333333}, "14": {"3": 0.5, "5": 0.5}, "15": {"2": 0.3333333333333333, "4": 0.6666666666666666}, "16": {"2": 0.6666666666666666, "5": 0.3333333333333333}, "17": {"4": 1.0}, "18": {"1": 0.25, "2": 0.25, "4": 0.25, "6": 0.25}, "19": {"2": 0.3333333333333333, "4": 0.3333333333333333, "6": 0.3333333333333333}, "20": {"1": 0.3333333333333333, "5": 0.6666666666666666}, "21": {"2": 0.3333333333333333, "4": 0.6666666666666666}, "22": {"3": 1.0}, "23": {"3": 0.6666666666666666, "4": 0.3333333333333333}, "24": {"2": 0.5, "5": 0.5}, "25": {"2": 0.3333333333333333, "3": 0.3333333333333333, "4": 0.3333333333333333}, "26": {"2": 0.3333333333333333, "3": 0.3333333333333333, "4": 0.3333333333333333}, "27": {"2": 0.3333333333333333, "5": 0.3333333333333333, "8": 0.3333333333333333}, "28": {"2": 0.3333333333333333, "3": 0.3333333333333333, "5": 0.3333333333333333}, "29": {"3": 0.5, "5": 0.5}, "30": {"1": 0.5, "6": 0.5}, "31": {"4": 1.0}, "32": {"2": 0.5, "6": 0.5}, "33": {"3": 0.3333333333333333, "4": 0.3333333333333333, "5": 0.3333333333333333}, "34": {"0": 1.0}, "35": {"0": 1.0}, "36": {"0": 1.0}, "37": {"0": 1.0}, "38": {"0": 1.0}, "39": {"0": 1.0}, "40": {"0": 1.0}, "41": {"0": 1.0}, "42": {"0": 1.0}, "43": {"0": 1.0}, "44": {"0": 1.0}, "45": {"0": 1.0}, "46": {"0": 1.0}, "47": {"0": 1.0}, "48": {"0": 1.0}, "49": {"0": 1.0}, "50": {"0": 1.0}, "51": {"0": 1.0}, "52": {"0": 1.0}, "53": {"0": 1.0}, "54": {"0": 1.0}, "55": {"1": 0.3333333333333333, "3": 0.3333333333333333, "7": 0.3333333333333333}, "56": {"1": 0.3333333333333333, "5": 0.6666666666666666}, "57": {"1": 0.3333333333333333, "3": 0.3333333333333333, "5": 0.3333333333333333}, "58": {"3": 0.6666666666666666, "6": 0.3333333333333333}, "59": {"3": 0.6666666666666666, "6": 0.3333333333333333}, "60": {"1": 0.3333333333333333, "3": 0.3333333333333333, "9": 0.3333333333333333}, "61": {"3": 0.6666666666666666, "5": 0.3333333333333333}, "62": {"4": 1.0}, "63": {"2": 0.3333333333333333, "3": 0.3333333333333333, "4": 0.3333333333333333}, "64": {"1": 0.3333333333333333, "3": 0.3333333333333333, "5": 0.3333333333333333}, "65": {"1": 0.5, "6": 0.5}, "66": {"0": 1.0}, "67": {"2": 1.0}, "68": {"0": 1.0}, "69": {"0": 1.0}, "70": {"3": 0.5, "5": 0.5}, "71": {"1": 0.3333333333333333, "3": 0.3333333333333333, "5": 0.3333333333333333}}, "p0": {"0": {"0": 1.0}, "1": {"0": 1.0}, "2": {"0": 1.0}, "3": {"0": 1.0}, "4": {"0": 1.0}, "5": {"0": 1.0}, "6": {"0": 1.0}, "7": {"0": 1.0}, "8": {"0": 1.0}, "9": {"0": 1.0}, "10": {"0": 1.0}, "11": {"0": 1.0}, "12": {"0": 1.0}, "13": {"0": 1.0}, "14": {"0": 1.0}, "15": {"0": 1.0}, "16": {"0": 1.0}, "17": {"0": 1.0}, "18": {"0": 1.0}, "19": {"0": 1.0}, "20": {"0": 1.0}, "21": {"0": 1.0}, "22": {"0": 1.0}, "23": {"0": 1.0}, "24": {"0": 1.0}, "25": {"0": 1.0}, "26": {"0": 1.0}, "27": {"0": 1.0}, "28": {"0": 1.0}, "29": {"0": 1.0}, "30": {"0": 1.0}, "31": {"0": 1.0}, "32": {"0": 1.0}, "33": {"0": 1.0}, "34": {"0": 1.0}, "35": {"0": 1.0}, "36": {"0": 1.0}, "37": {"0": 1.0}, "38": {"0": 1.0}, "39": {"0": 1.0}, "40": {"0": 1.0}, "41": {"0": 1.0}, "42": {"0": 1.0}, "43": {"0": 1.0}, "44": {"0": 1.0}, "45": {"0": 1.0}, "46": {"0": 1.0}, "47": {"0": 1.0}, "48": {"0": 1.0}, "49": {"0": 1.0}, "50": {"0": 1.0}, "51": {"0": 1.0}, "52": {"0": 1.0}, "53": {"0": 1.0}, "54": {"0": 1.0}, "55": {"0": 1.0}, "56": {"0": 1.0}, "57": {"0": 1.0}, "58": {"0": 1.0}, "59": {"0": 1.0}, "60": {"0": 1.0}, "61": {"0": 1.0}, "62": {"0": 1.0}, "63": {"0": 1.0}, "64": {"0": 1.0}, "65": {"0": 1.0}, "66": {"0": 1.0}, "67": {"0": 1.0}, "68": {"0": 1.0}, "69": {"0": 1.0}, "70": {"0": 1.0}, "71": {"0": 1.0}}, "p2": {"0": {"0": 1.0}, "1": {"0": 1.0}, "2": {"0": 1.0}, "3": {"0": 1.0}, "4": {"0": 1.0}, "5": {"0": 1.0}, "6": {"0": 1.0}, "7": {"0": 1.0}, "8": {"0": 1.0}, "9": {"0": 1.0}, "10": {"0": 1.0}, "11": {"0": 1.0}, "12": {"0": 1.0}, "13": {"0": 1.0}, "14": {"0": 1.0}, "15": {"0": 1.0}, "16": {"0": 1.0}, "17": {"0": 1.0}, "18": {"0": 1.0}, "19": {"0": 1.0}, "20": {"0": 1.0}, "21": {"0": 1.0}, "22": {"0": 1.0}, "23": {"0": 1.0}, "24": {"0": 1.0}, "25": {"0": 1.0}, "26": {"0": 1.0}, "27": {"0": 1.0}, "28": {"0": 1.0}, "29": {"0": 1.0}, "30": {"0": 1.0}, "31": {"0": 1.0}, "32": {"0": 1.0}, "33": {"0": 1.0}, "34": {"0": 1.0}, "35": {"0": 1.0}, "36": {"0": 1.0}, "37": {"0": 1.0}, "38": {"0": 1.0}, "39": {"0": 1.0}, "40": {"0": 1.0}, "41": {"0": 1.0}, "42": {"0": 1.0}, "43": {"0": 1.0}, "44": {"0": 1.0}, "45": {"0": 1.0}, "46": {"0": 1.0}, "47": {"0": 1.0}, "48": {"0": 1.0}, "49": {"0": 1.0}, "50": {"0": 1.0}, "51": {"0": 1.0}, "52": {"0": 1.0}, "53": {"0": 1.0}, "54": {"0": 1.0}, "55": {"0": 1.0}, "56": {"0": 1.0}, "57": {"0": 1.0}, "58": {"0": 1.0}, "59": {"0": 1.0}, "60": {"0": 1.0}, "61": {"0": 1.0}, "62": {"0": 1.0}, "63": {"0": 1.0}, "64": {"0": 1.0}, "65": {"0": 1.0}, "66": {"0": 1.0}, "67": {"0": 1.0}, "68": {"0": 1.0}, "69": {"0": 1.0}, "70": {"0": 1.0}, "71": {"0": 1.0}}, "p1": {"0": {"0": 1.0}, "1": {"0": 1.0}, "2": {"0": 1.0}, "3": {"0": 1.0}, "4": {"0": 1.0}, "5": {"0": 1.0}, "6": {"0": 1.0}, "7": {"0": 1.0}, "8": {"0": 1.0}, "9": {"0": 1.0}, "10": {"0": 1.0}, "11": {"0": 1.0}, "12": {"0": 1.0}, "13": {"0": 1.0}, "14": {"0": 1.0}, "15": {"0": 1.0}, "16": {"0": 1.0}, "17": {"0": 1.0}, "18": {"0": 1.0}, "19": {"0": 1.0}, "20": {"0": 1.0}, "21": {"0": 1.0}, "22": {"0": 1.0}, "23": {"0": 1.0}, "24": {"0": 1.0}, "25": {"0": 1.0}, "26": {"0": 1.0}, "27": {"0": 1.0}, "28": {"0": 1.0}, "29": {"0": 1.0}, "30": {"0": 1.0}, "31": {"0": 1.0}, "32": {"0": 1.0}, "33": {"0": 1.0}, "34": {"0": 1.0}, "35": {"0": 1.0}, "36": {"0": 1.0}, "37": {"0": 1.0}, "38": {"0": 1.0}, "39": {"0": 1.0}, "40": {"0": 1.0}, "41": {"0": 1.0}, "42": {"0": 1.0}, "43": {"0": 1.0}, "44": {"0": 1.0}, "45": {"0": 1.0}, "46": {"0": 1.0}, "47": {"0": 1.0}, "48": {"0": 1.0}, "49": {"0": 1.0}, "50": {"0": 1.0}, "51": {"0": 1.0}, "52": {"0": 1.0}, "53": {"0": 1.0}, "54": {"0": 1.0}, "55": {"0": 1.0}, "56": {"0": 1.0}, "57": {"0": 1.0}, "58": {"0": 1.0}, "59": {"0": 1.0}, "60": {"0": 1.0}, "61": {"0": 1.0}, "62": {"0": 1.0}, "63": {"0": 1.0}, "64": {"0": 1.0}, "65": {"0": 1.0}, "66": {"0": 1.0}, "67": {"0": 1.0}, "68": {"0": 1.0}, "69": {"0": 1.0}, "70": {"0": 1.0}, "71": {"0": 1.0}}}