{"p5": {"0": {"0": 1.0}, "1": {"0": 1.0}, "2": {"0": 1.0}, "3": {"0": 1.0}, "4": {"0": 1.0}, "5": {"1": 0.16666666666666666, "2": 0.16666666666666666, "4": 0.5, "5": 0.16666666666666666}, "6": {"1": 0.14285714285714285, "2": 0.14285714285714285, "3": 0.42857142857142855, "4": 0.2857142857142857}, "7": {"1": 0.14285714285714285, "2": 0.2857142857142857, "3": 0.14285714285714285, "4": 0.42857142857142855}, "8": {"1": 0.16666666666666666, "2": 0.16666666666666666, "3": 0.3333333333333333, "5": 0.16666666666666666, "6": 0.16666666666666666}, "9": {"1": 0.2857142857142857, "2": 0.14285714285714285, "3": 0.14285714285714285, "4": 0.2857142857142857, "5": 0.14285714285714285}, "10": {"2": 0.3333333333333333, "3": 0.16666666666666666, "4": 0.5}, "11": {"1": 0.2857142857142857, "2": 0.14285714285714285, "3": 0.14285714285714285, "4": 0.2857142857142857, "5": 0.14285714285714285}, "12": {"1": 0.16666666666666666, "2": 0.5, "4": 0.16666666666666666, "5": 0.16666666666666666}, "13": {"2": 0.42857142857142855, "3": 0.2857142857142857, "4": 0.2857142857142857}, "14": {"1": 0.2857142857142857, "2": 0.2857142857142857, "4": 0.14285714285714285, "5": 0.2857142857142857}, "15": {"1": 0.2857142857142857, "2": 0.14285714285714285, "3": 0.14285714285714285, "4": 0.2857142857142857, "5": 0.14285714285714285}, "16": {"1": 0.14285714285714285, "2": 0.2857142857142857, "3": 0.2857142857142857, "4": 0.14285714285714285, "5": 0.14285714285714285}, "17": {"2": 0.2, "3": 0.2, "4": 0.4, "7": 0.2}, "18": {"1": 0.14285714285714285, "2": 0.42857142857142855, "4": 0.2857142857142857, "5": 0.14285714285714285}, "19": {"2": 0.2857142857142857, "3": 0.5714285714285714, "4": 0.14285714285714285}, "20": {"1": 0.14285714285714285, "2": 0.42857142857142855, "3": 0.14285714285714285, "4": 0.14285714285714285, "6": 0.14285714285714285}, "21": {"1": 0.16666666666666666, "3": 0.5, "4": 0.16666666666666666, "6": 0.16666666666666666}, "22": {"2": 0.2857142857142857, "3": 0.5714285714285714, "4": 0.14285714285714285}, "23": {"1": 0.14285714285714285, "2": 0.14285714285714285, "3": 0.5714285714285714, "5": 0.14285714285714285}, "24": {"1": 0.2857142857142857, "3": 0.42857142857142855, "4": 0.14285714285714285, "5": 0.14285714285714285}, "25": {"1": 0.2, "3": 0.2, "4": 0.2, "6": 0.4}, "26": {"1": 0.14285714285714285, "2": 0.2857142857142857, "3": 0.2857142857142857, "4": 0.14285714285714285, "5": 0.14285714285714285}, "27": {"1": 0.16666666666666666, "2": 0.16666666666666666, "3": 0.16666666666666666, "4": 0.3333333333333333, "6": 0.16666666666666666}, "28": {"1": 0.16666666666666666, "2": 0.3333333333333333, "4": 0.16666666666666666, "5": 0.16666666666666666, "6": 0.16666666666666666}, "29": {"1": 0.16666666666666666, "2": 0.16666666666666666, "4": 0.5, "5": 0.16666666666666666}, "30": {"1": 0.42857142857142855, "3": 0.2857142857142857, "5": 0.14285714285714285, "6": 0.14285714285714285}, "31": {"1": 0.2857142857142857, "2": 0.14285714285714285, "3": 0.2857142857142857, "5": 0.2857142857142857}, "32": {"1": 0.14285714285714285, "2": 0.2857142857142857, "3": 0.14285714285714285, "4": 0.42857142857142855}, "33": {"1": 0.14285714285714285, "2": 0.42857142857142855, "4": 0.2857142857142857, "5": 0.14285714285714285}, "34": {"1": 0.16666666666666666, "2": 0.16666666666666666, "3": 0.16666666666666666, "4": 0.16666666666666666, "5": 0.3333333333333333}, "35": {"1": 0.14285714285714285, "2": 0.14285714285714285, "3": 0.42857142857142855, "4": 0.2857142857142857}, "36": {"2": 0.3333333333333333, "4": 0.6666666666666666}, "37": {"1": 0.3333333333333333, "3": 0.5, "4": 0.16666666666666666}, "38": {"2": 0.16666666666666666, "3": 0.3333333333333333, "4": 0.5}, "39": {"1": 0.2857142857142857, "2": 0.2857142857142857, "4": 0.2857142857142857, "6": 0.14285714285714285}, "40": {"1": 0.2857142857142857, "2": 0.14285714285714285, "3": 0.14285714285714285, "4": 0.2857142857142857, "5": 0.14285714285714285}, "41": {"1": 0.3333333333333333, "2": 0.5, "5": 0.16666666666666666}, "42": {"1": 0.2, "3": 0.2, "4": 0.4, "5": 0.2}, "43": {"2": 0.2, "3": 0.4, "4": 0.4}, "44": {"1": 0.2857142857142857, "2": 0.14285714285714285, "3": 0.2857142857142857, "5": 0.2857142857142857}, "45": {"1": 0.3333333333333333, "3": 0.16666666666666666, "4": 0.3333333333333333, "7": 0.16666666666666666}, "46": {"0": 1.0}, "47": {"0": 1.0}, "48": {"0": 1.0}, "49": {"0": 1.0}, "50": {"0": 1.0}, "51": {"0": 1.0}, "52": {"0": 1.0}, "53": {"0": 1.0}, "54": {"0": 1.0}, "55": {"0": 1.0}, "56": {"0": 1.0}, "57": {"0": 1.0}, "58": {"0": 1.0}, "59": {"0": 1.0}, "60": {"0": 1.0}, "61": {"0": 1.0}, "62": {"0": 1.0}, "63": {"0": 1.0}, "64": {"0": 1.0}, "65": {"0": 1.0}, "66": {"0": 1.0}, "67": {"0": 1.0}, "68": {"2": 0.3333333333333333, "3": 0.6666666666666666}, "69": {"1": 0.3333333333333333, "3": 0.3333333333333333, "4": 0.3333333333333333}, "70": {"1": 0.2, "2": 0.2, "3": 0.6}, "71": {"1": 0.14285714285714285, "2": 0.2857142857142857, "3": 0.14285714285714285, "4": 0.42857142857142855}, "72": {"1": 0.25, "2": 0.25, "4": 0.25, "5": 0.25}, "73": {"2": 0.2857142857142857, "3": 0.5714285714285714, "4": 0.14285714285714285}, "74": {"1": 0.14285714285714285, "2": 0.42857142857142855, "3": 0.14285714285714285, "4": 0.14285714285714285, "6": 0.14285714285714285}, "75": {"3": 0.5, "4": 0.5}, "76": {"1": 0.5, "2": 0.25, "5": 0.25}, "77": {"2": 0.3333333333333333, "5": 0.3333333333333333, "6": 0.3333333333333333}, "78": {"2": 0.2, "3": 0.4, "5": 0.2, "7": 0.2}, "79": {"1": 0.2857142857142857, "2": 0.2857142857142857, "3": 0.14285714285714285, "5": 0.14285714285714285, "6": 0.14285714285714285}, "80": {"1": 0.16666666666666666, "2": 0.5, "4": 0.3333333333333333}, "81": {"1": 0.2857142857142857, "2": 0.14285714285714285, "3": 0.14285714285714285, "4": 0.2857142857142857, "5": 0.14285714285714285}, "82": {"1": 0.14285714285714285, "2": 0.42857142857142855, "3": 0.14285714285714285, "5": 0.2857142857142857}, "83": {"2": 0.3333333333333333, "3": 0.16666666666666666, "4": 0.3333333333333333, "5": 0.16666666666666666}, "84": {"1": 0.14285714285714285, "2": 0.14285714285714285, "3": 0.42857142857142855, "4": 0.2857142857142857}, "85": {"1": 0.16666666666666666, "2": 0.16666666666666666, "3": 0.16666666666666666, "4": 0.16666666666666666, "5": 0.3333333333333333}, "86": {"3": 0.4, "4": 0.2, "5": 0.4}, "87": {"2": 0.16666666666666666, "3": 0.5, "4": 0.16666666666666666, "5": 0.16666666666666666}, "88": {"2": 0.16666666666666666, "3": 0.3333333333333333, "4": 0.5}, "89": {"1": 0.16666666666666666, "2": 0.16666666666666666, "3": 0.16666666666666666, "4": 0.3333333333333333, "6": 0.16666666666666666}, "90": {"1": 0.2857142857142857, "2": 0.14285714285714285, "3": 0.14285714285714285, "4": 0.2857142857142857, "5": 0.14285714285714285}, "91": {"1": 0.14285714285714285, "2": 0.2857142857142857, "3": 0.14285714285714285, "4": 0.42857142857142855}, "92": {"2": 0.6666666666666666, "6": 0.3333333333333333}, "93": {"1": 0.3333333333333333, "2": 0.16666666666666666, "3": 0.16666666666666666, "4": 0.3333333333333333}, "94": {"1": 0.3333333333333333, "3": 0.3333333333333333, "4": 0.3333333333333333}, "95": {"1": 0.25, "2": 0.25, "3": 0.25, "4": 0.25}, "96": {"1": 0.25, "3": 0.25, "4": 0.5}, "97": {"2": 1.0}, "98": {"1": 1.0}, "99": {"0": 1.0}}, "p0": {"0": {"0": 1.0}, "1": {"0": 1.0}, "2": {"0": 1.0}, "3": {"0": 1.0}, "4": {"0": 1.0}, "5": {"0": 1.0}, "6": {"0": 1.0}, "7": {"0": 1.0}, "8": {"0": 1.0}, "9": {"0": 1.0}, "10": {"0": 1.0}, "11": {"0": 1.0}, "12": {"0": 1.0}, "13": {"0": 1.0}, "14": {"0": 1.0}, "15": {"0": 1.0}, "16": {"0": 1.0}, "17": {"0": 1.0}, "18": {"0": 1.0}, "19": {"0": 1.0}, "20": {"0": 1.0}, "21": {"0": 1.0}, "22": {"0": 1.0}, "23": {"0": 1.0}, "24": {"0": 1.0}, "25": {"0": 1.0}, "26": {"0": 1.0}, "27": {"0": 1.0}, "28": {"0": 1.0}, "29": {"0": 1.0}, "30": {"0": 1.0}, "31": {"0": 1.0}, "32": {"0": 1.0}, "33": {"0": 1.0}, "34": {"0": 1.0}, "35": {"0": 1.0}, "36": {"0": 1.0}, "37": {"0": 1.0}, "38": {"0": 1.0}, "39": {"0": 1.0}, "40": {"0": 1.0}, "41": {"0": 1.0},