{"p5": {"0": {"0": 1.0}, "1": {"0": 1.0}, "2": {"0": 1.0}, "3": {"0": 1.0}, "4": {"0": 1.0}, "5": {"1": 0.42857142857142855, "2": 0.42857142857142855, "4": 0.14285714285714285}, "6": {"1": 0.7, "2": 0.3}, "7": {"1": 0.375, "2": 0.375, "3": 0.25}, "8": {"1": 0.4444444444444444, "2": 0.3333333333333333, "3": 0.2222222222222222}, "9": {"1": 0.75, "3": 0.25}, "10": {"1": 0.5, "2": 0.3333333333333333, "3": 0.16666666666666666}, "11": {"1": 0.6666666666666666, "2": 0.3333333333333333}, "12": {"1": 0.14285714285714285, "2": 0.7142857142857143, "3": 0.14285714285714285}, "13": {"1": 0.3333333333333333, "3": 0.3333333333333333, "4": 0.3333333333333333}, "14": {"1": 0.3333333333333333, "2": 0.16666666666666666, "3": 0.3333333333333333, "4": 0.16666666666666666}, "15": {"0": 1.0}, "16": {"1": 0.25, "2": 0.5, "3": 0.25}, "17": {"1": 0.6666666666666666, "2": 0.3333333333333333}, "18": {"1": 0.4, "2": 0.2, "3": 0.4}, "19": {"2": 0.5, "3": 0.5}, "20": {"1": 0.5555555555555556, "2": 0.3333333333333333, "3": 0.1111111111111111}, "21": {"1": 0.25, "2": 0.25, "3": 0.5}, "22": {"3": 1.0}, "23": {"1": 0.42857142857142855, "2": 0.14285714285714285, "3": 0.2857142857142857, "4": 0.14285714285714285}, "24": {"1": 0.6, "3": 0.2, "4": 0.2}, "25": {"1": 0.3333333333333333, "3": 0.3333333333333333, "4": 0.3333333333333333}, "26": {"1": 0.3333333333333333, "2": 0.3333333333333333, "3": 0.3333333333333333}, "27": {"1": 0.4444444444444444, "2": 0.3333333333333333, "3": 0.2222222222222222}, "28": {"0": 1.0}, "29": {"0": 1.0}, "30": {"0": 1.0}, "31": {"0": 1.0}, "32": {"0": 1.0}, "33": {"0": 1.0}, "34": {"0": 1.0}, "35": {"0": 1.0}, "36": {"0": 1.0}, "37": {"0": 1.0}, "38": {"1": 0.25, "2": 0.5, "5": 0.25}, "39": {"1": 0.3333333333333333, "3": 0.6666666666666666}, "40": {"1": 0.4444444444444444, "2": 0.3333333333333333, "3": 0.1111111111111111, "4": 0.1111111111111111}, "41": {"1": 0.5, "2": 0.3, "4": 0.1, "5": 0.1}, "42": {"1": 0.5384615384615384, "2": 0.38461538461538464, "3": 0.07692307692307693}, "43": {"1": 0.5, "3": 0.25, "4": 0.25}, "44": {"1": 0.36363636363636365, "2": 0.5454545454545454, "4": 0.09090909090909091}, "45": {"1": 1.0}, "46": {"1": 0.42857142857142855, "2": 0.2857142857142857, "3": 0.2857142857142857}, "47": {"1": 0.5714285714285714, "2": 0.14285714285714285, "3": 0.2857142857142857}, "48": {"1": 0.42857142857142855, "2": 0.42857142857142855, "4": 0.14285714285714285}, "49": {"1": 0.45454545454545453, "2": 0.36363636363636365, "3": 0.18181818181818182}, "50": {"1": 0.36363636363636365, "2": 0.45454545454545453, "3": 0.18181818181818182}, "51": {"1": 0.5714285714285714, "2": 0.14285714285714285, "3": 0.14285714285714285, "4": 0.14285714285714285}, "52": {"1": 0.3333333333333333, "2": 0.3333333333333333, "3": 0.3333333333333333}, "53": {"1": 0.4, "2": 0.6}, "54": {"1": 0.3333333333333333, "2": 0.6666666666666666}, "55": {"1": 0.3333333333333333, "2": 0.3333333333333333, "3": 0.3333333333333333}, "56": {"2": 0.5, "3": 0.5}, "57": {"1": 0.375, "2": 0.25, "3": 0.25, "5": 0.125}, "58": {"1": 0.75, "2": 0.25}, "59": {"2": 0.5, "4": 0.5}, "60": {"0": 1.0}, "61": {"1": 1.0}, "62": {"0": 1.0}, "63": {"0": 1.0}, "64": {"0": 1.0}, "65": {"0": 1.0}, "66": {"1": 0.5, "2": 0.25, "3": 0.25}, "67": {"0": 1.0}, "68": {"1": 0.5, "2": 0.3333333333333333, "4": 0.16666666666666666}, "69": {"1": 0.2, "2": 0.4, "3": 0.4}, "70": {"1": 0.5, "2": 0.3333333333333333, "3": 0.16666666666666666}, "71": {"1": 0.25, "2": 0.25, "3": 0.5}, "72": {"1": 0.16666666666666666, "2": 0.8333333333333334}, "73": {"1": 0.375, "2": 0.375, "4": 0.25}, "74": {"1": 0.5714285714285714, "2": 0.2857142857142857, "5": 0.14285714285714285}, "75": {"2": 0.75, "3": 0.25}, "76": {"1": 0.3333333333333333, "2": 0.3333333333333333, "3": 0.3333333333333333}, "77": {"1": 0.5, "2": 0.375, "3": 0.125}, "78": {"1": 0.4, "2": 0.2, "3": 0.4}, "79": {"1": 0.36363636363636365, "2": 0.45454545454545453, "3": 0.18181818181818182}, "80": {"1": 0.3333333333333333, "2": 0.5555555555555556, "3": 0.1111111111111111}, "81": {"1": 0.3333333333333333, "2": 0.3333333333333333, "3": 0.16666666666666666, "4": 0.16666666666666666}, "82": {"1": 0.5, "3": 0.25, "4": 0.25}, "83": {"1": 0.4, "2": 0.4, "3": 0.2}, "84": {"1": 0.5, "2": 0.3333333333333333, "3": 0.16666666666666666}, "85": {"1": 0.6666666666666666, "2": 0.16666666666666666, "4": 0.16666666666666666}, "86": {"1": 0.2, "2": 0.6, "3": 0.2}, "87": {"1": 0.5, "2": 0.16666666666666666, "3": 0.3333333333333333}, "88": {"0": 1.0}, "89": {"1": 0.5714285714285714, "2": 0.14285714285714285, "3": 0.2857142857142857}, "90": {"1": 0.5, "2": 0.25, "3": 0.25}, "91": {"1": 0.75, "2": 0.25}, "92": {"0": 1.0}, "93": {"0": 1.0}, "94": {"2": 1.0}, "95": {"1": 0.5, "2": 0.5}, "96": {"0": 1.0}, "97": {"1": 0.25, "2": 0.25, "3": 0.5}, "98": {"1": 0.5, "2": 0.3333333333333333, "3": 0.16666666666666666}, "99": {"1": 0.3333333333333333, "2": 0.3333333333333333, "4": 0.3333333333333333}, "100": {"1": 0.3, "2": 0.5, "3": 0.1, "4": 0.1}, "101": {"1": 0.375, "2": 0.5, "3": 0.125}, "102": {"1": 0.5, "3": 0.5}, "103": {"1": 0.6, "2": 0.2, "3": 0.2}, "104": {"1": 0.3333333333333333, "2": 0.5, "3": 0.16666666666666666}, "105": {"1": 0.3333333333333333, "3": 0.3333333333333333, "4": 0.3333333333333333}, "106": {"1": 0.4, "2": 0.3, "3": 0.2, "4": 0.1}, "107": {"1": 0.5555555555555556, "3": 0.2222222222222222, "4": 0.1111111111111111, "5": 0.1111111111111111}, "108": {"1": 0.14285714285714285, "2": 0.14285714285714285, "3": 0.42857142857142855, "4": 0.2857142857142857}, "109": {"2": 0.5, "3": 0.5}, "110": {"1": 0.5, "2": 0.25, "4": 0.25}, "111": {"1": 0.42857142857142855, "2": 0.2857142857142857, "3": 0.14285714285714285, "4": 0.14285714285714285}, "112": {"1": 0.6, "3": 0.2, "4": 0.2}, "113": {"1": 0.5, "2": 0.2, "3": 0.2, "5": 0.1}, "114": {"1": 0.3333333333333333, "2": 0.6666666666666666}, "115": {"1": 0.25, "2": 0.25, "3": 0.25, "4": 0.25}, "116": {"1": 0.5, "2": 0.3333333333333333, "3": 0.16666666666666666}, "117": {"1": 0.5, "2": 0.5}, "118": {"1": 0.5, "2": 0.25, "3": 0.25}, "119": {"1": 1.0}, "120": {"1": 0.4, "2": 0.4, "4": 0.2}, "121": {"1": 0.25, "2": 0.5, "5": 0.25}, "122": {"0": 1.0}, "123": {"0": 1.0}, "124": {"0": 1.0}, "125": {"0": 1.0}, "126": {"1": 0.3333333333333333, "2": 0.3333333333333333, "3": 0.3333333333333333}, "127": {"1": 0.6666666666666666, "2": 0.3333333333333333}, "128": {"1": 0.3333333333333333, "2": 0.3333333333333333, "3": 0.2222222222222222, "5": 0.1111111111111111}, "129": {"1": 0.4, "2": 0.2, "3": 0.2, "4": 0.2}, "130": {"1": 0.5, "2": 0.5}, "131": {"1": 0.42857142857142855, "2": 0.42857142857142855, "4": 0.14285714285714285}, "132": {"2": 1.0}, "133": {"1": 0.5, "2": 0.16666666666666666, "3": 0.16666666666666666, "4": 0.16666666666666666}}, "p0": {"0": {"0": 1.0}, "1": {"0": 1.0}, "2": {"0": 1.0}, "3": {"0": 1.0}, "4": {"0": 1.0}, "5": {"0": 1.0}, "6": {"0": 1.0}, "7": {"0": 1.0}, "8": {"0": 1.0}, "9": {"0": 1.0}, "10": {"0": 1.0}, "11": {"0": 1.0}, "12": {"0": 1.0}, "13": {"0": 1.0}, "14": {"0": 1.0}, "15": {"0": 1.0}, "16": {"0": 1.0}, "17": {"0": 1.0}, "18": {"0": 1.0}, "19": {"0": 1.0}, "20": {"0": 1.0}, "21": {"0": 1.0}, "22": {"0": 1.0}, "23": {"0": 1.0}, "24": {"0": 1.0}, "25": {"0": 1.0}, "26": {"0": 1.0}, "27": {"0": 1.0}, "28": {"0": 1.0}, "29": {"0": 1.0}, "30": {"0": 1.0}, "31": {"0": 1.0}, "32": {"0": 1.0}, "33": {"0": 1.0}, "34": {"0": 1.0}, "35": {"0": 1.0}, "36": {"0": 1.0}, "37": {"0": 1.0}, "38": {"0": 1.0}, "39": {"0": 1.0}, "40": {"0": 1.0}, "41": {"0": 1.0}, "42": {"0": 1.0}, "43": {"0": 1.0}, "44": {"0": 1.0}, "45": {"0": 1.0}, "46": {"0": 1.0}, "47": {"0": 1.0}, "48": {"0": 1.0}, "49": {"0": 1.0}, "50": {"0": 1.0}, "51": {"0": 1.0}, "52": {"0": 1.0}, "53": {"0": 1.0}, "54": {"0": 1.0}, "55": {"0": 1.0}, "56": {"0": 1.0}, "57": {"0": 1.0}, "58": {"0": 1.0}, "59": {"0": 1.0}, "60": {"0": 1.0}, "61": {"0": 1.0}, "62": {"0": 1.0}, "63": {"0": 1.0}, "64": {"0": 1.0}, "65": {"0": 1.0}, "66": {"0": 1.0}, "67": {"0": 1.0}, "68": {"0": 1.0}, "69": {"0": 1.0},