{"p0": {"0": 0.0, "1": 0.0, "2": 0.0, "3": 0.0, "4": 0.0, "5": 0.0, "6": 0.0, "7": 0.0, "8": 0.0, "9": 0.0, "10": 0.0, "11": 0.0, "12": 0.0, "13": 0.0, "14": 0.0, "15": 0.0, "16": 0.0, "17": 0.0, "18": 0.0, "19": 0.0, "20": 0.0, "21": 0.0, "22": 0.0, "23": 0.0, "24": 0.0, "25": 0.0, "26": 0.0, "27": 0.0, "28": 0.0, "29": 0.0, "30": 0.0, "31": 0.0, "32": 0.0, "33": 0.0, "34": 0.0, "35": 0.0, "36": 0.0, "37": 0.0, "38": 0.0, "39": 0.0, "40": 0.0, "41": 0.0, "42": 0.0, "43": 0.0, "44": 0.0, "45": 0.0, "46": 0.0, "47": 0.0, "48": 0.0, "49": 0.0, "50": 0.0, "51": 0.0, "52": 0.0, "53": 0.0, "54": 0.0, "55": 0.0, "56": 0.0, "57": 0.0, "58": 0.0, "59": 0.0, "60": 0.0, "61": 0.0, "62": 0.0, "63": 0.0, "64": 0.0, "65": 0.0, "66": 0.0, "67": 0.0, "68": 0.0, "69": 0.0, "70": 0.0, "71": 0.0, "72": 0.0, "73": 0.0, "74": 0.0, "75": 0.0, "76": 0.0, "77": 0.0, "78": 0.0, "79": 0.0, "80": 0.0, "81": 0.0, "82": 0.0, "83": 0.0, "84": 0.0, "85": 0.0, "86": 0.0, "87": 0.0, "88": 0.0, "89": 0.0, "90": 0.0, "91": 0.0, "92": 0.0, "93": 0.0, "94": 0.0, "95": 0.0, "96": 0.0, "97": 0.0, "98": 0.0, "99": 0.0}, "p4": {"4": 48.15909090909091, "5": 48.358381502890175, "6": 47.98412698412698, "7": 48.225531914893615, "8": 48.19457013574661, "9": 49.29435483870968, "10": 50.12236286919831, "11": 50.38181818181818, "12": 49.20444444444445, "13": 49.425339366515836, "14": 49.47488584474886, "15": 49.51627906976744, "16": 50.70558375634518, "17": 50.54950495049505, "18": 48.890829694323145, "19": 49.127962085308056, "20": 49.09130434782609, "21": 49.213592233009706, "22": 48.95238095238095, "23": 47.69938650306749, "24": 48.8, "25": 49.004926108374384, "26": 48.949438202247194, "27": 47.34653465346535, "28": 49.973404255319146, "29": 47.44516129032258, "30": 50.522012578616355, "31": 50.60144927536232, "32": 50.65853658536585, "33": 50.36423841059602, "34": 51.526315789473685, "35": 49.877049180327866, "36": 51.107438016528924, "37": 53.58974358974359, "38": 53.68807339449541, "39": 53.80357142857143, "40": 54.35114503816794, "41": 55.09090909090909, "42": 53.67816091954023, "43": 52.63963963963964, "44": 53.63461538461539, "45": 53.74418604651163, "46": 50.507936507936506, "47": 50.043795620437955, "48": 47.333333333333336, "49": 48.85321100917431, "50": 47.89010989010989, "51": 46.536842105263155, "52": 44.309734513274336, "53": 46.25, "54": 46.276119402985074, "55": 47.73548387096774, "56": 44.60958904109589, "57": 45.67164179104478, "58": 45.57553956834533, "59": 46.25757575757576, "60": 46.71604938271605, "61": 47.10322580645161, "62": 47.04807692307692, "63": 47.34285714285714, "64": 46.11538461538461, "65": 46.64705882352941, "66": 47.65243902439025, "67": 46.70503597122302, "68": 47.89655172413793, "69": 48.33774834437086, "70": 50.273381294964025, "71": 49.47260273972603, "72": 49.93043478260869, "73": 48.98148148148148, "74": 51.148148148148145, "75": 50.27210884353742, "76": 48.848101265822784, "77": 50.51546391752577, "78": 47.952879581151834, "79": 51.15862068965517, "80": 50.43809523809524, "81": 50.41011235955056, "82": 52.75581395348837, "83": 50.513661202185794, "84": 50.5, "85": 50.00657894736842, "86": 47.89, "87": 48.42138364779874, "88": 48.25945945945946, "89": 51.08974358974359, "90": 53.345588235294116, "91": 51.88414634146341, "92": 54.0875, "93": 52.38787878787879, "94": 49.65608465608466, "95": 49.987096774193546, "96": 51.732824427480914, "97": 50.29807692307692, "98": 49.15652173913043, "99": 52.910714285714285}, "p3": {"0": 0.0, "1": 0.0, "2": 0.0, "3": 0.0, "4": 0.0, "5": 0.0, "6": 0.0, "7": 0.0, "8": 0.0, "9": 0.0, "10": 0.0, "11": 0.0, "12": 0.0, "13": 0.0, "14": 0.0, "15": 0.0, "16": 0.0, "17": 0.0, "18": 0.0, "19": 0.0, "20": 0.0, "21": 0.0, "22": 0.0, "23": 0.0, "24": 0.0, "25": 0.0, "26": 0.0, "27": 0.0, "28": 0.0, "29": 0.0, "30": 0.0, "31": 0.0, "32": 0.0, "33": 0.0, "34": 0.0, "35": 0.0, "36": 0.0, "37": 0.0, "38": 0.0, "39": 0.0, "40": 0.0, "41": 0.0, "42": 0.0, "43": 0.0, "44": 0.0, "45": 0.0, "46": 0.0, "47": 0.0, "48": 0.0, "49": 0.0, "50": 0.0, "51": 0.0, "52": 0.0, "53": 0.0, "54": 0.0, "55": 0.0, "56": 0.0, "57": 0.0, "58": 0.0, "59": 0.0, "60": 0.0, "61": 0.0, "62": 0.0, "63": 0.0, "64": 0.0, "65": 0.0, "66": 0.0, "67": 0.0, "68": 0.0, "69": 0.0, "70": 0.0, "71": 0.0, "72": 0.0, "73": 0.0, "74": 0.0, "75": 0.0, "76": 0.0, "77": 0.0, "78": 0.0, "79": 0.0, "80": 0.0, "81": 0.0, "82": 0.0, "83": 0.0, "84": 0.0, "85": 0.0, "86": 0.0, "87": 0.0, "88": 0.0, "89": 0.0, "90": 0.0, "91": 0.0, "92": 0.0, "93": 0.0, "94": 0.0, "95": 0.0, "96": 0.0, "97": 0.0, "98": 0.0, "99": 0.0}, "p1": {"0": 0.0, "1": 0.0, "2": 0.0, "3": 0.0, "4": 0.0, "5": 0.0, "6": 0.0, "7": 0.0, "8": 0.0, "9": 0.0, "10": 0.0, "11": 0.0, "12": 0.0, "13": 0.0, "14": 0.0, "15": 0.0, "16": 0.0, "17": 0.0, "18": 0.0, "19": 0.0, "20": 0.0, "21": 0.0, "22": 0.0, "23": 0.0, "24": 0.0, "25": 0.0, "26": 0.0, "27": 0.0, "28": 0.0, "29": 0.0, "30": 0.0, "31": 0.0, "32": 0.0, "33": 0.0, "34": 0.0, "35": 0.0, "36": 0.0, "37": 0.0, "38": 0.0, "39": 0.0, "40": 0.0, "41": 0.0, "42": 0.0, "43": 0.0, "44": 0.0, "45": 0.0, "46": 0.0, "47": 0.0, "48": 0.0, "49": 0.0, "50": 0.0, "51": 0.0, "52": 0.0, "53": 0.0, "54": 0.0, "55": 0.0, "56": 0.0, "57": 0.0, "58": 0.0, "59": 0.0, "60": 0.0, "61": 0.0, "62": 0.0, "63": 0.0, "64": 0.0, "65": 0.0, "66": 0.0, "67": 0.0, "68": 0.0, "69": 0.0, "70": 0.0, "71": 0.0, "72": 0.0, "73": 0.0, "74": 0.0, "75": 0.0, "76": 0.0, "77": 0.0, "78": 0.0, "79": 0.0, "80": 0.0, "81": 0.0, "82": 0.0, "83": 0.0, "84": 0.0, "85": 0.0, "86": 0.0, "87": 0.0, "88": 0.0, "89": 0.0, "90": 0.0, "91": 0.0, "92": 0.0, "93": 0.0, "94": 0.0, "95": 0.0, "96": 0.0, "97": 0.0, "98": 0.0, "99": 0.0}, "p2": {"0": 0.0, "1": 0.0, "2": 0.0, "3": 0.0, "4": 0.0, "5": 0.0, "6": 0.0, "7": 0.0, "8": 0.0, "9": 0.0, "10": 0.0, "11": 0.0, "12": 0.0, "13": 0.0, "14": 0.0, "15": 0.0, "16": 0.0, "17": 0.0, "18": 0.0, "19": 0.0, "20": 0.0, "21": 0.0, "22": 0.0, "23": 0.0, "24": 0.0, "25": 0.0, "26": 0.0, "27": 0.0, "28": 0.0, "29": 0.0, "30": 0.0, "31": 0.0, "32": 0.0, "33": 0.0, "34": 0.0, "35": 0.0, "36": 0.0, "37": 0.0, "38": 0.0, "39": 0.0, "40": 0.0, "41": 0.0, "42": 0.0, "43": 0.0, "44": 0.0, "45": 0.0, "46": 0.0, "47": 0.0, "48": 0.0, "49": 0.0, "50": 0.0, "51": 0.0, "52": 0.0, "53": 0.0, "54": 0.0, "55": 0.0, "56": 0.0, "57": 0.0, "58": 0.0, "59": 0.0, "60": 0.0, "61": 0.0, "62": 0.0, "63": 0.0, "64": 0.0, "65": 0.0, "66": 0.0, "67": 0.0, "68": 0.0, "69": 0.0, "70": 0.0, "71": 0.0, "72": 0.0, "73": 0.0, "74": 0.0, "75": 0.0, "76": 0.0, "77": 0.0, "78": 0.0, "79": 0.0, "80": 0.0, "81": 0.0, "82": 0.0, "83": 0.0, "84": 0.0, "85": 0.0, "86": 0.0, "87": 0.0, "88": 0.0, "89": 0.0, "90": 0.0, "91": 0.0, "92": 0.0, "93": 0.0, "94": 0.0, "95": 0.0, "96": 0.0, "97": 0.0, "98": 0.0, "99": 0.0}}