{"p0": {"0": 0.0, "1": 0.0, "2": 0.0, "3": 0.0, "4": 0.0, "5": 0.0, "6": 0.0, "7": 0.0, "8": 0.0, "9": 0.0, "10": 0.0, "11": 0.0, "12": 0.0, "13": 0.0, "14": 0.0, "15": 0.0, "16": 0.0, "17": 0.0, "18": 0.0, "19": 0.0, "20": 0.0, "21": 0.0, "22": 0.0, "23": 0.0, "24": 0.0, "25": 0.0, "26": 0.0, "27": 0.0, "28": 0.0, "29": 0.0, "30": 0.0, "31": 0.0, "32": 0.0, "33": 0.0, "34": 0.0, "35": 0.0, "36": 0.0, "37": 0.0, "38": 0.0, "39": 0.0, "40": 0.0, "41": 0.0, "42": 0.0, "43": 0.0, "44": 0.0, "45": 0.0, "46": 0.0, "47": 0.0, "48": 0.0, "49": 0.0, "50": 0.0, "51": 0.0, "52": 0.0, "53": 0.0, "54": 0.0, "55": 0.0, "56": 0.0, "57": 0.0, "58": 0.0, "59": 0.0, "60": 0.0, "61": 0.0, "62": 0.0, "63": 0.0, "64": 0.0, "65": 0.0, "66": 0.0, "67": 0.0, "68": 0.0, "69": 0.0, "70": 0.0, "71": 0.0, "72": 0.0, "73": 0.0, "74": 0.0, "75": 0.0, "76": 0.0, "77": 0.0, "78": 0.0, "79": 0.0}, "p3": {"3": 39.28333333333333, "4": 38.12328767123287, "5": 38.36842105263158, "6": 37.19047619047619, "7": 36.189189189189186, "8": 36.712418300653596, "9": 35.86734693877551, "10": 36.841509433962266, "11": 37.351851851851855, "12": 36.946768060836504, "13": 37.01683501683502, "14": 37.05245901639344, "15": 37.13013698630137, "16": 37.19163763066202, "17": 38.026415094339626, "18": 37.92409240924093, "19": 37.743859649122804, "20": 37.51851851851852, "21": 37.62151394422311, "22": 37.68103448275862, "23": 36.75, "24": 36.96470588235294, "25": 36.699186991869915, "26": 37.09708737864078, "27": 37.05990783410138, "28": 37.241573033707866, "29": 37.86206896551724, "30": 37.770334928229666, "31": 37.75757575757576, "32": 36.81981981981982, "33": 36.570754716981135, "34": 37.28061224489796, "35": 36.785714285714285, "36": 36.861111111111114, "37": 37.01030927835052, "38": 35.75229357798165, "39": 36.175438596491226, "40": 37.00826446280992, "41": 35.16438356164384, "42": 35.94805194805195, "43": 36.43609022556391, "44": 34.883720930232556, "45": 36.88079470198676, "46": 35.93922651933702, "47": 36.23684210526316, "48": 36.53475935828877, "49": 36.55497382198953, "50": 36.51709401709402, "51": 37.06607929515418, "52": 37.12169312169312, "53": 37.69767441860465, "54": 37.20392156862745, "55": 37.351020408163265, "56": 37.114583333333336, "57": 38.795811518324605, "58": 38.22527472527472, "59": 39.00581395348837, "60": 38.80882352941177, "61": 38.10471204188482, "62": 37.74585635359116, "63": 37.84615384615385, "64": 38.4375, "65": 36.740566037735846, "66": 37.85635359116022, "67": 37.69626168224299, "68": 36.795180722891565, "69": 36.67226890756302, "70": 36.669950738916256, "71": 37.651933701657455, "72": 38.0787037037037, "73": 37.033816425120776, "74": 36.29665071770335, "75": 36.97849462365591, "76": 37.47422680412371, "77": 37.32142857142857, "78": 37.0, "79": 35.994791666666664}, "p1": {"0": 0.0, "1": 0.0, "2": 0.0, "3": 0.0, "4": 0.0, "5": 0.0, "6": 0.0, "7": 0.0, "8": 0.0, "9": 0.0, "10": 0.0, "11": 0.0, "12": 0.0, "13": 0.0, "14": 0.0, "15": 0.0, "16": 0.0, "17": 0.0, "18": 0.0, "19": 0.0, "20": 0.0, "21": 0.0, "22": 0.0, "23": 0.0, "24": 0.0, "25": 0.0, "26": 0.0, "27": 0.0, "28": 0.0, "29": 0.0, "30": 0.0, "31": 0.0, "32": 0.0, "33": 0.0, "34": 0.0, "35": 0.0, "36": 0.0, "37": 0.0, "38": 0.0, "39": 0.0, "40": 0.0, "41": 0.0, "42": 0.0, "43": 0.0, "44": 0.0, "45": 0.0, "46": 0.0, "47": 0.0, "48": 0.0, "49": 0.0, "50": 0.0, "51": 0.0, "52": 0.0, "53": 0.0, "54": 0.0, "55": 0.0, "56": 0.0, "57": 0.0, "58": 0.0, "59": 0.0, "60": 0.0, "61": 0.0, "62": 0.0, "63": 0.0, "64": 0.0, "65": 0.0, "66": 0.0, "67": 0.0, "68": 0.0, "69": 0.0, "70": 0.0, "71": 0.0, "72": 0.0, "73": 0.0, "74": 0.0, "75": 0.0, "76": 0.0, "77": 0.0, "78": 0.0, "79": 0.0}, "p2": {"0": 0.0, "1": 0.0, "2": 0.0, "3": 0.0, "4": 0.0, "5": 0.0, "6": 0.0, "7": 0.0, "8": 0.0, "9": 0.0, "10": 0.0, "11": 0.0, "12": 0.0, "13": 0.0, "14": 0.0, "15": 0.0, "16": 0.0, "17": 0.0, "18": 0.0, "19": 0.0, "20": 0.0, "21": 0.0, "22": 0.0, "23": 0.0, "24": 0.0, "25": 0.0, "26": 0.0, "27": 0.0, "28": 0.0, "29": 0.0, "30": 0.0, "31": 0.0, "32": 0.0, "33": 0.0, "34": 0.0, "35": 0.0, "36": 0.0, "37": 0.0, "38": 0.0, "39": 0.0, "40": 0.0, "41": 0.0, "42": 0.0, "43": 0.0, "44": 0.0, "45": 0.0, "46": 0.0, "47": 0.0, "48": 0.0, "49": 0.0, "50": 0.0, "51": 0.0, "52": 0.0, "53": 0.0, "54": 0.0, "55": 0.0, "56": 0.0, "57": 0.0, "58": 0.0, "59": 0.0, "60": 0.0, "61": 0.0, "62": 0.0, "63": 0.0, "64": 0.0, "65": 0.0, "66": 0.0, "67": 0.0, "68": 0.0, "69": 0.0, "70": 0.0, "71": 0.0, "72": 0.0, "73": 0.0, "74": 0.0, "75": 0.0, "76": 0.0, "77": 0.0, "78": 0.0, "79": 0.0}}