{"p5": {"0": {"0": 1.0}, "1": {"0": 1.0}, "2": {"0": 1.0}, "3": {"0": 1.0}, "4": {"0": 1.0}, "5": {"1": 0.375, "2": 0.25, "4": 0.25, "5": 0.125}, "6": {"1": 0.14285714285714285, "2": 0.2857142857142857, "3": 0.14285714285714285, "4": 0.42857142857142855}, "7": {"1": 0.14285714285714285, "2": 0.42857142857142855, "4": 0.2857142857142857, "5": 0.14285714285714285}, "8": {"1": 0.25, "2": 0.125, "3": 0.5, "4": 0.125}, "9": {"1": 0.25, "2": 0.25, "3": 0.25, "4": 0.25}, "10": {"1": 0.125, "2": 0.375, "3": 0.375, "4": 0.125}, "11": {"1": 0.14285714285714285, "2": 0.14285714285714285, "3": 0.42857142857142855, "4": 0.2857142857142857}, "12": {"1": 0.14285714285714285, "2": 0.42857142857142855, "4": 0.2857142857142857, "5": 0.14285714285714285}, "13": {"2": 0.5714285714285714, "3": 0.14285714285714285, "4": 0.14285714285714285, "5": 0.14285714285714285}, "14": {"1": 0.14285714285714285, "2": 0.2857142857142857, "3": 0.2857142857142857, "4": 0.14285714285714285, "5": 0.14285714285714285}, "15": {"1": 0.2857142857142857, "2": 0.2857142857142857, "3": 0.14285714285714285, "5": 0.14285714285714285, "6": 0.14285714285714285}, "16": {"2": 0.2857142857142857, "3": 0.5714285714285714, "4": 0.14285714285714285}, "17": {"2": 0.5, "3": 0.5}, "18": {"1": 0.375, "2": 0.25, "4": 0.25, "5": 0.125}, "19": {"1": 0.2857142857142857, "2": 0.2857142857142857, "4": 0.14285714285714285, "5": 0.2857142857142857}, "20": {"1": 0.375, "2": 0.125, "3": 0.25, "4": 0.125, "5": 0.125}, "21": {"1": 0.25, "2": 0.375, "3": 0.125, "4": 0.125, "5": 0.125}, "22": {"1": 0.14285714285714285, "2": 0.2857142857142857, "3": 0.2857142857142857, "4": 0.14285714285714285, "5": 0.14285714285714285}, "23": {"1": 0.375, "2": 0.25, "4": 0.25, "5": 0.125}, "24": {"1": 0.375, "2": 0.25, "3": 0.125, "5": 0.25}, "25": {"1": 0.375, "3": 0.5, "5": 0.125}, "26": {"1": 0.375, "2": 0.125, "3": 0.25, "4": 0.125, "5": 0.125}, "27": {"1": 0.25, "2": 0.375, "3": 0.25, "6": 0.125}, "28": {"2": 0.42857142857142855, "3": 0.2857142857142857, "4": 0.2857142857142857}, "29": {"2": 0.42857142857142855, "3": 0.2857142857142857, "4": 0.2857142857142857}, "30": {"1": 0.25, "2": 0.125, "3": 0.5, "4": 0.125}, "31": {"1": 0.14285714285714285, "2": 0.42857142857142855, "3": 0.14285714285714285, "4": 0.14285714285714285, "6": 0.14285714285714285}, "32": {"1": 0.2857142857142857, "2": 0.14285714285714285, "4": 0.5714285714285714}, "33": {"1": 0.125, "2": 0.25, "3": 0.625}, "34": {"1": 0.2857142857142857, "2": 0.14285714285714285, "3": 0.14285714285714285, "4": 0.2857142857142857, "5": 0.14285714285714285}, "35": {"1": 0.375, "2": 0.125, "3": 0.25, "4": 0.125, "5": 0.125}, "36": {"0": 1.0}, "37": {"0": 1.0}, "38": {"0": 1.0}, "39": {"0": 1.0}, "40": {"0": 1.0}, "41": {"0": 1.0}, "42": {"0": 1.0}, "43": {"0": 1.0}, "44": {"0": 1.0}, "45": {"0": 1.0}, "46": {"0": 1.0}, "47": {"0": 1.0}, "48": {"0": 1.0}, "49": {"0": 1.0}, "50": {"0": 1.0}, "51": {"0": 1.0}, "52": {"0": 1.0}, "53": {"0": 1.0}, "54": {"0": 1.0}, "55": {"1": 0.3333333333333333, "3": 0.3333333333333333, "4": 0.3333333333333333}, "56": {"1": 0.5, "3": 0.5}, "57": {"1": 0.125, "2": 0.5, "3": 0.125, "4": 0.25}, "58": {"1": 0.5, "3": 0.25, "4": 0.25}, "59": {"1": 0.2857142857142857, "3": 0.42857142857142855, "4": 0.14285714285714285, "5": 0.14285714285714285}, "60": {"1": 0.125, "2": 0.375, "3": 0.375, "4": 0.125}, "61": {"1": 0.25, "2": 0.25, "3": 0.375, "5": 0.125}, "62": {"1": 0.25, "2": 0.375, "4": 0.375}, "63": {"1": 0.2, "2": 0.2, "3": 0.4, "5": 0.2}, "64": {"1": 0.375, "2": 0.25, "4": 0.25, "5": 0.125}, "65": {"2": 0.5, "3": 0.5}, "66": {"2": 0.42857142857142855, "3": 0.2857142857142857, "4": 0.2857142857142857}, "67": {"1": 0.14285714285714285, "2": 0.2857142857142857, "3": 0.42857142857142855, "6": 0.14285714285714285}, "68": {"1": 0.125, "2": 0.375, "3": 0.375, "4": 0.125}, "69": {"2": 0.7142857142857143, "4": 0.14285714285714285, "6": 0.14285714285714285}, "70": {"1": 0.14285714285714285, "2": 0.2857142857142857, "3": 0.14285714285714285, "4": 0.42857142857142855}, "71": {"1": 0.25, "2": 0.375, "3": 0.125, "4": 0.125, "5": 0.125}, "72": {"1": 0.14285714285714285, "2": 0.14285714285714285, "3": 0.42857142857142855, "4": 0.2857142857142857}, "73": {"1": 0.375, "2": 0.125, "3": 0.25, "4": 0.125, "5": 0.125}, "74": {"1": 0.125, "2": 0.375, "3": 0.375, "4": 0.125}, "75": {"1": 0.5, "4": 0.5}, "76": {"0": 1.0}, "77": {"0": 1.0}, "78": {"0": 1.0}, "79": {"0": 1.0}, "80": {"0": 1.0}, "81": {"0": 1.0}, "82": {"0": 1.0}, "83": {"0": 1.0}, "84": {"0": 1.0}, "85": {"0": 1.0}, "86": {"0": 1.0}, "87": {"0": 1.0}, "88": {"0": 1.0}, "89": {"0": 1.0}, "90": {"0": 1.0}, "91": {"0": 1.0}, "92": {"2": 1.0}, "93": {"0": 1.0}, "94": {"1": 1.0}, "95": {"1": 0.25, "2": 0.25, "3": 0.25, "4": 0.25}, "96": {"1": 0.3333333333333333, "2": 0.3333333333333333, "4": 0.3333333333333333}, "97": {"1": 0.25, "2": 0.25, "3": 0.25, "4": 0.25}, "98": {"1": 0.25, "2": 0.25, "3": 0.25, "4": 0.25}, "99": {"1": 0.125, "2": 0.25, "3": 0.625}, "100": {"1": 0.2, "2": 0.2, "4": 0.6}, "101": {"2": 0.625, "3": 0.25, "4": 0.125}, "102": {"1": 0.16666666666666666, "2": 0.16666666666666666, "3": 0.16666666666666666, "4": 0.16666666666666666, "5": 0.3333333333333333}, "103": {"1": 0.25, "2": 0.25, "3": 0.25, "4": 0.25}, "104": {"1": 0.125, "2": 0.25, "3": 0.625}, "105": {"1": 0.25, "2": 0.125, "3": 0.5, "4": 0.125}, "106": {"1": 0.16666666666666666, "2": 0.16666666666666666, "3": 0.3333333333333333, "4": 0.16666666666666666, "7": 0.16666666666666666}, "107": {"2": 0.2, "3": 0.4, "4": 0.2, "8": 0.2}, "108": {"2": 0.625, "3": 0.25, "4": 0.125}, "109": {"1": 0.2857142857142857, "3": 0.2857142857142857, "4": 0.42857142857142855}, "110": {"1": 0.375, "3": 0.375, "4": 0.25}, "111": {"1": 0.125, "2": 0.625, "4": 0.125, "5": 0.125}, "112": {"1": 0.42857142857142855, "2": 0.14285714285714285, "3": 0.2857142857142857, "5": 0.14285714285714285}, "113": {"2": 0.6, "3": 0.4}, "114": {"1": 0.16666666666666666, "2": 0.5, "3": 0.16666666666666666, "4": 0.16666666666666666}, "115": {"1": 0.3333333333333333, "2": 0.3333333333333333, "3": 0.3333333333333333}, "116": {"0": 1.0}, "117": {"0": 1.0}}, "p0": {"0": {"0": 1.0}, "1": {"0": 1.0}, "2": {"0": 1.0}, "3": {"0": 1.0}, "4": {"0": 1.0}, "5": {"0": 1.0}, "6": {"0": 1.0}, "7": {"0": 1.0}, "8": {"0": 1.0}, "9": {"0": 1.0}, "10": {"0": 1.0}, "11": {"0": 1.0}, "12": {"0": 1.0}, "13": {"0": 1.0}, "14": {"0": 1.0}, "15": {"0": 1.0}, "16": {"0": 1.0}, "17": {"0": 1.0}, "18": {"0": 1.0}, "19": {"0": 1.0}, "20": {"0": 1.0}, "21": {"0": 1.0}, "22": {"0": 1.0}, "23": {"0": 1.0}, "24": {"0": 1.0}, "25": {"0": 1.0}, "26": {"0": 1.0}, "27": {"0": 1.0}, "28": {"0": 1.0}, "29": {"0": 1.0}, "30": {"0": 1.0}, "31": {"0": 1.0}, "32": {"0": 1.0}, "33": {"0": 1.0}, "34": {"0": 1.0}, "35": {"0": 1.0}, "36": {"0": 1.0}, "37": {"0": 1.0}, "38": {"0": 1.0}, "39": {"0": 1.0}, "40": {"0": 1.0}, "41": {"0": 1.0}, "42": {"0": 1.0}, "43": {"0": 1.0}, "44": {"0": 1.0}, "45": {"0": 1.0}, "46": {"0": 1.0}, "47": {"0": 1.0}, "48": {"0": 1.0}, "49": {"0": 1.0}, "50": {"0": 1.0}, "51": {"0": 1.0}, "52": {"0": 1.0}, "53": {"0": 1.0}, "54": {"0": 1.0}, "55": {"0": 1.0}, "56": {"0": 1.0}, "57": {"0": 1.0}, "58": {"0": 1.0}, "59": {"0": 1.0}, "60": {"0": 1.0}, "61": {"0": 1.0}, "62": {"0": 1.0}, "63": {"0": 1.0}, "64": {"0": 1.0}, "65": {"0": 1.0}, "66": {"0": 1.0}, "67": {"0": 1.0}, "68": {"0": 1.0}, "69": {"0": 1.0}, "70": {"0": 1.0}, "71": {"0": 1.0}, "72": {"0": 1.0}, "73": {"0": 1.0}, "74": {"0": 1.0}, "75": {"0": 1.0}, "76": {"0": 1.0}, "77": {"0": 1.0}, "78": {"0": 1.0}, "79": {"0": 1.0}, "80": {"0": 1.0}, "81": {"0": 1.0}, "82": {"0": 1.0}, "83": {"0": 1.0}, "84": {"0": 1.0}, "85": {"0": 1.0}, "86": {"0": 1.0}, "87": {"0": 1.0}, "88": {"0": 1.0}, "89": {"0": 1.0}, "90": {"0": 1.0}, "91": {"0": 1.0}, "92": {"0": 1.0}, "93": {"0": 1.0}, "94": {"0": 1.0}, "95": {"0": 1.0}, "96": {"0": 1.0}, "97": {"0": 1.0}, "98": {"0": 1.0}, "99": {"0": 1.0}, "100": {"0": 1.0}, "101": {"0": 1.0}, "102": {"0": 1.0}, "103": {"0": 1.0},