{"p0": {"0": 10.0, "1": 10.0, "2": 10.0, "3": 10.0, "4": 10.0, "5": 10.0, "6": 10.0, "7": 10.0, "8": 10.0, "9": 10.0, "10": 10.0, "11": 10.0, "12": 10.0, "13": 10.0, "14": 10.0, "15": 10.0, "16": 10.0, "17": 10.0, "18": 10.0, "19": 10.0, "20": 10.0, "21": 10.0, "22": 10.0, "23": 10.0, "24": 10.0, "25": 10.0, "26": 10.0, "27": 10.0, "28": 10.0, "29": 10.0, "30": 10.0, "31": 10.0, "32": 10.0, "33": 10.0, "34": 10.0, "35": 10.0, "36": 10.0, "37": 10.0, "38": 10.0, "39": 10.0, "40": 10.0, "41": 10.0, "42": 10.0, "43": 10.0, "44": 10.0, "45": 10.0, "46": 10.0, "47": 10.0, "48": 10.0, "49": 10.0, "50": 10.0, "51": 10.0, "52": 10.0, "53": 10.0, "54": 10.0, "55": 10.0, "56": 10.0, "57": 10.0, "58": 10.0, "59": 10.0, "60": 10.0, "61": 10.0, "62": 10.0, "63": 10.0, "64": 10.0, "65": 10.0, "66": 10.0, "67": 10.0, "68": 10.0, "69": 10.0, "70": 10.0, "71": 10.0, "72": 10.0, "73": 10.0, "74": 10.0, "75": 10.0, "76": 10.0, "77": 10.0, "78": 10.0, "79": 10.0, "80": 10.0, "81": 10.0, "82": 10.0, "83": 10.0, "84": 10.0, "85": 10.0, "86": 10.0, "87": 10.0, "88": 10.0, "89": 10.0, "90": 10.0, "91": 10.0, "92": 10.0, "93": 10.0, "94": 10.0, "95": 10.0, "96": 99999.0, "97": 99999.0, "98": 99999.0, "99": 99999.0}, "p1": {"0": 20.80261097979555, "1": 8.416666666666666, "2": 11.566853278143599, "3": 12.768361794117364, "4": 16.21255407500735, "5": 18.479471166188503, "6": 21.153698187707807, "7": 21.734314642211128, "8": 20.580289262257512, "9": 20.518665268510738, "10": 19.2566063910428, "11": 18.76485533779714, "12": 17.96672873079177, "13": 20.583478439357773, "14": 19.17295615092845, "15": 20.398303685757135, "16": 19.754935356534727, "17": 20.36806804820552, "18": 19.744240179589163, "19": 20.230502631893305, "20": 21.919631486976705, "21": 20.66528687057816, "22": 20.996585498621787, "23": 21.073270002399703, "24": 21.211255031067548, "25": 21.84950547356189, "26": 21.166768593588476, "27": 21.629351393034806, "28": 21.94536575364493, "29": 21.99839575164781, "30": 21.984718362009072, "31": 21.885648772720284, "32": 21.261602816053127, "33": 23.093944724072625, "34": 22.383175876303163, "35": 21.35329482255532, "36": 22.090029103303547, "37": 22.132405309610853, "38": 21.709844983807482, "39": 22.425012115960183, "40": 21.40814486090409, "41": 22.180512517257412, "42": 21.44565571388333, "43": 21.30680895429939, "44": 20.647276376686982, "45": 21.703814587751392, "46": 22.045136124133734, "47": 20.993621029524, "48": 22.066465124653586, "49": 21.91063582967485, "50": 22.601831246416374, "51": 22.274434037498608, "52": 21.1907273119532, "53": 20.892655207866074, "54": 20.697780953317007, "55": 20.87228151796528, "56": 21.6963956907808, "57": 21.94620220162994, "58": 20.45411912097265, "59": 22.05608222081436, "60": 21.280690505536626, "61": 22.094524129654197, "62": 20.503120946070837, "63": 20.795799501127178, "64": 20.445781189364094, "65": 21.001904945894516, "66": 20.257352181381254, "67": 20.749090711684296, "68": 21.17009882267397, "69": 20.480846849616963, "70": 20.635440727488856, "71": 21.15292394596884, "72": 21.52540109322106, "73": 21.03636491896418, "74": 20.521385294741076, "75": 20.63062027600056, "76": 20.87635356901886, "77": 21.047158641888032, "78": 21.13650890092465, "79": 21.2655534654786, "80": 19.544399206608226, "81": 20.904780107053835, "82": 20.678644696573578, "83": 19.904523518138696, "84": 21.820763791109194, "85": 20.47722322564064, "86": 21.27333837075254, "87": 21.1037000110985, "88": 20.55679469204855, "89": 20.64463044128516, "90": 20.055543271738426, "91": 20.286274674557482, "92": 20.11759254210768, "93": 19.71410724494041, "94": 19.75244302650032, "95": 18.800081218565804, "96": 19.502087130279428, "97": 21.801624432752558, "98": 30.871150069973602, "99": 30.20464204912734}, "p2": {"0": 21.22203765025708, "1": 9.490131578947368, "2": 12.130313848554838, "3": 13.368500577911833, "4": 16.191561669290046, "5": 18.534992912267434, "6": 18.99260242098364, "7": 21.023314167822548, "8": 21.198296618910014, "9": 21.078453887821954, "10": 21.5515175570783, "11": 21.312714325837185, "12": 20.29069540052427, "13": 18.35052976543611, "14": 18.28563031581065, "15": 18.569295255222183, "16": 20.394800341573134, "17": 20.996373635764467, "18": 19.93556686384716, "19": 21.141381051903288, "20": 20.488111046756362, "21": 20.17681379369233, "22": 18.956900390900387, "23": 19.771579744788145, "24": 19.788898078838386, "25": 21.087193569574012, "26": 20.6537639169198, "27": 21.167974000903214, "28": 19.23702724929309, "29": 21.033441027330774, "30": 20.8134218382116, "31": 19.65929543843153, "32": 20.232224831754735, "33": 21.31743587525806, "34": 20.56991354693184, "35": 22.054396726270067, "36": 21.3181625875674, "37": 23.085477162403237, "38": 23.26091153281214, "39": 23.490464331543627, "40": 21.621266198353904, "41": 23.097111517106512, "42": 22.154494178843194, "43": 21.603680138803366, "44": 18.56107609713268, "45": 21.519541891263923, "46": 19.75191984569814, "47": 21.868747756362644, "48": 21.32887131717072, "49": 23.99112818563011, "50": 21.83680964497933, "51": 21.808845290353638, "52": 21.20938846979795, "53": 20.434858830098765, "54": 21.206124868369933, "55": 22.485791832824415, "56": 19.40535519665343, "57": 22.994172489531703, "58": 20.248660003336255, "59": 23.226261677080906, "60": 19.641746694085718, "61": 21.59582358591697, "62": 22.508277724961857, "63": 22.432698497704415, "64": 23.194423508166427, "65": 22.71960953259025, "66": 19.795428703422434, "67": 21.317181296381165, "68": 20.77989295064405, "69": 22.30754408036873, "70": 21.4829471105232, "71": 21.98278689359912, "72": 21.029889879530725, "73": 21.43964399626796, "74": 20.164665605092427, "75": 21.448165406995887, "76": 20.736747721303214, "77": 21.06292040094869, "78": 18.003190416644824, "79": 20.262207345605788, "80": 19.410276655453, "81": 20.74157395316503, "82": 20.65993720199393, "83": 22.305100432672038, "84": 21.252803191106697, "85": 22.213817156226174, "86": 21.59982449899201, "87": 22.209940652733398, "88": 21.69499258877534, "89": 22.251270405575603, "90": 21.73178920890785, "91": 22.21120089146438, "92": 21.322450549450554, "93": 21.75883142995601, "94": 21.731891077029964, "95": 23.01028651515357, "96": 22.042255199952322, "97": 22.321706349206348, "98": 42.97402597402598, "99": 42.27777777777777}, "p3": {"0": 33.04880062986762, "1": 17.79166429633376, "2": 17.416346247284526, "3": 19.858995219718683, "4": 22.663168315030198, "5": 25.981683429646417, "6": 26.744884709486776, "7": 26.8910621714175, "8": 27.38573771899498, "9": 26.546498828799383, "10": 27.65672879359322, "11": 23.961424030852786, "12": 25.04989908040596, "13": 24.518301286423988, "14": 23.30085963613125, "15": 25.71468866567941, "16": 24.97726301552783, "17": 25.096359612998906, "18": 23.615980560005685, "19": 24.42332173134119, "20": 23.908737329742042, "21": 23.27874158601254, "22": 23.996945997675468, "23": 24.35079884665721, "24": 24.32964971752205, "25": 25.256282481014768, "26": 23.42359169493032, "27": 25.8769862471505, "28": 27.399471694999768, "29": 26.73025952312809, "30": 26.0924865165566, "31": 27.463984443209387, "32": 26.807458853927283, "33": 27.9779249673724, "34": 28.242898294020005, "35": 28.55213247566954, "36": 28.09201835363235, "37": 28.152226099355108, "38": 30.64324191703176, "39": 29.12459882926921, "40": 28.43153837923232, "41": 30.988365027577697, "42": 30.576231188918317, "43": 31.42668479675127, "44": 29.80497150584139, "45": 32.71486539445225, "46": 33.32079879996882, "47": 34.15037994531117, "48": 34.627742559247025, "49": 31.937211027641958, "50": 35.375661169969135, "51": 34.795223835807995, "52": 35.64317129075856, "53": 36.435103923775095, "54": 35.04353015234876, "55": 37.22412598608907, "56": 35.634541010180705, "57": 35.86540531881389, "58": 36.45767053879343, "59": 35.202517617739844, "60": 34.906509657401514, "61": 34.673687862699325, "62": 35.250991768415844, "63": 36.749447086208384, "64": 37.301594563225656, "65": 37.78234412350894,