{"p0": {"0": {"0": 1.0}, "1": {"0": 1.0}, "2": {"0": 1.0}, "3": {"0": 1.0}, "4": {"0": 1.0}, "5": {"0": 1.0}, "6": {"0": 1.0}, "7": {"0": 1.0}, "8": {"0": 1.0}, "9": {"0": 1.0}, "10": {"0": 1.0}, "11": {"0": 1.0}, "12": {"0": 1.0}, "13": {"0": 1.0}, "14": {"0": 1.0}, "15": {"0": 1.0}, "16": {"0": 1.0}, "17": {"0": 1.0}, "18": {"0": 1.0}, "19": {"0": 1.0}, "20": {"0": 1.0}, "21": {"0": 1.0}, "22": {"0": 1.0}, "23": {"0": 1.0}, "24": {"0": 1.0}, "25": {"0": 1.0}, "26": {"0": 1.0}, "27": {"0": 1.0}, "28": {"0": 1.0}, "29": {"0": 1.0}, "30": {"0": 1.0}, "31": {"0": 1.0}, "32": {"0": 1.0}, "33": {"0": 1.0}, "34": {"0": 1.0}, "35": {"0": 1.0}, "36": {"0": 1.0}, "37": {"0": 1.0}, "38": {"0": 1.0}, "39": {"0": 1.0}, "40": {"0": 1.0}, "41": {"0": 1.0}, "42": {"0": 1.0}, "43": {"0": 1.0}, "44": {"0": 1.0}, "45": {"0": 1.0}, "46": {"0": 1.0}, "47": {"0": 1.0}, "48": {"0": 1.0}, "49": {"0": 1.0}, "50": {"0": 1.0}, "51": {"0": 1.0}, "52": {"0": 1.0}, "53": {"0": 1.0}, "54": {"0": 1.0}, "55": {"0": 1.0}, "56": {"0": 1.0}, "57": {"0": 1.0}, "58": {"0": 1.0}, "59": {"0": 1.0}, "60": {"0": 1.0}, "61": {"0": 1.0}, "62": {"0": 1.0}, "63": {"0": 1.0}, "64": {"0": 1.0}, "65": {"0": 1.0}, "66": {"0": 1.0}, "67": {"0": 1.0}, "68": {"0": 1.0}, "69": {"0": 1.0}, "70": {"0": 1.0}, "71": {"0": 1.0}, "72": {"0": 1.0}, "73": {"0": 1.0}, "74": {"0": 1.0}, "75": {"0": 1.0}, "76": {"0": 1.0}, "77": {"0": 1.0}, "78": {"0": 1.0}, "79": {"0": 1.0}}, "p3": {"0": {"0": 1.0}, "1": {"0": 1.0}, "2": {"0": 1.0}, "3": {"1": 0.2692307692307692, "2": 0.3076923076923077, "3": 0.3076923076923077, "4": 0.07692307692307693, "5": 0.038461538461538464}, "4": {"1": 0.2727272727272727, "2": 0.45454545454545453, "3": 0.12121212121212122, "4": 0.09090909090909091, "5": 0.06060606060606061}, "5": {"1": 0.24444444444444444, "2": 0.4888888888888889, "3": 0.17777777777777778, "4": 0.08888888888888889}, "6": {"1": 0.3333333333333333, "2": 0.3541666666666667, "3": 0.16666666666666666, "4": 0.125, "7": 0.020833333333333332}, "7": {"1": 0.36538461538461536, "2": 0.3269230769230769, "3": 0.15384615384615385, "4": 0.11538461538461539, "5": 0.038461538461538464}, "8": {"1": 0.3, "2": 0.38571428571428573, "3": 0.18571428571428572, "4": 0.1, "5": 0.014285714285714285, "6": 0.014285714285714285}, "9": {"1": 0.25806451612903225, "2": 0.43010752688172044, "3": 0.25806451612903225, "4": 0.053763440860215055}, "10": {"1": 0.31666666666666665, "2": 0.31666666666666665, "3": 0.23333333333333334, "4": 0.10833333333333334, "5": 0.025}, "11": {"1": 0.35772357723577236, "2": 0.2682926829268293, "3": 0.21951219512195122, "4": 0.13008130081300814, "5": 0.024390243902439025}, "12": {"1": 0.2796610169491525, "2": 0.3898305084745763, "3": 0.2033898305084746, "4": 0.0847457627118644, "5": 0.03389830508474576, "6": 0.00847457627118644}, "13": {"1": 0.3511450381679389, "2": 0.2595419847328244, "3": 0.22137404580152673, "4": 0.12213740458015267, "5": 0.030534351145038167, "6": 0.015267175572519083}, "14": {"1": 0.29411764705882354, "2": 0.3602941176470588, "3": 0.19117647058823528, "4": 0.11764705882352941, "5": 0.03676470588235294}, "15": {"1": 0.36231884057971014, "2": 0.3188405797101449, "3": 0.21014492753623187, "4": 0.07246376811594203, "5": 0.021739130434782608, "6": 0.014492753623188406}, "16": {"1": 0.33587786259541985, "2": 0.3053435114503817, "3": 0.22900763358778625, "4": 0.0916030534351145, "5": 0.03816793893129771}, "17": {"1": 0.29914529914529914, "2": 0.39316239316239315, "3": 0.17094017094017094, "4": 0.042735042735042736, "5": 0.07692307692307693, "6": 0.008547008547008548, "7": 0.008547008547008548}, "18": {"1": 0.31386861313868614, "2": 0.291970802919708, "3": 0.291970802919708, "4": 0.08029197080291971, "5": 0.014598540145985401, "6": 0.0072992700729927005}, "19": {"1": 0.3282442748091603, "2": 0.37404580152671757, "3": 0.1450381679389313, "4": 0.11450381679389313, "5": 0.022900763358778626, "6": 0.015267175572519083}, "20": {"1": 0.3076923076923077, "2": 0.2692307692307692, "3": 0.25, "4": 0.1346153846153846, "5": 0.028846153846153848, "6": 0.009615384615384616}, "21": {"1": 0.3577981651376147, "2": 0.28440366972477066, "3": 0.2018348623853211, "4": 0.05504587155963303, "5": 0.06422018348623854, "6": 0.027522935779816515, "7": 0.009174311926605505}, "22": {"1": 0.32, "2": 0.3, "3": 0.2, "4": 0.11, "5": 0.06, "6": 0.01}, "23": {"1": 0.3137254901960784, "2": 0.28431372549019607, "3": 0.19607843137254902, "4": 0.11764705882352941, "5": 0.049019607843137254, "6": 0.029411764705882353, "7": 0.00980392156862745}, "24": {"1": 0.3392857142857143, "2": 0.29464285714285715, "3": 0.16071428571428573, "4": 0.16071428571428573, "5": 0.044642857142857144}, "25": {"1": 0.22641509433962265, "2": 0.4339622641509434, "3": 0.16037735849056603, "4": 0.16037735849056603, "5": 0.009433962264150943, "6": 0.009433962264150943}, "26": {"1": 0.3333333333333333, "2": 0.26436781609195403, "3": 0.20689655172413793, "4": 0.11494252873563218, "5": 0.05747126436781609, "6": 0.022988505747126436}, "27": {"1": 0.2903225806451613, "2": 0.3118279569892473, "3": 0.23655913978494625, "4": 0.11827956989247312, "5": 0.03225806451612903, "7": 0.010752688172043012}, "28": {"1": 0.33766233766233766, "2": 0.23376623376623376, "3": 0.2857142857142857, "4": 0.09090909090909091, "5": 0.03896103896103896, "7": 0.012987012987012988}, "29": {"1": 0.33707865168539325, "2": 0.2808988764044944, "3": 0.21348314606741572, "4": 0.10112359550561797, "5": 0.06741573033707865}, "30": {"1": 0.3673469387755102, "2": 0.3163265306122449, "3": 0.17346938775510204, "4": 0.11224489795918367, "5": 0.02040816326530612, "6": 0.01020408163265306}, "31": {"1": 0.39285714285714285, "2": 0.21428571428571427, "3": 0.16666666666666666, "4": 0.09523809523809523, "5": 0.13095238095238096}, "32": {"1": 0.3020833333333333, "2": 0.3541666666666667, "3": 0.17708333333333334, "4": 0.11458333333333333, "5": 0.020833333333333332, "6": 0.010416666666666666, "7": 0.020833333333333332}, "33": {"1": 0.2441860465116279, "2": 0.313953488372093, "3": 0.2558139534883721, "4": 0.11627906976744186, "5": 0.05813953488372093, "6": 0.011627906976744186}, "34": {"1": 0.32941176470588235, "2": 0.3176470588235294, "3": 0.17647058823529413, "4": 0.09411764705882353, "5": 0.058823529411764705, "6": 0.023529411764705882}, "35": {"1": 0.40476190476190477, "2": 0.25, "3": 0.20238095238095238, "4": 0.10714285714285714, "6": 0.023809523809523808, "7": 0.011904761904761904}, "36": {"1": 0.3125, "2": 0.390625, "3": 0.125, "4": 0.09375, "5": 0.0625, "6": 0.015625}, "37": {"1": 0.3373493975903614, "2": 0.30120481927710846, "3": 0.1686746987951807, "4": 0.10843373493975904, "5": 0.04819277108433735, "6": 0.03614457831325301}, "38": {"1": 0.3958333333333333, "2": 0.2916666666666667, "3": 0.125, "4": 0.08333333333333333, "5": 0.041666666666666664, "6": 0.0625}, "39": {"1": 0.3333333333333333, "2": 0.29411764705882354, "3": 0.21568627450980393, "4": 0.11764705882352941, "5": 0.0392156862745098}, "40": {"1": 0.40350877192982454, "2": 0.2807017543859649, "3": 0.19298245614035087, "4": 0.05263157894736842, "5": 0.05263157894736842, "6": 0.017543859649122806}, "41": {"1": 0.2571428571428571, "2": 0.42857142857142855, "3": 0.2857142857142857, "4": 0.02857142857142857}, "42": {"1": 0.39473684210526316, "2": 0.34210526315789475, "3": 0.13157894736842105, "4": 0.10526315789473684, "5": 0.02631578947368421}, "43": {"1": 0.22807017543859648, "2": 0.45614035087719296, "3": 0.17543859649122806, "4": 0.08771929824561403, "5": 0.03508771929824561, "8": 0.017543859649122806}, "44": {"1": 0.26785714285714285, "2": 0.35714285714285715, "3": 0.23214285714285715, "4": 0.08928571428571429, "5": 0.05357142857142857}, "45": {"1": 0.3333333333333333, "2": 0.2878787878787879, "3": 0.21212121212121213, "4": 0.10606060606060606, "5": 0.045454545454545456, "6": 0.015151515151515152}, "46": {"1": 0.36585365853658536, "2": 0.3048780487804878, "3": 0.15853658536585366, "4": 0.10975609756097561, "5": 0.04878048780487805, "6": 0.012195121951219513},