{"p0": {"0": {"0": 1.0}, "1": {"0": 1.0}, "2": {"0": 1.0}, "3": {"0": 1.0}, "4": {"0": 1.0}, "5": {"0": 1.0}, "6": {"0": 1.0}, "7": {"0": 1.0}, "8": {"0": 1.0}, "9": {"0": 1.0}, "10": {"0": 1.0}, "11": {"0": 1.0}, "12": {"0": 1.0}, "13": {"0": 1.0}, "14": {"0": 1.0}, "15": {"0": 1.0}, "16": {"0": 1.0}, "17": {"0": 1.0}, "18": {"0": 1.0}, "19": {"0": 1.0}, "20": {"0": 1.0}, "21": {"0": 1.0}, "22": {"0": 1.0}, "23": {"0": 1.0}, "24": {"0": 1.0}, "25": {"0": 1.0}, "26": {"0": 1.0}, "27": {"0": 1.0}, "28": {"0": 1.0}, "29": {"0": 1.0}, "30": {"0": 1.0}, "31": {"0": 1.0}, "32": {"0": 1.0}, "33": {"0": 1.0}, "34": {"0": 1.0}, "35": {"0": 1.0}, "36": {"0": 1.0}, "37": {"0": 1.0}, "38": {"0": 1.0}, "39": {"0": 1.0}, "40": {"0": 1.0}, "41": {"0": 1.0}, "42": {"0": 1.0}, "43": {"0": 1.0}, "44": {"0": 1.0}, "45": {"0": 1.0}, "46": {"0": 1.0}, "47": {"0": 1.0}, "48": {"0": 1.0}, "49": {"0": 1.0}, "50": {"0": 1.0}, "51": {"0": 1.0}, "52": {"0": 1.0}, "53": {"0": 1.0}, "54": {"0": 1.0}, "55": {"0": 1.0}, "56": {"0": 1.0}, "57": {"0": 1.0}, "58": {"0": 1.0}, "59": {"0": 1.0}, "60": {"0": 1.0}, "61": {"0": 1.0}, "62": {"0": 1.0}, "63": {"0": 1.0}, "64": {"0": 1.0}, "65": {"0": 1.0}, "66": {"0": 1.0}, "67": {"0": 1.0}, "68": {"0": 1.0}, "69": {"0": 1.0}, "70": {"0": 1.0}, "71": {"0": 1.0}, "72": {"0": 1.0}, "73": {"0": 1.0}, "74": {"0": 1.0}, "75": {"0": 1.0}, "76": {"0": 1.0}, "77": {"0": 1.0}, "78": {"0": 1.0}, "79": {"0": 1.0}, "80": {"0": 1.0}, "81": {"0": 1.0}, "82": {"0": 1.0}, "83": {"0": 1.0}, "84": {"0": 1.0}, "85": {"0": 1.0}, "86": {"0": 1.0}}, "p4": {"0": {"0": 1.0}, "1": {"0": 1.0}, "2": {"0": 1.0}, "3": {"0": 1.0}, "4": {"1": 0.5714285714285714, "2": 0.14285714285714285, "3": 0.2857142857142857}, "5": {"1": 0.5555555555555556, "2": 0.4444444444444444}, "6": {"1": 0.25, "2": 0.5, "4": 0.25}, "7": {"1": 0.3333333333333333, "2": 0.6666666666666666}, "8": {"1": 0.2857142857142857, "2": 0.7142857142857143}, "9": {"1": 0.4, "2": 0.2, "3": 0.4}, "10": {"1": 0.5, "2": 0.5}, "11": {"1": 0.4, "2": 0.2, "3": 0.4}, "12": {"1": 0.25, "2": 0.5, "3": 0.25}, "13": {"1": 0.5, "3": 0.5}, "14": {"1": 0.2857142857142857, "2": 0.5714285714285714, "3": 0.14285714285714285}, "15": {"1": 0.5714285714285714, "2": 0.42857142857142855}, "16": {"1": 0.5, "2": 0.3333333333333333, "4": 0.16666666666666666}, "17": {"1": 0.7142857142857143, "2": 0.14285714285714285, "3": 0.14285714285714285}, "18": {"1": 0.7142857142857143, "2": 0.14285714285714285, "3": 0.14285714285714285}, "19": {"0": 1.0}, "20": {"0": 1.0}, "21": {"0": 1.0}, "22": {"0": 1.0}, "23": {"0": 1.0}, "24": {"0": 1.0}, "25": {"0": 1.0}, "26": {"0": 1.0}, "27": {"0": 1.0}, "28": {"0": 1.0}, "29": {"1": 0.5714285714285714, "2": 0.2857142857142857, "3": 0.14285714285714285}, "30": {"1": 0.6666666666666666, "2": 0.16666666666666666, "3": 0.16666666666666666}, "31": {"0": 1.0}, "32": {"1": 0.4, "2": 0.4, "5": 0.2}, "33": {"1": 0.25, "2": 0.25, "3": 0.5}, "34": {"1": 1.0}, "35": {"1": 0.42857142857142855, "2": 0.42857142857142855, "3": 0.14285714285714285}, "36": {"2": 0.5, "3": 0.5}, "37": {"1": 0.5, "2": 0.3333333333333333, "3": 0.16666666666666666}, "38": {"2": 0.6666666666666666, "3": 0.3333333333333333}, "39": {"1": 0.4, "2": 0.4, "3": 0.2}, "40": {"0": 1.0}, "41": {"1": 0.25, "2": 0.5, "3": 0.25}, "42": {"1": 0.75, "2": 0.25}, "43": {"0": 1.0}, "44": {"1": 0.5555555555555556, "2": 0.2222222222222222, "3": 0.1111111111111111, "4": 0.1111111111111111}, "45": {"0": 1.0}, "46": {"0": 1.0}, "47": {"0": 1.0}, "48": {"0": 1.0}, "49": {"0": 1.0}, "50": {"0": 1.0}, "51": {"1": 0.5, "2": 0.5}, "52": {"0": 1.0}, "53": {"0": 1.0}, "54": {"1": 0.75, "2": 0.125, "3": 0.125}, "55": {"1": 0.3333333333333333, "3": 0.6666666666666666}, "56": {"1": 0.6666666666666666, "2": 0.3333333333333333}, "57": {"0": 1.0}, "58": {"1": 0.7142857142857143, "3": 0.2857142857142857}, "59": {"1": 0.5, "2": 0.25, "3": 0.25}, "60": {"1": 0.6, "2": 0.4}, "61": {"0": 1.0}, "62": {"1": 0.7142857142857143, "2": 0.14285714285714285, "3": 0.14285714285714285}, "63": {"1": 0.3333333333333333, "2": 0.3333333333333333, "3": 0.16666666666666666, "4": 0.16666666666666666}, "64": {"1": 0.75, "2": 0.125, "3": 0.125}, "65": {"0": 1.0}, "66": {"0": 1.0}, "67": {"1": 0.75, "2": 0.25}, "68": {"0": 1.0}, "69": {"0": 1.0}, "70": {"0": 1.0}, "71": {"0": 1.0}, "72": {"1": 1.0}, "73": {"0": 1.0}, "74": {"1": 0.8, "3": 0.2}, "75": {"1": 0.5, "2": 0.16666666666666666, "3": 0.16666666666666666, "4": 0.16666666666666666}, "76": {"1": 0.625, "3": 0.375}, "77": {"1": 0.5, "2": 0.16666666666666666, "3": 0.3333333333333333}, "78": {"1": 0.5, "2": 0.3333333333333333, "4": 0.16666666666666666}, "79": {"1": 0.5, "2": 0.5}, "80": {"1": 0.3333333333333333, "2": 0.3333333333333333, "3": 0.3333333333333333}, "81": {"1": 0.6, "3": 0.2, "4": 0.2}, "82": {"1": 0.6666666666666666, "2": 0.16666666666666666, "3": 0.16666666666666666}, "83": {"1": 0.6, "2": 0.2, "3": 0.2}, "84": {"1": 0.16666666666666666, "2": 0.8333333333333334}, "85": {"1": 1.0}, "86": {"0": 1.0}}, "p2": {"0": {"0": 1.0}, "1": {"0": 1.0}, "2": {"0": 1.0}, "3": {"0": 1.0}, "4": {"0": 1.0}, "5": {"0": 1.0}, "6": {"0": 1.0}, "7": {"0": 1.0}, "8": {"0": 1.0}, "9": {"0": 1.0}, "10": {"0": 1.0}, "11": {"0": 1.0}, "12": {"0": 1.0}, "13": {"0": 1.0}, "14": {"0": 1.0}, "15": {"0": 1.0}, "16": {"0": 1.0}, "17": {"0": 1.0}, "18": {"0": 1.0}, "19": {"0": 1.0}, "20": {"0": 1.0}, "21": {"0": 1.0}, "22": {"0": 1.0}, "23": {"0": 1.0}, "24": {"0": 1.0}, "25": {"0": 1.0}, "26": {"0": 1.0}, "27": {"0": 1.0}, "28": {"0": 1.0}, "29": {"0": 1.0}, "30": {"0": 1.0}, "31": {"0": 1.0}, "32": {"0": 1.0}, "33": {"0": 1.0}, "34": {"0": 1.0}, "35": {"0": 1.0}, "36": {"0": 1.0}, "37": {"0": 1.0}, "38": {"0": 1.0}, "39": {"0": 1.0}, "40": {"0": 1.0}, "41": {"0": 1.0}, "42": {"0": 1.0}, "43": {"0": 1.0}, "44": {"0": 1.0}, "45": {"0": 1.0}, "46": {"0": 1.0}, "47": {"0": 1.0}, "48": {"0": 1.0}, "49": {"0": 1.0}, "50": {"0": 1.0}, "51": {"0": 1.0}, "52": {"0": 1.0}, "53": {"0": 1.0}, "54": {"0": 1.0}, "55": {"0": 1.0}, "56": {"0": 1.0}, "57": {"0": 1.0}, "58": {"0": 1.0}, "59": {"0": 1.0}, "60": {"0": 1.0}, "61": {"0": 1.0}, "62": {"0": 1.0}, "63": {"0": 1.0}, "64": {"0": 1.0}, "65": {"0": 1.0}, "66": {"0": 1.0}, "67": {"0": 1.0}, "68": {"0": 1.0}, "69": {"0": 1.0}, "70": {"0": 1.0}, "71": {"0": 1.0}, "72": {"0": 1.0}, "73": {"0": 1.0}, "74": {"0": 1.0}, "75": {"0": 1.0}, "76": {"0": 1.0}, "77": {"0": 1.0}, "78": {"0": 1.0}, "79": {"0": 1.0}, "80": {"0": 1.0}, "81": {"0": 1.0}, "82": {"0": 1.0}, "83": {"0": 1.0}, "84": {"0": 1.0}, "85": {"0": 1.0}, "86": {"0": 1.0}}, "p1": {"0": {"0": 1.0}, "1": {"0": 1.0}, "2": {"0": 1.0}, "3": {"0": 1.0}, "4": {"0": 1.0}, "5": {"0": 1.0}, "6": {"0": 1.0}, "7": {"0": 1.0}, "8": {"0": 1.0}, "9": {"0": 1.0}, "10": {"0": 1.0}, "11": {"0": 1.0}, "12": {"0": 1.0}, "13": {"0": 1.0}, "14": {"0": 1.0}, "15": {"0": 1.0}, "16": {"0": 1.0}, "17": {"0": 1.0}, "18": {"0": 1.0}, "19": {"0": 1.0}, "20": {"0": 1.0}, "21": {"0": 1.0}, "22": {"0": 1.0}, "23": {"0": 1.0}, "24": {"0": 1.0}, "25": {"0": 1.0}, "26": {"0": 1.0}, "27": {"0": 1.0}, "28": {"0": 1.0}, "29": {"0": 1.0}, "30": {"0": 1.0}, "31": {"0": 1.0}, "32": {"0": 1.0}, "33": {"0": 1.0}, "34": {"0": 1.0}, "35": {"0": 1.0}, "36": {"0": 1.0}, "37": {"0": 1.0}, "38": {"0": 1.0}, "39": {"0": 1.0}, "40": {"0": 1.0}, "41": {"0": 1.0}, "42": {"0": 1.0}, "43": {"0": 1.0}, "44": {"0": 1.0}, "45": {"0": 1.0}, "46": {"0": 1.0}, "47": {"0": 1.0}, "48": {"0": 1.0}, "49": {"0": 1.0}, "50": {"0": 1.0}, "51": {"0": 1.0}, "52": {"0": 1.0}, "53": {"0": 1.0}, "54": {"0": 1.0}, "55": {"0": 1.0}, "56": {"0": 1.0}, "57": {"0": 1.0}, "58": {"0": 1.0}, "59": {"0": 1.0}, "60": {"0": 1.0}, "61": {"0": 1.0}, "62": {"0": 1.0}, "63": {"0": 1.0}, "64": {"0": 1.0}, "65": {"0": 1.0}, "66": {"0": 1.0}, "67": {"0": 1.0}, "68": {"0": 1.0}, "69": {"0": 1.0}, "70": {"0": 1.0}, "71": {"0": 1.0}, "72": {"0": 1.0}, "73": {"0": 1.0}, "74": {"0": 1.0}, "75": {"0": 1.0}, "76": {"0": 1.0}, "77": {"0": 1.0}, "78": {"0": 1.0},