{"p0": {"0": {"0": 1.0}, "1": {"0": 1.0}, "2": {"0": 1.0}, "3": {"0": 1.0}, "4": {"0": 1.0}, "5": {"0": 1.0}, "6": {"0": 1.0}, "7": {"0": 1.0}, "8": {"0": 1.0}, "9": {"0": 1.0}, "10": {"0": 1.0}, "11": {"0": 1.0}, "12": {"0": 1.0}, "13": {"0": 1.0}, "14": {"0": 1.0}, "15": {"0": 1.0}, "16": {"0": 1.0}, "17": {"0": 1.0}, "18": {"0": 1.0}, "19": {"0": 1.0}, "20": {"0": 1.0}, "21": {"0": 1.0}, "22": {"0": 1.0}, "23": {"0": 1.0}, "24": {"0": 1.0}, "25": {"0": 1.0}, "26": {"0": 1.0}, "27": {"0": 1.0}, "28": {"0": 1.0}, "29": {"0": 1.0}, "30": {"0": 1.0}, "31": {"0": 1.0}, "32": {"0": 1.0}, "33": {"0": 1.0}, "34": {"0": 1.0}, "35": {"0": 1.0}, "36": {"0": 1.0}, "37": {"0": 1.0}, "38": {"0": 1.0}, "39": {"0": 1.0}, "40": {"0": 1.0}, "41": {"0": 1.0}, "42": {"0": 1.0}, "43": {"0": 1.0}, "44": {"0": 1.0}, "45": {"0": 1.0}, "46": {"0": 1.0}, "47": {"0": 1.0}, "48": {"0": 1.0}, "49": {"0": 1.0}, "50": {"0": 1.0}, "51": {"0": 1.0}, "52": {"0": 1.0}, "53": {"0": 1.0}, "54": {"0": 1.0}, "55": {"0": 1.0}, "56": {"0": 1.0}, "57": {"0": 1.0}, "58": {"0": 1.0}, "59": {"0": 1.0}, "60": {"0": 1.0}, "61": {"0": 1.0}, "62": {"0": 1.0}, "63": {"0": 1.0}, "64": {"0": 1.0}, "65": {"0": 1.0}, "66": {"0": 1.0}, "67": {"0": 1.0}, "68": {"0": 1.0}, "69": {"0": 1.0}, "70": {"0": 1.0}, "71": {"0": 1.0}, "72": {"0": 1.0}}, "p3": {"0": {"0": 1.0}, "1": {"0": 1.0}, "2": {"0": 1.0}, "3": {"0": 1.0}, "4": {"1": 0.16666666666666666, "2": 0.5, "3": 0.3333333333333333}, "5": {"1": 0.4, "2": 0.6}, "6": {"1": 0.5, "2": 0.5}, "7": {"1": 0.14285714285714285, "2": 0.7142857142857143, "3": 0.14285714285714285}, "8": {"1": 0.2, "2": 0.4, "3": 0.4}, "9": {"1": 0.5555555555555556, "2": 0.3333333333333333, "4": 0.1111111111111111}, "10": {"1": 0.5714285714285714, "2": 0.42857142857142855}, "11": {"3": 1.0}, "12": {"1": 0.6, "2": 0.4}, "13": {"1": 0.3333333333333333, "2": 0.3333333333333333, "3": 0.3333333333333333}, "14": {"0": 1.0}, "15": {"1": 0.5, "3": 0.5}, "16": {"1": 0.375, "2": 0.5, "3": 0.125}, "17": {"1": 0.6, "2": 0.3, "3": 0.1}, "18": {"1": 0.6, "2": 0.2, "3": 0.2}, "19": {"1": 0.42857142857142855, "2": 0.5714285714285714}, "20": {"1": 0.5, "2": 0.375, "3": 0.125}, "21": {"1": 0.7142857142857143, "3": 0.2857142857142857}, "22": {"1": 0.5, "2": 0.5}, "23": {"2": 1.0}, "24": {"2": 0.3333333333333333, "3": 0.3333333333333333, "4": 0.3333333333333333}, "25": {"0": 1.0}, "26": {"0": 1.0}, "27": {"0": 1.0}, "28": {"0": 1.0}, "29": {"0": 1.0}, "30": {"0": 1.0}, "31": {"0": 1.0}, "32": {"0": 1.0}, "33": {"2": 1.0}, "34": {"1": 0.4444444444444444, "2": 0.5555555555555556}, "35": {"1": 0.5, "2": 0.3333333333333333, "4": 0.16666666666666666}, "36": {"1": 0.5714285714285714, "2": 0.2857142857142857, "3": 0.14285714285714285}, "37": {"1": 0.6, "2": 0.2, "5": 0.2}, "38": {"1": 0.5714285714285714, "2": 0.2857142857142857, "4": 0.14285714285714285}, "39": {"1": 0.6666666666666666, "2": 0.16666666666666666, "3": 0.16666666666666666}, "40": {"1": 0.6, "2": 0.2, "5": 0.2}, "41": {"1": 0.25, "2": 0.25, "3": 0.5}, "42": {"1": 0.1111111111111111, "2": 0.5555555555555556, "3": 0.3333333333333333}, "43": {"1": 0.5, "2": 0.4166666666666667, "4": 0.08333333333333333}, "44": {"1": 0.6, "2": 0.2, "5": 0.2}, "45": {"1": 0.14285714285714285, "2": 0.5714285714285714, "3": 0.2857142857142857}, "46": {"2": 1.0}, "47": {"1": 0.6666666666666666, "2": 0.16666666666666666, "3": 0.16666666666666666}, "48": {"1": 0.6666666666666666, "2": 0.3333333333333333}, "49": {"1": 0.25, "2": 0.5, "3": 0.25}, "50": {"1": 0.5, "3": 0.5}, "51": {"1": 0.5, "2": 0.5}, "52": {"0": 1.0}, "53": {"1": 0.5555555555555556, "2": 0.3333333333333333, "5": 0.1111111111111111}, "54": {"0": 1.0}, "55": {"1": 0.5714285714285714, "2": 0.42857142857142855}, "56": {"0": 1.0}, "57": {"0": 1.0}, "58": {"0": 1.0}, "59": {"1": 0.6666666666666666, "2": 0.16666666666666666, "4": 0.16666666666666666}, "60": {"1": 0.6666666666666666, "3": 0.3333333333333333}, "61": {"2": 0.5, "3": 0.5}, "62": {"1": 0.5, "2": 0.4, "3": 0.1}, "63": {"1": 0.16666666666666666, "2": 0.5, "3": 0.16666666666666666, "4": 0.16666666666666666}, "64": {"1": 0.625, "2": 0.375}, "65": {"1": 0.3333333333333333, "2": 0.3333333333333333, "3": 0.3333333333333333}, "66": {"1": 1.0}, "67": {"1": 0.5, "2": 0.25, "3": 0.25}, "68": {"1": 0.5, "2": 0.25, "3": 0.25}, "69": {"1": 0.3, "2": 0.5, "3": 0.1, "4": 0.1}, "70": {"1": 0.5, "2": 0.4, "4": 0.1}, "71": {"2": 1.0}, "72": {"2": 0.3333333333333333, "3": 0.6666666666666666}}, "p2": {"0": {"0": 1.0}, "1": {"0": 1.0}, "2": {"0": 1.0}, "3": {"0": 1.0}, "4": {"0": 1.0}, "5": {"0": 1.0}, "6": {"0": 1.0}, "7": {"0": 1.0}, "8": {"0": 1.0}, "9": {"0": 1.0}, "10": {"0": 1.0}, "11": {"0": 1.0}, "12": {"0": 1.0}, "13": {"0": 1.0}, "14": {"0": 1.0}, "15": {"0": 1.0}, "16": {"0": 1.0}, "17": {"0": 1.0}, "18": {"0": 1.0}, "19": {"0": 1.0}, "20": {"0": 1.0}, "21": {"0": 1.0}, "22": {"0": 1.0}, "23": {"0": 1.0}, "24": {"0": 1.0}, "25": {"0": 1.0}, "26": {"0": 1.0}, "27": {"0": 1.0}, "28": {"0": 1.0}, "29": {"0": 1.0}, "30": {"0": 1.0}, "31": {"0": 1.0}, "32": {"0": 1.0}, "33": {"0": 1.0}, "34": {"0": 1.0}, "35": {"0": 1.0}, "36": {"0": 1.0}, "37": {"0": 1.0}, "38": {"0": 1.0}, "39": {"0": 1.0}, "40": {"0": 1.0}, "41": {"0": 1.0}, "42": {"0": 1.0}, "43": {"0": 1.0}, "44": {"0": 1.0}, "45": {"0": 1.0}, "46": {"0": 1.0}, "47": {"0": 1.0}, "48": {"0": 1.0}, "49": {"0": 1.0}, "50": {"0": 1.0}, "51": {"0": 1.0}, "52": {"0": 1.0}, "53": {"0": 1.0}, "54": {"0": 1.0}, "55": {"0": 1.0}, "56": {"0": 1.0}, "57": {"0": 1.0}, "58": {"0": 1.0}, "59": {"0": 1.0}, "60": {"0": 1.0}, "61": {"0": 1.0}, "62": {"0": 1.0}, "63": {"0": 1.0}, "64": {"0": 1.0}, "65": {"0": 1.0}, "66": {"0": 1.0}, "67": {"0": 1.0}, "68": {"0": 1.0}, "69": {"0": 1.0}, "70": {"0": 1.0}, "71": {"0": 1.0}, "72": {"0": 1.0}}, "p1": {"0": {"0": 1.0}, "1": {"0": 1.0}, "2": {"0": 1.0}, "3": {"0": 1.0}, "4": {"0": 1.0}, "5": {"0": 1.0}, "6": {"0": 1.0}, "7": {"0": 1.0}, "8": {"0": 1.0}, "9": {"0": 1.0}, "10": {"0": 1.0}, "11": {"0": 1.0}, "12": {"0": 1.0}, "13": {"0": 1.0}, "14": {"0": 1.0}, "15": {"0": 1.0}, "16": {"0": 1.0}, "17": {"0": 1.0}, "18": {"0": 1.0}, "19": {"0": 1.0}, "20": {"0": 1.0}, "21": {"0": 1.0}, "22": {"0": 1.0}, "23": {"0": 1.0}, "24": {"0": 1.0}, "25": {"0": 1.0}, "26": {"0": 1.0}, "27": {"0": 1.0}, "28": {"0": 1.0}, "29": {"0": 1.0}, "30": {"0": 1.0}, "31": {"0": 1.0}, "32": {"0": 1.0}, "33": {"0": 1.0}, "34": {"0": 1.0}, "35": {"0": 1.0}, "36": {"0": 1.0}, "37": {"0": 1.0}, "38": {"0": 1.0}, "39": {"0": 1.0}, "40": {"0": 1.0}, "41": {"0": 1.0}, "42": {"0": 1.0}, "43": {"0": 1.0}, "44": {"0": 1.0}, "45": {"0": 1.0}, "46": {"0": 1.0}, "47": {"0": 1.0}, "48": {"0": 1.0}, "49": {"0": 1.0}, "50": {"0": 1.0}, "51": {"0": 1.0}, "52": {"0": 1.0}, "53": {"0": 1.0}, "54": {"0": 1.0}, "55": {"0": 1.0}, "56": {"0": 1.0}, "57": {"0": 1.0}, "58": {"0": 1.0}, "59": {"0": 1.0}, "60": {"0": 1.0}, "61": {"0": 1.0}, "62": {"0": 1.0}, "63": {"0": 1.0}, "64": {"0": 1.0}, "65": {"0": 1.0}, "66": {"0": 1.0}, "67": {"0": 1.0}, "68": {"0": 1.0}, "69": {"0": 1.0}, "70": {"0": 1.0}, "71": {"0": 1.0}, "72": {"0": 1.0}}}