{"p0": {"0": {"0": 1.0}, "1": {"0": 1.0}, "2": {"0": 1.0}, "3": {"0": 1.0}, "4": {"0": 1.0}, "5": {"0": 1.0}, "6": {"0": 1.0}, "7": {"0": 1.0}, "8": {"0": 1.0}, "9": {"0": 1.0}, "10": {"0": 1.0}, "11": {"0": 1.0}, "12": {"0": 1.0}, "13": {"0": 1.0}, "14": {"0": 1.0}, "15": {"0": 1.0}, "16": {"0": 1.0}, "17": {"0": 1.0}, "18": {"0": 1.0}, "19": {"0": 1.0}, "20": {"0": 1.0}, "21": {"0": 1.0}, "22": {"0": 1.0}, "23": {"0": 1.0}, "24": {"0": 1.0}, "25": {"0": 1.0}, "26": {"0": 1.0}, "27": {"0": 1.0}, "28": {"0": 1.0}, "29": {"0": 1.0}, "30": {"0": 1.0}, "31": {"0": 1.0}, "32": {"0": 1.0}, "33": {"0": 1.0}, "34": {"0": 1.0}, "35": {"0": 1.0}, "36": {"0": 1.0}, "37": {"0": 1.0}, "38": {"0": 1.0}, "39": {"0": 1.0}, "40": {"0": 1.0}, "41": {"0": 1.0}, "42": {"0": 1.0}, "43": {"0": 1.0}, "44": {"0": 1.0}, "45": {"0": 1.0}, "46": {"0": 1.0}, "47": {"0": 1.0}, "48": {"0": 1.0}, "49": {"0": 1.0}, "50": {"0": 1.0}, "51": {"0": 1.0}, "52": {"0": 1.0}, "53": {"0": 1.0}, "54": {"0": 1.0}, "55": {"0": 1.0}, "56": {"0": 1.0}, "57": {"0": 1.0}, "58": {"0": 1.0}, "59": {"0": 1.0}, "60": {"0": 1.0}, "61": {"0": 1.0}, "62": {"0": 1.0}, "63": {"0": 1.0}, "64": {"0": 1.0}, "65": {"0": 1.0}, "66": {"0": 1.0}, "67": {"0": 1.0}, "68": {"0": 1.0}, "69": {"0": 1.0}, "70": {"0": 1.0}, "71": {"0": 1.0}, "72": {"0": 1.0}, "73": {"0": 1.0}, "74": {"0": 1.0}, "75": {"0": 1.0}, "76": {"0": 1.0}, "77": {"0": 1.0}, "78": {"0": 1.0}}, "p5": {"0": {"0": 1.0}, "1": {"0": 1.0}, "2": {"0": 1.0}, "3": {"0": 1.0}, "4": {"0": 1.0}, "5": {"1": 0.4, "2": 0.6}, "6": {"2": 0.75, "3": 0.25}, "7": {"1": 0.4, "2": 0.6}, "8": {"1": 0.7142857142857143, "2": 0.14285714285714285, "5": 0.14285714285714285}, "9": {"2": 0.6666666666666666, "3": 0.3333333333333333}, "10": {"2": 0.5, "3": 0.5}, "11": {"1": 0.5, "2": 0.25, "3": 0.25}, "12": {"1": 0.3333333333333333, "2": 0.6666666666666666}, "13": {"2": 0.75, "3": 0.25}, "14": {"2": 0.6666666666666666, "3": 0.3333333333333333}, "15": {"1": 0.2, "2": 0.4, "4": 0.4}, "16": {"1": 0.5, "2": 0.25, "3": 0.25}, "17": {"1": 0.5, "2": 0.3333333333333333, "4": 0.16666666666666666}, "18": {"1": 0.6666666666666666, "3": 0.16666666666666666, "5": 0.16666666666666666}, "19": {"1": 0.16666666666666666, "2": 0.6666666666666666, "3": 0.16666666666666666}, "20": {"2": 0.5, "3": 0.5}, "21": {"2": 0.3333333333333333, "3": 0.3333333333333333, "4": 0.3333333333333333}, "22": {"1": 0.42857142857142855, "3": 0.5714285714285714}, "23": {"1": 0.42857142857142855, "2": 0.5714285714285714}, "24": {"1": 0.3333333333333333, "2": 0.5, "3": 0.16666666666666666}, "25": {"1": 0.25, "2": 0.5, "5": 0.25}, "26": {"3": 1.0}, "27": {"1": 0.6, "2": 0.2, "4": 0.2}, "28": {"1": 0.6666666666666666, "3": 0.3333333333333333}, "29": {"1": 0.4, "2": 0.2, "4": 0.4}, "30": {"1": 0.25, "2": 0.5, "3": 0.25}, "31": {"1": 0.5, "2": 0.5}, "32": {"1": 0.5, "2": 0.16666666666666666, "3": 0.16666666666666666, "4": 0.16666666666666666}, "33": {"0": 1.0}, "34": {"0": 1.0}, "35": {"0": 1.0}, "36": {"0": 1.0}, "37": {"0": 1.0}, "38": {"0": 1.0}, "39": {"0": 1.0}, "40": {"0": 1.0}, "41": {"0": 1.0}, "42": {"0": 1.0}, "43": {"0": 1.0}, "44": {"0": 1.0}, "45": {"0": 1.0}, "46": {"0": 1.0}, "47": {"0": 1.0}, "48": {"0": 1.0}, "49": {"0": 1.0}, "50": {"0": 1.0}, "51": {"1": 0.3333333333333333, "2": 0.6666666666666666}, "52": {"1": 0.3333333333333333, "2": 0.5, "3": 0.16666666666666666}, "53": {"0": 1.0}, "54": {"0": 1.0}, "55": {"1": 1.0}, "56": {"1": 0.2, "2": 0.6, "3": 0.2}, "57": {"1": 0.6, "2": 0.2, "3": 0.2}, "58": {"1": 0.4, "2": 0.4, "4": 0.2}, "59": {"1": 0.625, "2": 0.125, "3": 0.25}, "60": {"0": 1.0}, "61": {"1": 1.0}, "62": {"0": 1.0}, "63": {"2": 1.0}, "64": {"1": 0.6, "2": 0.2, "4": 0.2}, "65": {"1": 0.4, "2": 0.6}, "66": {"2": 0.5, "3": 0.5}, "67": {"1": 0.16666666666666666, "2": 0.8333333333333334}, "68": {"2": 0.75, "4": 0.25}, "69": {"1": 0.25, "2": 0.25, "3": 0.25, "4": 0.25}, "70": {"1": 0.3333333333333333, "2": 0.3333333333333333, "3": 0.3333333333333333}, "71": {"1": 0.5714285714285714, "2": 0.14285714285714285, "3": 0.2857142857142857}, "72": {"1": 0.5, "2": 0.16666666666666666, "3": 0.16666666666666666, "4": 0.16666666666666666}, "73": {"1": 0.375, "2": 0.5, "3": 0.125}, "74": {"1": 0.4, "2": 0.4, "4": 0.2}, "75": {"2": 1.0}, "76": {"0": 1.0}, "77": {"0": 1.0}, "78": {"1": 0.3333333333333333, "2": 0.6666666666666666}}, "p1": {"0": {"0": 1.0}, "1": {"0": 1.0}, "2": {"0": 1.0}, "3": {"0": 1.0}, "4": {"0": 1.0}, "5": {"0": 1.0}, "6": {"0": 1.0}, "7": {"0": 1.0}, "8": {"0": 1.0}, "9": {"0": 1.0}, "10": {"0": 1.0}, "11": {"0": 1.0}, "12": {"0": 1.0}, "13": {"0": 1.0}, "14": {"0": 1.0}, "15": {"0": 1.0}, "16": {"0": 1.0}, "17": {"0": 1.0}, "18": {"0": 1.0}, "19": {"0": 1.0}, "20": {"0": 1.0}, "21": {"0": 1.0}, "22": {"0": 1.0}, "23": {"0": 1.0}, "24": {"0": 1.0}, "25": {"0": 1.0}, "26": {"0": 1.0}, "27": {"0": 1.0}, "28": {"0": 1.0}, "29": {"0": 1.0}, "30": {"0": 1.0}, "31": {"0": 1.0}, "32": {"0": 1.0}, "33": {"0": 1.0}, "34": {"0": 1.0}, "35": {"0": 1.0}, "36": {"0": 1.0}, "37": {"0": 1.0}, "38": {"0": 1.0}, "39": {"0": 1.0}, "40": {"0": 1.0}, "41": {"0": 1.0}, "42": {"0": 1.0}, "43": {"0": 1.0}, "44": {"0": 1.0}, "45": {"0": 1.0}, "46": {"0": 1.0}, "47": {"0": 1.0}, "48": {"0": 1.0}, "49": {"0": 1.0}, "50": {"0": 1.0}, "51": {"0": 1.0}, "52": {"0": 1.0}, "53": {"0": 1.0}, "54": {"0": 1.0}, "55": {"0": 1.0}, "56": {"0": 1.0}, "57": {"0": 1.0}, "58": {"0": 1.0}, "59": {"0": 1.0}, "60": {"0": 1.0}, "61": {"0": 1.0}, "62": {"0": 1.0}, "63": {"0": 1.0}, "64": {"0": 1.0}, "65": {"0": 1.0}, "66": {"0": 1.0}, "67": {"0": 1.0}, "68": {"0": 1.0}, "69": {"0": 1.0}, "70": {"0": 1.0}, "71": {"0": 1.0}, "72": {"0": 1.0}, "73": {"0": 1.0}, "74": {"0": 1.0}, "75": {"0": 1.0}, "76": {"0": 1.0}, "77": {"0": 1.0}, "78": {"0": 1.0}}, "p4": {"0": {"0": 1.0}, "1": {"0": 1.0}, "2": {"0": 1.0}, "3": {"0": 1.0}, "4": {"0": 1.0}, "5": {"0": 1.0}, "6": {"0": 1.0}, "7": {"0": 1.0}, "8": {"0": 1.0}, "9": {"0": 1.0}, "10": {"0": 1.0}, "11": {"0": 1.0}, "12": {"0": 1.0}, "13": {"0": 1.0}, "14": {"0": 1.0}, "15": {"0": 1.0}, "16": {"0": 1.0}, "17": {"0": 1.0}, "18": {"0": 1.0}, "19": {"0": 1.0}, "20": {"0": 1.0}, "21": {"0": 1.0}, "22": {"0": 1.0}, "23": {"0": 1.0}, "24": {"0": 1.0}, "25": {"0": 1.0}, "26": {"0": 1.0}, "27": {"0": 1.0}, "28": {"0": 1.0}, "29": {"0": 1.0}, "30": {"0": 1.0}, "31": {"0": 1.0}, "32": {"0": 1.0}, "33": {"0": 1.0}, "34": {"0": 1.0}, "35": {"0": 1.0}, "36": {"0": 1.0}, "37": {"0": 1.0}, "38": {"0": 1.0}, "39": {"0": 1.0}, "40": {"0": 1.0}, "41": {"0": 1.0}, "42": {"0": 1.0}, "43": {"0": 1.0}, "44": {"0": 1.0}, "45": {"0": 1.0}, "46": {"0": 1.0}, "47": {"0": 1.0}, "48": {"0": 1.0}, "49": {"0": 1.0}, "50": {"0": 1.0}, "51": {"0": 1.0}, "52": {"0": 1.0}, "53": {"0": 1.0}, "54": {"0": 1.0}, "55": {"0": 1.0}, "56": {"0": 1.0}, "57": {"0": 1.0}, "58": {"0": 1.0}, "59": {"0": 1.0}, "60": {"0": 1.0}, "61": {"0": 1.0}, "62": {"0": 1.0}, "63": {"0": 1.0}, "64": {"0": 1.0}, "65": {"0": 1.0}, "66": {"0": 1.0}, "67": {"0": 1.0}, "68": {"0": 1.0}, "69": {"0": 1.0}, "70": {"0": 1.0}, "71": {"0": 1.0}, "72": {"0": 1.0}, "73": {"0": 1.0}, "74": {"0": 1.0}, "75": {"0": 1.0}, "76": {"0": 1.0}, "77": {"0": 1.0}, "78": {"0": 1.0}}, "p3": {"0": {"0": 1.0}, "1": {"0": 1.0}, "2": {"0": 1.0}, "3": {"0": 1.0}, "4": {"0": 1.0}, "5": {"0": 1.0}, "6": {"0": 1.0}, "7": {"0": 1.0}, "8": {"0": 1.0}, "9": {"0": 1.0}, "10": {"0": 1.0}, "11": {"0": 1.0}, "12": {"0": 1.0}, "13": {"0": 1.0}, "14": {"0": 1.0}, "15": {"0": 1.0}, "16": {"0": 1.0}, "17": {"0": 1.0}, "18": {"0": 1.0}, "19": {"0": 1.0}, "20": {"0": 1.0}, "21": {"0": 1.0}, "22": {"0": 1.0}, "23": {"0": 1.0}, "24": {"0": 1.0}, "25": {"0": 1.0}, "26": {"0": 1.0}, "27": {"0": 1.0}, "28": {"0": 1.0}, "29": {"0": 1.0}, "30": {"0": 1.0}, "31": {"0": 1.0}, "32": {"0": 1.0}, "33": {"0": 1.0}, "34": {"0": 1.0}, "35": {"0": 1.0}, "36": {"0": 1.0}, "37": {"0": 1.0}, "38": {"0": 1.0}, "39": {"0": 1.0}, "40": {"0": 1.0}, "41": {"0": 1.0}, "42": {"0": 1.0}, "43": {"0": 1.0}, "44": {"0": 1.0},