{"p0": {"0": {"0": 1.0}, "1": {"0": 1.0}, "2": {"0": 1.0}, "3": {"0": 1.0}, "4": {"0": 1.0}, "5": {"0": 1.0}, "6": {"0": 1.0}, "7": {"0": 1.0}, "8": {"0": 1.0}, "9": {"0": 1.0}, "10": {"0": 1.0}, "11": {"0": 1.0}, "12": {"0": 1.0}, "13": {"0": 1.0}, "14": {"0": 1.0}, "15": {"0": 1.0}, "16": {"0": 1.0}, "17": {"0": 1.0}, "18": {"0": 1.0}, "19": {"0": 1.0}, "20": {"0": 1.0}, "21": {"0": 1.0}, "22": {"0": 1.0}, "23": {"0": 1.0}, "24": {"0": 1.0}, "25": {"0": 1.0}, "26": {"0": 1.0}, "27": {"0": 1.0}, "28": {"0": 1.0}, "29": {"0": 1.0}, "30": {"0": 1.0}, "31": {"0": 1.0}, "32": {"0": 1.0}, "33": {"0": 1.0}, "34": {"0": 1.0}, "35": {"0": 1.0}, "36": {"0": 1.0}, "37": {"0": 1.0}, "38": {"0": 1.0}, "39": {"0": 1.0}, "40": {"0": 1.0}, "41": {"0": 1.0}, "42": {"0": 1.0}, "43": {"0": 1.0}, "44": {"0": 1.0}, "45": {"0": 1.0}, "46": {"0": 1.0}, "47": {"0": 1.0}, "48": {"0": 1.0}, "49": {"0": 1.0}, "50": {"0": 1.0}, "51": {"0": 1.0}, "52": {"0": 1.0}, "53": {"0": 1.0}, "54": {"0": 1.0}, "55": {"0": 1.0}, "56": {"0": 1.0}, "57": {"0": 1.0}, "58": {"0": 1.0}, "59": {"0": 1.0}, "60": {"0": 1.0}, "61": {"0": 1.0}, "62": {"0": 1.0}, "63": {"0": 1.0}, "64": {"0": 1.0}, "65": {"0": 1.0}, "66": {"0": 1.0}, "67": {"0": 1.0}, "68": {"0": 1.0}, "69": {"0": 1.0}, "70": {"0": 1.0}, "71": {"0": 1.0}, "72": {"0": 1.0}, "73": {"0": 1.0}, "74": {"0": 1.0}, "75": {"0": 1.0}, "76": {"0": 1.0}, "77": {"0": 1.0}}, "p4": {"0": {"0": 1.0}, "1": {"0": 1.0}, "2": {"0": 1.0}, "3": {"0": 1.0}, "4": {"1": 0.6, "2": 0.2, "3": 0.2}, "5": {"1": 0.5, "2": 0.16666666666666666, "3": 0.3333333333333333}, "6": {"1": 0.2, "2": 0.2, "3": 0.4, "4": 0.2}, "7": {"1": 0.5, "2": 0.25, "3": 0.25}, "8": {"1": 0.4, "2": 0.4, "3": 0.2}, "9": {"1": 0.3333333333333333, "2": 0.5, "3": 0.16666666666666666}, "10": {"1": 0.42857142857142855, "2": 0.42857142857142855, "3": 0.14285714285714285}, "11": {"1": 0.3333333333333333, "2": 0.5, "3": 0.16666666666666666}, "12": {"1": 0.42857142857142855, "2": 0.42857142857142855, "3": 0.14285714285714285}, "13": {"1": 0.3333333333333333, "2": 0.5, "3": 0.16666666666666666}, "14": {"1": 0.6, "3": 0.4}, "15": {"1": 0.75, "5": 0.25}, "16": {"1": 0.4, "2": 0.4, "4": 0.2}, "17": {"1": 0.42857142857142855, "2": 0.5714285714285714}, "18": {"1": 0.2857142857142857, "2": 0.42857142857142855, "3": 0.2857142857142857}, "19": {"1": 0.6666666666666666, "2": 0.16666666666666666, "4": 0.16666666666666666}, "20": {"1": 0.16666666666666666, "2": 0.8333333333333334}, "21": {"1": 0.2, "2": 0.8}, "22": {"1": 0.5, "2": 0.375, "3": 0.125}, "23": {"1": 0.6, "2": 0.4}, "24": {"1": 0.6666666666666666, "2": 0.3333333333333333}, "25": {"0": 1.0}, "26": {"0": 1.0}, "27": {"0": 1.0}, "28": {"0": 1.0}, "29": {"0": 1.0}, "30": {"0": 1.0}, "31": {"0": 1.0}, "32": {"0": 1.0}, "33": {"0": 1.0}, "34": {"0": 1.0}, "35": {"0": 1.0}, "36": {"0": 1.0}, "37": {"0": 1.0}, "38": {"0": 1.0}, "39": {"1": 0.25, "2": 0.25, "3": 0.5}, "40": {"1": 1.0}, "41": {"1": 0.4, "2": 0.4, "3": 0.2}, "42": {"1": 0.4, "2": 0.6}, "43": {"1": 0.2, "2": 0.6, "3": 0.2}, "44": {"1": 0.2, "2": 0.6, "3": 0.2}, "45": {"1": 0.4, "2": 0.2, "3": 0.2, "4": 0.2}, "46": {"1": 0.5714285714285714, "2": 0.42857142857142855}, "47": {"1": 0.3333333333333333, "3": 0.6666666666666666}, "48": {"1": 0.5, "2": 0.16666666666666666, "3": 0.3333333333333333}, "49": {"1": 0.7777777777777778, "3": 0.2222222222222222}, "50": {"1": 0.6666666666666666, "2": 0.16666666666666666, "3": 0.16666666666666666}, "51": {"1": 0.6666666666666666, "2": 0.3333333333333333}, "52": {"1": 1.0}, "53": {"0": 1.0}, "54": {"0": 1.0}, "55": {"0": 1.0}, "56": {"0": 1.0}, "57": {"0": 1.0}, "58": {"0": 1.0}, "59": {"0": 1.0}, "60": {"0": 1.0}, "61": {"0": 1.0}, "62": {"0": 1.0}, "63": {"0": 1.0}, "64": {"0": 1.0}, "65": {"1": 0.3333333333333333, "2": 0.6666666666666666}, "66": {"1": 0.4, "2": 0.4, "3": 0.2}, "67": {"1": 0.75, "2": 0.25}, "68": {"1": 1.0}, "69": {"1": 0.25, "2": 0.75}, "70": {"1": 0.3333333333333333, "2": 0.5, "3": 0.16666666666666666}, "71": {"1": 0.42857142857142855, "2": 0.42857142857142855, "3": 0.14285714285714285}, "72": {"1": 0.6, "2": 0.2, "4": 0.2}, "73": {"1": 0.5, "2": 0.3333333333333333, "5": 0.16666666666666666}, "74": {"1": 0.6666666666666666, "2": 0.16666666666666666, "4": 0.16666666666666666}, "75": {"1": 0.42857142857142855, "2": 0.42857142857142855, "4": 0.14285714285714285}, "76": {"1": 0.42857142857142855, "2": 0.42857142857142855, "4": 0.14285714285714285}, "77": {"1": 0.5, "2": 0.5}}, "p1": {"0": {"0": 1.0}, "1": {"0": 1.0}, "2": {"0": 1.0}, "3": {"0": 1.0}, "4": {"0": 1.0}, "5": {"0": 1.0}, "6": {"0": 1.0}, "7": {"0": 1.0}, "8": {"0": 1.0}, "9": {"0": 1.0}, "10": {"0": 1.0}, "11": {"0": 1.0}, "12": {"0": 1.0}, "13": {"0": 1.0}, "14": {"0": 1.0}, "15": {"0": 1.0}, "16": {"0": 1.0}, "17": {"0": 1.0}, "18": {"0": 1.0}, "19": {"0": 1.0}, "20": {"0": 1.0}, "21": {"0": 1.0}, "22": {"0": 1.0}, "23": {"0": 1.0}, "24": {"0": 1.0}, "25": {"0": 1.0}, "26": {"0": 1.0}, "27": {"0": 1.0}, "28": {"0": 1.0}, "29": {"0": 1.0}, "30": {"0": 1.0}, "31": {"0": 1.0}, "32": {"0": 1.0}, "33": {"0": 1.0}, "34": {"0": 1.0}, "35": {"0": 1.0}, "36": {"0": 1.0}, "37": {"0": 1.0}, "38": {"0": 1.0}, "39": {"0": 1.0}, "40": {"0": 1.0}, "41": {"0": 1.0}, "42": {"0": 1.0}, "43": {"0": 1.0}, "44": {"0": 1.0}, "45": {"0": 1.0}, "46": {"0": 1.0}, "47": {"0": 1.0}, "48": {"0": 1.0}, "49": {"0": 1.0}, "50": {"0": 1.0}, "51": {"0": 1.0}, "52": {"0": 1.0}, "53": {"0": 1.0}, "54": {"0": 1.0}, "55": {"0": 1.0}, "56": {"0": 1.0}, "57": {"0": 1.0}, "58": {"0": 1.0}, "59": {"0": 1.0}, "60": {"0": 1.0}, "61": {"0": 1.0}, "62": {"0": 1.0}, "63": {"0": 1.0}, "64": {"0": 1.0}, "65": {"0": 1.0}, "66": {"0": 1.0}, "67": {"0": 1.0}, "68": {"0": 1.0}, "69": {"0": 1.0}, "70": {"0": 1.0}, "71": {"0": 1.0}, "72": {"0": 1.0}, "73": {"0": 1.0}, "74": {"0": 1.0}, "75": {"0": 1.0}, "76": {"0": 1.0}, "77": {"0": 1.0}}, "p2": {"0": {"0": 1.0}, "1": {"0": 1.0}, "2": {"0": 1.0}, "3": {"0": 1.0}, "4": {"0": 1.0}, "5": {"0": 1.0}, "6": {"0": 1.0}, "7": {"0": 1.0}, "8": {"0": 1.0}, "9": {"0": 1.0}, "10": {"0": 1.0}, "11": {"0": 1.0}, "12": {"0": 1.0}, "13": {"0": 1.0}, "14": {"0": 1.0}, "15": {"0": 1.0}, "16": {"0": 1.0}, "17": {"0": 1.0}, "18": {"0": 1.0}, "19": {"0": 1.0}, "20": {"0": 1.0}, "21": {"0": 1.0}, "22": {"0": 1.0}, "23": {"0": 1.0}, "24": {"0": 1.0}, "25": {"0": 1.0}, "26": {"0": 1.0}, "27": {"0": 1.0}, "28": {"0": 1.0}, "29": {"0": 1.0}, "30": {"0": 1.0}, "31": {"0": 1.0}, "32": {"0": 1.0}, "33": {"0": 1.0}, "34": {"0": 1.0}, "35": {"0": 1.0}, "36": {"0": 1.0}, "37": {"0": 1.0}, "38": {"0": 1.0}, "39": {"0": 1.0}, "40": {"0": 1.0}, "41": {"0": 1.0}, "42": {"0": 1.0}, "43": {"0": 1.0}, "44": {"0": 1.0}, "45": {"0": 1.0}, "46": {"0": 1.0}, "47": {"0": 1.0}, "48": {"0": 1.0}, "49": {"0": 1.0}, "50": {"0": 1.0}, "51": {"0": 1.0}, "52": {"0": 1.0}, "53": {"0": 1.0}, "54": {"0": 1.0}, "55": {"0": 1.0}, "56": {"0": 1.0}, "57": {"0": 1.0}, "58": {"0": 1.0}, "59": {"0": 1.0}, "60": {"0": 1.0}, "61": {"0": 1.0}, "62": {"0": 1.0}, "63": {"0": 1.0}, "64": {"0": 1.0}, "65": {"0": 1.0}, "66": {"0": 1.0}, "67": {"0": 1.0}, "68": {"0": 1.0}, "69": {"0": 1.0}, "70": {"0": 1.0}, "71": {"0": 1.0}, "72": {"0": 1.0}, "73": {"0": 1.0}, "74": {"0": 1.0}, "75": {"0": 1.0}, "76": {"0": 1.0}, "77": {"0": 1.0}}, "p3": {"0": {"0": 1.0}, "1": {"0": 1.0}, "2": {"0": 1.0}, "3": {"0": 1.0}, "4": {"0": 1.0}, "5": {"0": 1.0}, "6": {"0": 1.0}, "7": {"0": 1.0}, "8": {"0": 1.0}, "9": {"0": 1.0}, "10": {"0": 1.0}, "11": {"0": 1.0}, "12": {"0": 1.0}, "13": {"0": 1.0}, "14": {"0": 1.0}, "15": {"0": 1.0}, "16": {"0": 1.0}, "17": {"0": 1.0}, "18": {"0": 1.0}, "19": {"0": 1.0}, "20": {"0": 1.0}, "21": {"0": 1.0}, "22": {"0": 1.0}, "23": {"0": 1.0}, "24": {"0": 1.0}, "25": {"0": 1.0}, "26": {"0": 1.0}, "27": {"0": 1.0}, "28": {"0": 1.0}, "29": {"0": 1.0}, "30": {"0": 1.0}, "31": {"0": 1.0}, "32": {"0": 1.0}, "33": {"0": 1.0}, "34": {"0": 1.0}, "35": {"0": 1.0}, "36": {"0": 1.0}, "37": {"0": 1.0}, "38": {"0": 1.0}, "39": {"0": 1.0},