{"p3": {"0": {"0": 1.0}, "1": {"0": 1.0}, "2": {"0": 1.0}, "3": {"1": 0.5, "4": 0.5}, "4": {"4": 1.0}, "5": {"1": 0.5, "2": 0.5}, "6": {"0": 1.0}, "7": {"1": 0.5, "3": 0.5}, "8": {"1": 0.5, "2": 0.25, "4": 0.25}, "9": {"2": 0.5, "4": 0.5}, "10": {"1": 0.3333333333333333, "2": 0.3333333333333333, "3": 0.3333333333333333}, "11": {"1": 0.5, "2": 0.5}, "12": {"1": 1.0}, "13": {"2": 0.3333333333333333, "3": 0.6666666666666666}, "14": {"1": 0.4, "2": 0.4, "4": 0.2}, "15": {"2": 0.5, "3": 0.5}, "16": {"1": 0.25, "2": 0.25, "3": 0.25, "5": 0.25}, "17": {"2": 0.5, "5": 0.5}, "18": {"1": 0.4, "2": 0.2, "3": 0.4}, "19": {"2": 0.5, "3": 0.5}, "20": {"1": 0.3333333333333333, "2": 0.3333333333333333, "3": 0.3333333333333333}, "21": {"1": 0.4, "2": 0.4, "4": 0.2}, "22": {"1": 0.25, "2": 0.5, "4": 0.25}, "23": {"1": 0.25, "2": 0.25, "3": 0.5}, "24": {"1": 0.25, "2": 0.25, "3": 0.5}, "25": {"0": 1.0}, "26": {"1": 0.75, "3": 0.25}, "27": {"1": 0.25, "2": 0.25, "3": 0.25, "4": 0.25}, "28": {"2": 0.5, "5": 0.5}, "29": {"1": 0.3333333333333333, "2": 0.6666666666666666}, "30": {"2": 0.6666666666666666, "4": 0.3333333333333333}, "31": {"1": 0.2, "2": 0.6, "3": 0.2}, "32": {"3": 1.0}, "33": {"1": 0.5, "3": 0.5}, "34": {"1": 0.6666666666666666, "5": 0.3333333333333333}, "35": {"1": 0.5, "2": 0.25, "5": 0.25}, "36": {"1": 0.5, "4": 0.5}, "37": {"1": 0.6666666666666666, "3": 0.3333333333333333}, "38": {"0": 1.0}, "39": {"0": 1.0}, "40": {"0": 1.0}, "41": {"2": 0.6666666666666666, "3": 0.3333333333333333}, "42": {"1": 0.2, "2": 0.6, "3": 0.2}, "43": {"1": 0.6666666666666666, "2": 0.3333333333333333}, "44": {"1": 0.5, "3": 0.25, "4": 0.25}, "45": {"1": 0.4, "2": 0.4, "5": 0.2}, "46": {"3": 1.0}, "47": {"2": 0.5, "3": 0.5}, "48": {"1": 0.3333333333333333, "2": 0.3333333333333333, "3": 0.3333333333333333}, "49": {"2": 0.75, "3": 0.25}, "50": {"3": 1.0}, "51": {"0": 1.0}, "52": {"1": 0.4, "2": 0.4, "4": 0.2}, "53": {"2": 1.0}, "54": {"0": 1.0}, "55": {"2": 0.6666666666666666, "4": 0.3333333333333333}, "56": {"1": 0.5, "2": 0.5}, "57": {"0": 1.0}, "58": {"1": 0.5, "3": 0.5}, "59": {"1": 0.2, "2": 0.6, "3": 0.2}, "60": {"1": 0.25, "2": 0.75}, "61": {"3": 1.0}, "62": {"0": 1.0}, "63": {"1": 0.5, "3": 0.5}, "64": {"3": 1.0}, "65": {"2": 0.6666666666666666, "3": 0.3333333333333333}, "66": {"1": 0.6, "2": 0.2, "5": 0.2}, "67": {"1": 0.5, "5": 0.5}, "68": {"2": 1.0}, "69": {"1": 0.5, "2": 0.5}, "70": {"1": 0.3333333333333333, "2": 0.6666666666666666}, "71": {"2": 0.5, "3": 0.5}, "72": {"3": 1.0}, "73": {"0": 1.0}, "74": {"0": 1.0}, "75": {"0": 1.0}, "76": {"0": 1.0}, "77": {"0": 1.0}, "78": {"0": 1.0}, "79": {"0": 1.0}, "80": {"0": 1.0}, "81": {"0": 1.0}, "82": {"0": 1.0}, "83": {"0": 1.0}, "84": {"0": 1.0}, "85": {"0": 1.0}, "86": {"0": 1.0}, "87": {"0": 1.0}, "88": {"0": 1.0}, "89": {"0": 1.0}, "90": {"0": 1.0}, "91": {"0": 1.0}, "92": {"0": 1.0}, "93": {"0": 1.0}, "94": {"0": 1.0}, "95": {"0": 1.0}, "96": {"0": 1.0}, "97": {"0": 1.0}, "98": {"0": 1.0}, "99": {"0": 1.0}, "100": {"0": 1.0}, "101": {"0": 1.0}, "102": {"0": 1.0}, "103": {"0": 1.0}, "104": {"0": 1.0}, "105": {"0": 1.0}, "106": {"0": 1.0}, "107": {"1": 1.0}, "108": {"0": 1.0}, "109": {"1": 0.25, "2": 0.25, "3": 0.5}, "110": {"1": 0.5, "2": 0.16666666666666666, "3": 0.16666666666666666, "4": 0.16666666666666666}, "111": {"1": 0.3333333333333333, "2": 0.3333333333333333, "4": 0.3333333333333333}, "112": {"1": 0.3333333333333333, "3": 0.3333333333333333, "4": 0.3333333333333333}, "113": {"1": 0.2, "2": 0.6, "3": 0.2}, "114": {"1": 0.4, "3": 0.2, "4": 0.4}, "115": {"3": 1.0}, "116": {"1": 0.42857142857142855, "2": 0.2857142857142857, "3": 0.14285714285714285, "4": 0.14285714285714285}, "117": {"1": 0.2, "2": 0.2, "3": 0.4, "4": 0.2}, "118": {"2": 0.6666666666666666, "3": 0.3333333333333333}, "119": {"1": 0.3333333333333333, "3": 0.3333333333333333, "5": 0.3333333333333333}, "120": {"1": 0.2, "2": 0.4, "3": 0.4}, "121": {"1": 0.5, "3": 0.25, "4": 0.25}, "122": {"1": 0.5, "2": 0.5}, "123": {"1": 0.25, "2": 0.25, "3": 0.25, "4": 0.25}, "124": {"1": 0.6666666666666666, "4": 0.3333333333333333}, "125": {"2": 0.5, "3": 0.5}, "126": {"0": 1.0}, "127": {"0": 1.0}, "128": {"0": 1.0}, "129": {"0": 1.0}, "130": {"0": 1.0}, "131": {"0": 1.0}, "132": {"0": 1.0}, "133": {"0": 1.0}, "134": {"0": 1.0}, "135": {"0": 1.0}, "136": {"0": 1.0}, "137": {"0": 1.0}, "138": {"0": 1.0}, "139": {"0": 1.0}, "140": {"0": 1.0}, "141": {"0": 1.0}, "142": {"0": 1.0}, "143": {"0": 1.0}, "144": {"0": 1.0}, "145": {"0": 1.0}, "146": {"0": 1.0}, "147": {"0": 1.0}, "148": {"0": 1.0}, "149": {"0": 1.0}, "150": {"0": 1.0}, "151": {"0": 1.0}, "152": {"0": 1.0}, "153": {"0": 1.0}, "154": {"0": 1.0}, "155": {"0": 1.0}, "156": {"0": 1.0}, "157": {"0": 1.0}, "158": {"0": 1.0}, "159": {"0": 1.0}, "160": {"0": 1.0}, "161": {"0": 1.0}, "162": {"0": 1.0}, "163": {"0": 1.0}}, "p0": {"0": {"0": 1.0}, "1": {"0": 1.0}, "2": {"0": 1.0}, "3": {"0": 1.0}, "4": {"0": 1.0}, "5": {"0": 1.0}, "6": {"0": 1.0}, "7": {"0": 1.0}, "8": {"0": 1.0}, "9": {"0": 1.0}, "10": {"0": 1.0}, "11": {"0": 1.0}, "12": {"0": 1.0}, "13": {"0": 1.0}, "14": {"0": 1.0}, "15": {"0": 1.0}, "16": {"0": 1.0}, "17": {"0": 1.0}, "18": {"0": 1.0}, "19": {"0": 1.0}, "20": {"0": 1.0}, "21": {"0": 1.0}, "22": {"0": 1.0}, "23": {"0": 1.0}, "24": {"0": 1.0}, "25": {"0": 1.0}, "26": {"0": 1.0}, "27": {"0": 1.0}, "28": {"0": 1.0}, "29": {"0": 1.0}, "30": {"0": 1.0}, "31": {"0": 1.0}, "32": {"0": 1.0}, "33": {"0": 1.0}, "34": {"0": 1.0}, "35": {"0": 1.0}, "36": {"0": 1.0}, "37": {"0": 1.0}, "38": {"0": 1.0}, "39": {"0": 1.0}, "40": {"0": 1.0}, "41": {"0": 1.0}, "42": {"0": 1.0}, "43": {"0": 1.0}, "44": {"0": 1.0}, "45": {"0": 1.0}, "46": {"0": 1.0}, "47": {"0": 1.0}, "48": {"0": 1.0}, "49": {"0": 1.0}, "50": {"0": 1.0}, "51": {"0": 1.0}, "52": {"0": 1.0}, "53": {"0": 1.0}, "54": {"0": 1.0}, "55": {"0": 1.0}, "56": {"0": 1.0}, "57": {"0": 1.0}, "58": {"0": 1.0}, "59": {"0": 1.0}, "60": {"0": 1.0}, "61": {"0": 1.0}, "62": {"0": 1.0}, "63": {"0": 1.0}, "64": {"0": 1.0}, "65": {"0": 1.0}, "66": {"0": 1.0}, "67": {"0": 1.0}, "68": {"0": 1.0}, "69": {"0": 1.0}, "70": {"0": 1.0}, "71": {"0": 1.0}, "72": {"0": 1.0}, "73": {"0": 1.0}, "74": {"0": 1.0}, "75": {"0": 1.0}, "76": {"0": 1.0}, "77": {"0": 1.0}, "78": {"0": 1.0}, "79": {"0": 1.0}, "80": {"0": 1.0}, "81": {"0": 1.0}, "82": {"0": 1.0}, "83": {"0": 1.0}, "84": {"0": 1.0}, "85": {"0": 1.0}, "86": {"0": 1.0}, "87": {"0": 1.0}, "88": {"0": 1.0}, "89": {"0": 1.0}, "90": {"0": 1.0}, "91": {"0": 1.0}, "92": {"0": 1.0}, "93": {"0": 1.0}, "94": {"0": 1.0}, "95": {"0": 1.0}, "96": {"0": 1.0}, "97": {"0": 1.0}, "98": {"0": 1.0}, "99": {"0": 1.0}, "100": {"0": 1.0}, "101": {"0": 1.0}, "102": {"0": 1.0}, "103": {"0": 1.0}, "104": {"0": 1.0}, "105": {"0": 1.0}, "106": {"0": 1.0}, "107": {"0": 1.0}, "108": {"0": 1.0}, "109": {"0": 1.0}, "110": {"0": 1.0}, "111": {"0": 1.0}, "112": {"0": 1.0}, "113": {"0": 1.0}, "114": {"0": 1.0}, "115": {"0": 1.0}, "116": {"0": 1.0}, "117": {"0": 1.0}, "118": {"0": 1.0}, "119": {"0": 1.0}, "120": {"0": 1.0}, "121": {"0": 1.0}, "122": {"0": 1.0}, "123": {"0": 1.0}, "124": {"0": 1.0}, "125": {"0": 1.0}, "126": {"0": 1.0}, "127": {"0": 1.0}, "128": {"0": 1.0}, "129": {"0": 1.0}, "130": {"0": 1.0}, "131": {"0": 1.0}, "132": {"0": 1.0}, "133": {"0": 1.0}, "134": {"0": 1.0}, "135": {"0": 1.0}, "136": {"0": 1.0}, "137": {"0": 1.0}, "138": {"0": 1.0}, "139": {"0": 1.0}, "140": {"0": 1.0}, "141": {"0": 1.0}, "142": {"0": 1.0}, "143": {"0": 1.0}, "144": {"0": 1.0}, "145": {"0": 1.0}, "146": {"0": 1.0}, "147": {"0": 1.0}, "148": {"0": 1.0}, "149": {"0": 1.0}, "150": {"0": 1.0}, "151": {"0": 1.0}, "152": {"0": 1.0}, "153": {"0": 1.0}, "154": {"0": 1.0}, "155": {"0": 1.0}, "156": {"0": 1.0}, "157": {"0": 1.0}, "158": {"0": 1.0}, "159": {"0": 1.0}, "160": {"0": 1.0}, "161": {"0": 1.0}, "162": {"0": 1.0}, "163": {"0": 1.0}}, "p1": {"0": {"0": 1.0}, "1": {"0": 1.0}, "2": {"0": 1.0}, "3": {"0": 1.0}, "4": {"0": 1.0}, "5": {"0": 1.0}, "6": {"0": 1.0}, "7": {"0": 1.0},