{"p0": {"0": 0.0, "1": 0.0, "2": 0.0, "3": 0.0, "4": 0.0, "5": 0.0, "6": 0.0, "7": 0.0, "8": 0.0, "9": 0.0, "10": 0.0, "11": 0.0, "12": 0.0, "13": 0.0, "14": 0.0, "15": 0.0, "16": 0.0, "17": 0.0, "18": 0.0, "19": 0.0, "20": 0.0, "21": 0.0, "22": 0.0, "23": 0.0, "24": 0.0, "25": 0.0, "26": 0.0, "27": 0.0, "28": 0.0, "29": 0.0, "30": 0.0, "31": 0.0, "32": 0.0, "33": 0.0, "34": 0.0, "35": 0.0, "36": 0.0, "37": 0.0, "38": 0.0, "39": 0.0, "40": 0.0, "41": 0.0, "42": 0.0, "43": 0.0, "44": 0.0, "45": 0.0, "46": 0.0, "47": 0.0, "48": 0.0, "49": 0.0, "50": 0.0}, "p1": {"0": 0.0, "1": 0.0, "2": 0.0, "3": 0.0, "4": 0.0, "5": 0.0, "6": 0.0, "7": 0.0, "8": 0.0, "9": 0.0, "10": 0.0, "11": 0.0, "12": 0.0, "13": 0.0, "14": 0.0, "15": 0.0, "16": 0.0, "17": 0.0, "18": 0.0, "19": 0.0, "20": 0.0, "21": 0.0, "22": 0.0, "23": 0.0, "24": 0.0, "25": 0.0, "26": 0.0, "27": 0.0, "28": 0.0, "29": 0.0, "30": 0.0, "31": 0.0, "32": 0.0, "33": 0.0, "34": 0.0, "35": 0.0, "36": 0.0, "37": 0.0, "38": 0.0, "39": 0.0, "40": 0.0, "41": 0.0, "42": 0.0, "43": 0.0, "44": 0.0, "45": 0.0, "46": 0.0, "47": 0.0, "48": 0.0, "49": 0.0, "50": 0.0}, "p2": {"0": 0.0, "1": 0.0, "2": 0.0, "3": 0.0, "4": 0.0, "5": 0.0, "6": 0.0, "7": 0.0, "8": 0.0, "9": 0.0, "10": 0.0, "11": 0.0, "12": 0.0, "13": 0.0, "14": 0.0, "15": 0.0, "16": 0.0, "17": 0.0, "18": 0.0, "19": 0.0, "20": 0.0, "21": 0.0, "22": 0.0, "23": 0.0, "24": 0.0, "25": 0.0, "26": 0.0, "27": 0.0, "28": 0.0, "29": 0.0, "30": 0.0, "31": 0.0, "32": 0.0, "33": 0.0, "34": 0.0, "35": 0.0, "36": 0.0, "37": 0.0, "38": 0.0, "39": 0.0, "40": 0.0, "41": 0.0, "42": 0.0, "43": 0.0, "44": 0.0, "45": 0.0, "46": 0.0, "47": 0.0, "48": 0.0, "49": 0.0, "50": 0.0}, "p3": {"3": 37.82183908045977, "4": 37.48979591836735, "5": 37.584158415841586, "6": 37.31325301204819, "7": 37.15530303030303, "8": 36.97543859649123, "9": 37.67052023121387, "10": 37.34782608695652, "11": 37.103932584269664, "12": 37.21637426900585, "13": 36.88235294117647, "14": 37.28138528138528, "15": 36.345549738219894, "16": 35.83419689119171, "17": 36.67857142857143, "18": 36.92201834862385, "19": 36.932038834951456, "20": 37.205714285714286, "21": 36.89047619047619, "22": 38.126315789473686, "23": 37.13259668508287, "24": 36.6651376146789, "25": 36.86486486486486, "26": 36.510989010989015, "27": 36.65413533834587, "28": 37.657407407407405, "29": 35.64748201438849, "30": 38.0859375, "31": 36.582191780821915, "32": 36.9040404040404, "33": 35.96842105263158, "34": 36.78947368421053, "35": 36.47286821705426, "36": 36.43055555555556, "37": 37.0431654676259, "38": 37.80514705882353, "39": 37.48571428571429, "40": 38.064039408866996, "41": 36.31683168316832, "42": 35.586666666666666, "43": 36.45108695652174, "44": 35.45505617977528, "45": 37.646341463414636, "46": 36.83495145631068, "47": 37.50253807106599, "48": 37.842794759825324, "49": 38.03292181069959, "50": 38.50738916256157}}