{"p0": {"0": {"0": 1.0}, "1": {"0": 1.0}, "2": {"0": 1.0}, "3": {"0": 1.0}, "4": {"0": 1.0}, "5": {"0": 1.0}, "6": {"0": 1.0}, "7": {"0": 1.0}, "8": {"0": 1.0}, "9": {"0": 1.0}, "10": {"0": 1.0}, "11": {"0": 1.0}, "12": {"0": 1.0}, "13": {"0": 1.0}, "14": {"0": 1.0}, "15": {"0": 1.0}, "16": {"0": 1.0}, "17": {"0": 1.0}, "18": {"0": 1.0}, "19": {"0": 1.0}, "20": {"0": 1.0}, "21": {"0": 1.0}, "22": {"0": 1.0}, "23": {"0": 1.0}, "24": {"0": 1.0}, "25": {"0": 1.0}, "26": {"0": 1.0}, "27": {"0": 1.0}, "28": {"0": 1.0}, "29": {"0": 1.0}, "30": {"0": 1.0}, "31": {"0": 1.0}, "32": {"0": 1.0}, "33": {"0": 1.0}, "34": {"0": 1.0}, "35": {"0": 1.0}, "36": {"0": 1.0}, "37": {"0": 1.0}, "38": {"0": 1.0}, "39": {"0": 1.0}, "40": {"0": 1.0}, "41": {"0": 1.0}, "42": {"0": 1.0}, "43": {"0": 1.0}, "44": {"0": 1.0}, "45": {"0": 1.0}, "46": {"0": 1.0}, "47": {"0": 1.0}, "48": {"0": 1.0}, "49": {"0": 1.0}, "50": {"0": 1.0}, "51": {"0": 1.0}, "52": {"0": 1.0}, "53": {"0": 1.0}, "54": {"0": 1.0}, "55": {"0": 1.0}, "56": {"0": 1.0}, "57": {"0": 1.0}, "58": {"0": 1.0}, "59": {"0": 1.0}, "60": {"0": 1.0}, "61": {"0": 1.0}, "62": {"0": 1.0}, "63": {"0": 1.0}, "64": {"0": 1.0}, "65": {"0": 1.0}, "66": {"0": 1.0}, "67": {"0": 1.0}, "68": {"0": 1.0}, "69": {"0": 1.0}, "70": {"0": 1.0}, "71": {"0": 1.0}, "72": {"0": 1.0}, "73": {"0": 1.0}, "74": {"0": 1.0}, "75": {"0": 1.0}, "76": {"0": 1.0}, "77": {"0": 1.0}, "78": {"0": 1.0}, "79": {"0": 1.0}, "80": {"0": 1.0}, "81": {"0": 1.0}, "82": {"0": 1.0}, "83": {"0": 1.0}}, "p5": {"0": {"0": 1.0}, "1": {"0": 1.0}, "2": {"0": 1.0}, "3": {"0": 1.0}, "4": {"0": 1.0}, "5": {"1": 0.2727272727272727, "2": 0.6363636363636364, "3": 0.09090909090909091}, "6": {"1": 0.45454545454545453, "2": 0.36363636363636365, "3": 0.09090909090909091, "4": 0.09090909090909091}, "7": {"1": 0.45454545454545453, "2": 0.36363636363636365, "3": 0.09090909090909091, "4": 0.09090909090909091}, "8": {"1": 0.3333333333333333, "2": 0.4444444444444444, "3": 0.1111111111111111, "6": 0.1111111111111111}, "9": {"1": 0.7857142857142857, "2": 0.07142857142857142, "3": 0.07142857142857142, "4": 0.07142857142857142}, "10": {"1": 0.5454545454545454, "2": 0.18181818181818182, "3": 0.18181818181818182, "4": 0.09090909090909091}, "11": {"1": 0.45454545454545453, "2": 0.2727272727272727, "3": 0.2727272727272727}, "12": {"1": 0.5833333333333334, "2": 0.16666666666666666, "3": 0.25}, "13": {"1": 0.5, "2": 0.3333333333333333, "3": 0.16666666666666666}, "14": {"1": 0.6153846153846154, "2": 0.23076923076923078, "3": 0.15384615384615385}, "15": {"1": 0.6923076923076923, "2": 0.07692307692307693, "3": 0.23076923076923078}, "16": {"1": 0.45454545454545453, "2": 0.36363636363636365, "3": 0.09090909090909091, "4": 0.09090909090909091}, "17": {"1": 0.45454545454545453, "2": 0.36363636363636365, "3": 0.09090909090909091, "4": 0.09090909090909091}, "18": {"1": 0.5384615384615384, "2": 0.38461538461538464, "3": 0.07692307692307693}, "19": {"1": 0.4, "2": 0.3, "3": 0.2, "4": 0.1}, "20": {"1": 0.4, "2": 0.3, "3": 0.2, "4": 0.1}, "21": {"1": 0.5454545454545454, "2": 0.09090909090909091, "3": 0.36363636363636365}, "22": {"1": 0.36363636363636365, "2": 0.5454545454545454, "4": 0.09090909090909091}, "23": {"1": 0.45454545454545453, "2": 0.36363636363636365, "3": 0.09090909090909091, "4": 0.09090909090909091}, "24": {"1": 0.4166666666666667, "2": 0.5, "3": 0.08333333333333333}, "25": {"1": 0.6153846153846154, "2": 0.3076923076923077, "4": 0.07692307692307693}, "26": {"0": 1.0}, "27": {"0": 1.0}, "28": {"0": 1.0}, "29": {"0": 1.0}, "30": {"0": 1.0}, "31": {"0": 1.0}, "32": {"0": 1.0}, "33": {"0": 1.0}, "34": {"0": 1.0}, "35": {"0": 1.0}, "36": {"0": 1.0}, "37": {"0": 1.0}, "38": {"0": 1.0}, "39": {"1": 0.3333333333333333, "2": 0.3333333333333333, "4": 0.3333333333333333}, "40": {"1": 0.5714285714285714, "2": 0.14285714285714285, "3": 0.2857142857142857}, "41": {"1": 0.6, "2": 0.2, "3": 0.2}, "42": {"1": 0.3333333333333333, "2": 0.5, "3": 0.16666666666666666}, "43": {"1": 0.6, "2": 0.3, "4": 0.1}, "44": {"1": 0.5454545454545454, "2": 0.18181818181818182, "3": 0.18181818181818182, "4": 0.09090909090909091}, "45": {"1": 0.7142857142857143, "2": 0.14285714285714285, "3": 0.14285714285714285}, "46": {"1": 0.5454545454545454, "2": 0.2727272727272727, "3": 0.09090909090909091, "5": 0.09090909090909091}, "47": {"1": 0.6428571428571429, "2": 0.2857142857142857, "3": 0.07142857142857142}, "48": {"1": 0.25, "2": 0.5, "3": 0.125, "4": 0.125}, "49": {"1": 0.5, "2": 0.3333333333333333, "3": 0.16666666666666666}, "50": {"1": 0.5833333333333334, "2": 0.25, "3": 0.08333333333333333, "4": 0.08333333333333333}, "51": {"1": 0.3, "2": 0.5, "3": 0.1, "4": 0.1}, "52": {"1": 0.7142857142857143, "2": 0.2857142857142857}, "53": {"1": 0.375, "2": 0.5, "3": 0.125}, "54": {"1": 0.4444444444444444, "2": 0.5555555555555556}, "55": {"1": 0.6666666666666666, "2": 0.3333333333333333}, "56": {"1": 0.5, "2": 0.5}, "57": {"0": 1.0}, "58": {"0": 1.0}, "59": {"0": 1.0}, "60": {"0": 1.0}, "61": {"1": 1.0}, "62": {"0": 1.0}, "63": {"1": 1.0}, "64": {"0": 1.0}, "65": {"1": 1.0}, "66": {"1": 0.5, "2": 0.5}, "67": {"0": 1.0}, "68": {"1": 0.3333333333333333, "2": 0.5, "3": 0.16666666666666666}, "69": {"2": 1.0}, "70": {"1": 0.45454545454545453, "2": 0.36363636363636365, "3": 0.18181818181818182}, "71": {"1": 0.4, "2": 0.4, "3": 0.1, "5": 0.1}, "72": {"1": 0.5833333333333334, "2": 0.25, "3": 0.08333333333333333, "4": 0.08333333333333333}, "73": {"1": 0.7, "2": 0.1, "3": 0.2}, "74": {"1": 0.5, "2": 0.5}, "75": {"1": 0.4166666666666667, "2": 0.5, "3": 0.08333333333333333}, "76": {"1": 0.4166666666666667, "2": 0.5, "3": 0.08333333333333333}, "77": {"1": 0.5454545454545454, "2": 0.18181818181818182, "3": 0.18181818181818182, "4": 0.09090909090909091}, "78": {"1": 0.7142857142857143, "3": 0.2857142857142857}, "79": {"1": 0.5, "2": 0.375, "4": 0.125}, "80": {"1": 0.4, "2": 0.4, "4": 0.2}, "81": {"1": 0.5, "2": 0.3333333333333333, "4": 0.16666666666666666}, "82": {"1": 0.3333333333333333, "2": 0.5, "3": 0.16666666666666666}, "83": {"1": 0.4, "2": 0.2, "3": 0.2, "4": 0.2}}, "p3": {"0": {"0": 1.0}, "1": {"0": 1.0}, "2": {"0": 1.0}, "3": {"0": 1.0}, "4": {"0": 1.0}, "5": {"0": 1.0}, "6": {"0": 1.0}, "7": {"0": 1.0}, "8": {"0": 1.0}, "9": {"0": 1.0}, "10": {"0": 1.0}, "11": {"0": 1.0}, "12": {"0": 1.0}, "13": {"0": 1.0}, "14": {"0": 1.0}, "15": {"0": 1.0}, "16": {"0": 1.0}, "17": {"0": 1.0}, "18": {"0": 1.0}, "19": {"0": 1.0}, "20": {"0": 1.0}, "21": {"0": 1.0}, "22": {"0": 1.0}, "23": {"0": 1.0}, "24": {"0": 1.0}, "25": {"0": 1.0}, "26": {"0": 1.0}, "27": {"0": 1.0}, "28": {"0": 1.0}, "29": {"0": 1.0}, "30": {"0": 1.0}, "31": {"0": 1.0}, "32": {"0": 1.0}, "33": {"0": 1.0}, "34": {"0": 1.0}, "35": {"0": 1.0}, "36": {"0": 1.0}, "37": {"0": 1.0}, "38": {"0": 1.0}, "39": {"0": 1.0}, "40": {"0": 1.0}, "41": {"0": 1.0}, "42": {"0": 1.0}, "43": {"0": 1.0}, "44": {"0": 1.0}, "45": {"0": 1.0}, "46": {"0": 1.0}, "47": {"0": 1.0}, "48": {"0": 1.0}, "49": {"0": 1.0}, "50": {"0": 1.0}, "51": {"0": 1.0}, "52": {"0": 1.0}, "53": {"0": 1.0}, "54": {"0": 1.0}, "55": {"0": 1.0}, "56": {"0": 1.0}, "57": {"0": 1.0}, "58": {"0": 1.0}, "59": {"0": 1.0}, "60": {"0": 1.0}, "61": {"0": 1.0}, "62": {"0": 1.0}, "63": {"0": 1.0}, "64": {"0": 1.0}, "65": {"0": 1.0}, "66": {"0": 1.0}, "67": {"0": 1.0}, "68": {"0": 1.0}, "69": {"0": 1.0}, "70": {"0": 1.0}, "71": {"0": 1.0}, "72": {"0": 1.0}, "73": {"0": 1.0}, "74": {"0": 1.0}, "75": {"0": 1.0}, "76": {"0": 1.0}, "77": {"0": 1.0}, "78": {"0": 1.0}, "79": {"0": 1.0}, "80": {"0": 1.0}, "81": {"0": 1.0}, "82": {"0": 1.0}, "83": {"0": 1.0}}, "p2": {"0": {"0": 1.0}, "1": {"0": 1.0}, "2": {"0": 1.0}, "3": {"0": 1.0}, "4": {"0": 1.0}, "5": {"0": 1.0}, "6": {"0": 1.0}, "7": {"0": 1.0}, "8": {"0": 1.0}, "9": {"0": 1.0}, "10": {"0": 1.0}, "11": {"0": 1.0}, "12": {"0": 1.0}, "13": {"0": 1.0}, "14": {"0": 1.0}, "15": {"0": 1.0}, "16": {"0": 1.0}, "17": {"0": 1.0}, "18": {"0": 1.0}, "19": {"0": 1.0}, "20": {"0": 1.0}, "21": {"0": 1.0}, "22": {"0": 1.0},