{"p0": {"0": {"0": 1.0}, "1": {"0": 1.0}, "2": {"0": 1.0}, "3": {"0": 1.0}, "4": {"0": 1.0}, "5": {"0": 1.0}, "6": {"0": 1.0}, "7": {"0": 1.0}, "8": {"0": 1.0}, "9": {"0": 1.0}, "10": {"0": 1.0}, "11": {"0": 1.0}, "12": {"0": 1.0}, "13": {"0": 1.0}, "14": {"0": 1.0}, "15": {"0": 1.0}, "16": {"0": 1.0}, "17": {"0": 1.0}, "18": {"0": 1.0}, "19": {"0": 1.0}, "20": {"0": 1.0}, "21": {"0": 1.0}, "22": {"0": 1.0}, "23": {"0": 1.0}, "24": {"0": 1.0}, "25": {"0": 1.0}, "26": {"0": 1.0}, "27": {"0": 1.0}, "28": {"0": 1.0}, "29": {"0": 1.0}, "30": {"0": 1.0}, "31": {"0": 1.0}, "32": {"0": 1.0}, "33": {"0": 1.0}, "34": {"0": 1.0}, "35": {"0": 1.0}, "36": {"0": 1.0}, "37": {"0": 1.0}, "38": {"0": 1.0}, "39": {"0": 1.0}, "40": {"0": 1.0}, "41": {"0": 1.0}, "42": {"0": 1.0}, "43": {"0": 1.0}, "44": {"0": 1.0}, "45": {"0": 1.0}, "46": {"0": 1.0}, "47": {"0": 1.0}, "48": {"0": 1.0}, "49": {"0": 1.0}, "50": {"0": 1.0}, "51": {"0": 1.0}, "52": {"0": 1.0}, "53": {"0": 1.0}, "54": {"0": 1.0}, "55": {"0": 1.0}, "56": {"0": 1.0}, "57": {"0": 1.0}, "58": {"0": 1.0}, "59": {"0": 1.0}, "60": {"0": 1.0}, "61": {"0": 1.0}, "62": {"0": 1.0}, "63": {"0": 1.0}, "64": {"0": 1.0}, "65": {"0": 1.0}, "66": {"0": 1.0}}, "p3": {"0": {"0": 1.0}, "1": {"0": 1.0}, "2": {"0": 1.0}, "3": {"1": 0.14285714285714285, "2": 0.7142857142857143, "3": 0.14285714285714285}, "4": {"1": 0.2, "2": 0.6, "3": 0.2}, "5": {"1": 0.625, "3": 0.125, "4": 0.25}, "6": {"1": 0.4444444444444444, "2": 0.3333333333333333, "3": 0.2222222222222222}, "7": {"1": 0.16666666666666666, "2": 0.3333333333333333, "3": 0.16666666666666666, "4": 0.3333333333333333}, "8": {"1": 0.5, "2": 0.3, "3": 0.1, "4": 0.1}, "9": {"1": 0.45454545454545453, "2": 0.36363636363636365, "3": 0.09090909090909091, "4": 0.09090909090909091}, "10": {"1": 0.5, "2": 0.25, "3": 0.25}, "11": {"1": 0.4, "2": 0.4, "3": 0.2}, "12": {"1": 0.5555555555555556, "2": 0.3333333333333333, "3": 0.1111111111111111}, "13": {"1": 0.2727272727272727, "2": 0.6363636363636364, "3": 0.09090909090909091}, "14": {"1": 0.45454545454545453, "2": 0.36363636363636365, "3": 0.09090909090909091, "4": 0.09090909090909091}, "15": {"1": 0.5, "2": 0.4166666666666667, "3": 0.08333333333333333}, "16": {"1": 0.5454545454545454, "2": 0.45454545454545453}, "17": {"1": 0.2727272727272727, "2": 0.6363636363636364, "3": 0.09090909090909091}, "18": {"1": 0.3, "2": 0.5, "3": 0.1, "4": 0.1}, "19": {"1": 0.2222222222222222, "2": 0.5555555555555556, "3": 0.2222222222222222}, "20": {"0": 1.0}, "21": {"0": 1.0}, "22": {"0": 1.0}, "23": {"0": 1.0}, "24": {"0": 1.0}, "25": {"1": 0.5, "2": 0.5}, "26": {"1": 1.0}, "27": {"1": 0.5, "3": 0.25, "4": 0.25}, "28": {"0": 1.0}, "29": {"0": 1.0}, "30": {"1": 0.25, "3": 0.75}, "31": {"1": 0.45454545454545453, "2": 0.36363636363636365, "3": 0.09090909090909091, "4": 0.09090909090909091}, "32": {"1": 0.6363636363636364, "2": 0.09090909090909091, "3": 0.09090909090909091, "4": 0.18181818181818182}, "33": {"1": 0.5454545454545454, "2": 0.09090909090909091, "3": 0.36363636363636365}, "34": {"1": 0.45454545454545453, "2": 0.2727272727272727, "3": 0.2727272727272727}, "35": {"1": 0.4, "2": 0.4, "3": 0.2}, "36": {"1": 0.2, "2": 0.6, "3": 0.2}, "37": {"1": 0.2727272727272727, "2": 0.6363636363636364, "3": 0.09090909090909091}, "38": {"1": 0.3, "2": 0.5, "3": 0.1, "4": 0.1}, "39": {"1": 0.14285714285714285, "2": 0.42857142857142855, "3": 0.2857142857142857, "4": 0.14285714285714285}, "40": {"2": 0.8, "3": 0.2}, "41": {"1": 0.6666666666666666, "3": 0.16666666666666666, "4": 0.16666666666666666}, "42": {"1": 0.8, "2": 0.2}, "43": {"0": 1.0}, "44": {"0": 1.0}, "45": {"1": 0.25, "3": 0.5, "5": 0.25}, "46": {"1": 0.25, "2": 0.25, "3": 0.25, "4": 0.25}, "47": {"1": 0.4, "2": 0.4, "3": 0.2}, "48": {"1": 0.6, "3": 0.2, "4": 0.2}, "49": {"0": 1.0}, "50": {"1": 1.0}, "51": {"0": 1.0}, "52": {"1": 0.42857142857142855, "2": 0.42857142857142855, "4": 0.14285714285714285}, "53": {"1": 0.6, "2": 0.2, "5": 0.2}, "54": {"1": 0.6363636363636364, "2": 0.09090909090909091, "3": 0.09090909090909091, "4": 0.18181818181818182}, "55": {"1": 0.45454545454545453, "2": 0.2727272727272727, "3": 0.2727272727272727}, "56": {"1": 0.4166666666666667, "2": 0.5, "3": 0.08333333333333333}, "57": {"1": 0.5, "4": 0.5}, "58": {"1": 0.45454545454545453, "2": 0.36363636363636365, "3": 0.09090909090909091, "4": 0.09090909090909091}, "59": {"2": 1.0}, "60": {"1": 0.5714285714285714, "2": 0.14285714285714285, "3": 0.2857142857142857}, "61": {"1": 0.5454545454545454, "2": 0.2727272727272727, "3": 0.18181818181818182}, "62": {"1": 0.16666666666666666, "2": 0.6666666666666666, "3": 0.16666666666666666}, "63": {"1": 0.42857142857142855, "2": 0.14285714285714285, "3": 0.14285714285714285, "4": 0.14285714285714285, "5": 0.14285714285714285}, "64": {"1": 0.5, "3": 0.5}, "65": {"0": 1.0}, "66": {"0": 1.0}}, "p2": {"0": {"0": 1.0}, "1": {"0": 1.0}, "2": {"0": 1.0}, "3": {"0": 1.0}, "4": {"0": 1.0}, "5": {"0": 1.0}, "6": {"0": 1.0}, "7": {"0": 1.0}, "8": {"0": 1.0}, "9": {"0": 1.0}, "10": {"0": 1.0}, "11": {"0": 1.0}, "12": {"0": 1.0}, "13": {"0": 1.0}, "14": {"0": 1.0}, "15": {"0": 1.0}, "16": {"0": 1.0}, "17": {"0": 1.0}, "18": {"0": 1.0}, "19": {"0": 1.0}, "20": {"0": 1.0}, "21": {"0": 1.0}, "22": {"0": 1.0}, "23": {"0": 1.0}, "24": {"0": 1.0}, "25": {"0": 1.0}, "26": {"0": 1.0}, "27": {"0": 1.0}, "28": {"0": 1.0}, "29": {"0": 1.0}, "30": {"0": 1.0}, "31": {"0": 1.0}, "32": {"0": 1.0}, "33": {"0": 1.0}, "34": {"0": 1.0}, "35": {"0": 1.0}, "36": {"0": 1.0}, "37": {"0": 1.0}, "38": {"0": 1.0}, "39": {"0": 1.0}, "40": {"0": 1.0}, "41": {"0": 1.0}, "42": {"0": 1.0}, "43": {"0": 1.0}, "44": {"0": 1.0}, "45": {"0": 1.0}, "46": {"0": 1.0}, "47": {"0": 1.0}, "48": {"0": 1.0}, "49": {"0": 1.0}, "50": {"0": 1.0}, "51": {"0": 1.0}, "52": {"0": 1.0}, "53": {"0": 1.0}, "54": {"0": 1.0}, "55": {"0": 1.0}, "56": {"0": 1.0}, "57": {"0": 1.0}, "58": {"0": 1.0}, "59": {"0": 1.0}, "60": {"0": 1.0}, "61": {"0": 1.0}, "62": {"0": 1.0}, "63": {"0": 1.0}, "64": {"0": 1.0}, "65": {"0": 1.0}, "66": {"0": 1.0}}, "p1": {"0": {"0": 1.0}, "1": {"0": 1.0}, "2": {"0": 1.0}, "3": {"0": 1.0}, "4": {"0": 1.0}, "5": {"0": 1.0}, "6": {"0": 1.0}, "7": {"0": 1.0}, "8": {"0": 1.0}, "9": {"0": 1.0}, "10": {"0": 1.0}, "11": {"0": 1.0}, "12": {"0": 1.0}, "13": {"0": 1.0}, "14": {"0": 1.0}, "15": {"0": 1.0}, "16": {"0": 1.0}, "17": {"0": 1.0}, "18": {"0": 1.0}, "19": {"0": 1.0}, "20": {"0": 1.0}, "21": {"0": 1.0}, "22": {"0": 1.0}, "23": {"0": 1.0}, "24": {"0": 1.0}, "25": {"0": 1.0}, "26": {"0": 1.0}, "27": {"0": 1.0}, "28": {"0": 1.0}, "29": {"0": 1.0}, "30": {"0": 1.0}, "31": {"0": 1.0}, "32": {"0": 1.0}, "33": {"0": 1.0}, "34": {"0": 1.0}, "35": {"0": 1.0}, "36": {"0": 1.0}, "37": {"0": 1.0}, "38": {"0": 1.0}, "39": {"0": 1.0}, "40": {"0": 1.0}, "41": {"0": 1.0}, "42": {"0": 1.0}, "43": {"0": 1.0}, "44": {"0": 1.0}, "45": {"0": 1.0}, "46": {"0": 1.0}, "47": {"0": 1.0}, "48": {"0": 1.0}, "49": {"0": 1.0}, "50": {"0": 1.0}, "51": {"0": 1.0}, "52": {"0": 1.0}, "53": {"0": 1.0}, "54": {"0": 1.0}, "55": {"0": 1.0}, "56": {"0": 1.0}, "57": {"0": 1.0}, "58": {"0": 1.0}, "59": {"0": 1.0}, "60": {"0": 1.0}, "61": {"0": 1.0}, "62": {"0": 1.0}, "63": {"0": 1.0}, "64": {"0": 1.0}, "65": {"0": 1.0}, "66": {"0": 1.0}}}