{"p4": {"0": {"0": 1.0}, "1": {"0": 1.0}, "2": {"0": 1.0}, "3": {"0": 1.0}, "4": {"1": 0.26595744680851063, "2": 0.3191489361702128, "3": 0.22340425531914893, "4": 0.1276595744680851, "5": 0.031914893617021274, "6": 0.02127659574468085, "7": 0.010638297872340425}, "5": {"1": 0.24509803921568626, "2": 0.29411764705882354, "3": 0.2549019607843137, "4": 0.08823529411764706, "5": 0.08823529411764706, "6": 0.029411764705882353}, "6": {"1": 0.29523809523809524, "2": 0.2857142857142857, "3": 0.23809523809523808, "4": 0.09523809523809523, "5": 0.06666666666666667, "6": 0.01904761904761905}, "7": {"1": 0.30357142857142855, "2": 0.33035714285714285, "3": 0.1875, "4": 0.08035714285714286, "5": 0.05357142857142857, "6": 0.017857142857142856, "7": 0.017857142857142856, "9": 0.008928571428571428}, "8": {"1": 0.36, "2": 0.312, "3": 0.152, "4": 0.136, "5": 0.024, "6": 0.016}, "9": {"1": 0.3418803418803419, "2": 0.2222222222222222, "3": 0.23931623931623933, "4": 0.11965811965811966, "5": 0.06837606837606838, "6": 0.008547008547008548}, "10": {"1": 0.336283185840708, "2": 0.2831858407079646, "3": 0.168141592920354, "4": 0.1415929203539823, "5": 0.05309734513274336, "7": 0.017699115044247787}, "11": {"1": 0.36065573770491804, "2": 0.2540983606557377, "3": 0.1557377049180328, "4": 0.13934426229508196, "5": 0.06557377049180328, "6": 0.01639344262295082, "7": 0.00819672131147541}, "12": {"1": 0.25688073394495414, "2": 0.3211009174311927, "3": 0.22018348623853212, "4": 0.14678899082568808, "5": 0.045871559633027525, "6": 0.009174311926605505}, "13": {"1": 0.2897196261682243, "2": 0.2897196261682243, "3": 0.2523364485981308, "4": 0.08411214953271028, "5": 0.04672897196261682, "6": 0.009345794392523364, "7": 0.018691588785046728, "8": 0.009345794392523364}, "14": {"1": 0.2796610169491525, "2": 0.2711864406779661, "3": 0.2542372881355932, "4": 0.13559322033898305, "5": 0.03389830508474576, "6": 0.00847457627118644, "7": 0.00847457627118644, "9": 0.00847457627118644}, "15": {"1": 0.3037037037037037, "2": 0.25925925925925924, "3": 0.22962962962962963, "4": 0.17037037037037037, "5": 0.014814814814814815, "6": 0.007407407407407408, "7": 0.014814814814814815}, "16": {"1": 0.2781954887218045, "2": 0.3533834586466165, "3": 0.21052631578947367, "4": 0.09022556390977443, "5": 0.05263157894736842, "6": 0.007518796992481203, "7": 0.007518796992481203}, "17": {"1": 0.3488372093023256, "2": 0.3023255813953488, "3": 0.17054263565891473, "4": 0.08527131782945736, "5": 0.06976744186046512, "6": 0.015503875968992248, "7": 0.007751937984496124}, "18": {"1": 0.31521739130434784, "2": 0.2608695652173913, "3": 0.2391304347826087, "4": 0.11956521739130435, "5": 0.03260869565217391, "6": 0.021739130434782608, "8": 0.010869565217391304}, "19": {"1": 0.2619047619047619, "2": 0.36904761904761907, "3": 0.25, "4": 0.03571428571428571, "5": 0.03571428571428571, "6": 0.047619047619047616}, "20": {"1": 0.32051282051282054, "2": 0.1794871794871795, "3": 0.23076923076923078, "4": 0.1794871794871795, "5": 0.05128205128205128, "6": 0.038461538461538464}, "21": {"1": 0.18309859154929578, "2": 0.4084507042253521, "3": 0.2112676056338028, "4": 0.11267605633802817, "5": 0.04225352112676056, "6": 0.014084507042253521, "7": 0.028169014084507043}, "22": {"1": 0.2682926829268293, "2": 0.32926829268292684, "3": 0.15853658536585366, "4": 0.17073170731707318, "5": 0.04878048780487805, "6": 0.012195121951219513, "7": 0.012195121951219513}, "23": {"1": 0.26136363636363635, "2": 0.36363636363636365, "3": 0.20454545454545456, "4": 0.13636363636363635, "5": 0.03409090909090909}, "24": {"1": 0.13432835820895522, "2": 0.373134328358209, "3": 0.2835820895522388, "4": 0.11940298507462686, "5": 0.04477611940298507, "6": 0.029850746268656716, "8": 0.014925373134328358}, "25": {"1": 0.24, "2": 0.32, "3": 0.24, "4": 0.16, "5": 0.013333333333333334, "6": 0.013333333333333334, "7": 0.013333333333333334}, "26": {"1": 0.28205128205128205, "2": 0.2692307692307692, "3": 0.21794871794871795, "4": 0.1282051282051282, "5": 0.05128205128205128, "6": 0.038461538461538464, "8": 0.01282051282051282}, "27": {"1": 0.21052631578947367, "2": 0.3815789473684211, "3": 0.15789473684210525, "4": 0.19736842105263158, "5": 0.039473684210526314, "8": 0.013157894736842105}, "28": {"1": 0.29069767441860467, "2": 0.313953488372093, "3": 0.18604651162790697, "4": 0.12790697674418605, "5": 0.046511627906976744, "6": 0.03488372093023256}, "29": {"1": 0.2692307692307692, "2": 0.32051282051282054, "3": 0.24358974358974358, "4": 0.11538461538461539, "5": 0.02564102564102564, "6": 0.01282051282051282, "7": 0.01282051282051282}, "30": {"1": 0.2835820895522388, "2": 0.31343283582089554, "3": 0.16417910447761194, "4": 0.1791044776119403, "5": 0.029850746268656716, "6": 0.014925373134328358, "7": 0.014925373134328358}, "31": {"1": 0.3561643835616438, "2": 0.3424657534246575, "3": 0.1506849315068493, "4": 0.0958904109589041, "5": 0.0547945205479452}, "32": {"1": 0.2878787878787879, "2": 0.3787878787878788, "3": 0.15151515151515152, "4": 0.12121212121212122, "5": 0.015151515151515152, "7": 0.045454545454545456}, "33": {"1": 0.3181818181818182, "2": 0.3181818181818182, "3": 0.20454545454545456, "4": 0.07954545454545454, "5": 0.022727272727272728, "6": 0.045454545454545456, "7": 0.011363636363636364}, "34": {"1": 0.3037974683544304, "2": 0.34177215189873417, "3": 0.22784810126582278, "4": 0.05063291139240506, "5": 0.05063291139240506, "6": 0.02531645569620253}, "35": {"1": 0.3548387096774194, "2": 0.3064516129032258, "3": 0.16129032258064516, "4": 0.0967741935483871, "5": 0.06451612903225806, "6": 0.016129032258064516}, "36": {"1": 0.34615384615384615, "2": 0.2564102564102564, "3": 0.1794871794871795, "4": 0.16666666666666666, "5": 0.01282051282051282, "6": 0.02564102564102564, "8": 0.01282051282051282}, "37": {"1": 0.17857142857142858, "2": 0.39285714285714285, "3": 0.3392857142857143, "4": 0.07142857142857142, "5": 0.017857142857142856}, "38": {"1": 0.25862068965517243, "2": 0.29310344827586204, "3": 0.3275862068965517, "4": 0.05172413793103448, "5": 0.017241379310344827, "6": 0.034482758620689655, "8": 0.017241379310344827}, "39": {"1": 0.23636363636363636, "2": 0.41818181818181815, "3": 0.21818181818181817, "4": 0.09090909090909091, "6": 0.03636363636363636}, "40": {"1": 0.2857142857142857, "2": 0.25396825396825395, "3": 0.25396825396825395, "4": 0.15873015873015872, "5": 0.047619047619047616}, "41": {"1": 0.23728813559322035, "2": 0.423728813559322, "3": 0.23728813559322035, "4": 0.05084745762711865, "5": 0.01694915254237288, "6": 0.01694915254237288, "7": 0.01694915254237288}, "42": {"1": 0.2653061224489796, "2": 0.32653061224489793, "3": 0.2857142857142857, "4": 0.04081632653061224, "5": 0.08163265306122448}, "43": {"1": 0.17647058823529413, "2": 0.5098039215686274, "3": 0.11764705882352941, "4": 0.1568627450980392, "5": 0.0196078431372549, "6": 0.0196078431372549}, "44": {"1": 0.4, "2": 0.24, "3": 0.14, "4": 0.12, "5": 0.06, "6": 0.02, "7": 0.02}, "45": {"1": 0.3287671232876712, "2": 0.3698630136986301, "3": 0.1643835616438356, "4": 0.0958904109589041, "5": 0.0273972602739726, "6": 0.0136986301369863}, "46": {"1": 0.35526315789473684, "2": 0.2631578947368421, "3": 0.19736842105263158, "4": 0.17105263157894737, "5": 0.013157894736842105}, "47": {"1": 0.35294117647058826, "2": 0.3176470588235294, "3": 0.12941176470588237, "4": 0.16470588235294117, "5": 0.023529411764705882, "6": 0.011764705882352941}, "48": {"1": 0.27102803738317754, "2": 0.308411214953271, "3": 0.22429906542056074, "4": 0.1588785046728972, "5": 0.028037383177570093, "6": 0.009345794392523364}, "49": {"1": 0.29245283018867924, "2": 0.32075471698113206, "3": 0.24528301886792453, "4": 0.08490566037735849, "5": 0.02830188679245283, "6": 0.018867924528301886, "7": 0.009433962264150943}, "50": {"1": 0.4049586776859504, "2": 0.2892561983471074, "3": 0.1322314049586777, "4": 0.12396694214876033, "5": 0.04132231404958678, "6": 0.008264462809917356}, "51": {"1": 0.3684210526315789, "2": 0.28421052631578947,