{"p0": {"0": {"0": 1.0}, "1": {"0": 1.0}, "2": {"0": 1.0}, "3": {"0": 1.0}, "4": {"0": 1.0}, "5": {"0": 1.0}, "6": {"0": 1.0}, "7": {"0": 1.0}, "8": {"0": 1.0}, "9": {"0": 1.0}, "10": {"0": 1.0}, "11": {"0": 1.0}, "12": {"0": 1.0}, "13": {"0": 1.0}, "14": {"0": 1.0}, "15": {"0": 1.0}, "16": {"0": 1.0}, "17": {"0": 1.0}, "18": {"0": 1.0}, "19": {"0": 1.0}, "20": {"0": 1.0}, "21": {"0": 1.0}, "22": {"0": 1.0}, "23": {"0": 1.0}, "24": {"0": 1.0}, "25": {"0": 1.0}, "26": {"0": 1.0}, "27": {"0": 1.0}, "28": {"0": 1.0}, "29": {"0": 1.0}, "30": {"0": 1.0}, "31": {"0": 1.0}, "32": {"0": 1.0}, "33": {"0": 1.0}, "34": {"0": 1.0}, "35": {"0": 1.0}, "36": {"0": 1.0}, "37": {"0": 1.0}, "38": {"0": 1.0}, "39": {"0": 1.0}, "40": {"0": 1.0}, "41": {"0": 1.0}, "42": {"0": 1.0}, "43": {"0": 1.0}, "44": {"0": 1.0}, "45": {"0": 1.0}, "46": {"0": 1.0}, "47": {"0": 1.0}, "48": {"0": 1.0}, "49": {"0": 1.0}, "50": {"0": 1.0}, "51": {"0": 1.0}, "52": {"0": 1.0}}, "p3": {"0": {"0": 1.0}, "1": {"0": 1.0}, "2": {"0": 1.0}, "3": {"1": 0.25, "2": 0.75}, "4": {"1": 0.3333333333333333, "2": 0.3333333333333333, "3": 0.3333333333333333}, "5": {"1": 0.6, "2": 0.2, "3": 0.2}, "6": {"1": 0.8571428571428571, "6": 0.14285714285714285}, "7": {"1": 0.7142857142857143, "2": 0.14285714285714285, "3": 0.14285714285714285}, "8": {"1": 0.5714285714285714, "2": 0.42857142857142855}, "9": {"1": 0.4, "2": 0.4, "4": 0.2}, "10": {"1": 0.2, "2": 0.8}, "11": {"1": 0.5, "2": 0.25, "3": 0.25}, "12": {"1": 0.5714285714285714, "2": 0.42857142857142855}, "13": {"2": 1.0}, "14": {"0": 1.0}, "15": {"0": 1.0}, "16": {"0": 1.0}, "17": {"0": 1.0}, "18": {"0": 1.0}, "19": {"0": 1.0}, "20": {"0": 1.0}, "21": {"1": 0.6666666666666666, "2": 0.3333333333333333}, "22": {"1": 0.25, "2": 0.25, "3": 0.5}, "23": {"1": 0.3333333333333333, "2": 0.6666666666666666}, "24": {"1": 0.25, "2": 0.5, "4": 0.25}, "25": {"2": 0.8, "3": 0.2}, "26": {"1": 0.5, "3": 0.25, "5": 0.25}, "27": {"1": 0.16666666666666666, "2": 0.5, "3": 0.3333333333333333}, "28": {"4": 1.0}, "29": {"1": 0.5, "3": 0.5}, "30": {"0": 1.0}, "31": {"0": 1.0}, "32": {"1": 0.3333333333333333, "2": 0.3333333333333333, "3": 0.3333333333333333}, "33": {"0": 1.0}, "34": {"0": 1.0}, "35": {"1": 0.25, "2": 0.75}, "36": {"1": 0.6666666666666666, "2": 0.3333333333333333}, "37": {"1": 0.2, "2": 0.4, "3": 0.4}, "38": {"1": 0.3333333333333333, "2": 0.3333333333333333, "3": 0.3333333333333333}, "39": {"1": 0.75, "2": 0.125, "3": 0.125}, "40": {"1": 0.25, "2": 0.5, "3": 0.25}, "41": {"1": 0.5, "2": 0.5}, "42": {"0": 1.0}, "43": {"1": 0.25, "2": 0.75}, "44": {"0": 1.0}, "45": {"0": 1.0}, "46": {"2": 1.0}, "47": {"1": 0.8333333333333334, "3": 0.16666666666666666}, "48": {"0": 1.0}, "49": {"1": 0.6, "2": 0.2, "3": 0.2}, "50": {"0": 1.0}, "51": {"1": 0.2, "2": 0.6, "3": 0.2}, "52": {"1": 0.4, "2": 0.2, "3": 0.2, "4": 0.2}}, "p2": {"0": {"0": 1.0}, "1": {"0": 1.0}, "2": {"0": 1.0}, "3": {"0": 1.0}, "4": {"0": 1.0}, "5": {"0": 1.0}, "6": {"0": 1.0}, "7": {"0": 1.0}, "8": {"0": 1.0}, "9": {"0": 1.0}, "10": {"0": 1.0}, "11": {"0": 1.0}, "12": {"0": 1.0}, "13": {"0": 1.0}, "14": {"0": 1.0}, "15": {"0": 1.0}, "16": {"0": 1.0}, "17": {"0": 1.0}, "18": {"0": 1.0}, "19": {"0": 1.0}, "20": {"0": 1.0}, "21": {"0": 1.0}, "22": {"0": 1.0}, "23": {"0": 1.0}, "24": {"0": 1.0}, "25": {"0": 1.0}, "26": {"0": 1.0}, "27": {"0": 1.0}, "28": {"0": 1.0}, "29": {"0": 1.0}, "30": {"0": 1.0}, "31": {"0": 1.0}, "32": {"0": 1.0}, "33": {"0": 1.0}, "34": {"0": 1.0}, "35": {"0": 1.0}, "36": {"0": 1.0}, "37": {"0": 1.0}, "38": {"0": 1.0}, "39": {"0": 1.0}, "40": {"0": 1.0}, "41": {"0": 1.0}, "42": {"0": 1.0}, "43": {"0": 1.0}, "44": {"0": 1.0}, "45": {"0": 1.0}, "46": {"0": 1.0}, "47": {"0": 1.0}, "48": {"0": 1.0}, "49": {"0": 1.0}, "50": {"0": 1.0}, "51": {"0": 1.0}, "52": {"0": 1.0}}, "p1": {"0": {"0": 1.0}, "1": {"0": 1.0}, "2": {"0": 1.0}, "3": {"0": 1.0}, "4": {"0": 1.0}, "5": {"0": 1.0}, "6": {"0": 1.0}, "7": {"0": 1.0}, "8": {"0": 1.0}, "9": {"0": 1.0}, "10": {"0": 1.0}, "11": {"0": 1.0}, "12": {"0": 1.0}, "13": {"0": 1.0}, "14": {"0": 1.0}, "15": {"0": 1.0}, "16": {"0": 1.0}, "17": {"0": 1.0}, "18": {"0": 1.0}, "19": {"0": 1.0}, "20": {"0": 1.0}, "21": {"0": 1.0}, "22": {"0": 1.0}, "23": {"0": 1.0}, "24": {"0": 1.0}, "25": {"0": 1.0}, "26": {"0": 1.0}, "27": {"0": 1.0}, "28": {"0": 1.0}, "29": {"0": 1.0}, "30": {"0": 1.0}, "31": {"0": 1.0}, "32": {"0": 1.0}, "33": {"0": 1.0}, "34": {"0": 1.0}, "35": {"0": 1.0}, "36": {"0": 1.0}, "37": {"0": 1.0}, "38": {"0": 1.0}, "39": {"0": 1.0}, "40": {"0": 1.0}, "41": {"0": 1.0}, "42": {"0": 1.0}, "43": {"0": 1.0}, "44": {"0": 1.0}, "45": {"0": 1.0}, "46": {"0": 1.0}, "47": {"0": 1.0}, "48": {"0": 1.0}, "49": {"0": 1.0}, "50": {"0": 1.0}, "51": {"0": 1.0}, "52": {"0": 1.0}}}