{"p3": {"0": {"0": 1.0}, "1": {"0": 1.0}, "2": {"0": 1.0}, "3": {"1": 0.36363636363636365, "2": 0.29545454545454547, "3": 0.22727272727272727, "4": 0.09090909090909091, "5": 0.022727272727272728}, "4": {"1": 0.37037037037037035, "2": 0.3148148148148148, "3": 0.2222222222222222, "4": 0.037037037037037035, "5": 0.018518518518518517, "6": 0.018518518518518517, "8": 0.018518518518518517}, "5": {"1": 0.3275862068965517, "2": 0.3103448275862069, "3": 0.2413793103448276, "4": 0.10344827586206896, "5": 0.017241379310344827}, "6": {"1": 0.2786885245901639, "2": 0.32786885245901637, "3": 0.26229508196721313, "4": 0.08196721311475409, "5": 0.04918032786885246}, "7": {"1": 0.4057971014492754, "2": 0.34782608695652173, "3": 0.15942028985507245, "4": 0.028985507246376812, "5": 0.043478260869565216, "6": 0.014492753623188406}, "8": {"1": 0.30985915492957744, "2": 0.38028169014084506, "3": 0.2535211267605634, "4": 0.028169014084507043, "6": 0.028169014084507043}, "9": {"1": 0.30952380952380953, "2": 0.4166666666666667, "3": 0.10714285714285714, "4": 0.07142857142857142, "5": 0.08333333333333333, "6": 0.011904761904761904}, "10": {"1": 0.3048780487804878, "2": 0.3048780487804878, "3": 0.24390243902439024, "4": 0.10975609756097561, "5": 0.024390243902439025, "6": 0.012195121951219513}, "11": {"1": 0.3048780487804878, "2": 0.35365853658536583, "3": 0.24390243902439024, "4": 0.06097560975609756, "5": 0.024390243902439025, "7": 0.012195121951219513}, "12": {"1": 0.3402061855670103, "2": 0.30927835051546393, "3": 0.17525773195876287, "4": 0.12371134020618557, "5": 0.041237113402061855, "6": 0.010309278350515464}, "13": {"1": 0.34831460674157305, "2": 0.24719101123595505, "3": 0.29213483146067415, "4": 0.0449438202247191, "5": 0.033707865168539325, "6": 0.033707865168539325}, "14": {"1": 0.34408602150537637, "2": 0.3978494623655914, "3": 0.11827956989247312, "4": 0.11827956989247312, "5": 0.010752688172043012, "6": 0.010752688172043012}, "15": {"1": 0.3625, "2": 0.3625, "3": 0.1125, "4": 0.075, "5": 0.025, "6": 0.0625}, "16": {"1": 0.24285714285714285, "2": 0.35714285714285715, "3": 0.21428571428571427, "4": 0.15714285714285714, "5": 0.02857142857142857}, "17": {"1": 0.375, "2": 0.265625, "3": 0.25, "4": 0.046875, "5": 0.03125, "6": 0.015625, "7": 0.015625}, "18": {"1": 0.3614457831325301, "2": 0.3253012048192771, "3": 0.1927710843373494, "4": 0.08433734939759036, "5": 0.03614457831325301}, "19": {"1": 0.3611111111111111, "2": 0.3333333333333333, "3": 0.1527777777777778, "4": 0.09722222222222222, "5": 0.05555555555555555}, "20": {"1": 0.3898305084745763, "2": 0.3559322033898305, "3": 0.11864406779661017, "4": 0.0847457627118644, "5": 0.03389830508474576, "7": 0.01694915254237288}, "21": {"1": 0.45588235294117646, "2": 0.25, "3": 0.16176470588235295, "4": 0.11764705882352941, "5": 0.014705882352941176}, "22": {"1": 0.2878787878787879, "2": 0.45454545454545453, "3": 0.15151515151515152, "4": 0.09090909090909091, "5": 0.015151515151515152}, "23": {"1": 0.453125, "2": 0.265625, "3": 0.1875, "4": 0.046875, "5": 0.03125, "6": 0.015625}, "24": {"1": 0.4126984126984127, "2": 0.30158730158730157, "3": 0.19047619047619047, "4": 0.09523809523809523}, "25": {"1": 0.25806451612903225, "2": 0.3870967741935484, "3": 0.24193548387096775, "4": 0.08064516129032258, "5": 0.016129032258064516, "6": 0.016129032258064516}, "26": {"1": 0.4117647058823529, "2": 0.3137254901960784, "3": 0.17647058823529413, "4": 0.058823529411764705, "5": 0.0392156862745098}, "27": {"1": 0.3076923076923077, "2": 0.358974358974359, "3": 0.1282051282051282, "4": 0.05128205128205128, "5": 0.1282051282051282, "7": 0.02564102564102564}, "28": {"1": 0.3492063492063492, "2": 0.31746031746031744, "3": 0.15873015873015872, "4": 0.1111111111111111, "5": 0.031746031746031744, "6": 0.015873015873015872, "8": 0.015873015873015872}, "29": {"1": 0.30952380952380953, "2": 0.30952380952380953, "3": 0.19047619047619047, "4": 0.16666666666666666, "5": 0.023809523809523808}, "30": {"1": 0.3111111111111111, "2": 0.3111111111111111, "3": 0.24444444444444444, "4": 0.08888888888888889, "5": 0.044444444444444446}, "31": {"1": 0.3055555555555556, "2": 0.25, "3": 0.2222222222222222, "4": 0.1388888888888889, "5": 0.027777777777777776, "6": 0.027777777777777776, "7": 0.027777777777777776}, "32": {"1": 0.3055555555555556, "2": 0.3611111111111111, "3": 0.25, "4": 0.027777777777777776, "5": 0.027777777777777776, "6": 0.027777777777777776}, "33": {"1": 0.39473684210526316, "2": 0.21052631578947367, "3": 0.21052631578947367, "4": 0.13157894736842105, "5": 0.05263157894736842}, "34": {"1": 0.20689655172413793, "2": 0.27586206896551724, "3": 0.27586206896551724, "4": 0.20689655172413793, "6": 0.034482758620689655}, "35": {"1": 0.16666666666666666, "2": 0.3888888888888889, "3": 0.3333333333333333, "4": 0.05555555555555555, "7": 0.05555555555555555}, "36": {"1": 0.4090909090909091, "2": 0.36363636363636365, "3": 0.13636363636363635, "6": 0.09090909090909091}, "37": {"1": 0.35135135135135137, "2": 0.40540540540540543, "3": 0.08108108108108109, "4": 0.13513513513513514, "5": 0.02702702702702703}, "38": {"1": 0.4411764705882353, "2": 0.14705882352941177, "3": 0.17647058823529413, "4": 0.08823529411764706, "5": 0.14705882352941177}, "39": {"1": 0.38235294117647056, "2": 0.38235294117647056, "3": 0.11764705882352941, "4": 0.058823529411764705, "5": 0.029411764705882353, "6": 0.029411764705882353}, "40": {"1": 0.45454545454545453, "2": 0.3333333333333333, "3": 0.09090909090909091, "4": 0.09090909090909091, "5": 0.030303030303030304}, "41": {"1": 0.4, "2": 0.34285714285714286, "3": 0.14285714285714285, "4": 0.05714285714285714, "5": 0.05714285714285714}, "42": {"1": 0.2916666666666667, "2": 0.3333333333333333, "3": 0.3333333333333333, "4": 0.041666666666666664}, "43": {"1": 0.47540983606557374, "2": 0.14754098360655737, "3": 0.2459016393442623, "4": 0.09836065573770492, "5": 0.03278688524590164}, "44": {"1": 0.32, "2": 0.36, "3": 0.18, "4": 0.06, "5": 0.08}, "45": {"1": 0.2807017543859649, "2": 0.43859649122807015, "3": 0.19298245614035087, "4": 0.03508771929824561, "5": 0.05263157894736842}, "46": {"1": 0.29411764705882354, "2": 0.4117647058823529, "3": 0.1568627450980392, "4": 0.11764705882352941, "5": 0.0196078431372549}, "47": {"1": 0.5666666666666667, "2": 0.16666666666666666, "3": 0.1, "4": 0.1, "5": 0.06666666666666667}, "48": {"1": 0.39622641509433965, "2": 0.33962264150943394, "3": 0.09433962264150944, "4": 0.1509433962264151, "6": 0.018867924528301886}, "49": {"1": 0.2608695652173913, "2": 0.43478260869565216, "3": 0.18840579710144928, "4": 0.07246376811594203, "5": 0.028985507246376812, "6": 0.014492753623188406}, "50": {"1": 0.26153846153846155, "2": 0.36923076923076925, "3": 0.27692307692307694, "4": 0.06153846153846154, "5": 0.015384615384615385, "6": 0.015384615384615385}, "51": {"1": 0.3389830508474576, "2": 0.3050847457627119, "3": 0.2033898305084746, "4": 0.1016949152542373, "5": 0.05084745762711865}, "52": {"1": 0.3, "2": 0.34, "3": 0.28, "4": 0.06, "5": 0.02}, "53": {"1": 0.42857142857142855, "2": 0.2571428571428571, "3": 0.21428571428571427, "5": 0.04285714285714286, "6": 0.05714285714285714}, "54": {"1": 0.36507936507936506, "2": 0.25396825396825395, "3": 0.20634920634920634, "4": 0.12698412698412698, "5": 0.047619047619047616}, "55": {"1": 0.3611111111111111, "2": 0.3472222222222222, "3": 0.1388888888888889, "4": 0.06944444444444445, "5": 0.06944444444444445, "6": 0.013888888888888888}, "56": {"1": 0.3103448275862069, "2": 0.3275862068965517, "3": 0.27586206896551724, "4": 0.034482758620689655, "5": 0.017241379310344827, "6": 0.017241379310344827, "8": 0.017241379310344827}, "57": {"1": 0.28205128205128205, "2": 0.20512820512820512, "3": 0.23076923076923078, "4": 0.23076923076923078, "5": 0.05128205128205128}, "58": {"1": 0.33962264150943394, "2": 0.2830188679245283, "3": 0.22641509433962265, "4": 0.11320754716981132, "5": 0.03773584905660377}, "59": {"1": 0.47619047619047616, "2": 0.19047619047619047, "3": 0.21428571428571427,